{
    "1333762#tst_PeriodicJobs": {
        "Type": "Folder",
        "ControlmServer": "CTM",
        "Description": "1333762#tst_PeriodicJobs",
        "ActiveRetentionPolicy": "CleanEndedOK",
        "DaysKeepActive": "Forever",
        "AdjustEvents": true,
        "Confirm": true,
        "OrderMethod": "Manual",
        "Application": "eBao",
        "CreatedBy": "GSS",
        "Variables": [
            {
                "pDate": "2022-04-27"
            },
            {
                "partial_success": "/ctm/life/partial_success.py"
            }
        ],
        "When": {
            "ToTime": ">",
            "RuleBasedCalendars": {
                "Included": [
                    "TWW01",
                    "TWM01S",
                    "TWM10",
                    "TWDWD",
                    "TWY06",
                    "TWCAD",
                    "TWM20",
                    "TWY02",
                    "TWM01",
                    "TWM15",
                    "TWM00",
                    "TWY00",
                    "TWW07",
                    "TWY05",
                    "TWM05",
                    "TWY01",
                    "TWM28",
                    "TWY03",
                    "TWM01L",
                    "TWM02",
                    "TWM02S",
                    "TWY04",
                    "TWY07",
                    "TWDAD",
                    "TWH301",
                    "TWQ11L"
                ]
            }
        },
        "1335082#tstINT1037-申訴案例異動": {
            "Type": "Job:Command",
            "FileName": "CMN",
            "Description": "1335082#tstINT1037-申訴案例異動",
            "DaysKeepActive": "Forever",
            "Application": "eBao",
            "CreatedBy": "AveryChung_002773",
            "Host": "CTMAG",
            "RunAs": "life",
            "Command": "curl -H \\\"Content-Length: 250\\\" -H \\\"Content-Type: application/json\\\" -H \\\"Accept: application/json\\\" http://10.67.70.16:9082/ls/rest/batch/start.d -X POST -d \\\"{\\\\\\\"jobId\\\\\\\":1335082, \\\\\\\"processDate\\\\\\\":\\\\\\\"%%pDate\\\\\\\", \\\\\\\"dueDate\\\\\\\":\\\\\\\"1900-01-01\\\\\\\"}\\\" -v",
            "PostCommand": "/ctm/ctmsvr/bmcpython/bmcpython_V2/python %%partial_success %%ORDERID %%RUNCOUNT %%tolerance %%JOBNAME",
            "RunAsDummy": false,
            "Variables": [
                {
                    "tolerance": "10"
                }
            ],
            "Rerun": {
                "Units": "Hours",
                "Every": "2"
            },
            "When": {
                "WeekDays": [
                    "NONE"
                ],
                "MonthDays": [
                    "ALL"
                ],
                "ToTime": ">",
                "DaysRelation": "OR",
                "RuleBasedCalendars": {
                    "Relationship": "AND",
                    "Included": [
                        "TWDAD"
                    ]
                }
            },
            "IfBase:Folder:Output_0": {
                "Type": "If:CompletionStatus",
                "CompletionStatus": "ANY",
                "Action:SetToNotOK_0": {
                    "Type": "Action:SetToNotOK"
                }
            },
            "IfBase:Folder:Output_1": {
                "Type": "If:Output",
                "Code": "*\"status\":107*",
                "Action:SetToOK_0": {
                    "Type": "Action:SetToOK"
                }
            },
            "IfBase:Folder:Output_2": {
                "Type": "If:Output",
                "Code": "*\"status\":105*",
                "Action:SetToNotOK_0": {
                    "Type": "Action:SetToNotOK"
                },
                "DoNotify_0": {
                    "Type": "Action:Notify",
                    "Urgency": "Urgent",
                    "Message": "%%JOBNAME %%$ODATE 105 execution failure."
                },
                "Mail_1": {
                    "Type": "Action:Mail",
                    "Subject": "%%JOBNAME %%$ODATE 105 execution failure.",
                    "Message": "%%JOBNAME %%$ODATE 105 execution failure.",
                    "Urgency": "Urgent",
                    "To": "tglop@transglobee.com.tw;ameryyen@transglobee.com.twAveryChung@transglobee.com.tw"
                }
            },
            "IfBase:Folder:Output_3": {
                "Type": "If:Output",
                "Code": "*\"status\":223*",
                "Action:SetToNotOK_0": {
                    "Type": "Action:SetToNotOK"
                },
                "DoNotify_0": {
                    "Type": "Action:Notify",
                    "Urgency": "Urgent",
                    "Message": "%%JOBNAME %%$ODATE 223 STOP"
                },
                "Mail_1": {
                    "Type": "Action:Mail",
                    "Subject": "%%JOBNAME %%$ODATE 223 STOP",
                    "Message": "%%JOBNAME %%$ODATE 223 STOP",
                    "Urgency": "Urgent",
                    "To": "tglop@transglobee.com.tw;ameryyen@transglobee.com.twAveryChung@transglobee.com.tw"
                }
            },
            "IfBase:Folder:Output_4": {
                "Type": "If:Output",
                "Code": "*Attention! Fail count exceeds tolerance*",
                "Action:SetToNotOK_0": {
                    "Type": "Action:SetToNotOK"
                },
                "DoNotify_0": {
                    "Type": "Action:Notify",
                    "Urgency": "Urgent",
                    "Message": "%%JOBNAME %%$ODATE 106 partially success. Failure counts over %%tolerance"
                },
                "Mail_1": {
                    "Type": "Action:Mail",
                    "Subject": "%%JOBNAME %%$ODATE 106 partially success. Failure counts over %%tolerance",
                    "Message": "%%JOBNAME %%$ODATE 106 partially success. Failure counts over %%tolerance",
                    "Urgency": "Urgent",
                    "To": "tglop@transglobee.com.tw;ameryyen@transglobee.com.twAveryChung@transglobee.com.tw"
                }
            },
            "IfBase:Folder:Output_5": {
                "Type": "If:Output",
                "Code": "*Fail count within tolerance*",
                "Action:SetToOK_0": {
                    "Type": "Action:SetToOK"
                },
                "DoNotify_0": {
                    "Type": "Action:Notify",
                    "Urgency": "Urgent",
                    "Message": "%%JOBNAME %%$ODATE 106 partially success. Failure counts under %%tolerance"
                },
                "Mail_1": {
                    "Type": "Action:Mail",
                    "Subject": "%%JOBNAME %%$ODATE 106 partially success. Failure counts under %%tolerance",
                    "Message": "%%JOBNAME %%$ODATE 106 partially success. Failure counts under %%tolerance",
                    "Urgency": "Urgent",
                    "To": "tglop@transglobee.com.tw;ameryyen@transglobee.com.twAveryChung@transglobee.com.tw"
                }
            },
            "IfBase:Folder:Output_6": {
                "Type": "If:Output",
                "Code": "*\"status\":995*",
                "Action:SetToNotOK_0": {
                    "Type": "Action:SetToNotOK"
                },
                "DoNotify_0": {
                    "Type": "Action:Notify",
                    "Urgency": "Urgent",
                    "Message": "%%JOBNAME %%$ODATE 995 error in submission"
                },
                "Mail_1": {
                    "Type": "Action:Mail",
                    "Subject": "%%JOBNAME %%$ODATE 995 error in submission",
                    "Message": "%%JOBNAME %%$ODATE 995 error in submission",
                    "Urgency": "Urgent",
                    "To": "tglop@transglobee.com.tw;ameryyen@transglobee.com.twAveryChung@transglobee.com.tw"
                }
            },
            "IfBase:Folder:Output_7": {
                "Type": "If:Output",
                "Code": "*\"status\":996*",
                "Action:SetToOK_0": {
                    "Type": "Action:SetToOK"
                },
                "DoNotify_0": {
                    "Type": "Action:Notify",
                    "Urgency": "Urgent",
                    "Message": "%%JOBNAME %%$ODATE 996 write t_batch_job.due_time error, please data patch the current data"
                },
                "Mail_1": {
                    "Type": "Action:Mail",
                    "Subject": "%%JOBNAME %%$ODATE 996 write t_batch_job.due_time error, please data patch the current data",
                    "Message": "%%JOBNAME %%$ODATE 996 write t_batch_job.due_time error, please data patch the current data",
                    "Urgency": "Urgent",
                    "To": "tglop@transglobee.com.tw;ameryyen@transglobee.com.twAveryChung@transglobee.com.tw"
                }
            },
            "IfBase:Folder:Output_8": {
                "Type": "If:Output",
                "Code": "*\"status\":997*",
                "Action:SetToNotOK_0": {
                    "Type": "Action:SetToNotOK"
                },
                "DoNotify_0": {
                    "Type": "Action:Notify",
                    "Urgency": "Urgent",
                    "Message": "%%JOBNAME %%$ODATE 997 not started"
                },
                "Mail_1": {
                    "Type": "Action:Mail",
                    "Subject": "%%JOBNAME %%$ODATE 997 not started",
                    "Message": "%%JOBNAME %%$ODATE 997 not started",
                    "Urgency": "Urgent",
                    "To": "tglop@transglobee.com.tw;ameryyen@transglobee.com.twAveryChung@transglobee.com.tw"
                }
            },
            "IfBase:Folder:Output_10": {
                "Type": "If:Output",
                "Code": "*\"status\":999*",
                "Action:SetToNotOK_0": {
                    "Type": "Action:SetToNotOK"
                },
                "DoNotify_0": {
                    "Type": "Action:Notify",
                    "Urgency": "Urgent",
                    "Message": "%%JOBNAME %%$ODATE 999 unknown exception"
                },
                "Mail_1": {
                    "Type": "Action:Mail",
                    "Subject": "%%JOBNAME %%$ODATE 999 unknown exception",
                    "Message": "%%JOBNAME %%$ODATE 999 unknown exception",
                    "Urgency": "Urgent",
                    "To": "tglop@transglobee.com.tw;ameryyen@transglobee.com.twAveryChung@transglobee.com.tw"
                }
            },
            "IfBase:Folder:Output_11": {
                "Type": "If:NumberOfFailures",
                "NumberOfFailures": "10",
                "Action:StopCyclicRun_0": {
                    "Type": "Action:StopCyclicRun"
                }
            },
            "IfBase:Folder:Output_98": {
                "Type": "If:CompletionStatus",
                "CompletionStatus": "NOTOK",
                "Mail_1": {
                    "Type": "Action:Mail",
                    "Subject": "%%JOBNAME %%$ODATE failed",
                    "Message": "%%JOBNAME %%$ODATE failed",
                    "Urgency": "Urgent",
                    "To": "tglop@transglobee.com.tw;ameryyen@transglobee.com.twAveryChung@transglobee.com.tw"
                }
            }
        },
        "11603#tstTriggerPL_SQLEvent": {
            "Type": "Job:Command",
            "FileName": "SYS",
            "Description": "11603#tstTriggerPL_SQLEvent",
            "DaysKeepActive": "Forever",
            "Application": "eBao",
            "CreatedBy": "AveryChung_002773",
            "Host": "CTMAG",
            "RunAs": "life",
            "Command": "curl -H \\\"Content-Length: 250\\\" -H \\\"Content-Type: application/json\\\" -H \\\"Accept: application/json\\\" http://10.67.70.16:9082/ls/rest/batch/start.d -X POST -d \\\"{\\\\\\\"jobId\\\\\\\":11603, \\\\\\\"processDate\\\\\\\":\\\\\\\"%%pDate\\\\\\\", \\\\\\\"dueDate\\\\\\\":\\\\\\\"1900-01-01\\\\\\\"}\\\" -v",
            "PostCommand": "/ctm/ctmsvr/bmcpython/bmcpython_V2/python %%partial_success %%ORDERID %%RUNCOUNT %%tolerance %%JOBNAME",
            "RunAsDummy": false,
            "Variables": [
                {
                    "tolerance": "10"
                }
            ],
            "Rerun": {
                "Units": "Minutes",
                "Every": "1"
            },
            "When": {
                "WeekDays": [
                    "NONE"
                ],
                "MonthDays": [
                    "ALL"
                ],
                "ToTime": ">",
                "DaysRelation": "OR",
                "RuleBasedCalendars": {
                    "Relationship": "AND",
                    "Included": [
                        "TWDAD"
                    ]
                }
            },
            "IfBase:Folder:Output_0": {
                "Type": "If:CompletionStatus",
                "CompletionStatus": "ANY",
                "Action:SetToNotOK_0": {
                    "Type": "Action:SetToNotOK"
                }
            },
            "IfBase:Folder:Output_1": {
                "Type": "If:Output",
                "Code": "*\"status\":107*",
                "Action:SetToOK_0": {
                    "Type": "Action:SetToOK"
                }
            },
            "IfBase:Folder:Output_2": {
                "Type": "If:Output",
                "Code": "*\"status\":105*",
                "Action:SetToNotOK_0": {
                    "Type": "Action:SetToNotOK"
                },
                "DoNotify_0": {
                    "Type": "Action:Notify",
                    "Urgency": "Urgent",
                    "Message": "%%JOBNAME %%$ODATE 105 execution failure."
                },
                "Mail_1": {
                    "Type": "Action:Mail",
                    "Subject": "%%JOBNAME %%$ODATE 105 execution failure.",
                    "Message": "%%JOBNAME %%$ODATE 105 execution failure.",
                    "Urgency": "Urgent",
                    "To": "tglop@transglobee.com.tw;ameryyen@transglobee.com.twAveryChung@transglobee.com.tw"
                }
            },
            "IfBase:Folder:Output_3": {
                "Type": "If:Output",
                "Code": "*\"status\":223*",
                "Action:SetToNotOK_0": {
                    "Type": "Action:SetToNotOK"
                },
                "DoNotify_0": {
                    "Type": "Action:Notify",
                    "Urgency": "Urgent",
                    "Message": "%%JOBNAME %%$ODATE 223 STOP"
                },
                "Mail_1": {
                    "Type": "Action:Mail",
                    "Subject": "%%JOBNAME %%$ODATE 223 STOP",
                    "Message": "%%JOBNAME %%$ODATE 223 STOP",
                    "Urgency": "Urgent",
                    "To": "tglop@transglobee.com.tw;ameryyen@transglobee.com.twAveryChung@transglobee.com.tw"
                }
            },
            "IfBase:Folder:Output_4": {
                "Type": "If:Output",
                "Code": "*Attention! Fail count exceeds tolerance*",
                "Action:SetToNotOK_0": {
                    "Type": "Action:SetToNotOK"
                },
                "DoNotify_0": {
                    "Type": "Action:Notify",
                    "Urgency": "Urgent",
                    "Message": "%%JOBNAME %%$ODATE 106 partially success. Failure counts over %%tolerance"
                },
                "Mail_1": {
                    "Type": "Action:Mail",
                    "Subject": "%%JOBNAME %%$ODATE 106 partially success. Failure counts over %%tolerance",
                    "Message": "%%JOBNAME %%$ODATE 106 partially success. Failure counts over %%tolerance",
                    "Urgency": "Urgent",
                    "To": "tglop@transglobee.com.tw;ameryyen@transglobee.com.twAveryChung@transglobee.com.tw"
                }
            },
            "IfBase:Folder:Output_5": {
                "Type": "If:Output",
                "Code": "*Fail count within tolerance*",
                "Action:SetToOK_0": {
                    "Type": "Action:SetToOK"
                },
                "DoNotify_0": {
                    "Type": "Action:Notify",
                    "Urgency": "Urgent",
                    "Message": "%%JOBNAME %%$ODATE 106 partially success. Failure counts under %%tolerance"
                },
                "Mail_1": {
                    "Type": "Action:Mail",
                    "Subject": "%%JOBNAME %%$ODATE 106 partially success. Failure counts under %%tolerance",
                    "Message": "%%JOBNAME %%$ODATE 106 partially success. Failure counts under %%tolerance",
                    "Urgency": "Urgent",
                    "To": "tglop@transglobee.com.tw;ameryyen@transglobee.com.twAveryChung@transglobee.com.tw"
                }
            },
            "IfBase:Folder:Output_6": {
                "Type": "If:Output",
                "Code": "*\"status\":995*",
                "Action:SetToNotOK_0": {
                    "Type": "Action:SetToNotOK"
                },
                "DoNotify_0": {
                    "Type": "Action:Notify",
                    "Urgency": "Urgent",
                    "Message": "%%JOBNAME %%$ODATE 995 error in submission"
                },
                "Mail_1": {
                    "Type": "Action:Mail",
                    "Subject": "%%JOBNAME %%$ODATE 995 error in submission",
                    "Message": "%%JOBNAME %%$ODATE 995 error in submission",
                    "Urgency": "Urgent",
                    "To": "tglop@transglobee.com.tw;ameryyen@transglobee.com.twAveryChung@transglobee.com.tw"
                }
            },
            "IfBase:Folder:Output_7": {
                "Type": "If:Output",
                "Code": "*\"status\":996*",
                "Action:SetToOK_0": {
                    "Type": "Action:SetToOK"
                },
                "DoNotify_0": {
                    "Type": "Action:Notify",
                    "Urgency": "Urgent",
                    "Message": "%%JOBNAME %%$ODATE 996 write t_batch_job.due_time error, please data patch the current data"
                },
                "Mail_1": {
                    "Type": "Action:Mail",
                    "Subject": "%%JOBNAME %%$ODATE 996 write t_batch_job.due_time error, please data patch the current data",
                    "Message": "%%JOBNAME %%$ODATE 996 write t_batch_job.due_time error, please data patch the current data",
                    "Urgency": "Urgent",
                    "To": "tglop@transglobee.com.tw;ameryyen@transglobee.com.twAveryChung@transglobee.com.tw"
                }
            },
            "IfBase:Folder:Output_8": {
                "Type": "If:Output",
                "Code": "*\"status\":997*",
                "Action:SetToNotOK_0": {
                    "Type": "Action:SetToNotOK"
                },
                "DoNotify_0": {
                    "Type": "Action:Notify",
                    "Urgency": "Urgent",
                    "Message": "%%JOBNAME %%$ODATE 997 not started"
                },
                "Mail_1": {
                    "Type": "Action:Mail",
                    "Subject": "%%JOBNAME %%$ODATE 997 not started",
                    "Message": "%%JOBNAME %%$ODATE 997 not started",
                    "Urgency": "Urgent",
                    "To": "tglop@transglobee.com.tw;ameryyen@transglobee.com.twAveryChung@transglobee.com.tw"
                }
            },
            "IfBase:Folder:Output_10": {
                "Type": "If:Output",
                "Code": "*\"status\":999*",
                "Action:SetToNotOK_0": {
                    "Type": "Action:SetToNotOK"
                },
                "DoNotify_0": {
                    "Type": "Action:Notify",
                    "Urgency": "Urgent",
                    "Message": "%%JOBNAME %%$ODATE 999 unknown exception"
                },
                "Mail_1": {
                    "Type": "Action:Mail",
                    "Subject": "%%JOBNAME %%$ODATE 999 unknown exception",
                    "Message": "%%JOBNAME %%$ODATE 999 unknown exception",
                    "Urgency": "Urgent",
                    "To": "tglop@transglobee.com.tw;ameryyen@transglobee.com.twAveryChung@transglobee.com.tw"
                }
            },
            "IfBase:Folder:Output_11": {
                "Type": "If:NumberOfFailures",
                "NumberOfFailures": "10",
                "Action:StopCyclicRun_0": {
                    "Type": "Action:StopCyclicRun"
                }
            },
            "IfBase:Folder:Output_98": {
                "Type": "If:CompletionStatus",
                "CompletionStatus": "NOTOK",
                "Mail_1": {
                    "Type": "Action:Mail",
                    "Subject": "%%JOBNAME %%$ODATE failed",
                    "Message": "%%JOBNAME %%$ODATE failed",
                    "Urgency": "Urgent",
                    "To": "tglop@transglobee.com.tw;ameryyen@transglobee.com.twAveryChung@transglobee.com.tw"
                }
            }
        },
        "1335121#tst保全Event_保全取消": {
            "Type": "Job:Command",
            "FileName": "POS",
            "Description": "1335121#tst保全Event_保全取消",
            "DaysKeepActive": "Forever",
            "Application": "eBao",
            "CreatedBy": "RickyLee_002662",
            "Host": "CTMAG",
            "RunAs": "life",
            "Command": "curl -H \\\"Content-Length: 250\\\" -H \\\"Content-Type: application/json\\\" -H \\\"Accept: application/json\\\" http://10.67.70.16:9082/ls/rest/batch/start.d -X POST -d \\\"{\\\\\\\"jobId\\\\\\\":1335121, \\\\\\\"processDate\\\\\\\":\\\\\\\"%%pDate\\\\\\\", \\\\\\\"dueDate\\\\\\\":\\\\\\\"1900-01-01\\\\\\\"}\\\" -v",
            "PostCommand": "/ctm/ctmsvr/bmcpython/bmcpython_V2/python %%partial_success %%ORDERID %%RUNCOUNT %%tolerance %%JOBNAME",
            "RunAsDummy": false,
            "Variables": [
                {
                    "tolerance": "10"
                }
            ],
            "Rerun": {
                "Units": "Minutes",
                "Every": "10"
            },
            "When": {
                "WeekDays": [
                    "NONE"
                ],
                "MonthDays": [
                    "ALL"
                ],
                "ToTime": ">",
                "DaysRelation": "OR",
                "RuleBasedCalendars": {
                    "Relationship": "AND",
                    "Included": [
                        "TWDAD"
                    ]
                }
            },
            "IfBase:Folder:Output_0": {
                "Type": "If:CompletionStatus",
                "CompletionStatus": "ANY",
                "Action:SetToNotOK_0": {
                    "Type": "Action:SetToNotOK"
                }
            },
            "IfBase:Folder:Output_1": {
                "Type": "If:Output",
                "Code": "*\"status\":107*",
                "Action:SetToOK_0": {
                    "Type": "Action:SetToOK"
                }
            },
            "IfBase:Folder:Output_2": {
                "Type": "If:Output",
                "Code": "*\"status\":105*",
                "Action:SetToNotOK_0": {
                    "Type": "Action:SetToNotOK"
                },
                "DoNotify_0": {
                    "Type": "Action:Notify",
                    "Urgency": "Urgent",
                    "Message": "%%JOBNAME %%$ODATE 105 execution failure."
                },
                "Mail_1": {
                    "Type": "Action:Mail",
                    "Subject": "%%JOBNAME %%$ODATE 105 execution failure.",
                    "Message": "%%JOBNAME %%$ODATE 105 execution failure.",
                    "Urgency": "Urgent",
                    "To": "tglop@transglobee.com.tw;ameryyen@transglobee.com.twRickyLee@transglobee.com.tw"
                }
            },
            "IfBase:Folder:Output_3": {
                "Type": "If:Output",
                "Code": "*\"status\":223*",
                "Action:SetToNotOK_0": {
                    "Type": "Action:SetToNotOK"
                },
                "DoNotify_0": {
                    "Type": "Action:Notify",
                    "Urgency": "Urgent",
                    "Message": "%%JOBNAME %%$ODATE 223 STOP"
                },
                "Mail_1": {
                    "Type": "Action:Mail",
                    "Subject": "%%JOBNAME %%$ODATE 223 STOP",
                    "Message": "%%JOBNAME %%$ODATE 223 STOP",
                    "Urgency": "Urgent",
                    "To": "tglop@transglobee.com.tw;ameryyen@transglobee.com.twRickyLee@transglobee.com.tw"
                }
            },
            "IfBase:Folder:Output_4": {
                "Type": "If:Output",
                "Code": "*Attention! Fail count exceeds tolerance*",
                "Action:SetToNotOK_0": {
                    "Type": "Action:SetToNotOK"
                },
                "DoNotify_0": {
                    "Type": "Action:Notify",
                    "Urgency": "Urgent",
                    "Message": "%%JOBNAME %%$ODATE 106 partially success. Failure counts over %%tolerance"
                },
                "Mail_1": {
                    "Type": "Action:Mail",
                    "Subject": "%%JOBNAME %%$ODATE 106 partially success. Failure counts over %%tolerance",
                    "Message": "%%JOBNAME %%$ODATE 106 partially success. Failure counts over %%tolerance",
                    "Urgency": "Urgent",
                    "To": "tglop@transglobee.com.tw;ameryyen@transglobee.com.twRickyLee@transglobee.com.tw"
                }
            },
            "IfBase:Folder:Output_5": {
                "Type": "If:Output",
                "Code": "*Fail count within tolerance*",
                "Action:SetToOK_0": {
                    "Type": "Action:SetToOK"
                },
                "DoNotify_0": {
                    "Type": "Action:Notify",
                    "Urgency": "Urgent",
                    "Message": "%%JOBNAME %%$ODATE 106 partially success. Failure counts under %%tolerance"
                },
                "Mail_1": {
                    "Type": "Action:Mail",
                    "Subject": "%%JOBNAME %%$ODATE 106 partially success. Failure counts under %%tolerance",
                    "Message": "%%JOBNAME %%$ODATE 106 partially success. Failure counts under %%tolerance",
                    "Urgency": "Urgent",
                    "To": "tglop@transglobee.com.tw;ameryyen@transglobee.com.twRickyLee@transglobee.com.tw"
                }
            },
            "IfBase:Folder:Output_6": {
                "Type": "If:Output",
                "Code": "*\"status\":995*",
                "Action:SetToNotOK_0": {
                    "Type": "Action:SetToNotOK"
                },
                "DoNotify_0": {
                    "Type": "Action:Notify",
                    "Urgency": "Urgent",
                    "Message": "%%JOBNAME %%$ODATE 995 error in submission"
                },
                "Mail_1": {
                    "Type": "Action:Mail",
                    "Subject": "%%JOBNAME %%$ODATE 995 error in submission",
                    "Message": "%%JOBNAME %%$ODATE 995 error in submission",
                    "Urgency": "Urgent",
                    "To": "tglop@transglobee.com.tw;ameryyen@transglobee.com.twRickyLee@transglobee.com.tw"
                }
            },
            "IfBase:Folder:Output_7": {
                "Type": "If:Output",
                "Code": "*\"status\":996*",
                "Action:SetToOK_0": {
                    "Type": "Action:SetToOK"
                },
                "DoNotify_0": {
                    "Type": "Action:Notify",
                    "Urgency": "Urgent",
                    "Message": "%%JOBNAME %%$ODATE 996 write t_batch_job.due_time error, please data patch the current data"
                },
                "Mail_1": {
                    "Type": "Action:Mail",
                    "Subject": "%%JOBNAME %%$ODATE 996 write t_batch_job.due_time error, please data patch the current data",
                    "Message": "%%JOBNAME %%$ODATE 996 write t_batch_job.due_time error, please data patch the current data",
                    "Urgency": "Urgent",
                    "To": "tglop@transglobee.com.tw;ameryyen@transglobee.com.twRickyLee@transglobee.com.tw"
                }
            },
            "IfBase:Folder:Output_8": {
                "Type": "If:Output",
                "Code": "*\"status\":997*",
                "Action:SetToNotOK_0": {
                    "Type": "Action:SetToNotOK"
                },
                "DoNotify_0": {
                    "Type": "Action:Notify",
                    "Urgency": "Urgent",
                    "Message": "%%JOBNAME %%$ODATE 997 not started"
                },
                "Mail_1": {
                    "Type": "Action:Mail",
                    "Subject": "%%JOBNAME %%$ODATE 997 not started",
                    "Message": "%%JOBNAME %%$ODATE 997 not started",
                    "Urgency": "Urgent",
                    "To": "tglop@transglobee.com.tw;ameryyen@transglobee.com.twRickyLee@transglobee.com.tw"
                }
            },
            "IfBase:Folder:Output_10": {
                "Type": "If:Output",
                "Code": "*\"status\":999*",
                "Action:SetToNotOK_0": {
                    "Type": "Action:SetToNotOK"
                },
                "DoNotify_0": {
                    "Type": "Action:Notify",
                    "Urgency": "Urgent",
                    "Message": "%%JOBNAME %%$ODATE 999 unknown exception"
                },
                "Mail_1": {
                    "Type": "Action:Mail",
                    "Subject": "%%JOBNAME %%$ODATE 999 unknown exception",
                    "Message": "%%JOBNAME %%$ODATE 999 unknown exception",
                    "Urgency": "Urgent",
                    "To": "tglop@transglobee.com.tw;ameryyen@transglobee.com.twRickyLee@transglobee.com.tw"
                }
            },
            "IfBase:Folder:Output_11": {
                "Type": "If:NumberOfFailures",
                "NumberOfFailures": "10",
                "Action:StopCyclicRun_0": {
                    "Type": "Action:StopCyclicRun"
                }
            },
            "IfBase:Folder:Output_98": {
                "Type": "If:CompletionStatus",
                "CompletionStatus": "NOTOK",
                "Mail_1": {
                    "Type": "Action:Mail",
                    "Subject": "%%JOBNAME %%$ODATE failed",
                    "Message": "%%JOBNAME %%$ODATE failed",
                    "Urgency": "Urgent",
                    "To": "tglop@transglobee.com.tw;ameryyen@transglobee.com.twRickyLee@transglobee.com.tw"
                }
            }
        },
        "1335122#tst保全Event_退件通知": {
            "Type": "Job:Command",
            "FileName": "POS",
            "Description": "1335122#tst保全Event_退件通知",
            "DaysKeepActive": "Forever",
            "Application": "eBao",
            "CreatedBy": "RickyLee_002662",
            "Host": "CTMAG",
            "RunAs": "life",
            "Command": "curl -H \\\"Content-Length: 250\\\" -H \\\"Content-Type: application/json\\\" -H \\\"Accept: application/json\\\" http://10.67.70.16:9082/ls/rest/batch/start.d -X POST -d \\\"{\\\\\\\"jobId\\\\\\\":1335122, \\\\\\\"processDate\\\\\\\":\\\\\\\"%%pDate\\\\\\\", \\\\\\\"dueDate\\\\\\\":\\\\\\\"1900-01-01\\\\\\\"}\\\" -v",
            "PostCommand": "/ctm/ctmsvr/bmcpython/bmcpython_V2/python %%partial_success %%ORDERID %%RUNCOUNT %%tolerance %%JOBNAME",
            "RunAsDummy": false,
            "Variables": [
                {
                    "tolerance": "10"
                }
            ],
            "Rerun": {
                "Units": "Minutes",
                "Every": "10"
            },
            "When": {
                "WeekDays": [
                    "NONE"
                ],
                "MonthDays": [
                    "ALL"
                ],
                "ToTime": ">",
                "DaysRelation": "OR",
                "RuleBasedCalendars": {
                    "Relationship": "AND",
                    "Included": [
                        "TWDAD"
                    ]
                }
            },
            "IfBase:Folder:Output_0": {
                "Type": "If:CompletionStatus",
                "CompletionStatus": "ANY",
                "Action:SetToNotOK_0": {
                    "Type": "Action:SetToNotOK"
                }
            },
            "IfBase:Folder:Output_1": {
                "Type": "If:Output",
                "Code": "*\"status\":107*",
                "Action:SetToOK_0": {
                    "Type": "Action:SetToOK"
                }
            },
            "IfBase:Folder:Output_2": {
                "Type": "If:Output",
                "Code": "*\"status\":105*",
                "Action:SetToNotOK_0": {
                    "Type": "Action:SetToNotOK"
                },
                "DoNotify_0": {
                    "Type": "Action:Notify",
                    "Urgency": "Urgent",
                    "Message": "%%JOBNAME %%$ODATE 105 execution failure."
                },
                "Mail_1": {
                    "Type": "Action:Mail",
                    "Subject": "%%JOBNAME %%$ODATE 105 execution failure.",
                    "Message": "%%JOBNAME %%$ODATE 105 execution failure.",
                    "Urgency": "Urgent",
                    "To": "tglop@transglobee.com.tw;ameryyen@transglobee.com.twRickyLee@transglobee.com.tw"
                }
            },
            "IfBase:Folder:Output_3": {
                "Type": "If:Output",
                "Code": "*\"status\":223*",
                "Action:SetToNotOK_0": {
                    "Type": "Action:SetToNotOK"
                },
                "DoNotify_0": {
                    "Type": "Action:Notify",
                    "Urgency": "Urgent",
                    "Message": "%%JOBNAME %%$ODATE 223 STOP"
                },
                "Mail_1": {
                    "Type": "Action:Mail",
                    "Subject": "%%JOBNAME %%$ODATE 223 STOP",
                    "Message": "%%JOBNAME %%$ODATE 223 STOP",
                    "Urgency": "Urgent",
                    "To": "tglop@transglobee.com.tw;ameryyen@transglobee.com.twRickyLee@transglobee.com.tw"
                }
            },
            "IfBase:Folder:Output_4": {
                "Type": "If:Output",
                "Code": "*Attention! Fail count exceeds tolerance*",
                "Action:SetToNotOK_0": {
                    "Type": "Action:SetToNotOK"
                },
                "DoNotify_0": {
                    "Type": "Action:Notify",
                    "Urgency": "Urgent",
                    "Message": "%%JOBNAME %%$ODATE 106 partially success. Failure counts over %%tolerance"
                },
                "Mail_1": {
                    "Type": "Action:Mail",
                    "Subject": "%%JOBNAME %%$ODATE 106 partially success. Failure counts over %%tolerance",
                    "Message": "%%JOBNAME %%$ODATE 106 partially success. Failure counts over %%tolerance",
                    "Urgency": "Urgent",
                    "To": "tglop@transglobee.com.tw;ameryyen@transglobee.com.twRickyLee@transglobee.com.tw"
                }
            },
            "IfBase:Folder:Output_5": {
                "Type": "If:Output",
                "Code": "*Fail count within tolerance*",
                "Action:SetToOK_0": {
                    "Type": "Action:SetToOK"
                },
                "DoNotify_0": {
                    "Type": "Action:Notify",
                    "Urgency": "Urgent",
                    "Message": "%%JOBNAME %%$ODATE 106 partially success. Failure counts under %%tolerance"
                },
                "Mail_1": {
                    "Type": "Action:Mail",
                    "Subject": "%%JOBNAME %%$ODATE 106 partially success. Failure counts under %%tolerance",
                    "Message": "%%JOBNAME %%$ODATE 106 partially success. Failure counts under %%tolerance",
                    "Urgency": "Urgent",
                    "To": "tglop@transglobee.com.tw;ameryyen@transglobee.com.twRickyLee@transglobee.com.tw"
                }
            },
            "IfBase:Folder:Output_6": {
                "Type": "If:Output",
                "Code": "*\"status\":995*",
                "Action:SetToNotOK_0": {
                    "Type": "Action:SetToNotOK"
                },
                "DoNotify_0": {
                    "Type": "Action:Notify",
                    "Urgency": "Urgent",
                    "Message": "%%JOBNAME %%$ODATE 995 error in submission"
                },
                "Mail_1": {
                    "Type": "Action:Mail",
                    "Subject": "%%JOBNAME %%$ODATE 995 error in submission",
                    "Message": "%%JOBNAME %%$ODATE 995 error in submission",
                    "Urgency": "Urgent",
                    "To": "tglop@transglobee.com.tw;ameryyen@transglobee.com.twRickyLee@transglobee.com.tw"
                }
            },
            "IfBase:Folder:Output_7": {
                "Type": "If:Output",
                "Code": "*\"status\":996*",
                "Action:SetToOK_0": {
                    "Type": "Action:SetToOK"
                },
                "DoNotify_0": {
                    "Type": "Action:Notify",
                    "Urgency": "Urgent",
                    "Message": "%%JOBNAME %%$ODATE 996 write t_batch_job.due_time error, please data patch the current data"
                },
                "Mail_1": {
                    "Type": "Action:Mail",
                    "Subject": "%%JOBNAME %%$ODATE 996 write t_batch_job.due_time error, please data patch the current data",
                    "Message": "%%JOBNAME %%$ODATE 996 write t_batch_job.due_time error, please data patch the current data",
                    "Urgency": "Urgent",
                    "To": "tglop@transglobee.com.tw;ameryyen@transglobee.com.twRickyLee@transglobee.com.tw"
                }
            },
            "IfBase:Folder:Output_8": {
                "Type": "If:Output",
                "Code": "*\"status\":997*",
                "Action:SetToNotOK_0": {
                    "Type": "Action:SetToNotOK"
                },
                "DoNotify_0": {
                    "Type": "Action:Notify",
                    "Urgency": "Urgent",
                    "Message": "%%JOBNAME %%$ODATE 997 not started"
                },
                "Mail_1": {
                    "Type": "Action:Mail",
                    "Subject": "%%JOBNAME %%$ODATE 997 not started",
                    "Message": "%%JOBNAME %%$ODATE 997 not started",
                    "Urgency": "Urgent",
                    "To": "tglop@transglobee.com.tw;ameryyen@transglobee.com.twRickyLee@transglobee.com.tw"
                }
            },
            "IfBase:Folder:Output_10": {
                "Type": "If:Output",
                "Code": "*\"status\":999*",
                "Action:SetToNotOK_0": {
                    "Type": "Action:SetToNotOK"
                },
                "DoNotify_0": {
                    "Type": "Action:Notify",
                    "Urgency": "Urgent",
                    "Message": "%%JOBNAME %%$ODATE 999 unknown exception"
                },
                "Mail_1": {
                    "Type": "Action:Mail",
                    "Subject": "%%JOBNAME %%$ODATE 999 unknown exception",
                    "Message": "%%JOBNAME %%$ODATE 999 unknown exception",
                    "Urgency": "Urgent",
                    "To": "tglop@transglobee.com.tw;ameryyen@transglobee.com.twRickyLee@transglobee.com.tw"
                }
            },
            "IfBase:Folder:Output_11": {
                "Type": "If:NumberOfFailures",
                "NumberOfFailures": "10",
                "Action:StopCyclicRun_0": {
                    "Type": "Action:StopCyclicRun"
                }
            },
            "IfBase:Folder:Output_98": {
                "Type": "If:CompletionStatus",
                "CompletionStatus": "NOTOK",
                "Mail_1": {
                    "Type": "Action:Mail",
                    "Subject": "%%JOBNAME %%$ODATE failed",
                    "Message": "%%JOBNAME %%$ODATE failed",
                    "Urgency": "Urgent",
                    "To": "tglop@transglobee.com.tw;ameryyen@transglobee.com.twRickyLee@transglobee.com.tw"
                }
            }
        },
        "1335071#tstPostmailStatusUpdater": {
            "Type": "Job:Command",
            "FileName": "SYS",
            "Description": "1335071#tstPostmailStatusUpdater",
            "DaysKeepActive": "Forever",
            "Application": "eBao",
            "CreatedBy": "LalaChao_002992",
            "Host": "CTMAG",
            "RunAs": "life",
            "Command": "curl -H \\\"Content-Length: 250\\\" -H \\\"Content-Type: application/json\\\" -H \\\"Accept: application/json\\\" http://10.67.70.16:9082/ls/rest/batch/start.d -X POST -d \\\"{\\\\\\\"jobId\\\\\\\":1335071, \\\\\\\"processDate\\\\\\\":\\\\\\\"%%pDate\\\\\\\", \\\\\\\"dueDate\\\\\\\":\\\\\\\"1900-01-01\\\\\\\"}\\\" -v",
            "PostCommand": "/ctm/ctmsvr/bmcpython/bmcpython_V2/python %%partial_success %%ORDERID %%RUNCOUNT %%tolerance %%JOBNAME",
            "RunAsDummy": false,
            "Variables": [
                {
                    "tolerance": "10"
                }
            ],
            "Rerun": {
                "Units": "Hours",
                "Every": "2"
            },
            "When": {
                "WeekDays": [
                    "NONE"
                ],
                "MonthDays": [
                    "ALL"
                ],
                "ToTime": ">",
                "DaysRelation": "OR",
                "RuleBasedCalendars": {
                    "Relationship": "AND",
                    "Included": [
                        "TWDAD"
                    ]
                }
            },
            "IfBase:Folder:Output_0": {
                "Type": "If:CompletionStatus",
                "CompletionStatus": "ANY",
                "Action:SetToNotOK_0": {
                    "Type": "Action:SetToNotOK"
                }
            },
            "IfBase:Folder:Output_1": {
                "Type": "If:Output",
                "Code": "*\"status\":107*",
                "Action:SetToOK_0": {
                    "Type": "Action:SetToOK"
                }
            },
            "IfBase:Folder:Output_2": {
                "Type": "If:Output",
                "Code": "*\"status\":105*",
                "Action:SetToNotOK_0": {
                    "Type": "Action:SetToNotOK"
                },
                "DoNotify_0": {
                    "Type": "Action:Notify",
                    "Urgency": "Urgent",
                    "Message": "%%JOBNAME %%$ODATE 105 execution failure."
                },
                "Mail_1": {
                    "Type": "Action:Mail",
                    "Subject": "%%JOBNAME %%$ODATE 105 execution failure.",
                    "Message": "%%JOBNAME %%$ODATE 105 execution failure.",
                    "Urgency": "Urgent",
                    "To": "tglop@transglobee.com.tw;ameryyen@transglobee.com.twLalaChao@transglobee.com.tw"
                }
            },
            "IfBase:Folder:Output_3": {
                "Type": "If:Output",
                "Code": "*\"status\":223*",
                "Action:SetToNotOK_0": {
                    "Type": "Action:SetToNotOK"
                },
                "DoNotify_0": {
                    "Type": "Action:Notify",
                    "Urgency": "Urgent",
                    "Message": "%%JOBNAME %%$ODATE 223 STOP"
                },
                "Mail_1": {
                    "Type": "Action:Mail",
                    "Subject": "%%JOBNAME %%$ODATE 223 STOP",
                    "Message": "%%JOBNAME %%$ODATE 223 STOP",
                    "Urgency": "Urgent",
                    "To": "tglop@transglobee.com.tw;ameryyen@transglobee.com.twLalaChao@transglobee.com.tw"
                }
            },
            "IfBase:Folder:Output_4": {
                "Type": "If:Output",
                "Code": "*Attention! Fail count exceeds tolerance*",
                "Action:SetToNotOK_0": {
                    "Type": "Action:SetToNotOK"
                },
                "DoNotify_0": {
                    "Type": "Action:Notify",
                    "Urgency": "Urgent",
                    "Message": "%%JOBNAME %%$ODATE 106 partially success. Failure counts over %%tolerance"
                },
                "Mail_1": {
                    "Type": "Action:Mail",
                    "Subject": "%%JOBNAME %%$ODATE 106 partially success. Failure counts over %%tolerance",
                    "Message": "%%JOBNAME %%$ODATE 106 partially success. Failure counts over %%tolerance",
                    "Urgency": "Urgent",
                    "To": "tglop@transglobee.com.tw;ameryyen@transglobee.com.twLalaChao@transglobee.com.tw"
                }
            },
            "IfBase:Folder:Output_5": {
                "Type": "If:Output",
                "Code": "*Fail count within tolerance*",
                "Action:SetToOK_0": {
                    "Type": "Action:SetToOK"
                },
                "DoNotify_0": {
                    "Type": "Action:Notify",
                    "Urgency": "Urgent",
                    "Message": "%%JOBNAME %%$ODATE 106 partially success. Failure counts under %%tolerance"
                },
                "Mail_1": {
                    "Type": "Action:Mail",
                    "Subject": "%%JOBNAME %%$ODATE 106 partially success. Failure counts under %%tolerance",
                    "Message": "%%JOBNAME %%$ODATE 106 partially success. Failure counts under %%tolerance",
                    "Urgency": "Urgent",
                    "To": "tglop@transglobee.com.tw;ameryyen@transglobee.com.twLalaChao@transglobee.com.tw"
                }
            },
            "IfBase:Folder:Output_6": {
                "Type": "If:Output",
                "Code": "*\"status\":995*",
                "Action:SetToNotOK_0": {
                    "Type": "Action:SetToNotOK"
                },
                "DoNotify_0": {
                    "Type": "Action:Notify",
                    "Urgency": "Urgent",
                    "Message": "%%JOBNAME %%$ODATE 995 error in submission"
                },
                "Mail_1": {
                    "Type": "Action:Mail",
                    "Subject": "%%JOBNAME %%$ODATE 995 error in submission",
                    "Message": "%%JOBNAME %%$ODATE 995 error in submission",
                    "Urgency": "Urgent",
                    "To": "tglop@transglobee.com.tw;ameryyen@transglobee.com.twLalaChao@transglobee.com.tw"
                }
            },
            "IfBase:Folder:Output_7": {
                "Type": "If:Output",
                "Code": "*\"status\":996*",
                "Action:SetToOK_0": {
                    "Type": "Action:SetToOK"
                },
                "DoNotify_0": {
                    "Type": "Action:Notify",
                    "Urgency": "Urgent",
                    "Message": "%%JOBNAME %%$ODATE 996 write t_batch_job.due_time error, please data patch the current data"
                },
                "Mail_1": {
                    "Type": "Action:Mail",
                    "Subject": "%%JOBNAME %%$ODATE 996 write t_batch_job.due_time error, please data patch the current data",
                    "Message": "%%JOBNAME %%$ODATE 996 write t_batch_job.due_time error, please data patch the current data",
                    "Urgency": "Urgent",
                    "To": "tglop@transglobee.com.tw;ameryyen@transglobee.com.twLalaChao@transglobee.com.tw"
                }
            },
            "IfBase:Folder:Output_8": {
                "Type": "If:Output",
                "Code": "*\"status\":997*",
                "Action:SetToNotOK_0": {
                    "Type": "Action:SetToNotOK"
                },
                "DoNotify_0": {
                    "Type": "Action:Notify",
                    "Urgency": "Urgent",
                    "Message": "%%JOBNAME %%$ODATE 997 not started"
                },
                "Mail_1": {
                    "Type": "Action:Mail",
                    "Subject": "%%JOBNAME %%$ODATE 997 not started",
                    "Message": "%%JOBNAME %%$ODATE 997 not started",
                    "Urgency": "Urgent",
                    "To": "tglop@transglobee.com.tw;ameryyen@transglobee.com.twLalaChao@transglobee.com.tw"
                }
            },
            "IfBase:Folder:Output_10": {
                "Type": "If:Output",
                "Code": "*\"status\":999*",
                "Action:SetToNotOK_0": {
                    "Type": "Action:SetToNotOK"
                },
                "DoNotify_0": {
                    "Type": "Action:Notify",
                    "Urgency": "Urgent",
                    "Message": "%%JOBNAME %%$ODATE 999 unknown exception"
                },
                "Mail_1": {
                    "Type": "Action:Mail",
                    "Subject": "%%JOBNAME %%$ODATE 999 unknown exception",
                    "Message": "%%JOBNAME %%$ODATE 999 unknown exception",
                    "Urgency": "Urgent",
                    "To": "tglop@transglobee.com.tw;ameryyen@transglobee.com.twLalaChao@transglobee.com.tw"
                }
            },
            "IfBase:Folder:Output_11": {
                "Type": "If:NumberOfFailures",
                "NumberOfFailures": "10",
                "Action:StopCyclicRun_0": {
                    "Type": "Action:StopCyclicRun"
                }
            },
            "IfBase:Folder:Output_98": {
                "Type": "If:CompletionStatus",
                "CompletionStatus": "NOTOK",
                "Mail_1": {
                    "Type": "Action:Mail",
                    "Subject": "%%JOBNAME %%$ODATE failed",
                    "Message": "%%JOBNAME %%$ODATE failed",
                    "Urgency": "Urgent",
                    "To": "tglop@transglobee.com.tw;ameryyen@transglobee.com.twLalaChao@transglobee.com.tw"
                }
            }
        },
        "1335841#tstUNBPostmailStatusUpdater": {
            "Type": "Job:Command",
            "FileName": "UNB",
            "Description": "1335841#tstUNBPostmailStatusUpdater",
            "DaysKeepActive": "Forever",
            "Application": "eBao",
            "CreatedBy": "DaniaLin_002272",
            "Host": "CTMAG",
            "RunAs": "life",
            "Command": "curl -H \\\"Content-Length: 250\\\" -H \\\"Content-Type: application/json\\\" -H \\\"Accept: application/json\\\" http://10.67.70.16:9082/ls/rest/batch/start.d -X POST -d \\\"{\\\\\\\"jobId\\\\\\\":1335841, \\\\\\\"processDate\\\\\\\":\\\\\\\"%%pDate\\\\\\\", \\\\\\\"dueDate\\\\\\\":\\\\\\\"1900-01-01\\\\\\\"}\\\" -v",
            "PostCommand": "/ctm/ctmsvr/bmcpython/bmcpython_V2/python %%partial_success %%ORDERID %%RUNCOUNT %%tolerance %%JOBNAME",
            "RunAsDummy": false,
            "Variables": [
                {
                    "tolerance": "10"
                }
            ],
            "Rerun": {
                "Units": "Hours",
                "Every": "2"
            },
            "When": {
                "WeekDays": [
                    "NONE"
                ],
                "MonthDays": [
                    "ALL"
                ],
                "ToTime": ">",
                "DaysRelation": "OR",
                "RuleBasedCalendars": {
                    "Relationship": "AND",
                    "Included": [
                        "TWDAD"
                    ]
                }
            },
            "IfBase:Folder:Output_0": {
                "Type": "If:CompletionStatus",
                "CompletionStatus": "ANY",
                "Action:SetToNotOK_0": {
                    "Type": "Action:SetToNotOK"
                }
            },
            "IfBase:Folder:Output_1": {
                "Type": "If:Output",
                "Code": "*\"status\":107*",
                "Action:SetToOK_0": {
                    "Type": "Action:SetToOK"
                }
            },
            "IfBase:Folder:Output_2": {
                "Type": "If:Output",
                "Code": "*\"status\":105*",
                "Action:SetToNotOK_0": {
                    "Type": "Action:SetToNotOK"
                },
                "DoNotify_0": {
                    "Type": "Action:Notify",
                    "Urgency": "Urgent",
                    "Message": "%%JOBNAME %%$ODATE 105 execution failure."
                },
                "Mail_1": {
                    "Type": "Action:Mail",
                    "Subject": "%%JOBNAME %%$ODATE 105 execution failure.",
                    "Message": "%%JOBNAME %%$ODATE 105 execution failure.",
                    "Urgency": "Urgent",
                    "To": "tglop@transglobee.com.tw;ameryyen@transglobee.com.twdanialin@transglobee.com.tw"
                }
            },
            "IfBase:Folder:Output_3": {
                "Type": "If:Output",
                "Code": "*\"status\":223*",
                "Action:SetToNotOK_0": {
                    "Type": "Action:SetToNotOK"
                },
                "DoNotify_0": {
                    "Type": "Action:Notify",
                    "Urgency": "Urgent",
                    "Message": "%%JOBNAME %%$ODATE 223 STOP"
                },
                "Mail_1": {
                    "Type": "Action:Mail",
                    "Subject": "%%JOBNAME %%$ODATE 223 STOP",
                    "Message": "%%JOBNAME %%$ODATE 223 STOP",
                    "Urgency": "Urgent",
                    "To": "tglop@transglobee.com.tw;ameryyen@transglobee.com.twdanialin@transglobee.com.tw"
                }
            },
            "IfBase:Folder:Output_4": {
                "Type": "If:Output",
                "Code": "*Attention! Fail count exceeds tolerance*",
                "Action:SetToNotOK_0": {
                    "Type": "Action:SetToNotOK"
                },
                "DoNotify_0": {
                    "Type": "Action:Notify",
                    "Urgency": "Urgent",
                    "Message": "%%JOBNAME %%$ODATE 106 partially success. Failure counts over %%tolerance"
                },
                "Mail_1": {
                    "Type": "Action:Mail",
                    "Subject": "%%JOBNAME %%$ODATE 106 partially success. Failure counts over %%tolerance",
                    "Message": "%%JOBNAME %%$ODATE 106 partially success. Failure counts over %%tolerance",
                    "Urgency": "Urgent",
                    "To": "tglop@transglobee.com.tw;ameryyen@transglobee.com.twdanialin@transglobee.com.tw"
                }
            },
            "IfBase:Folder:Output_5": {
                "Type": "If:Output",
                "Code": "*Fail count within tolerance*",
                "Action:SetToOK_0": {
                    "Type": "Action:SetToOK"
                },
                "DoNotify_0": {
                    "Type": "Action:Notify",
                    "Urgency": "Urgent",
                    "Message": "%%JOBNAME %%$ODATE 106 partially success. Failure counts under %%tolerance"
                },
                "Mail_1": {
                    "Type": "Action:Mail",
                    "Subject": "%%JOBNAME %%$ODATE 106 partially success. Failure counts under %%tolerance",
                    "Message": "%%JOBNAME %%$ODATE 106 partially success. Failure counts under %%tolerance",
                    "Urgency": "Urgent",
                    "To": "tglop@transglobee.com.tw;ameryyen@transglobee.com.twdanialin@transglobee.com.tw"
                }
            },
            "IfBase:Folder:Output_6": {
                "Type": "If:Output",
                "Code": "*\"status\":995*",
                "Action:SetToNotOK_0": {
                    "Type": "Action:SetToNotOK"
                },
                "DoNotify_0": {
                    "Type": "Action:Notify",
                    "Urgency": "Urgent",
                    "Message": "%%JOBNAME %%$ODATE 995 error in submission"
                },
                "Mail_1": {
                    "Type": "Action:Mail",
                    "Subject": "%%JOBNAME %%$ODATE 995 error in submission",
                    "Message": "%%JOBNAME %%$ODATE 995 error in submission",
                    "Urgency": "Urgent",
                    "To": "tglop@transglobee.com.tw;ameryyen@transglobee.com.twdanialin@transglobee.com.tw"
                }
            },
            "IfBase:Folder:Output_7": {
                "Type": "If:Output",
                "Code": "*\"status\":996*",
                "Action:SetToOK_0": {
                    "Type": "Action:SetToOK"
                },
                "DoNotify_0": {
                    "Type": "Action:Notify",
                    "Urgency": "Urgent",
                    "Message": "%%JOBNAME %%$ODATE 996 write t_batch_job.due_time error, please data patch the current data"
                },
                "Mail_1": {
                    "Type": "Action:Mail",
                    "Subject": "%%JOBNAME %%$ODATE 996 write t_batch_job.due_time error, please data patch the current data",
                    "Message": "%%JOBNAME %%$ODATE 996 write t_batch_job.due_time error, please data patch the current data",
                    "Urgency": "Urgent",
                    "To": "tglop@transglobee.com.tw;ameryyen@transglobee.com.twdanialin@transglobee.com.tw"
                }
            },
            "IfBase:Folder:Output_8": {
                "Type": "If:Output",
                "Code": "*\"status\":997*",
                "Action:SetToNotOK_0": {
                    "Type": "Action:SetToNotOK"
                },
                "DoNotify_0": {
                    "Type": "Action:Notify",
                    "Urgency": "Urgent",
                    "Message": "%%JOBNAME %%$ODATE 997 not started"
                },
                "Mail_1": {
                    "Type": "Action:Mail",
                    "Subject": "%%JOBNAME %%$ODATE 997 not started",
                    "Message": "%%JOBNAME %%$ODATE 997 not started",
                    "Urgency": "Urgent",
                    "To": "tglop@transglobee.com.tw;ameryyen@transglobee.com.twdanialin@transglobee.com.tw"
                }
            },
            "IfBase:Folder:Output_10": {
                "Type": "If:Output",
                "Code": "*\"status\":999*",
                "Action:SetToNotOK_0": {
                    "Type": "Action:SetToNotOK"
                },
                "DoNotify_0": {
                    "Type": "Action:Notify",
                    "Urgency": "Urgent",
                    "Message": "%%JOBNAME %%$ODATE 999 unknown exception"
                },
                "Mail_1": {
                    "Type": "Action:Mail",
                    "Subject": "%%JOBNAME %%$ODATE 999 unknown exception",
                    "Message": "%%JOBNAME %%$ODATE 999 unknown exception",
                    "Urgency": "Urgent",
                    "To": "tglop@transglobee.com.tw;ameryyen@transglobee.com.twdanialin@transglobee.com.tw"
                }
            },
            "IfBase:Folder:Output_11": {
                "Type": "If:NumberOfFailures",
                "NumberOfFailures": "10",
                "Action:StopCyclicRun_0": {
                    "Type": "Action:StopCyclicRun"
                }
            },
            "IfBase:Folder:Output_98": {
                "Type": "If:CompletionStatus",
                "CompletionStatus": "NOTOK",
                "Mail_1": {
                    "Type": "Action:Mail",
                    "Subject": "%%JOBNAME %%$ODATE failed",
                    "Message": "%%JOBNAME %%$ODATE failed",
                    "Urgency": "Urgent",
                    "To": "tglop@transglobee.com.tw;ameryyen@transglobee.com.twdanialin@transglobee.com.tw"
                }
            }
        },
        "1335797#tstPaPostmailStatusUpdater": {
            "Type": "Job:Command",
            "FileName": "PA",
            "Description": "1335797#tstPaPostmailStatusUpdater",
            "DaysKeepActive": "Forever",
            "Application": "eBao",
            "CreatedBy": "JackHsu_001591",
            "Host": "CTMAG",
            "RunAs": "life",
            "Command": "curl -H \\\"Content-Length: 250\\\" -H \\\"Content-Type: application/json\\\" -H \\\"Accept: application/json\\\" http://10.67.70.16:9082/ls/rest/batch/start.d -X POST -d \\\"{\\\\\\\"jobId\\\\\\\":1335797, \\\\\\\"processDate\\\\\\\":\\\\\\\"%%pDate\\\\\\\", \\\\\\\"dueDate\\\\\\\":\\\\\\\"1900-01-01\\\\\\\"}\\\" -v",
            "PostCommand": "/ctm/ctmsvr/bmcpython/bmcpython_V2/python %%partial_success %%ORDERID %%RUNCOUNT %%tolerance %%JOBNAME",
            "RunAsDummy": false,
            "Variables": [
                {
                    "tolerance": "10"
                }
            ],
            "Rerun": {
                "Units": "Hours",
                "Every": "2"
            },
            "When": {
                "WeekDays": [
                    "NONE"
                ],
                "MonthDays": [
                    "ALL"
                ],
                "ToTime": ">",
                "DaysRelation": "OR",
                "RuleBasedCalendars": {
                    "Relationship": "AND",
                    "Included": [
                        "TWDAD"
                    ]
                }
            },
            "IfBase:Folder:Output_0": {
                "Type": "If:CompletionStatus",
                "CompletionStatus": "ANY",
                "Action:SetToNotOK_0": {
                    "Type": "Action:SetToNotOK"
                }
            },
            "IfBase:Folder:Output_1": {
                "Type": "If:Output",
                "Code": "*\"status\":107*",
                "Action:SetToOK_0": {
                    "Type": "Action:SetToOK"
                }
            },
            "IfBase:Folder:Output_2": {
                "Type": "If:Output",
                "Code": "*\"status\":105*",
                "Action:SetToNotOK_0": {
                    "Type": "Action:SetToNotOK"
                },
                "DoNotify_0": {
                    "Type": "Action:Notify",
                    "Urgency": "Urgent",
                    "Message": "%%JOBNAME %%$ODATE 105 execution failure."
                },
                "Mail_1": {
                    "Type": "Action:Mail",
                    "Subject": "%%JOBNAME %%$ODATE 105 execution failure.",
                    "Message": "%%JOBNAME %%$ODATE 105 execution failure.",
                    "Urgency": "Urgent",
                    "To": "tglop@transglobee.com.tw;ameryyen@transglobee.com.twjackhsu@transglobee.com.tw"
                }
            },
            "IfBase:Folder:Output_3": {
                "Type": "If:Output",
                "Code": "*\"status\":223*",
                "Action:SetToNotOK_0": {
                    "Type": "Action:SetToNotOK"
                },
                "DoNotify_0": {
                    "Type": "Action:Notify",
                    "Urgency": "Urgent",
                    "Message": "%%JOBNAME %%$ODATE 223 STOP"
                },
                "Mail_1": {
                    "Type": "Action:Mail",
                    "Subject": "%%JOBNAME %%$ODATE 223 STOP",
                    "Message": "%%JOBNAME %%$ODATE 223 STOP",
                    "Urgency": "Urgent",
                    "To": "tglop@transglobee.com.tw;ameryyen@transglobee.com.twjackhsu@transglobee.com.tw"
                }
            },
            "IfBase:Folder:Output_4": {
                "Type": "If:Output",
                "Code": "*Attention! Fail count exceeds tolerance*",
                "Action:SetToNotOK_0": {
                    "Type": "Action:SetToNotOK"
                },
                "DoNotify_0": {
                    "Type": "Action:Notify",
                    "Urgency": "Urgent",
                    "Message": "%%JOBNAME %%$ODATE 106 partially success. Failure counts over %%tolerance"
                },
                "Mail_1": {
                    "Type": "Action:Mail",
                    "Subject": "%%JOBNAME %%$ODATE 106 partially success. Failure counts over %%tolerance",
                    "Message": "%%JOBNAME %%$ODATE 106 partially success. Failure counts over %%tolerance",
                    "Urgency": "Urgent",
                    "To": "tglop@transglobee.com.tw;ameryyen@transglobee.com.twjackhsu@transglobee.com.tw"
                }
            },
            "IfBase:Folder:Output_5": {
                "Type": "If:Output",
                "Code": "*Fail count within tolerance*",
                "Action:SetToOK_0": {
                    "Type": "Action:SetToOK"
                },
                "DoNotify_0": {
                    "Type": "Action:Notify",
                    "Urgency": "Urgent",
                    "Message": "%%JOBNAME %%$ODATE 106 partially success. Failure counts under %%tolerance"
                },
                "Mail_1": {
                    "Type": "Action:Mail",
                    "Subject": "%%JOBNAME %%$ODATE 106 partially success. Failure counts under %%tolerance",
                    "Message": "%%JOBNAME %%$ODATE 106 partially success. Failure counts under %%tolerance",
                    "Urgency": "Urgent",
                    "To": "tglop@transglobee.com.tw;ameryyen@transglobee.com.twjackhsu@transglobee.com.tw"
                }
            },
            "IfBase:Folder:Output_6": {
                "Type": "If:Output",
                "Code": "*\"status\":995*",
                "Action:SetToNotOK_0": {
                    "Type": "Action:SetToNotOK"
                },
                "DoNotify_0": {
                    "Type": "Action:Notify",
                    "Urgency": "Urgent",
                    "Message": "%%JOBNAME %%$ODATE 995 error in submission"
                },
                "Mail_1": {
                    "Type": "Action:Mail",
                    "Subject": "%%JOBNAME %%$ODATE 995 error in submission",
                    "Message": "%%JOBNAME %%$ODATE 995 error in submission",
                    "Urgency": "Urgent",
                    "To": "tglop@transglobee.com.tw;ameryyen@transglobee.com.twjackhsu@transglobee.com.tw"
                }
            },
            "IfBase:Folder:Output_7": {
                "Type": "If:Output",
                "Code": "*\"status\":996*",
                "Action:SetToOK_0": {
                    "Type": "Action:SetToOK"
                },
                "DoNotify_0": {
                    "Type": "Action:Notify",
                    "Urgency": "Urgent",
                    "Message": "%%JOBNAME %%$ODATE 996 write t_batch_job.due_time error, please data patch the current data"
                },
                "Mail_1": {
                    "Type": "Action:Mail",
                    "Subject": "%%JOBNAME %%$ODATE 996 write t_batch_job.due_time error, please data patch the current data",
                    "Message": "%%JOBNAME %%$ODATE 996 write t_batch_job.due_time error, please data patch the current data",
                    "Urgency": "Urgent",
                    "To": "tglop@transglobee.com.tw;ameryyen@transglobee.com.twjackhsu@transglobee.com.tw"
                }
            },
            "IfBase:Folder:Output_8": {
                "Type": "If:Output",
                "Code": "*\"status\":997*",
                "Action:SetToNotOK_0": {
                    "Type": "Action:SetToNotOK"
                },
                "DoNotify_0": {
                    "Type": "Action:Notify",
                    "Urgency": "Urgent",
                    "Message": "%%JOBNAME %%$ODATE 997 not started"
                },
                "Mail_1": {
                    "Type": "Action:Mail",
                    "Subject": "%%JOBNAME %%$ODATE 997 not started",
                    "Message": "%%JOBNAME %%$ODATE 997 not started",
                    "Urgency": "Urgent",
                    "To": "tglop@transglobee.com.tw;ameryyen@transglobee.com.twjackhsu@transglobee.com.tw"
                }
            },
            "IfBase:Folder:Output_10": {
                "Type": "If:Output",
                "Code": "*\"status\":999*",
                "Action:SetToNotOK_0": {
                    "Type": "Action:SetToNotOK"
                },
                "DoNotify_0": {
                    "Type": "Action:Notify",
                    "Urgency": "Urgent",
                    "Message": "%%JOBNAME %%$ODATE 999 unknown exception"
                },
                "Mail_1": {
                    "Type": "Action:Mail",
                    "Subject": "%%JOBNAME %%$ODATE 999 unknown exception",
                    "Message": "%%JOBNAME %%$ODATE 999 unknown exception",
                    "Urgency": "Urgent",
                    "To": "tglop@transglobee.com.tw;ameryyen@transglobee.com.twjackhsu@transglobee.com.tw"
                }
            },
            "IfBase:Folder:Output_11": {
                "Type": "If:NumberOfFailures",
                "NumberOfFailures": "10",
                "Action:StopCyclicRun_0": {
                    "Type": "Action:StopCyclicRun"
                }
            },
            "IfBase:Folder:Output_98": {
                "Type": "If:CompletionStatus",
                "CompletionStatus": "NOTOK",
                "Mail_1": {
                    "Type": "Action:Mail",
                    "Subject": "%%JOBNAME %%$ODATE failed",
                    "Message": "%%JOBNAME %%$ODATE failed",
                    "Urgency": "Urgent",
                    "To": "tglop@transglobee.com.tw;ameryyen@transglobee.com.twjackhsu@transglobee.com.tw"
                }
            }
        },
        "1334841#tstPublishESPEvent": {
            "Type": "Job:Command",
            "FileName": "SYS",
            "Description": "1334841#tstPublishESPEvent",
            "DaysKeepActive": "Forever",
            "Application": "eBao",
            "CreatedBy": "LalaChao_002992",
            "Host": "CTMAG",
            "RunAs": "life",
            "Command": "curl -H \\\"Content-Length: 250\\\" -H \\\"Content-Type: application/json\\\" -H \\\"Accept: application/json\\\" http://10.67.70.16:9082/ls/rest/batch/start.d -X POST -d \\\"{\\\\\\\"jobId\\\\\\\":1334841, \\\\\\\"processDate\\\\\\\":\\\\\\\"%%pDate\\\\\\\", \\\\\\\"dueDate\\\\\\\":\\\\\\\"1900-01-01\\\\\\\"}\\\" -v",
            "PostCommand": "/ctm/ctmsvr/bmcpython/bmcpython_V2/python %%partial_success %%ORDERID %%RUNCOUNT %%tolerance %%JOBNAME",
            "RunAsDummy": false,
            "Variables": [
                {
                    "tolerance": "10"
                }
            ],
            "Rerun": {
                "Units": "Minutes",
                "Every": "10"
            },
            "When": {
                "WeekDays": [
                    "NONE"
                ],
                "MonthDays": [
                    "ALL"
                ],
                "ToTime": ">",
                "DaysRelation": "OR",
                "RuleBasedCalendars": {
                    "Relationship": "AND",
                    "Included": [
                        "TWDAD"
                    ]
                }
            },
            "IfBase:Folder:Output_0": {
                "Type": "If:CompletionStatus",
                "CompletionStatus": "ANY",
                "Action:SetToNotOK_0": {
                    "Type": "Action:SetToNotOK"
                }
            },
            "IfBase:Folder:Output_1": {
                "Type": "If:Output",
                "Code": "*\"status\":107*",
                "Action:SetToOK_0": {
                    "Type": "Action:SetToOK"
                }
            },
            "IfBase:Folder:Output_2": {
                "Type": "If:Output",
                "Code": "*\"status\":105*",
                "Action:SetToNotOK_0": {
                    "Type": "Action:SetToNotOK"
                },
                "DoNotify_0": {
                    "Type": "Action:Notify",
                    "Urgency": "Urgent",
                    "Message": "%%JOBNAME %%$ODATE 105 execution failure."
                },
                "Mail_1": {
                    "Type": "Action:Mail",
                    "Subject": "%%JOBNAME %%$ODATE 105 execution failure.",
                    "Message": "%%JOBNAME %%$ODATE 105 execution failure.",
                    "Urgency": "Urgent",
                    "To": "tglop@transglobee.com.tw;ameryyen@transglobee.com.twLalaChao@transglobee.com.tw"
                }
            },
            "IfBase:Folder:Output_3": {
                "Type": "If:Output",
                "Code": "*\"status\":223*",
                "Action:SetToNotOK_0": {
                    "Type": "Action:SetToNotOK"
                },
                "DoNotify_0": {
                    "Type": "Action:Notify",
                    "Urgency": "Urgent",
                    "Message": "%%JOBNAME %%$ODATE 223 STOP"
                },
                "Mail_1": {
                    "Type": "Action:Mail",
                    "Subject": "%%JOBNAME %%$ODATE 223 STOP",
                    "Message": "%%JOBNAME %%$ODATE 223 STOP",
                    "Urgency": "Urgent",
                    "To": "tglop@transglobee.com.tw;ameryyen@transglobee.com.twLalaChao@transglobee.com.tw"
                }
            },
            "IfBase:Folder:Output_4": {
                "Type": "If:Output",
                "Code": "*Attention! Fail count exceeds tolerance*",
                "Action:SetToNotOK_0": {
                    "Type": "Action:SetToNotOK"
                },
                "DoNotify_0": {
                    "Type": "Action:Notify",
                    "Urgency": "Urgent",
                    "Message": "%%JOBNAME %%$ODATE 106 partially success. Failure counts over %%tolerance"
                },
                "Mail_1": {
                    "Type": "Action:Mail",
                    "Subject": "%%JOBNAME %%$ODATE 106 partially success. Failure counts over %%tolerance",
                    "Message": "%%JOBNAME %%$ODATE 106 partially success. Failure counts over %%tolerance",
                    "Urgency": "Urgent",
                    "To": "tglop@transglobee.com.tw;ameryyen@transglobee.com.twLalaChao@transglobee.com.tw"
                }
            },
            "IfBase:Folder:Output_5": {
                "Type": "If:Output",
                "Code": "*Fail count within tolerance*",
                "Action:SetToOK_0": {
                    "Type": "Action:SetToOK"
                },
                "DoNotify_0": {
                    "Type": "Action:Notify",
                    "Urgency": "Urgent",
                    "Message": "%%JOBNAME %%$ODATE 106 partially success. Failure counts under %%tolerance"
                },
                "Mail_1": {
                    "Type": "Action:Mail",
                    "Subject": "%%JOBNAME %%$ODATE 106 partially success. Failure counts under %%tolerance",
                    "Message": "%%JOBNAME %%$ODATE 106 partially success. Failure counts under %%tolerance",
                    "Urgency": "Urgent",
                    "To": "tglop@transglobee.com.tw;ameryyen@transglobee.com.twLalaChao@transglobee.com.tw"
                }
            },
            "IfBase:Folder:Output_6": {
                "Type": "If:Output",
                "Code": "*\"status\":995*",
                "Action:SetToNotOK_0": {
                    "Type": "Action:SetToNotOK"
                },
                "DoNotify_0": {
                    "Type": "Action:Notify",
                    "Urgency": "Urgent",
                    "Message": "%%JOBNAME %%$ODATE 995 error in submission"
                },
                "Mail_1": {
                    "Type": "Action:Mail",
                    "Subject": "%%JOBNAME %%$ODATE 995 error in submission",
                    "Message": "%%JOBNAME %%$ODATE 995 error in submission",
                    "Urgency": "Urgent",
                    "To": "tglop@transglobee.com.tw;ameryyen@transglobee.com.twLalaChao@transglobee.com.tw"
                }
            },
            "IfBase:Folder:Output_7": {
                "Type": "If:Output",
                "Code": "*\"status\":996*",
                "Action:SetToOK_0": {
                    "Type": "Action:SetToOK"
                },
                "DoNotify_0": {
                    "Type": "Action:Notify",
                    "Urgency": "Urgent",
                    "Message": "%%JOBNAME %%$ODATE 996 write t_batch_job.due_time error, please data patch the current data"
                },
                "Mail_1": {
                    "Type": "Action:Mail",
                    "Subject": "%%JOBNAME %%$ODATE 996 write t_batch_job.due_time error, please data patch the current data",
                    "Message": "%%JOBNAME %%$ODATE 996 write t_batch_job.due_time error, please data patch the current data",
                    "Urgency": "Urgent",
                    "To": "tglop@transglobee.com.tw;ameryyen@transglobee.com.twLalaChao@transglobee.com.tw"
                }
            },
            "IfBase:Folder:Output_8": {
                "Type": "If:Output",
                "Code": "*\"status\":997*",
                "Action:SetToNotOK_0": {
                    "Type": "Action:SetToNotOK"
                },
                "DoNotify_0": {
                    "Type": "Action:Notify",
                    "Urgency": "Urgent",
                    "Message": "%%JOBNAME %%$ODATE 997 not started"
                },
                "Mail_1": {
                    "Type": "Action:Mail",
                    "Subject": "%%JOBNAME %%$ODATE 997 not started",
                    "Message": "%%JOBNAME %%$ODATE 997 not started",
                    "Urgency": "Urgent",
                    "To": "tglop@transglobee.com.tw;ameryyen@transglobee.com.twLalaChao@transglobee.com.tw"
                }
            },
            "IfBase:Folder:Output_10": {
                "Type": "If:Output",
                "Code": "*\"status\":999*",
                "Action:SetToNotOK_0": {
                    "Type": "Action:SetToNotOK"
                },
                "DoNotify_0": {
                    "Type": "Action:Notify",
                    "Urgency": "Urgent",
                    "Message": "%%JOBNAME %%$ODATE 999 unknown exception"
                },
                "Mail_1": {
                    "Type": "Action:Mail",
                    "Subject": "%%JOBNAME %%$ODATE 999 unknown exception",
                    "Message": "%%JOBNAME %%$ODATE 999 unknown exception",
                    "Urgency": "Urgent",
                    "To": "tglop@transglobee.com.tw;ameryyen@transglobee.com.twLalaChao@transglobee.com.tw"
                }
            },
            "IfBase:Folder:Output_11": {
                "Type": "If:NumberOfFailures",
                "NumberOfFailures": "10",
                "Action:StopCyclicRun_0": {
                    "Type": "Action:StopCyclicRun"
                }
            },
            "IfBase:Folder:Output_98": {
                "Type": "If:CompletionStatus",
                "CompletionStatus": "NOTOK",
                "Mail_1": {
                    "Type": "Action:Mail",
                    "Subject": "%%JOBNAME %%$ODATE failed",
                    "Message": "%%JOBNAME %%$ODATE failed",
                    "Urgency": "Urgent",
                    "To": "tglop@transglobee.com.tw;ameryyen@transglobee.com.twLalaChao@transglobee.com.tw"
                }
            }
        },
        "1337102#tstCLM_理賠聯盟鍊同業正本文件已收訖通知": {
            "Type": "Job:Command",
            "FileName": "CLM",
            "Description": "1337102#tstCLM_理賠聯盟鍊同業正本文件已收訖通知",
            "DaysKeepActive": "Forever",
            "Application": "eBao",
            "CreatedBy": "CarlosLiang_002186",
            "Host": "CTMAG",
            "RunAs": "life",
            "Command": "curl -H \\\"Content-Length: 250\\\" -H \\\"Content-Type: application/json\\\" -H \\\"Accept: application/json\\\" http://10.67.70.16:9082/ls/rest/batch/start.d -X POST -d \\\"{\\\\\\\"jobId\\\\\\\":1337102, \\\\\\\"processDate\\\\\\\":\\\\\\\"%%pDate\\\\\\\", \\\\\\\"dueDate\\\\\\\":\\\\\\\"1900-01-01\\\\\\\"}\\\" -v",
            "PostCommand": "/ctm/ctmsvr/bmcpython/bmcpython_V2/python %%partial_success %%ORDERID %%RUNCOUNT %%tolerance %%JOBNAME",
            "RunAsDummy": false,
            "Variables": [
                {
                    "tolerance": "10"
                }
            ],
            "Rerun": {
                "Units": "Hours",
                "Every": "24"
            },
            "When": {
                "WeekDays": [
                    "NONE"
                ],
                "MonthDays": [
                    "ALL"
                ],
                "ToTime": ">",
                "DaysRelation": "OR",
                "RuleBasedCalendars": {
                    "Relationship": "AND",
                    "Included": [
                        "TWDAD"
                    ]
                }
            },
            "IfBase:Folder:Output_0": {
                "Type": "If:CompletionStatus",
                "CompletionStatus": "ANY",
                "Action:SetToNotOK_0": {
                    "Type": "Action:SetToNotOK"
                }
            },
            "IfBase:Folder:Output_1": {
                "Type": "If:Output",
                "Code": "*\"status\":107*",
                "Action:SetToOK_0": {
                    "Type": "Action:SetToOK"
                }
            },
            "IfBase:Folder:Output_2": {
                "Type": "If:Output",
                "Code": "*\"status\":105*",
                "Action:SetToNotOK_0": {
                    "Type": "Action:SetToNotOK"
                },
                "DoNotify_0": {
                    "Type": "Action:Notify",
                    "Urgency": "Urgent",
                    "Message": "%%JOBNAME %%$ODATE 105 execution failure."
                },
                "Mail_1": {
                    "Type": "Action:Mail",
                    "Subject": "%%JOBNAME %%$ODATE 105 execution failure.",
                    "Message": "%%JOBNAME %%$ODATE 105 execution failure.",
                    "Urgency": "Urgent",
                    "To": "tglop@transglobee.com.tw;ameryyen@transglobee.com.twCarlosLiang@transglobee.com.tw"
                }
            },
            "IfBase:Folder:Output_3": {
                "Type": "If:Output",
                "Code": "*\"status\":223*",
                "Action:SetToNotOK_0": {
                    "Type": "Action:SetToNotOK"
                },
                "DoNotify_0": {
                    "Type": "Action:Notify",
                    "Urgency": "Urgent",
                    "Message": "%%JOBNAME %%$ODATE 223 STOP"
                },
                "Mail_1": {
                    "Type": "Action:Mail",
                    "Subject": "%%JOBNAME %%$ODATE 223 STOP",
                    "Message": "%%JOBNAME %%$ODATE 223 STOP",
                    "Urgency": "Urgent",
                    "To": "tglop@transglobee.com.tw;ameryyen@transglobee.com.twCarlosLiang@transglobee.com.tw"
                }
            },
            "IfBase:Folder:Output_4": {
                "Type": "If:Output",
                "Code": "*Attention! Fail count exceeds tolerance*",
                "Action:SetToNotOK_0": {
                    "Type": "Action:SetToNotOK"
                },
                "DoNotify_0": {
                    "Type": "Action:Notify",
                    "Urgency": "Urgent",
                    "Message": "%%JOBNAME %%$ODATE 106 partially success. Failure counts over %%tolerance"
                },
                "Mail_1": {
                    "Type": "Action:Mail",
                    "Subject": "%%JOBNAME %%$ODATE 106 partially success. Failure counts over %%tolerance",
                    "Message": "%%JOBNAME %%$ODATE 106 partially success. Failure counts over %%tolerance",
                    "Urgency": "Urgent",
                    "To": "tglop@transglobee.com.tw;ameryyen@transglobee.com.twCarlosLiang@transglobee.com.tw"
                }
            },
            "IfBase:Folder:Output_5": {
                "Type": "If:Output",
                "Code": "*Fail count within tolerance*",
                "Action:SetToOK_0": {
                    "Type": "Action:SetToOK"
                },
                "DoNotify_0": {
                    "Type": "Action:Notify",
                    "Urgency": "Urgent",
                    "Message": "%%JOBNAME %%$ODATE 106 partially success. Failure counts under %%tolerance"
                },
                "Mail_1": {
                    "Type": "Action:Mail",
                    "Subject": "%%JOBNAME %%$ODATE 106 partially success. Failure counts under %%tolerance",
                    "Message": "%%JOBNAME %%$ODATE 106 partially success. Failure counts under %%tolerance",
                    "Urgency": "Urgent",
                    "To": "tglop@transglobee.com.tw;ameryyen@transglobee.com.twCarlosLiang@transglobee.com.tw"
                }
            },
            "IfBase:Folder:Output_6": {
                "Type": "If:Output",
                "Code": "*\"status\":995*",
                "Action:SetToNotOK_0": {
                    "Type": "Action:SetToNotOK"
                },
                "DoNotify_0": {
                    "Type": "Action:Notify",
                    "Urgency": "Urgent",
                    "Message": "%%JOBNAME %%$ODATE 995 error in submission"
                },
                "Mail_1": {
                    "Type": "Action:Mail",
                    "Subject": "%%JOBNAME %%$ODATE 995 error in submission",
                    "Message": "%%JOBNAME %%$ODATE 995 error in submission",
                    "Urgency": "Urgent",
                    "To": "tglop@transglobee.com.tw;ameryyen@transglobee.com.twCarlosLiang@transglobee.com.tw"
                }
            },
            "IfBase:Folder:Output_7": {
                "Type": "If:Output",
                "Code": "*\"status\":996*",
                "Action:SetToOK_0": {
                    "Type": "Action:SetToOK"
                },
                "DoNotify_0": {
                    "Type": "Action:Notify",
                    "Urgency": "Urgent",
                    "Message": "%%JOBNAME %%$ODATE 996 write t_batch_job.due_time error, please data patch the current data"
                },
                "Mail_1": {
                    "Type": "Action:Mail",
                    "Subject": "%%JOBNAME %%$ODATE 996 write t_batch_job.due_time error, please data patch the current data",
                    "Message": "%%JOBNAME %%$ODATE 996 write t_batch_job.due_time error, please data patch the current data",
                    "Urgency": "Urgent",
                    "To": "tglop@transglobee.com.tw;ameryyen@transglobee.com.twCarlosLiang@transglobee.com.tw"
                }
            },
            "IfBase:Folder:Output_8": {
                "Type": "If:Output",
                "Code": "*\"status\":997*",
                "Action:SetToNotOK_0": {
                    "Type": "Action:SetToNotOK"
                },
                "DoNotify_0": {
                    "Type": "Action:Notify",
                    "Urgency": "Urgent",
                    "Message": "%%JOBNAME %%$ODATE 997 not started"
                },
                "Mail_1": {
                    "Type": "Action:Mail",
                    "Subject": "%%JOBNAME %%$ODATE 997 not started",
                    "Message": "%%JOBNAME %%$ODATE 997 not started",
                    "Urgency": "Urgent",
                    "To": "tglop@transglobee.com.tw;ameryyen@transglobee.com.twCarlosLiang@transglobee.com.tw"
                }
            },
            "IfBase:Folder:Output_10": {
                "Type": "If:Output",
                "Code": "*\"status\":999*",
                "Action:SetToNotOK_0": {
                    "Type": "Action:SetToNotOK"
                },
                "DoNotify_0": {
                    "Type": "Action:Notify",
                    "Urgency": "Urgent",
                    "Message": "%%JOBNAME %%$ODATE 999 unknown exception"
                },
                "Mail_1": {
                    "Type": "Action:Mail",
                    "Subject": "%%JOBNAME %%$ODATE 999 unknown exception",
                    "Message": "%%JOBNAME %%$ODATE 999 unknown exception",
                    "Urgency": "Urgent",
                    "To": "tglop@transglobee.com.tw;ameryyen@transglobee.com.twCarlosLiang@transglobee.com.tw"
                }
            },
            "IfBase:Folder:Output_11": {
                "Type": "If:NumberOfFailures",
                "NumberOfFailures": "10",
                "Action:StopCyclicRun_0": {
                    "Type": "Action:StopCyclicRun"
                }
            },
            "IfBase:Folder:Output_98": {
                "Type": "If:CompletionStatus",
                "CompletionStatus": "NOTOK",
                "Mail_1": {
                    "Type": "Action:Mail",
                    "Subject": "%%JOBNAME %%$ODATE failed",
                    "Message": "%%JOBNAME %%$ODATE failed",
                    "Urgency": "Urgent",
                    "To": "tglop@transglobee.com.tw;ameryyen@transglobee.com.twCarlosLiang@transglobee.com.tw"
                }
            }
        }
    }
}