{
    "TWDWD_TWDHDL_TWM01L1": {
        "Type": "Calendar:Regular",
        "Server": "CTM",
        "When": {
            "Years": [
                {
                    "Year": "2021",
                    "APR": [
                        "1-30"
                    ],
                    "AUG": [
                        "1-31"
                    ],
                    "DEC": [
                        "1-3",
                        "5-10",
                        "12-17",
                        "19-24",
                        "26-31"
                    ]
                },
                {
                    "Year": "2022",
                    "JAN": [
                        "2-7",
                        "9-14",
                        "16-28",
                        "31"
                    ],
                    "FEB": [
                        "6-11",
                        "13-18",
                        "20-25",
                        "28"
                    ],
                    "MAR": [
                        "1-4",
                        "6-11",
                        "13-18",
                        "20-25",
                        "27-31"
                    ],
                    "APR": [
                        "1",
                        "5-8",
                        "10-15",
                        "17-22",
                        "24-30"
                    ],
                    "MAY": [
                        "2-6",
                        "8-13",
                        "15-20",
                        "22-27",
                        "29-31"
                    ],
                    "JUN": [
                        "1-2",
                        "5-10",
                        "12-17",
                        "19-24",
                        "26-30"
                    ],
                    "JUL": [
                        "1",
                        "3-8",
                        "10-15",
                        "17-22",
                        "24-29",
                        "31"
                    ],
                    "AUG": [
                        "1-5",
                        "7-12",
                        "14-19",
                        "21-26",
                        "28-31"
                    ],
                    "SEP": [
                        "1-2",
                        "4-8",
                        "11-16",
                        "18-23",
                        "25-30"
                    ],
                    "OCT": [
                        "2-7",
                        "10-14",
                        "16-21",
                        "23-28",
                        "30-31"
                    ],
                    "NOV": [
                        "1-4",
                        "6-11",
                        "13-18",
                        "20-25",
                        "27-30"
                    ],
                    "DEC": [
                        "1-2",
                        "4-9",
                        "11-16",
                        "18-23",
                        "25-31"
                    ]
                },
                {
                    "Year": "2023",
                    "JAN": [
                        "02",
                        "03",
                        "04",
                        "05",
                        "06",
                        "07",
                        "08",
                        "09",
                        "10",
                        "11",
                        "12",
                        "13",
                        "15",
                        "16",
                        "17",
                        "18",
                        "19",
                        "29",
                        "30",
                        "31"
                    ],
                    "FEB": [
                        "01",
                        "02",
                        "03",
                        "04",
                        "05",
                        "06",
                        "07",
                        "08",
                        "09",
                        "10",
                        "12",
                        "13",
                        "14",
                        "15",
                        "16",
                        "17",
                        "18",
                        "19",
                        "20",
                        "21",
                        "22",
                        "23",
                        "24",
                        "28"
                    ],
                    "MAR": [
                        "01",
                        "02",
                        "03",
                        "05",
                        "06",
                        "07",
                        "08",
                        "09",
                        "10",
                        "12",
                        "13",
                        "14",
                        "15",
                        "16",
                        "17",
                        "19",
                        "20",
                        "21",
                        "22",
                        "23",
                        "24",
                        "25",
                        "26",
                        "27",
                        "28",
                        "29",
                        "30",
                        "31"
                    ],
                    "APR": [
                        "05",
                        "06",
                        "07",
                        "09",
                        "10",
                        "11",
                        "12",
                        "13",
                        "14",
                        "16",
                        "17",
                        "18",
                        "19",
                        "20",
                        "21",
                        "23",
                        "24",
                        "25",
                        "26",
                        "27",
                        "28",
                        "30"
                    ],
                    "MAY": [
                        "01",
                        "02",
                        "03",
                        "04",
                        "05",
                        "07",
                        "08",
                        "09",
                        "10",
                        "11",
                        "12",
                        "14",
                        "15",
                        "16",
                        "17",
                        "18",
                        "19",
                        "21",
                        "22",
                        "23",
                        "24",
                        "25",
                        "26",
                        "28",
                        "29",
                        "30",
                        "31"
                    ],
                    "JUN": [
                        "01",
                        "02",
                        "04",
                        "05",
                        "06",
                        "07",
                        "08",
                        "09",
                        "11",
                        "12",
                        "13",
                        "14",
                        "15",
                        "16",
                        "17",
                        "18",
                        "19",
                        "20",
                        "21",
                        "25",
                        "26",
                        "27",
                        "28",
                        "29",
                        "30"
                    ],
                    "JUL": [
                        "02",
                        "03",
                        "04",
                        "05",
                        "06",
                        "07",
                        "09",
                        "10",
                        "11",
                        "12",
                        "13",
                        "14",
                        "16",
                        "17",
                        "18",
                        "19",
                        "20",
                        "21",
                        "23",
                        "24",
                        "25",
                        "26",
                        "27",
                        "28",
                        "30",
                        "31"
                    ],
                    "AUG": [
                        "01",
                        "02",
                        "03",
                        "04",
                        "06",
                        "07",
                        "08",
                        "09",
                        "10",
                        "11",
                        "13",
                        "14",
                        "15",
                        "16",
                        "17",
                        "18",
                        "20",
                        "21",
                        "22",
                        "23",
                        "24",
                        "25",
                        "27",
                        "28",
                        "29",
                        "30",
                        "31"
                    ],
                    "SEP": [
                        "01",
                        "03",
                        "04",
                        "05",
                        "06",
                        "07",
                        "08",
                        "10",
                        "11",
                        "12",
                        "13",
                        "14",
                        "15",
                        "17",
                        "18",
                        "19",
                        "20",
                        "21",
                        "22",
                        "23",
                        "24",
                        "25",
                        "26",
                        "27",
                        "28",
                        "30"
                    ],
                    "OCT": [
                        "01",
                        "02",
                        "03",
                        "04",
                        "05",
                        "06",
                        "10",
                        "11",
                        "12",
                        "13",
                        "15",
                        "16",
                        "17",
                        "18",
                        "19",
                        "20",
                        "22",
                        "23",
                        "24",
                        "25",
                        "26",
                        "27",
                        "29",
                        "30",
                        "31"
                    ],
                    "NOV": [
                        "01",
                        "02",
                        "03",
                        "05",
                        "06",
                        "07",
                        "08",
                        "09",
                        "10",
                        "12",
                        "13",
                        "14",
                        "15",
                        "16",
                        "17",
                        "19",
                        "20",
                        "21",
                        "22",
                        "23",
                        "24",
                        "26",
                        "27",
                        "28",
                        "29",
                        "30"
                    ],
                    "DEC": [
                        "01",
                        "03",
                        "04",
                        "05",
                        "06",
                        "07",
                        "08",
                        "10",
                        "11",
                        "12",
                        "13",
                        "14",
                        "15",
                        "17",
                        "18",
                        "19",
                        "20",
                        "21",
                        "22",
                        "24",
                        "25",
                        "26",
                        "27",
                        "28",
                        "29",
                        "31"
                    ]
                }
            ]
        }
    }
}