{
  "TWDWD_reg": {
    "Type": "Calendar:Regular",
    "Server": "CTM",
    "When": {
      "Years": [
        {
          "Year": "2005",
          "Description": "This is year 2005",
          "JAN": [
            "3-7",
            "10-14",
            "17-21",
            "24-28",
            "31"
          ],
          "FEB": [
            "1-5",
            "14-18",
            "21-25"
          ],
          "MAR": [
            "1-4",
            "7-11",
            "14-18",
            "21-25",
            "28-31"
          ],
          "APR": [
            "1",
            "4",
            "6-8",
            "11-15",
            "18-22",
            "25-29"
          ],
          "MAY": [
            "3-6",
            "9-13",
            "16-20",
            "23-27",
            "30-31"
          ],
          "JUN": [
            "1-3",
            "6-10",
            "13-17",
            "20-24",
            "27-30"
          ],
          "JUL": [
            "1",
            "4-8",
            "11-15",
            "18-22",
            "25-29"
          ],
          "AUG": [
            "1-5",
            "8-12",
            "15-19",
            "22-26",
            "29-31"
          ],
          "SEP": [
            "1-2",
            "5-9",
            "12-16",
            "19-23",
            "26-30"
          ],
          "OCT": [
            "3-7",
            "11-14",
            "17-21",
            "24-28",
            "31"
          ],
          "NOV": [
            "1-4",
            "7-11",
            "14-18",
            "21-25",
            "28-30"
          ],
          "DEC": [
            "1-2",
            "5-9",
            "12-16",
            "19-23",
            "26-30"
          ]
        },
        {
          "Year": "2006",
          "Description": "This is year 2006",
          "JAN": [
            "2-6",
            "9-13",
            "16-20",
            "23-27"
          ],
          "FEB": [
            "3",
            "6-10",
            "13-17",
            "20-24",
            "27"
          ],
          "MAR": [
            "1-3",
            "6-10",
            "13-17",
            "20-24",
            "27-31"
          ],
          "APR": [
            "3-4",
            "6-7",
            "10-14",
            "17-21",
            "24-28"
          ],
          "MAY": [
            "2-5",
            "8-12",
            "15-19",
            "22-26",
            "29-30"
          ],
          "JUN": [
            "1-2",
            "5-9",
            "12-16",
            "19-23",
            "26-30"
          ],
          "JUL": [
            "3-7",
            "10-14",
            "17-21",
            "24-28",
            "31"
          ],
          "AUG": [
            "1-4",
            "7-11",
            "14-18",
            "21-25",
            "28-31"
          ],
          "SEP": [
            "1",
            "4-8",
            "11-15",
            "18-22",
            "25-29"
          ],
          "OCT": [
            "2-5",
            "11-14",
            "16-20",
            "23-27",
            "30-31"
          ],
          "NOV": [
            "1-3",
            "6-10",
            "13-17",
            "20-24",
            "27-30"
          ],
          "DEC": [
            "1",
            "4-8",
            "11-15",
            "18-22",
            "25-29"
          ]
        },
        {
          "Year": "2007",
          "Description": "This is year 2007",
          "JAN": [
            "2-5",
            "8-12",
            "15-19",
            "22-26",
            "29-31"
          ],
          "FEB": [
            "1-2",
            "5-9",
            "12-16",
            "26-27"
          ],
          "MAR": [
            "1-3",
            "5-9",
            "12-16",
            "19-23",
            "26-30"
          ],
          "APR": [
            "2-4",
            "9-14",
            "16-20",
            "23-27",
            "30"
          ],
          "MAY": [
            "2-4",
            "7-11",
            "14-18",
            "21-25",
            "28-31"
          ],
          "JUN": [
            "1",
            "4-8",
            "11-15",
            "20-23",
            "25-29"
          ],
          "JUL": [
            "2-6",
            "9-13",
            "16-20",
            "23-27",
            "30-31"
          ],
          "AUG": [
            "1-3",
            "6-10",
            "13-17",
            "20-24",
            "27-31"
          ],
          "SEP": [
            "3-7",
            "10-14",
            "17-21",
            "26-29"
          ],
          "OCT": [
            "1-5",
            "8-9",
            "11-12",
            "15-19",
            "22-26",
            "29-31"
          ],
          "NOV": [
            "1-2",
            "5-9",
            "12-16",
            "19-23",
            "26-30"
          ],
          "DEC": [
            "3-7",
            "10-14",
            "17-21",
            "24-28",
            "31"
          ]
        },
        {
          "Year": "2008",
          "Description": "This is year 2008",
          "JAN": [
            "2-4",
            "7-11",
            "14-18",
            "21-25",
            "28-31"
          ],
          "FEB": [
            "1",
            "4-5",
            "12-15",
            "18-22",
            "25-27",
            "29"
          ],
          "MAR": [
            "3-7",
            "10-14",
            "17-21",
            "24-28",
            "31"
          ],
          "APR": [
            "1-3",
            "7-11",
            "14-18",
            "21-25",
            "28-30"
          ],
          "MAY": [
            "2",
            "5-9",
            "12-16",
            "19-23",
            "26-30"
          ],
          "JUN": [
            "2-6",
            "9-13",
            "16-20",
            "23-27",
            "30"
          ],
          "JUL": [
            "1-4",
            "7-11",
            "14-18",
            "21-25",
            "28-31"
          ],
          "AUG": [
            "1",
            "4-8",
            "11-15",
            "18-22",
            "25-29"
          ],
          "SEP": [
            "1-5",
            "8-12",
            "15-19",
            "22-26",
            "29-30"
          ],
          "OCT": [
            "1-3",
            "6-9",
            "13-17",
            "20-24",
            "27-31"
          ],
          "NOV": [
            "3-7",
            "10-14",
            "17-21",
            "24-28"
          ],
          "DEC": [
            "1-5",
            "8-12",
            "15-19",
            "22-26",
            "29-31"
          ]
        },
        {
          "Year": "2009",
          "Description": "This is year 2009",
          "JAN": [
            "5-10",
            "12-17",
            "19-23"
          ],
          "FEB": [
            "2-6",
            "9-13",
            "16-20",
            "23-27"
          ],
          "MAR": [
            "2-6",
            "9-13",
            "16-20",
            "23-27",
            "30-31"
          ],
          "APR": [
            "1-3",
            "6-10",
            "13-17",
            "20-24",
            "27-30"
          ],
          "MAY": [
            "4-8",
            "11-15",
            "18-22",
            "25-27"
          ],
          "JUN": [
            "1-6",
            "8-12",
            "15-19",
            "22-26",
            "29-30"
          ],
          "JUL": [
            "1-3",
            "6-10",
            "13-17",
            "20-24",
            "27-31"
          ],
          "AUG": [
            "3-6",
            "10-14",
            "17-21",
            "24-28",
            "31"
          ],
          "SEP": [
            "1-4",
            "7-11",
            "14-18",
            "21-25",
            "28-30"
          ],
          "OCT": [
            "1-2",
            "5-9",
            "12-16",
            "19-23",
            "26-30"
          ],
          "NOV": [
            "2-6",
            "9-13",
            "16-20",
            "23-27",
            "30"
          ],
          "DEC": [
            "1-4",
            "7-11",
            "14-18",
            "21-25",
            "28-31"
          ]
        },
        {
          "Year": "2010",
          "Description": "This is year 2010",
          "JAN": [
            "4-8",
            "11-15",
            "18-22",
            "25-29"
          ],
          "FEB": [
            "1-6",
            "8-12",
            "22-26"
          ],
          "MAR": [
            "1-5",
            "8-12",
            "15-19",
            "22-26",
            "29-31"
          ],
          "APR": [
            "1-2",
            "6-9",
            "12-16",
            "19-23",
            "26-30"
          ],
          "MAY": [
            "3-7",
            "10-14",
            "17-21",
            "24-28",
            "31"
          ],
          "JUN": [
            "1-4",
            "7-11",
            "14-15",
            "17-18",
            "21-25",
            "28-30"
          ],
          "JUL": [
            "1-2",
            "5-9",
            "12-16",
            "19-23",
            "26-30"
          ],
          "AUG": [
            "2-6",
            "9-13",
            "16-20",
            "23-27",
            "30-31"
          ],
          "SEP": [
            "1-3",
            "6-10",
            "13-17",
            "20-21",
            "23-24",
            "27-30"
          ],
          "OCT": [
            "1",
            "4-8",
            "11-15",
            "18-22",
            "25-29"
          ],
          "NOV": [
            "1-5",
            "8-12",
            "15-19",
            "22-26",
            "29-30"
          ],
          "DEC": [
            "1-3",
            "6-10",
            "13-17",
            "20-24",
            "27-31"
          ]
        },
        {
          "Year": "2011",
          "Description": "This is year 2011",
          "JAN": [
            "3-7",
            "10-14",
            "17-21",
            "24-28",
            "31"
          ],
          "FEB": [
            "1",
            "8-11",
            "14-18",
            "21-25"
          ],
          "MAR": [
            "1-4",
            "7-11",
            "14-18",
            "21-25",
            "28-31"
          ],
          "APR": [
            "1",
            "6-8",
            "11-15",
            "18-22",
            "25-29"
          ],
          "MAY": [
            "3-6",
            "9-13",
            "16-20",
            "23-27",
            "30-31"
          ],
          "JUN": [
            "1-3",
            "7-10",
            "13-17",
            "20-24",
            "27-30"
          ],
          "JUL": [
            "1",
            "4-8",
            "11-15",
            "18-22",
            "25-29"
          ],
          "AUG": [
            "1-5",
            "8-12",
            "15-19",
            "22-26",
            "29-31"
          ],
          "SEP": [
            "1-2",
            "5-9",
            "13-16",
            "19-23",
            "26-30"
          ],
          "OCT": [
            "3-7",
            "11-14",
            "17-21",
            "24-28",
            "31"
          ],
          "NOV": [
            "1-4",
            "7-11",
            "14-18",
            "21-25",
            "28-30"
          ],
          "DEC": [
            "1-2",
            "5-9",
            "12-16",
            "19-23",
            "26-30"
          ]
        },
        {
          "Year": "2012",
          "Description": "This is year 2012",
          "JAN": [
            "2-6",
            "9-13",
            "16-20",
            "30-31"
          ],
          "FEB": [
            "1-4",
            "6-10",
            "13-17",
            "20-24",
            "29"
          ],
          "MAR": [
            "1-3",
            "5-9",
            "12-16",
            "19-23",
            "26-30"
          ],
          "APR": [
            "2-3",
            "5-6",
            "9-13",
            "16-20",
            "23-27",
            "30"
          ],
          "MAY": [
            "2-4",
            "7-11",
            "14-18",
            "21-25",
            "28-31"
          ],
          "JUN": [
            "1",
            "4-8",
            "11-15",
            "18-22",
            "25-29"
          ],
          "JUL": [
            "2-6",
            "9-13",
            "16-20",
            "23-27",
            "30-31"
          ],
          "AUG": [
            "1-3",
            "6-10",
            "13-17",
            "20-24",
            "27-31"
          ],
          "SEP": [
            "3-7",
            "10-14",
            "17-21",
            "24-28"
          ],
          "OCT": [
            "1-5",
            "8-9",
            "11-12",
            "15-19",
            "22-26",
            "29-31"
          ],
          "NOV": [
            "1-2",
            "5-9",
            "12-16",
            "19-23",
            "26-30"
          ],
          "DEC": [
            "3-7",
            "10-14",
            "17-22",
            "24-28"
          ]
        },
        {
          "Year": "2013",
          "Description": "This is year 2013",
          "JAN": [
            "2-4",
            "7-11",
            "14-18",
            "21-25",
            "28-31"
          ],
          "FEB": [
            "1",
            "4-8",
            "18-23",
            "25-27"
          ],
          "MAR": [
            "1",
            "4-8",
            "11-15",
            "18-22",
            "25-29"
          ],
          "APR": [
            "1-3",
            "8-12",
            "15-19",
            "22-26",
            "29-30"
          ],
          "MAY": [
            "2-3",
            "6-10",
            "13-17",
            "20-24",
            "27-31"
          ],
          "JUN": [
            "3-7",
            "10-11",
            "13-14",
            "17-21",
            "24-28"
          ],
          "JUL": [
            "1-5",
            "8-12",
            "15-19",
            "22-26",
            "29-31"
          ],
          "AUG": [
            "1-2",
            "5-9",
            "12-16",
            "19-23",
            "26-30"
          ],
          "SEP": [
            "2-6",
            "9-14",
            "16-18",
            "23-27",
            "30"
          ],
          "OCT": [
            "1-4",
            "7-9",
            "11",
            "14-18",
            "21-25",
            "28-31"
          ],
          "NOV": [
            "1",
            "4-8",
            "11-15",
            "18-22",
            "25-29"
          ],
          "DEC": [
            "2-6",
            "9-13",
            "16-20",
            "23-27",
            "30-31"
          ]
        },
        {
          "Year": "2014",
          "Description": "This is year 2014",
          "JAN": [
            "2-3",
            "6-10",
            "13-17",
            "20-24",
            "27-29"
          ],
          "FEB": [
            "5-7",
            "10-14",
            "17-21",
            "24-27"
          ],
          "MAR": [
            "3-7",
            "10-14",
            "17-21",
            "24-28",
            "31"
          ],
          "APR": [
            "1-3",
            "7-11",
            "14-18",
            "21-25",
            "28-30"
          ],
          "MAY": [
            "2",
            "5-9",
            "12-16",
            "19-23",
            "26-30"
          ],
          "JUN": [
            "3-6",
            "9-13",
            "16-20",
            "23-27",
            "30"
          ],
          "JUL": [
            "1-4",
            "7-11",
            "14-18",
            "21-25",
            "28-31"
          ],
          "AUG": [
            "1",
            "4-8",
            "11-15",
            "18-22",
            "25-29"
          ],
          "SEP": [
            "1-5",
            "9-12",
            "15-19",
            "22-26",
            "29-30"
          ],
          "OCT": [
            "1-3",
            "6-9",
            "13-17",
            "20-24",
            "27-31"
          ],
          "NOV": [
            "3-7",
            "10-14",
            "17-21",
            "24-28"
          ],
          "DEC": [
            "1-5",
            "8-12",
            "15-19",
            "22-27",
            "29-31"
          ]
        },
        {
          "Year": "2015",
          "Description": "This is year 2015",
          "JAN": [
            "5-9",
            "12-16",
            "19-23",
            "26-30"
          ],
          "FEB": [
            "2-6",
            "9-13",
            "16-17",
            "24-26"
          ],
          "MAR": [
            "2-6",
            "9-13",
            "16-20",
            "23-27",
            "30-31"
          ],
          "APR": [
            "1-2",
            "7-10",
            "13-17",
            "20-24",
            "27-30"
          ],
          "MAY": [
            "4-8",
            "11-15",
            "18-22",
            "25-29"
          ],
          "JUN": [
            "1-5",
            "8-12",
            "15-18",
            "22-26",
            "29-30"
          ],
          "JUL": [
            "1-3",
            "6-10",
            "13-17",
            "20-24",
            "27-31"
          ],
          "AUG": [
            "3-7",
            "10-14",
            "17-21",
            "24-28",
            "31"
          ],
          "SEP": [
            "1-4",
            "7-11",
            "14-18",
            "21-25",
            "29-30"
          ],
          "OCT": [
            "1-2",
            "5-8",
            "12-16",
            "19-23",
            "26-30"
          ],
          "NOV": [
            "2-6",
            "9-13",
            "16-20",
            "23-27",
            "30"
          ],
          "DEC": [
            "1-4",
            "7-11",
            "14-18",
            "21-25",
            "28-31"
          ]
        },
        {
          "Year": "2016",
          "Description": "This is year 2016",
          "JAN": [
            "4-8",
            "11-15",
            "18-22",
            "25-30"
          ],
          "FEB": [
            "1-5",
            "15-19",
            "22-26"
          ],
          "MAR": [
            "1-4",
            "7-11",
            "14-18",
            "21-25",
            "28-31"
          ],
          "APR": [
            "1",
            "6-8",
            "11-15",
            "18-22",
            "25-29"
          ],
          "MAY": [
            "3-6",
            "9-13",
            "16-20",
            "23-27",
            "30-31"
          ],
          "JUN": [
            "1-4",
            "6-8",
            "13-17",
            "20-24",
            "27-30"
          ],
          "JUL": [
            "1",
            "4-8",
            "11-15",
            "18-22",
            "25-29"
          ],
          "AUG": [
            "1-5",
            "8-12",
            "15-19",
            "22-26",
            "29-31"
          ],
          "SEP": [
            "1-2",
            "5-10",
            "12-14",
            "19-23",
            "26-30"
          ],
          "OCT": [
            "3-7",
            "11-14",
            "17-21",
            "24-28",
            "31"
          ],
          "NOV": [
            "1-4",
            "7-11",
            "14-18",
            "21-25",
            "28-30"
          ],
          "DEC": [
            "1-2",
            "5-9",
            "12-16",
            "19-23",
            "26-30"
          ]
        },
        {
          "Year": "2017",
          "Description": "This is year 2017",
          "JAN": [
            "3-6",
            "9-13",
            "16-20",
            "23-26"
          ],
          "FEB": [
            "2-3",
            "6-10",
            "13-18",
            "20-24"
          ],
          "MAR": [
            "1-3",
            "6-10",
            "13-17",
            "20-24",
            "27-31"
          ],
          "APR": [
            "5-7",
            "10-14",
            "17-21",
            "24-28"
          ],
          "MAY": [
            "2-5",
            "8-12",
            "15-19",
            "22-26",
            "31"
          ],
          "JUN": [
            "1-3",
            "5-9",
            "12-16",
            "19-23",
            "26-30"
          ],
          "JUL": [
            "3-7",
            "10-14",
            "17-21",
            "24-28",
            "31"
          ],
          "AUG": [
            "1-4",
            "7-11",
            "14-18",
            "21-25",
            "28-31"
          ],
          "SEP": [
            "1",
            "4-8",
            "11-15",
            "18-22",
            "25-30"
          ],
          "OCT": [
            "2-3",
            "5-6",
            "11-13",
            "16-20",
            "23-27",
            "30-31"
          ],
          "NOV": [
            "1-3",
            "6-10",
            "13-17",
            "20-24",
            "27-30"
          ],
          "DEC": [
            "1",
            "4-8",
            "11-15",
            "18-22",
            "25-29"
          ]
        },
        {
          "Year": "2018",
          "Description": "This is year 2018",
          "JAN": [
            "2-5",
            "8-12",
            "15-19",
            "22-26",
            "29-31"
          ],
          "FEB": [
            "1-2",
            "5-9",
            "12-14",
            "21-23",
            "26-27"
          ],
          "MAR": [
            "1-2",
            "5-9",
            "12-16",
            "19-23",
            "26-31"
          ],
          "APR": [
            "2-3",
            "9-13",
            "16-20",
            "23-27",
            "30"
          ],
          "MAY": [
            "2-4",
            "7-11",
            "14-18",
            "21-25",
            "28-31"
          ],
          "JUN": [
            "1",
            "4-8",
            "11-15",
            "19-22",
            "25-29"
          ],
          "JUL": [
            "2-6",
            "9-13",
            "16-20",
            "23-27",
            "30-31"
          ],
          "AUG": [
            "1-3",
            "6-10",
            "13-17",
            "20-24",
            "27-31"
          ],
          "SEP": [
            "3-7",
            "10-14",
            "17-21",
            "25-28"
          ],
          "OCT": [
            "1-5",
            "8-9",
            "11-12",
            "15-19",
            "22-26",
            "29-31"
          ],
          "NOV": [
            "1-2",
            "5-9",
            "12-16",
            "19-23",
            "26-30"
          ],
          "DEC": [
            "3-7",
            "10-14",
            "17-22",
            "24-28"
          ]
        },
        {
          "Year": "2019",
          "JAN": [
            "2-4",
            "7-11",
            "14-19",
            "21-25",
            "28-31"
          ],
          "FEB": [
            "1",
            "11-15",
            "18-23",
            "25-27"
          ],
          "MAR": [
            "4-8",
            "11-15",
            "18-22",
            "25-29"
          ],
          "APR": [
            "1-3",
            "8-12",
            "15-19",
            "22-26",
            "29-30"
          ],
          "MAY": [
            "2-3",
            "6-10",
            "13-17",
            "20-24",
            "27-31"
          ],
          "JUN": [
            "3-6",
            "10-14",
            "17-21",
            "24-28"
          ],
          "JUL": [
            "1-5",
            "8-12",
            "15-19",
            "22-26",
            "29-31"
          ],
          "AUG": [
            "1-2",
            "5-9",
            "12-16",
            "19-23",
            "26-30"
          ],
          "SEP": [
            "2-6",
            "9-12",
            "16-20",
            "23-27",
            "30"
          ],
          "OCT": [
            "1-5",
            "7-9",
            "14-18",
            "21-25",
            "28-31"
          ],
          "NOV": [
            "1",
            "4-8",
            "11-15",
            "18-22",
            "25-29"
          ],
          "DEC": [
            "2-6",
            "9-13",
            "16-20",
            "23-27",
            "30-31"
          ]
        },
        {
          "Year": "2020",
          "JAN": [
            "2-3",
            "6-10",
            "13-17",
            "20-22",
            "30-31"
          ],
          "FEB": [
            "3-7",
            "10-15",
            "17-21",
            "24-27"
          ],
          "MAR": [
            "2-6",
            "9-13",
            "16-20",
            "23-27",
            "30-31"
          ],
          "APR": [
            "1",
            "6-10",
            "13-17",
            "20-24",
            "27-30"
          ],
          "MAY": [
            "4-8",
            "11-15",
            "18-22",
            "25-29"
          ],
          "JUN": [
            "1-5",
            "8-12",
            "15-20",
            "22-24",
            "29-30"
          ],
          "JUL": [
            "1-3",
            "6-10",
            "13-17",
            "20-24",
            "27-31"
          ],
          "AUG": [
            "3-7",
            "10-14",
            "17-21",
            "24-28",
            "31"
          ],
          "SEP": [
            "1-4",
            "7-11",
            "14-18",
            "21-26",
            "28-30"
          ],
          "OCT": [
            "5-8",
            "12-16",
            "19-23",
            "26-30"
          ],
          "NOV": [
            "2-6",
            "9-13",
            "16-20",
            "23-27",
            "30"
          ],
          "DEC": [
            "1-4",
            "7-11",
            "14-18",
            "21-25",
            "28-31"
          ]
        },
        {
          "Year": "2021",
          "JAN": [
            "4-8",
            "11-15",
            "18-22",
            "25-29"
          ],
          "FEB": [
            "1-5",
            "8-9",
            "17-20",
            "22-26"
          ],
          "MAR": [
            "2-5",
            "8-12",
            "15-19",
            "22-26",
            "29-31"
          ],
          "APR": [
            "1",
            "6-9",
            "12-16",
            "19-23",
            "26-29"
          ],
          "MAY": [
            "3-7",
            "10-14",
            "17-21",
            "24-28",
            "31"
          ],
          "JUN": [
            "1-4",
            "7-11",
            "15-18",
            "21-25",
            "28-30"
          ],
          "JUL": [
            "1-2",
            "5-9",
            "12-16",
            "19-23",
            "26-30"
          ],
          "AUG": [
            "2-6",
            "9-13",
            "16-20",
            "23-27",
            "30-31"
          ],
          "SEP": [
            "1-3",
            "6-11",
            "13-17",
            "22-24",
            "27-30"
          ],
          "OCT": [
            "1",
            "4-8",
            "12-15",
            "18-22",
            "25-29"
          ],
          "NOV": [
            "1-5",
            "8-12",
            "15-19",
            "22-26",
            "29-30"
          ],
          "DEC": [
            "1-3",
            "6-10",
            "13-17",
            "20-24",
            "27-30"
          ]
        },
        {
          "Year": "2022",
          "JAN": [
            "3-7",
            "10-14",
            "17-22",
            "24-28"
          ],
          "FEB": [
            "7-11",
            "14-18",
            "21-25"
          ],
          "MAR": [
            "1-4",
            "7-11",
            "14-18",
            "21-25",
            "28-31"
          ],
          "APR": [
            "1",
            "6-8",
            "11-15",
            "18-22",
            "25-29"
          ],
          "MAY": [
            "3-6",
            "9-13",
            "16-20",
            "23-27",
            "30-31"
          ],
          "JUN": [
            "1-2",
            "6-10",
            "13-17",
            "20-24",
            "27-30"
          ],
          "JUL": [
            "1",
            "4-8",
            "11-15",
            "18-22",
            "25-29"
          ],
          "AUG": [
            "1-5",
            "8-12",
            "15-19",
            "22-26",
            "29-31"
          ],
          "SEP": [
            "1-2",
            "5-8",
            "12-16",
            "19-23",
            "26-30"
          ],
          "OCT": [
            "3-7",
            "11-14",
            "17-21",
            "24-28",
            "31"
          ],
          "NOV": [
            "1-4",
            "7-11",
            "14-18",
            "21-25",
            "28-30"
          ],
          "DEC": [
            "1-2",
            "5-9",
            "12-16",
            "19-23",
            "26-30"
          ]
        },
        {
          "Year": "2023",
          "JAN": [
            "3-7",
            "9-13",
            "16-19",
            "30-31"
          ],
          "FEB": [
            "1-4",
            "6-10",
            "13-18",
            "20-24"
          ],
          "MAR": [
            "1-3",
            "6-10",
            "13-17",
            "20-25",
            "27-31"
          ],
          "APR": [
            "6-7",
            "10-14",
            "17-21",
            "24-28"
          ],
          "MAY": [
            "2-5",
            "8-12",
            "15-19",
            "22-26",
            "29-31"
          ],
          "JUN": [
            "1-2",
            "5-9",
            "12-17",
            "19-21",
            "26-30"
          ],
          "JUL": [
            "3-7",
            "10-14",
            "17-21",
            "24-28",
            "31"
          ],
          "AUG": [
            "1-4",
            "7-11",
            "14-18",
            "21-25",
            "28-31"
          ],
          "SEP": [
            "1",
            "4-8",
            "11-15",
            "18-23",
            "25-28"
          ],
          "OCT": [
            "2-6",
            "11-13",
            "16-20",
            "23-27",
            "30-31"
          ],
          "NOV": [
            "1-3",
            "6-10",
            "13-17",
            "20-24",
            "27-30"
          ],
          "DEC": [
            "1",
            "4-8",
            "11-15",
            "18-22",
            "25-29"
          ]
        }
      ]
    }
  }
}
