{
  "PRLODSTWS1_1#ADHOC_ROXANF162S": {
  "Type":  "Folder",
  "ControlmServer": "CTM",
  "Description": "== Conversion Messages Start ==\\n\\nMessage ID\\t: INF6107 (910-1436)\\n\\nMessage ID\\t: INF6104 (911-1436)\\n\\n== Conversion Messages End ==\\n",
  "OrderMethod": "Manual",
  "SubApplication": "UPCR1",
  "CreatedBy": "emuser",
  "Application": "ODS",
  "When": {
    "RuleBasedCalendars": {
      "Included": [
        "Manual_order"
      ],
      "Manual_order": {
        "Type": "Calendar:RuleBased",
        "When": {
          "DaysRelation": "OR",
          "WeekDays": [
            "NONE"
          ],
          "Months": [
            "NONE"
          ],
          "MonthDays": [
            "NONE"
          ]
        }
      }
    }
  },
  "PRLODSTWS1_1#FIN_1620_PARAM": {
    "Type": "Job:Database:StoredProcedure",
    "ConnectionProfile": "UPCR1",
    "StoredProcedure": "FIN_1620_PARAM_SP",
    "Schema": "SQLEXT",
    "SubApplication": "UPCR1",
    "Host": "CTMAG",
    "CreatedBy": "emuser",
    "Description": "== Conversion Messages Start ==\\n\\nMessage ID\\t: WRN6031 (896-1437)\\n\\n== Conversion Messages End ==\\nAdded by composer.",
    "RunAs": "controlm",
    "Application": "ODS",
    "When": {
      "WeekDays": [
        "NONE"
      ],
      "Months": [
        "NONE"
      ],
      "MonthDays": [
        "NONE"
      ],
      "DaysRelation": "OR",
      "RuleBasedCalendars": {
        "Included": [
          "Manual_order"
        ]
      }
    },
    "eventsToWaitFor": {
      "Type": "WaitForEvents",
      "Events": [
        {
          "Event": "PRLODSTWS1_1#FIN_1620_11G-TO-PRLODSTWS1_1#FIN_1620_PARAM"
        }
      ]
    },
    "eventsToAdd": {
      "Type": "AddEvents",
      "Events": [
        {
          "Event": "PRLODSTWS1_1#FIN_1620_PARAM-TO-PRLODSTWS1_1#FIN_1620_EX"
        }
      ]
    },
    "eventsToDelete": {
      "Type": "DeleteEvents",
      "Events": [
        {
          "Event": "PRLODSTWS1_1#FIN_1620_11G-TO-PRLODSTWS1_1#FIN_1620_PARAM"
        }
      ]
    }
  },
  "PRLODSTWS1_1#FIN_1630_PARAM": {
    "Type": "Job:Database:StoredProcedure",
    "ConnectionProfile": "UPCR1",
    "StoredProcedure": "FIN_1630_PARAM_SP",
    "Schema": "SQLEXT",
    "SubApplication": "UPCR1",
    "Host": "CTMAG",
    "CreatedBy": "emuser",
    "Description": "== Conversion Messages Start ==\\n\\nMessage ID\\t: WRN6031 (897-1438)\\n\\n== Conversion Messages End ==\\nAdded by composer.",
    "RunAs": "controlm",
    "Application": "ODS",
    "When": {
      "WeekDays": [
        "NONE"
      ],
      "Months": [
        "NONE"
      ],
      "MonthDays": [
        "NONE"
      ],
      "DaysRelation": "OR",
      "RuleBasedCalendars": {
        "Included": [
          "Manual_order"
        ]
      }
    },
    "eventsToWaitFor": {
      "Type": "WaitForEvents",
      "Events": [
        {
          "Event": "PRLODSTWS1_1#FIN_1630_11G-TO-PRLODSTWS1_1#FIN_1630_PARAM"
        }
      ]
    },
    "eventsToAdd": {
      "Type": "AddEvents",
      "Events": [
        {
          "Event": "PRLODSTWS1_1#FIN_1630_PARAM-TO-PRLODSTWS1_1#FIN_1630_EX"
        }
      ]
    },
    "eventsToDelete": {
      "Type": "DeleteEvents",
      "Events": [
        {
          "Event": "PRLODSTWS1_1#FIN_1630_11G-TO-PRLODSTWS1_1#FIN_1630_PARAM"
        }
      ]
    }
  },
  "PRLODSTWS1_1#FIN_1660_CF": {
    "Type": "Job:Command",
    "SubApplication": "UPCR1",
    "Host": "CTMAG",
    "CreatedBy": "emuser",
    "Description": "archiving file for batch",
    "RunAs": "controlm",
    "Application": "ODS",
    "Command": "/home/tws/ods_batch_home/esp.batch.scripts/archiving.file.sh D_RPT_FIN ${tws.job.name} %%\\\\ADHOC_ROXAN_VT\\END_DT_CHAR.",
    "When": {
      "WeekDays": [
        "NONE"
      ],
      "Months": [
        "NONE"
      ],
      "MonthDays": [
        "NONE"
      ],
      "DaysRelation": "OR",
      "RuleBasedCalendars": {
        "Included": [
          "Manual_order"
        ]
      }
    },
    "eventsToWaitFor": {
      "Type": "WaitForEvents",
      "Events": [
        {
          "Event": "PRLODSTWS1_1#FIN_1660_EX-TO-PRLODSTWS1_1#FIN_1660_CF"
        }
      ]
    },
    "eventsToDelete": {
      "Type": "DeleteEvents",
      "Events": [
        {
          "Event": "PRLODSTWS1_1#FIN_1660_EX-TO-PRLODSTWS1_1#FIN_1660_CF"
        }
      ]
    }
  },
  "PRLODSTWS1_1#FIN_1620_11G": {
    "Type": "Job:Database:StoredProcedure",
    "ConnectionProfile": "UPCR1",
    "StoredProcedure": "FIN_1620_11G_SP",
    "Schema": "SQLEXT",
    "SubApplication": "UPCR1",
    "Host": "CTMAG",
    "CreatedBy": "emuser",
    "Description": "== Conversion Messages Start ==\\n\\nMessage ID\\t: WRN6031 (898-1440)\\n\\n== Conversion Messages End ==\\nAdded by composer.",
    "RunAs": "controlm",
    "Application": "ODS",
    "When": {
      "WeekDays": [
        "NONE"
      ],
      "Months": [
        "NONE"
      ],
      "MonthDays": [
        "NONE"
      ],
      "DaysRelation": "OR",
      "RuleBasedCalendars": {
        "Included": [
          "Manual_order"
        ]
      }
    },
    "eventsToAdd": {
      "Type": "AddEvents",
      "Events": [
        {
          "Event": "PRLODSTWS1_1#FIN_1620_11G-TO-PRLODSTWS1_1#FIN_1620_PARAM"
        },
        {
          "Event": "PRLODSTWS1_1#FIN_1620_11G-TO-PRLODSTWS1_1#FIN_1650_11G"
        }
      ]
    }
  },
  "PRLODSTWS1_1#FIN_1670_EX": {
    "Type": "Job:Command",
    "SubApplication": "UPCR1",
    "Host": "CTMAG",
    "CreatedBy": "emuser",
    "Description": "CSV Export for batch",
    "RunAs": "controlm",
    "Application": "ODS",
    "Command": "/home/tws/ods_batch_home/esp.batch.scripts/gen.table2File.sh D_RPT_FIN ${tws.job.name} %%\\\\ADHOC_ROXAN_VT\\END_DT_CHAR.",
    "When": {
      "WeekDays": [
        "NONE"
      ],
      "Months": [
        "NONE"
      ],
      "MonthDays": [
        "NONE"
      ],
      "DaysRelation": "OR",
      "RuleBasedCalendars": {
        "Included": [
          "Manual_order"
        ]
      }
    },
    "eventsToWaitFor": {
      "Type": "WaitForEvents",
      "Events": [
        {
          "Event": "PRLODSTWS1_1#FIN_1670_PARAM-TO-PRLODSTWS1_1#FIN_1670_EX"
        }
      ]
    },
    "eventsToAdd": {
      "Type": "AddEvents",
      "Events": [
        {
          "Event": "PRLODSTWS1_1#FIN_1670_EX-TO-PRLODSTWS1_1#FIN_1670_CF"
        }
      ]
    },
    "eventsToDelete": {
      "Type": "DeleteEvents",
      "Events": [
        {
          "Event": "PRLODSTWS1_1#FIN_1670_PARAM-TO-PRLODSTWS1_1#FIN_1670_EX"
        }
      ]
    }
  },
  "PRLODSTWS1_1#FIN_1630_EX": {
    "Type": "Job:Command",
    "SubApplication": "UPCR1",
    "Host": "CTMAG",
    "CreatedBy": "emuser",
    "Description": "CSV Export for batch",
    "RunAs": "controlm",
    "Application": "ODS",
    "Command": "/home/tws/ods_batch_home/esp.batch.scripts/gen.table2File.sh D_RPT_FIN ${tws.job.name} %%\\\\ADHOC_ROXAN_VT\\END_DT_CHAR.",
    "When": {
      "WeekDays": [
        "NONE"
      ],
      "Months": [
        "NONE"
      ],
      "MonthDays": [
        "NONE"
      ],
      "DaysRelation": "OR",
      "RuleBasedCalendars": {
        "Included": [
          "Manual_order"
        ]
      }
    },
    "eventsToWaitFor": {
      "Type": "WaitForEvents",
      "Events": [
        {
          "Event": "PRLODSTWS1_1#FIN_1630_PARAM-TO-PRLODSTWS1_1#FIN_1630_EX"
        }
      ]
    },
    "eventsToAdd": {
      "Type": "AddEvents",
      "Events": [
        {
          "Event": "PRLODSTWS1_1#FIN_1630_EX-TO-PRLODSTWS1_1#FIN_1630_CF"
        }
      ]
    },
    "eventsToDelete": {
      "Type": "DeleteEvents",
      "Events": [
        {
          "Event": "PRLODSTWS1_1#FIN_1630_PARAM-TO-PRLODSTWS1_1#FIN_1630_EX"
        }
      ]
    }
  },
  "PRLODSTWS1_1#FIN_1690_CF": {
    "Type": "Job:Command",
    "SubApplication": "UPCR1",
    "Host": "CTMAG",
    "CreatedBy": "emuser",
    "Description": "archiving file for batch",
    "RunAs": "controlm",
    "Application": "ODS",
    "Command": "/home/tws/ods_batch_home/esp.batch.scripts/archiving.file.sh D_RPT_FIN ${tws.job.name} %%\\\\ADHOC_ROXAN_VT\\END_DT_CHAR.",
    "When": {
      "WeekDays": [
        "NONE"
      ],
      "Months": [
        "NONE"
      ],
      "MonthDays": [
        "NONE"
      ],
      "DaysRelation": "OR",
      "RuleBasedCalendars": {
        "Included": [
          "Manual_order"
        ]
      }
    },
    "eventsToWaitFor": {
      "Type": "WaitForEvents",
      "Events": [
        {
          "Event": "PRLODSTWS1_1#FIN_1690_EX-TO-PRLODSTWS1_1#FIN_1690_CF_1"
        }
      ]
    },
    "eventsToDelete": {
      "Type": "DeleteEvents",
      "Events": [
        {
          "Event": "PRLODSTWS1_1#FIN_1690_EX-TO-PRLODSTWS1_1#FIN_1690_CF_1"
        }
      ]
    }
  },
  "PRLODSTWS1_1#FIN_1650_11G": {
    "Type": "Job:Database:StoredProcedure",
    "ConnectionProfile": "UPCR1",
    "StoredProcedure": "FIN_1650_11G_SP",
    "Schema": "SQLEXT",
    "SubApplication": "UPCR1",
    "Host": "CTMAG",
    "CreatedBy": "emuser",
    "Description": "== Conversion Messages Start ==\\n\\nMessage ID\\t: WRN6031 (899-1444)\\n\\n== Conversion Messages End ==\\nAdded by composer.",
    "RunAs": "controlm",
    "Application": "ODS",
    "When": {
      "WeekDays": [
        "NONE"
      ],
      "Months": [
        "NONE"
      ],
      "MonthDays": [
        "NONE"
      ],
      "DaysRelation": "OR",
      "RuleBasedCalendars": {
        "Included": [
          "Manual_order"
        ]
      }
    },
    "eventsToWaitFor": {
      "Type": "WaitForEvents",
      "Events": [
        {
          "Event": "PRLODSTWS1_1#FIN_1620_11G-TO-PRLODSTWS1_1#FIN_1650_11G"
        }
      ]
    },
    "eventsToAdd": {
      "Type": "AddEvents",
      "Events": [
        {
          "Event": "PRLODSTWS1_1#FIN_1650_11G-TO-PRLODSTWS1_1#FIN_1650_PARAM_1"
        },
        {
          "Event": "PRLODSTWS1_1#FIN_1650_11G-TO-PRLODSTWS1_1#FIN_1690_11G"
        }
      ]
    },
    "eventsToDelete": {
      "Type": "DeleteEvents",
      "Events": [
        {
          "Event": "PRLODSTWS1_1#FIN_1620_11G-TO-PRLODSTWS1_1#FIN_1650_11G"
        }
      ]
    }
  },
  "PRLODSTWS1_1#FIN_1650_CF": {
    "Type": "Job:Command",
    "SubApplication": "UPCR1",
    "Host": "CTMAG",
    "CreatedBy": "emuser",
    "Description": "archiving file for batch",
    "RunAs": "controlm",
    "Application": "ODS",
    "Command": "/home/tws/ods_batch_home/esp.batch.scripts/archiving.file.sh D_RPT_FIN ${tws.job.name} %%\\\\ADHOC_ROXAN_VT\\END_DT_CHAR.",
    "When": {
      "WeekDays": [
        "NONE"
      ],
      "Months": [
        "NONE"
      ],
      "MonthDays": [
        "NONE"
      ],
      "DaysRelation": "OR",
      "RuleBasedCalendars": {
        "Included": [
          "Manual_order"
        ]
      }
    },
    "eventsToWaitFor": {
      "Type": "WaitForEvents",
      "Events": [
        {
          "Event": "PRLODSTWS1_1#FIN_1650_EX-TO-PRLODSTWS1_1#FIN_1650_CF_1"
        }
      ]
    },
    "eventsToDelete": {
      "Type": "DeleteEvents",
      "Events": [
        {
          "Event": "PRLODSTWS1_1#FIN_1650_EX-TO-PRLODSTWS1_1#FIN_1650_CF_1"
        }
      ]
    }
  },
  "PRLODSTWS1_1#FIN_1640_EX": {
    "Type": "Job:Command",
    "SubApplication": "UPCR1",
    "Host": "CTMAG",
    "CreatedBy": "emuser",
    "Description": "CSV Export for batch",
    "RunAs": "controlm",
    "Application": "ODS",
    "Command": "/home/tws/ods_batch_home/esp.batch.scripts/gen.table2File.sh D_RPT_FIN ${tws.job.name} %%\\\\ADHOC_ROXAN_VT\\END_DT_CHAR.",
    "When": {
      "WeekDays": [
        "NONE"
      ],
      "Months": [
        "NONE"
      ],
      "MonthDays": [
        "NONE"
      ],
      "DaysRelation": "OR",
      "RuleBasedCalendars": {
        "Included": [
          "Manual_order"
        ]
      }
    },
    "eventsToWaitFor": {
      "Type": "WaitForEvents",
      "Events": [
        {
          "Event": "PRLODSTWS1_1#FIN_1640_PARAM-TO-PRLODSTWS1_1#FIN_1640_EX"
        }
      ]
    },
    "eventsToAdd": {
      "Type": "AddEvents",
      "Events": [
        {
          "Event": "PRLODSTWS1_1#FIN_1640_EX-TO-PRLODSTWS1_1#FIN_1640_CF"
        }
      ]
    },
    "eventsToDelete": {
      "Type": "DeleteEvents",
      "Events": [
        {
          "Event": "PRLODSTWS1_1#FIN_1640_PARAM-TO-PRLODSTWS1_1#FIN_1640_EX"
        }
      ]
    }
  },
  "PRLODSTWS1_1#FIN_1630_CF": {
    "Type": "Job:Command",
    "SubApplication": "UPCR1",
    "Host": "CTMAG",
    "CreatedBy": "emuser",
    "Description": "archiving file for batch",
    "RunAs": "controlm",
    "Application": "ODS",
    "Command": "/home/tws/ods_batch_home/esp.batch.scripts/archiving.file.sh D_RPT_FIN ${tws.job.name} %%\\\\ADHOC_ROXAN_VT\\END_DT_CHAR.",
    "When": {
      "WeekDays": [
        "NONE"
      ],
      "Months": [
        "NONE"
      ],
      "MonthDays": [
        "NONE"
      ],
      "DaysRelation": "OR",
      "RuleBasedCalendars": {
        "Included": [
          "Manual_order"
        ]
      }
    },
    "eventsToWaitFor": {
      "Type": "WaitForEvents",
      "Events": [
        {
          "Event": "PRLODSTWS1_1#FIN_1630_EX-TO-PRLODSTWS1_1#FIN_1630_CF"
        }
      ]
    },
    "eventsToDelete": {
      "Type": "DeleteEvents",
      "Events": [
        {
          "Event": "PRLODSTWS1_1#FIN_1630_EX-TO-PRLODSTWS1_1#FIN_1630_CF"
        }
      ]
    }
  },
  "PRLODSTWS1_1#FIN_1690_EX": {
    "Type": "Job:Command",
    "SubApplication": "UPCR1",
    "Host": "CTMAG",
    "CreatedBy": "emuser",
    "Description": "CSV Export for batch",
    "RunAs": "controlm",
    "Application": "ODS",
    "Command": "/home/tws/ods_batch_home/esp.batch.scripts/gen.table2File.sh D_RPT_FIN ${tws.job.name} %%\\\\ADHOC_ROXAN_VT\\END_DT_CHAR.",
    "When": {
      "WeekDays": [
        "NONE"
      ],
      "Months": [
        "NONE"
      ],
      "MonthDays": [
        "NONE"
      ],
      "DaysRelation": "OR",
      "RuleBasedCalendars": {
        "Included": [
          "Manual_order"
        ]
      }
    },
    "eventsToWaitFor": {
      "Type": "WaitForEvents",
      "Events": [
        {
          "Event": "PRLODSTWS1_1#FIN_1690_PARAM-TO-PRLODSTWS1_1#FIN_1690_EX_1"
        }
      ]
    },
    "eventsToAdd": {
      "Type": "AddEvents",
      "Events": [
        {
          "Event": "PRLODSTWS1_1#FIN_1690_EX-TO-PRLODSTWS1_1#FIN_1690_CF_1"
        }
      ]
    },
    "eventsToDelete": {
      "Type": "DeleteEvents",
      "Events": [
        {
          "Event": "PRLODSTWS1_1#FIN_1690_PARAM-TO-PRLODSTWS1_1#FIN_1690_EX_1"
        }
      ]
    }
  },
  "PRLODSTWS1_1#FIN_1640_11G": {
    "Type": "Job:Database:StoredProcedure",
    "ConnectionProfile": "UPCR1",
    "StoredProcedure": "FIN_1640_11G_SP",
    "Schema": "SQLEXT",
    "SubApplication": "UPCR1",
    "Host": "CTMAG",
    "CreatedBy": "emuser",
    "Description": "== Conversion Messages Start ==\\n\\nMessage ID\\t: WRN6031 (900-1449)\\n\\n== Conversion Messages End ==\\nAdded by composer.",
    "RunAs": "controlm",
    "Application": "ODS",
    "When": {
      "WeekDays": [
        "NONE"
      ],
      "Months": [
        "NONE"
      ],
      "MonthDays": [
        "NONE"
      ],
      "DaysRelation": "OR",
      "RuleBasedCalendars": {
        "Included": [
          "Manual_order"
        ]
      }
    },
    "eventsToAdd": {
      "Type": "AddEvents",
      "Events": [
        {
          "Event": "PRLODSTWS1_1#FIN_1640_11G-TO-PRLODSTWS1_1#FIN_1640_PARAM"
        },
        {
          "Event": "PRLODSTWS1_1#FIN_1640_11G-TO-PRLODSTWS1_1#FIN_1670_11G"
        }
      ]
    }
  },
  "PRLODSTWS1_1#FIN_1620_CF": {
    "Type": "Job:Command",
    "SubApplication": "UPCR1",
    "Host": "CTMAG",
    "CreatedBy": "emuser",
    "Description": "archiving file for batch",
    "RunAs": "controlm",
    "Application": "ODS",
    "Command": "/home/tws/ods_batch_home/esp.batch.scripts/archiving.file.sh D_RPT_FIN ${tws.job.name} %%\\\\ADHOC_ROXAN_VT\\END_DT_CHAR.",
    "When": {
      "WeekDays": [
        "NONE"
      ],
      "Months": [
        "NONE"
      ],
      "MonthDays": [
        "NONE"
      ],
      "DaysRelation": "OR",
      "RuleBasedCalendars": {
        "Included": [
          "Manual_order"
        ]
      }
    },
    "eventsToWaitFor": {
      "Type": "WaitForEvents",
      "Events": [
        {
          "Event": "PRLODSTWS1_1#FIN_1620_EX-TO-PRLODSTWS1_1#FIN_1620_CF"
        }
      ]
    },
    "eventsToDelete": {
      "Type": "DeleteEvents",
      "Events": [
        {
          "Event": "PRLODSTWS1_1#FIN_1620_EX-TO-PRLODSTWS1_1#FIN_1620_CF"
        }
      ]
    }
  },
  "PRLODSTWS1_1#FIN_1650_EX": {
    "Type": "Job:Command",
    "SubApplication": "UPCR1",
    "Host": "CTMAG",
    "CreatedBy": "emuser",
    "Description": "CSV Export for batch",
    "RunAs": "controlm",
    "Application": "ODS",
    "Command": "/home/tws/ods_batch_home/esp.batch.scripts/gen.table2File.sh D_RPT_FIN ${tws.job.name} %%\\\\ADHOC_ROXAN_VT\\END_DT_CHAR.",
    "When": {
      "WeekDays": [
        "NONE"
      ],
      "Months": [
        "NONE"
      ],
      "MonthDays": [
        "NONE"
      ],
      "DaysRelation": "OR",
      "RuleBasedCalendars": {
        "Included": [
          "Manual_order"
        ]
      }
    },
    "eventsToWaitFor": {
      "Type": "WaitForEvents",
      "Events": [
        {
          "Event": "PRLODSTWS1_1#FIN_1650_PARAM-TO-PRLODSTWS1_1#FIN_1650_EX_1"
        }
      ]
    },
    "eventsToAdd": {
      "Type": "AddEvents",
      "Events": [
        {
          "Event": "PRLODSTWS1_1#FIN_1650_EX-TO-PRLODSTWS1_1#FIN_1650_CF_1"
        }
      ]
    },
    "eventsToDelete": {
      "Type": "DeleteEvents",
      "Events": [
        {
          "Event": "PRLODSTWS1_1#FIN_1650_PARAM-TO-PRLODSTWS1_1#FIN_1650_EX_1"
        }
      ]
    }
  },
  "PRLODSTWS1_1#FIN_1670_11G": {
    "Type": "Job:Database:StoredProcedure",
    "ConnectionProfile": "UPCR1",
    "StoredProcedure": "FIN_1670_11G_SP",
    "Schema": "SQLEXT",
    "SubApplication": "UPCR1",
    "Host": "CTMAG",
    "CreatedBy": "emuser",
    "Description": "== Conversion Messages Start ==\\n\\nMessage ID\\t: WRN6031 (901-1452)\\n\\n== Conversion Messages End ==\\nAdded by composer.",
    "RunAs": "controlm",
    "Application": "ODS",
    "When": {
      "WeekDays": [
        "NONE"
      ],
      "Months": [
        "NONE"
      ],
      "MonthDays": [
        "NONE"
      ],
      "DaysRelation": "OR",
      "RuleBasedCalendars": {
        "Included": [
          "Manual_order"
        ]
      }
    },
    "eventsToWaitFor": {
      "Type": "WaitForEvents",
      "Events": [
        {
          "Event": "PRLODSTWS1_1#FIN_1640_11G-TO-PRLODSTWS1_1#FIN_1670_11G"
        }
      ]
    },
    "eventsToAdd": {
      "Type": "AddEvents",
      "Events": [
        {
          "Event": "PRLODSTWS1_1#FIN_1670_11G-TO-PRLODSTWS1_1#FIN_1690_11G"
        },
        {
          "Event": "PRLODSTWS1_1#FIN_1670_11G-TO-PRLODSTWS1_1#FIN_1670_PARAM"
        }
      ]
    },
    "eventsToDelete": {
      "Type": "DeleteEvents",
      "Events": [
        {
          "Event": "PRLODSTWS1_1#FIN_1640_11G-TO-PRLODSTWS1_1#FIN_1670_11G"
        }
      ]
    }
  },
  "PRLODSTWS1_1#FIN_1640_CF": {
    "Type": "Job:Command",
    "SubApplication": "UPCR1",
    "Host": "CTMAG",
    "CreatedBy": "emuser",
    "Description": "archiving file for batch",
    "RunAs": "controlm",
    "Application": "ODS",
    "Command": "/home/tws/ods_batch_home/esp.batch.scripts/archiving.file.sh D_RPT_FIN ${tws.job.name} %%\\\\ADHOC_ROXAN_VT\\END_DT_CHAR.",
    "When": {
      "WeekDays": [
        "NONE"
      ],
      "Months": [
        "NONE"
      ],
      "MonthDays": [
        "NONE"
      ],
      "DaysRelation": "OR",
      "RuleBasedCalendars": {
        "Included": [
          "Manual_order"
        ]
      }
    },
    "eventsToWaitFor": {
      "Type": "WaitForEvents",
      "Events": [
        {
          "Event": "PRLODSTWS1_1#FIN_1640_EX-TO-PRLODSTWS1_1#FIN_1640_CF"
        }
      ]
    },
    "eventsToDelete": {
      "Type": "DeleteEvents",
      "Events": [
        {
          "Event": "PRLODSTWS1_1#FIN_1640_EX-TO-PRLODSTWS1_1#FIN_1640_CF"
        }
      ]
    }
  },
  "PRLODSTWS1_1#FIN_1690_PARAM": {
    "Type": "Job:Database:StoredProcedure",
    "ConnectionProfile": "UPCR1",
    "StoredProcedure": "FIN_1690_PARAM_SP",
    "Schema": "SQLEXT",
    "SubApplication": "UPCR1",
    "Host": "CTMAG",
    "CreatedBy": "emuser",
    "Description": "== Conversion Messages Start ==\\n\\nMessage ID\\t: WRN6031 (902-1454)\\n\\n== Conversion Messages End ==\\nAdded by composer.",
    "RunAs": "controlm",
    "Application": "ODS",
    "When": {
      "WeekDays": [
        "NONE"
      ],
      "Months": [
        "NONE"
      ],
      "MonthDays": [
        "NONE"
      ],
      "DaysRelation": "OR",
      "RuleBasedCalendars": {
        "Included": [
          "Manual_order"
        ]
      }
    },
    "eventsToWaitFor": {
      "Type": "WaitForEvents",
      "Events": [
        {
          "Event": "PRLODSTWS1_1#FIN_1690_11G-TO-PRLODSTWS1_1#FIN_1690_PARAM_1"
        }
      ]
    },
    "eventsToAdd": {
      "Type": "AddEvents",
      "Events": [
        {
          "Event": "PRLODSTWS1_1#FIN_1690_PARAM-TO-PRLODSTWS1_1#FIN_1690_EX_1"
        }
      ]
    },
    "eventsToDelete": {
      "Type": "DeleteEvents",
      "Events": [
        {
          "Event": "PRLODSTWS1_1#FIN_1690_11G-TO-PRLODSTWS1_1#FIN_1690_PARAM_1"
        }
      ]
    }
  },
  "PRLODSTWS1_1#FIN_1660_11G": {
    "Type": "Job:Database:StoredProcedure",
    "ConnectionProfile": "UPCR1",
    "StoredProcedure": "FIN_1660_11G_SP",
    "Schema": "SQLEXT",
    "SubApplication": "UPCR1",
    "Host": "CTMAG",
    "CreatedBy": "emuser",
    "Description": "== Conversion Messages Start ==\\n\\nMessage ID\\t: WRN6031 (903-1455)\\n\\n== Conversion Messages End ==\\nAdded by composer.",
    "RunAs": "controlm",
    "Application": "ODS",
    "When": {
      "WeekDays": [
        "NONE"
      ],
      "Months": [
        "NONE"
      ],
      "MonthDays": [
        "NONE"
      ],
      "DaysRelation": "OR",
      "RuleBasedCalendars": {
        "Included": [
          "Manual_order"
        ]
      }
    },
    "eventsToWaitFor": {
      "Type": "WaitForEvents",
      "Events": [
        {
          "Event": "PRLODSTWS1_1#FIN_1630_11G-TO-PRLODSTWS1_1#FIN_1660_11G"
        }
      ]
    },
    "eventsToAdd": {
      "Type": "AddEvents",
      "Events": [
        {
          "Event": "PRLODSTWS1_1#FIN_1660_11G-TO-PRLODSTWS1_1#FIN_1660_PARAM"
        },
        {
          "Event": "PRLODSTWS1_1#FIN_1660_11G-TO-PRLODSTWS1_1#FIN_1690_11G"
        }
      ]
    },
    "eventsToDelete": {
      "Type": "DeleteEvents",
      "Events": [
        {
          "Event": "PRLODSTWS1_1#FIN_1630_11G-TO-PRLODSTWS1_1#FIN_1660_11G"
        }
      ]
    }
  },
  "PRLODSTWS1_1#FIN_1690_11G": {
    "Type": "Job:Database:StoredProcedure",
    "ConnectionProfile": "UPCR1",
    "StoredProcedure": "FIN_1690_11G_SP",
    "Schema": "SQLEXT",
    "SubApplication": "UPCR1",
    "Host": "CTMAG",
    "CreatedBy": "emuser",
    "Description": "== Conversion Messages Start ==\\n\\nMessage ID\\t: WRN6031 (904-1456)\\n\\n== Conversion Messages End ==\\nAdded by composer.",
    "RunAs": "controlm",
    "Application": "ODS",
    "When": {
      "WeekDays": [
        "NONE"
      ],
      "Months": [
        "NONE"
      ],
      "MonthDays": [
        "NONE"
      ],
      "DaysRelation": "OR",
      "RuleBasedCalendars": {
        "Included": [
          "Manual_order"
        ]
      }
    },
    "eventsToWaitFor": {
      "Type": "WaitForEvents",
      "Events": [
        {
          "Event": "PRLODSTWS1_1#FIN_1650_11G-TO-PRLODSTWS1_1#FIN_1690_11G"
        },
        {
          "Event": "PRLODSTWS1_1#FIN_1660_11G-TO-PRLODSTWS1_1#FIN_1690_11G"
        },
        {
          "Event": "PRLODSTWS1_1#FIN_1670_11G-TO-PRLODSTWS1_1#FIN_1690_11G"
        }
      ]
    },
    "eventsToAdd": {
      "Type": "AddEvents",
      "Events": [
        {
          "Event": "PRLODSTWS1_1#FIN_1690_11G-TO-PRLODSTWS1_1#FIN_1690_PARAM_1"
        }
      ]
    },
    "eventsToDelete": {
      "Type": "DeleteEvents",
      "Events": [
        {
          "Event": "PRLODSTWS1_1#FIN_1650_11G-TO-PRLODSTWS1_1#FIN_1690_11G"
        },
        {
          "Event": "PRLODSTWS1_1#FIN_1660_11G-TO-PRLODSTWS1_1#FIN_1690_11G"
        },
        {
          "Event": "PRLODSTWS1_1#FIN_1670_11G-TO-PRLODSTWS1_1#FIN_1690_11G"
        }
      ]
    }
  },
  "PRLODSTWS1_1#FIN_1660_EX": {
    "Type": "Job:Command",
    "SubApplication": "UPCR1",
    "Host": "CTMAG",
    "CreatedBy": "emuser",
    "Description": "CSV Export for batch",
    "RunAs": "controlm",
    "Application": "ODS",
    "Command": "/home/tws/ods_batch_home/esp.batch.scripts/gen.table2File.sh D_RPT_FIN ${tws.job.name} %%\\\\ADHOC_ROXAN_VT\\END_DT_CHAR.",
    "When": {
      "WeekDays": [
        "NONE"
      ],
      "Months": [
        "NONE"
      ],
      "MonthDays": [
        "NONE"
      ],
      "DaysRelation": "OR",
      "RuleBasedCalendars": {
        "Included": [
          "Manual_order"
        ]
      }
    },
    "eventsToWaitFor": {
      "Type": "WaitForEvents",
      "Events": [
        {
          "Event": "PRLODSTWS1_1#FIN_1660_PARAM-TO-PRLODSTWS1_1#FIN_1660_EX"
        }
      ]
    },
    "eventsToAdd": {
      "Type": "AddEvents",
      "Events": [
        {
          "Event": "PRLODSTWS1_1#FIN_1660_EX-TO-PRLODSTWS1_1#FIN_1660_CF"
        }
      ]
    },
    "eventsToDelete": {
      "Type": "DeleteEvents",
      "Events": [
        {
          "Event": "PRLODSTWS1_1#FIN_1660_PARAM-TO-PRLODSTWS1_1#FIN_1660_EX"
        }
      ]
    }
  },
  "PRLODSTWS1_1#FIN_1650_PARAM": {
    "Type": "Job:Database:StoredProcedure",
    "ConnectionProfile": "UPCR1",
    "StoredProcedure": "FIN_1650_PARAM_SP",
    "Schema": "SQLEXT",
    "SubApplication": "UPCR1",
    "Host": "CTMAG",
    "CreatedBy": "emuser",
    "Description": "== Conversion Messages Start ==\\n\\nMessage ID\\t: WRN6031 (905-1458)\\n\\n== Conversion Messages End ==\\nAdded by composer.",
    "RunAs": "controlm",
    "Application": "ODS",
    "When": {
      "WeekDays": [
        "NONE"
      ],
      "Months": [
        "NONE"
      ],
      "MonthDays": [
        "NONE"
      ],
      "DaysRelation": "OR",
      "RuleBasedCalendars": {
        "Included": [
          "Manual_order"
        ]
      }
    },
    "eventsToWaitFor": {
      "Type": "WaitForEvents",
      "Events": [
        {
          "Event": "PRLODSTWS1_1#FIN_1650_11G-TO-PRLODSTWS1_1#FIN_1650_PARAM_1"
        }
      ]
    },
    "eventsToAdd": {
      "Type": "AddEvents",
      "Events": [
        {
          "Event": "PRLODSTWS1_1#FIN_1650_PARAM-TO-PRLODSTWS1_1#FIN_1650_EX_1"
        }
      ]
    },
    "eventsToDelete": {
      "Type": "DeleteEvents",
      "Events": [
        {
          "Event": "PRLODSTWS1_1#FIN_1650_11G-TO-PRLODSTWS1_1#FIN_1650_PARAM_1"
        }
      ]
    }
  },
  "PRLODSTWS1_1#FIN_1660_PARAM": {
    "Type": "Job:Database:StoredProcedure",
    "ConnectionProfile": "UPCR1",
    "StoredProcedure": "FIN_1660_PARAM_SP",
    "Schema": "SQLEXT",
    "SubApplication": "UPCR1",
    "Host": "CTMAG",
    "CreatedBy": "emuser",
    "Description": "== Conversion Messages Start ==\\n\\nMessage ID\\t: WRN6031 (906-1459)\\n\\n== Conversion Messages End ==\\nAdded by composer.",
    "RunAs": "controlm",
    "Application": "ODS",
    "When": {
      "WeekDays": [
        "NONE"
      ],
      "Months": [
        "NONE"
      ],
      "MonthDays": [
        "NONE"
      ],
      "DaysRelation": "OR",
      "RuleBasedCalendars": {
        "Included": [
          "Manual_order"
        ]
      }
    },
    "eventsToWaitFor": {
      "Type": "WaitForEvents",
      "Events": [
        {
          "Event": "PRLODSTWS1_1#FIN_1660_11G-TO-PRLODSTWS1_1#FIN_1660_PARAM"
        }
      ]
    },
    "eventsToAdd": {
      "Type": "AddEvents",
      "Events": [
        {
          "Event": "PRLODSTWS1_1#FIN_1660_PARAM-TO-PRLODSTWS1_1#FIN_1660_EX"
        }
      ]
    },
    "eventsToDelete": {
      "Type": "DeleteEvents",
      "Events": [
        {
          "Event": "PRLODSTWS1_1#FIN_1660_11G-TO-PRLODSTWS1_1#FIN_1660_PARAM"
        }
      ]
    }
  },
  "PRLODSTWS1_1#FIN_1640_PARAM": {
    "Type": "Job:Database:StoredProcedure",
    "ConnectionProfile": "UPCR1",
    "StoredProcedure": "FIN_1640_PARAM_SP",
    "Schema": "SQLEXT",
    "SubApplication": "UPCR1",
    "Host": "CTMAG",
    "CreatedBy": "emuser",
    "Description": "== Conversion Messages Start ==\\n\\nMessage ID\\t: WRN6031 (907-1460)\\n\\n== Conversion Messages End ==\\nAdded by composer.",
    "RunAs": "controlm",
    "Application": "ODS",
    "When": {
      "WeekDays": [
        "NONE"
      ],
      "Months": [
        "NONE"
      ],
      "MonthDays": [
        "NONE"
      ],
      "DaysRelation": "OR",
      "RuleBasedCalendars": {
        "Included": [
          "Manual_order"
        ]
      }
    },
    "eventsToWaitFor": {
      "Type": "WaitForEvents",
      "Events": [
        {
          "Event": "PRLODSTWS1_1#FIN_1640_11G-TO-PRLODSTWS1_1#FIN_1640_PARAM"
        }
      ]
    },
    "eventsToAdd": {
      "Type": "AddEvents",
      "Events": [
        {
          "Event": "PRLODSTWS1_1#FIN_1640_PARAM-TO-PRLODSTWS1_1#FIN_1640_EX"
        }
      ]
    },
    "eventsToDelete": {
      "Type": "DeleteEvents",
      "Events": [
        {
          "Event": "PRLODSTWS1_1#FIN_1640_11G-TO-PRLODSTWS1_1#FIN_1640_PARAM"
        }
      ]
    }
  },
  "PRLODSTWS1_1#FIN_1670_PARAM": {
    "Type": "Job:Database:StoredProcedure",
    "ConnectionProfile": "UPCR1",
    "StoredProcedure": "FIN_1670_PARAM_SP",
    "Schema": "SQLEXT",
    "SubApplication": "UPCR1",
    "Host": "CTMAG",
    "CreatedBy": "emuser",
    "Description": "== Conversion Messages Start ==\\n\\nMessage ID\\t: WRN6031 (908-1461)\\n\\n== Conversion Messages End ==\\nAdded by composer.",
    "RunAs": "controlm",
    "Application": "ODS",
    "When": {
      "WeekDays": [
        "NONE"
      ],
      "Months": [
        "NONE"
      ],
      "MonthDays": [
        "NONE"
      ],
      "DaysRelation": "OR",
      "RuleBasedCalendars": {
        "Included": [
          "Manual_order"
        ]
      }
    },
    "eventsToWaitFor": {
      "Type": "WaitForEvents",
      "Events": [
        {
          "Event": "PRLODSTWS1_1#FIN_1670_11G-TO-PRLODSTWS1_1#FIN_1670_PARAM"
        }
      ]
    },
    "eventsToAdd": {
      "Type": "AddEvents",
      "Events": [
        {
          "Event": "PRLODSTWS1_1#FIN_1670_PARAM-TO-PRLODSTWS1_1#FIN_1670_EX"
        }
      ]
    },
    "eventsToDelete": {
      "Type": "DeleteEvents",
      "Events": [
        {
          "Event": "PRLODSTWS1_1#FIN_1670_11G-TO-PRLODSTWS1_1#FIN_1670_PARAM"
        }
      ]
    }
  },
  "PRLODSTWS1_1#FIN_1620_EX": {
    "Type": "Job:Command",
    "SubApplication": "UPCR1",
    "Host": "CTMAG",
    "CreatedBy": "emuser",
    "Description": "CSV Export for batch",
    "RunAs": "controlm",
    "Application": "ODS",
    "Command": "/home/tws/ods_batch_home/esp.batch.scripts/gen.table2File.sh D_RPT_FIN ${tws.job.name} %%\\\\ADHOC_ROXAN_VT\\END_DT_CHAR.",
    "When": {
      "WeekDays": [
        "NONE"
      ],
      "Months": [
        "NONE"
      ],
      "MonthDays": [
        "NONE"
      ],
      "DaysRelation": "OR",
      "RuleBasedCalendars": {
        "Included": [
          "Manual_order"
        ]
      }
    },
    "eventsToWaitFor": {
      "Type": "WaitForEvents",
      "Events": [
        {
          "Event": "PRLODSTWS1_1#FIN_1620_PARAM-TO-PRLODSTWS1_1#FIN_1620_EX"
        }
      ]
    },
    "eventsToAdd": {
      "Type": "AddEvents",
      "Events": [
        {
          "Event": "PRLODSTWS1_1#FIN_1620_EX-TO-PRLODSTWS1_1#FIN_1620_CF"
        }
      ]
    },
    "eventsToDelete": {
      "Type": "DeleteEvents",
      "Events": [
        {
          "Event": "PRLODSTWS1_1#FIN_1620_PARAM-TO-PRLODSTWS1_1#FIN_1620_EX"
        }
      ]
    }
  },
  "PRLODSTWS1_1#FIN_1670_CF": {
    "Type": "Job:Command",
    "SubApplication": "UPCR1",
    "Host": "CTMAG",
    "CreatedBy": "emuser",
    "Description": "archiving file for batch",
    "RunAs": "controlm",
    "Application": "ODS",
    "Command": "/home/tws/ods_batch_home/esp.batch.scripts/archiving.file.sh D_RPT_FIN ${tws.job.name} %%\\\\ADHOC_ROXAN_VT\\END_DT_CHAR.",
    "When": {
      "WeekDays": [
        "NONE"
      ],
      "Months": [
        "NONE"
      ],
      "MonthDays": [
        "NONE"
      ],
      "DaysRelation": "OR",
      "RuleBasedCalendars": {
        "Included": [
          "Manual_order"
        ]
      }
    },
    "eventsToWaitFor": {
      "Type": "WaitForEvents",
      "Events": [
        {
          "Event": "PRLODSTWS1_1#FIN_1670_EX-TO-PRLODSTWS1_1#FIN_1670_CF"
        }
      ]
    },
    "eventsToDelete": {
      "Type": "DeleteEvents",
      "Events": [
        {
          "Event": "PRLODSTWS1_1#FIN_1670_EX-TO-PRLODSTWS1_1#FIN_1670_CF"
        }
      ]
    }
  },
  "PRLODSTWS1_1#FIN_1630_11G": {
    "Type": "Job:Database:StoredProcedure",
    "ConnectionProfile": "UPCR1",
    "StoredProcedure": "FIN_1630_11G_SP",
    "Schema": "SQLEXT",
    "SubApplication": "UPCR1",
    "Host": "CTMAG",
    "CreatedBy": "emuser",
    "Description": "== Conversion Messages Start ==\\n\\nMessage ID\\t: WRN6031 (909-1464)\\n\\n== Conversion Messages End ==\\nAdded by composer.",
    "RunAs": "controlm",
    "Application": "ODS",
    "When": {
      "WeekDays": [
        "NONE"
      ],
      "Months": [
        "NONE"
      ],
      "MonthDays": [
        "NONE"
      ],
      "DaysRelation": "OR",
      "RuleBasedCalendars": {
        "Included": [
          "Manual_order"
        ]
      }
    },
    "eventsToAdd": {
      "Type": "AddEvents",
      "Events": [
        {
          "Event": "PRLODSTWS1_1#FIN_1630_11G-TO-PRLODSTWS1_1#FIN_1630_PARAM"
        },
        {
          "Event": "PRLODSTWS1_1#FIN_1630_11G-TO-PRLODSTWS1_1#FIN_1660_11G"
        }
      ]
    }
  }
  }
}
