{
  "PRLODSTWS1_1#D_ODS_GI": {
  "Type":  "Folder",
  "ControlmServer": "CTM",
  "Description": "== Conversion Messages Start ==\\n\\nMessage ID\\t: INF6107 (4475-7874)\\n\\nMessage ID\\t: INF6104 (4476-7874)\\n\\n== Conversion Messages End ==\\n",
  "OrderMethod": "Manual",
  "SubApplication": "UPCR1",
  "CreatedBy": "emuser",
  "Application": "ODS",
  "When": {
    "RuleBasedCalendars": {
      "Included": [
        "RC1"
      ],
      "RC1": {
        "Type": "Calendar:RuleBased",
        "When": {
          "MonthDaysCalendar": "RCG-D-NAT",
          "DaysRelation": "OR",
          "DaysKeepActive": "01",
          "WeekDays": [
            "NONE"
          ],
          "MonthDays": [
            "NONE"
          ]
        }
      }
    }
  },
  "PRLODSTWS1_1#GI_GI_SOS_RMH": {
    "Type": "Job:EmbeddedScript",
    "Script": "/usr/bin/rm ^DIR_SOURCE^GI/RQ/CTRL/GI_SOS/GI_SOS_^END_DT_CHAR^.txt",
    "DaysKeepActive": "1",
    "SubApplication": "UPCR1",
    "FileName": "PRLODSTWS1_1#GI_GI_SOS_RMH.cmd",
    "Host": "CTMAG",
    "CreatedBy": "emuser",
    "Description": "Common Local Batch Template",
    "RunAs": "controlm",
    "Application": "ODS",
    "When": {
      "WeekDays": [
        "NONE"
      ],
      "Months": [
        "NONE"
      ],
      "MonthDays": [
        "NONE"
      ],
      "DaysRelation": "OR",
      "RuleBasedCalendars": {
        "Included": [
          "RC1"
        ]
      }
    },
    "eventsToWaitFor": {
      "Type": "WaitForEvents",
      "Events": [
        {
          "Event": "PRLODSTWS1_1#O_GI_GI_SOS-TO-PRLODSTWS1_1#GI_GI_SOS_RMH"
        }
      ]
    },
    "eventsToAdd": {
      "Type": "AddEvents",
      "Events": [
        {
          "Event": "PRLODSTWS1_1#GI_GI_SOS_RMH-TO-PRLODSTWS1_1#GI_GI_SOS_RMD"
        }
      ]
    },
    "eventsToDelete": {
      "Type": "DeleteEvents",
      "Events": [
        {
          "Event": "PRLODSTWS1_1#O_GI_GI_SOS-TO-PRLODSTWS1_1#GI_GI_SOS_RMH"
        }
      ]
    }
  },
  "PRLODSTWS1_1#O_GI_GI_SOS": {
    "Type": "Job:Database:StoredProcedure",
    "ConnectionProfile": "UPCR1",
    "StoredProcedure": "O_GI_GI_SOS_SP",
    "Schema": "SQLEXT",
    "DaysKeepActive": "1",
    "SubApplication": "UPCR1",
    "Host": "CTMAG",
    "CreatedBy": "emuser",
    "Description": "== Conversion Messages Start ==\\n\\nMessage ID\\t: WRN6031 (4472-7876)\\n\\n== Conversion Messages End ==\\nAdded by composer.",
    "RunAs": "controlm",
    "Application": "ODS",
    "When": {
      "WeekDays": [
        "NONE"
      ],
      "Months": [
        "NONE"
      ],
      "MonthDays": [
        "NONE"
      ],
      "DaysRelation": "OR",
      "RuleBasedCalendars": {
        "Included": [
          "RC1"
        ]
      }
    },
    "eventsToWaitFor": {
      "Type": "WaitForEvents",
      "Events": [
        {
          "Event": "PRLODSTWS1_1#GI_GI_SOS_LD-TO-PRLODSTWS1_1#O_GI_GI_SOS"
        }
      ]
    },
    "eventsToAdd": {
      "Type": "AddEvents",
      "Events": [
        {
          "Event": "PRLODSTWS1_1#O_GI_GI_SOS-TO-PRLODSTWS1_1#GI_GI_SOS_RMH"
        }
      ]
    },
    "eventsToDelete": {
      "Type": "DeleteEvents",
      "Events": [
        {
          "Event": "PRLODSTWS1_1#GI_GI_SOS_LD-TO-PRLODSTWS1_1#O_GI_GI_SOS"
        }
      ]
    }
  },
  "PRLODSTWS1_1#GI_GI_SOS_WH": {
    "Type": "Job:EmbeddedScript",
    "Script": "date",
    "DaysKeepActive": "1",
    "SubApplication": "UPCR1",
    "FileName": "PRLODSTWS1_1#GI_GI_SOS_WH.cmd",
    "Host": "CTMAG",
    "CreatedBy": "emuser",
    "Description": "== Conversion Messages Start ==\\n\\nMessage ID\\t: INF6110 (4473-7877)\\n\\n== Conversion Messages End ==\\nCommon Remote Batch Template",
    "RunAs": "controlm",
    "Application": "ODS",
    "When": {
      "WeekDays": [
        "NONE"
      ],
      "Months": [
        "NONE"
      ],
      "MonthDays": [
        "NONE"
      ],
      "DaysRelation": "OR",
      "RuleBasedCalendars": {
        "Included": [
          "RC1"
        ]
      }
    },
    "eventsToWaitFor": {
      "Type": "WaitForEvents",
      "Events": [
        {
          "Event": "PRLODSTWS1_1#SYS_STS_STG-TO-PRLODSTWS1_1#GI_GI_SOS_WH"
        },
        {
          "Event": "PRLODSTWS1_1#GI_GI_SOS_WH@PRLODSTWS1_1#D_ODS_GI_opens_0"
        }
      ]
    },
    "eventsToAdd": {
      "Type": "AddEvents",
      "Events": [
        {
          "Event": "PRLODSTWS1_1#GI_GI_SOS_WH-TO-PRLODSTWS1_1#GI_GI_SOS_CPH"
        }
      ]
    },
    "eventsToDelete": {
      "Type": "DeleteEvents",
      "Events": [
        {
          "Event": "PRLODSTWS1_1#SYS_STS_STG-TO-PRLODSTWS1_1#GI_GI_SOS_WH"
        },
        {
          "Event": "PRLODSTWS1_1#GI_GI_SOS_WH@PRLODSTWS1_1#D_ODS_GI_opens_0"
        }
      ]
    }
  },
  "PRLODSTWS1_1#GI_GI_SOS_WH_opens_0": {
    "Type": "Job:FileWatcher:Create",
    "TimeLimit": "1380",
    "Wildcard": true,
    "Path": "%%DIR_SOURCEGI/RQ/CTRL/GI_SOS/GI_SOS_%%END_DT_CHAR.txt",
    "SubApplication": "UPCR1",
    "FileName": "PRLODSTWS1_1#GI_GI_SOS_WH_opens_0",
    "Host": "PRLODSTWS1_1",
    "FilePath": "Not in use for File Watcher jobs",
    "CreatedBy": "emuser",
    "Description": "Assisting job created for PRLODSTWS1_1#GI_GI_SOS_WH",
    "RunAs": "controlm",
    "Application": "ODS",
    "Variables": [
      {
        "END_DT_CHAR": "20220609"
      },
      {
        "DIR_SOURCE": "/home/tws/ods_batch_home/etl/SOURCE/"
      },
      {
        "FileWatch-PATH": "Not in use for File Watcher jobs"
      }
    ],
    "When": {
      "WeekDays": [
        "NONE"
      ],
      "Months": [
        "NONE"
      ],
      "MonthDays": [
        "NONE"
      ],
      "DaysRelation": "OR",
      "RuleBasedCalendars": {
        "Included": [
          "RC1"
        ]
      }
    },
    "eventsToAdd": {
      "Type": "AddEvents",
      "Events": [
        {
          "Event": "PRLODSTWS1_1#GI_GI_SOS_WH@PRLODSTWS1_1#D_ODS_GI_opens_0"
        }
      ]
    }
  },
  "PRLODSTWS1_1#GI_SOS": {
    "Type": "Job:Database:StoredProcedure",
    "ConnectionProfile": "UPCR1",
    "StoredProcedure": "GI_SOS_SP",
    "Schema": "SQLEXT",
    "DaysKeepActive": "1",
    "SubApplication": "UPCR1",
    "Host": "CTMAG",
    "CreatedBy": "emuser",
    "Description": "== Conversion Messages Start ==\\n\\nMessage ID\\t: WRN6031 (4474-7879)\\n\\n== Conversion Messages End ==\\nAdded by composer.",
    "RunAs": "controlm",
    "Application": "ODS",
    "When": {
      "WeekDays": [
        "NONE"
      ],
      "Months": [
        "NONE"
      ],
      "MonthDays": [
        "NONE"
      ],
      "DaysRelation": "OR",
      "RuleBasedCalendars": {
        "Included": [
          "RC1"
        ]
      }
    },
    "eventsToWaitFor": {
      "Type": "WaitForEvents",
      "Events": [
        {
          "Event": "PRLODSTWS1_1#GI_GI_SOS_CPD-TO-PRLODSTWS1_1#GI_SOS"
        }
      ]
    },
    "eventsToAdd": {
      "Type": "AddEvents",
      "Events": [
        {
          "Event": "PRLODSTWS1_1#GI_SOS-TO-PRLODSTWS1_1#GI_GI_SOS_LD"
        }
      ]
    },
    "eventsToDelete": {
      "Type": "DeleteEvents",
      "Events": [
        {
          "Event": "PRLODSTWS1_1#GI_GI_SOS_CPD-TO-PRLODSTWS1_1#GI_SOS"
        }
      ]
    }
  },
  "PRLODSTWS1_1#GI_GI_SOS_CPD": {
    "Type": "Job:EmbeddedScript",
    "Script": "/usr/bin/cp ^DIR_SOURCE^GI/RQ/DATA/GI_SOS/GI_SOS_^END_DT_CHAR^.csv  ^DIR_TEMP^/GI/GI_SOS.D",
    "DaysKeepActive": "1",
    "SubApplication": "UPCR1",
    "FileName": "PRLODSTWS1_1#GI_GI_SOS_CPD.cmd",
    "Host": "CTMAG",
    "CreatedBy": "emuser",
    "Description": "Common Local Batch Template",
    "RunAs": "controlm",
    "Application": "ODS",
    "When": {
      "WeekDays": [
        "NONE"
      ],
      "Months": [
        "NONE"
      ],
      "MonthDays": [
        "NONE"
      ],
      "DaysRelation": "OR",
      "RuleBasedCalendars": {
        "Included": [
          "RC1"
        ]
      }
    },
    "eventsToWaitFor": {
      "Type": "WaitForEvents",
      "Events": [
        {
          "Event": "PRLODSTWS1_1#GI_GI_SOS_CPH-TO-PRLODSTWS1_1#GI_GI_SOS_CPD"
        }
      ]
    },
    "eventsToAdd": {
      "Type": "AddEvents",
      "Events": [
        {
          "Event": "PRLODSTWS1_1#GI_GI_SOS_CPD-TO-PRLODSTWS1_1#GI_SOS"
        }
      ]
    },
    "eventsToDelete": {
      "Type": "DeleteEvents",
      "Events": [
        {
          "Event": "PRLODSTWS1_1#GI_GI_SOS_CPH-TO-PRLODSTWS1_1#GI_GI_SOS_CPD"
        }
      ]
    }
  },
  "PRLODSTWS1_1#GI_GI_SOS_CPH": {
    "Type": "Job:EmbeddedScript",
    "Script": "/usr/bin/cp ^DIR_SOURCE^GI/RQ/CTRL/GI_SOS/GI_SOS_^END_DT_CHAR^.txt ^DIR_TEMP^/GI/GI_SOS.H",
    "DaysKeepActive": "1",
    "SubApplication": "UPCR1",
    "FileName": "PRLODSTWS1_1#GI_GI_SOS_CPH.cmd",
    "Host": "CTMAG",
    "CreatedBy": "emuser",
    "Description": "Common Local Batch Template",
    "RunAs": "controlm",
    "Application": "ODS",
    "When": {
      "WeekDays": [
        "NONE"
      ],
      "Months": [
        "NONE"
      ],
      "MonthDays": [
        "NONE"
      ],
      "DaysRelation": "OR",
      "RuleBasedCalendars": {
        "Included": [
          "RC1"
        ]
      }
    },
    "eventsToWaitFor": {
      "Type": "WaitForEvents",
      "Events": [
        {
          "Event": "PRLODSTWS1_1#GI_GI_SOS_WH-TO-PRLODSTWS1_1#GI_GI_SOS_CPH"
        }
      ]
    },
    "eventsToAdd": {
      "Type": "AddEvents",
      "Events": [
        {
          "Event": "PRLODSTWS1_1#GI_GI_SOS_CPH-TO-PRLODSTWS1_1#GI_GI_SOS_CPD"
        }
      ]
    },
    "eventsToDelete": {
      "Type": "DeleteEvents",
      "Events": [
        {
          "Event": "PRLODSTWS1_1#GI_GI_SOS_WH-TO-PRLODSTWS1_1#GI_GI_SOS_CPH"
        }
      ]
    }
  },
  "PRLODSTWS1_1#GI_GI_SOS_LD": {
    "Type": "Job:EmbeddedScript",
    "Script": "^DIR_OUTPUT_STG^GI/GI_SOS/GI_SOS.sh ^ETLUSER^  ^ETLPWD^ ^DW_HOST^ ^END_DT_CHAR^",
    "DaysKeepActive": "1",
    "SubApplication": "UPCR1",
    "FileName": "PRLODSTWS1_1#GI_GI_SOS_LD.cmd",
    "Host": "CTMAG",
    "CreatedBy": "emuser",
    "Description": "Common Local Batch Template",
    "RunAs": "controlm",
    "Application": "ODS",
    "When": {
      "WeekDays": [
        "NONE"
      ],
      "Months": [
        "NONE"
      ],
      "MonthDays": [
        "NONE"
      ],
      "DaysRelation": "OR",
      "RuleBasedCalendars": {
        "Included": [
          "RC1"
        ]
      }
    },
    "eventsToWaitFor": {
      "Type": "WaitForEvents",
      "Events": [
        {
          "Event": "PRLODSTWS1_1#GI_SOS-TO-PRLODSTWS1_1#GI_GI_SOS_LD"
        }
      ]
    },
    "eventsToAdd": {
      "Type": "AddEvents",
      "Events": [
        {
          "Event": "PRLODSTWS1_1#GI_GI_SOS_LD-TO-PRLODSTWS1_1#O_GI_GI_SOS"
        }
      ]
    },
    "eventsToDelete": {
      "Type": "DeleteEvents",
      "Events": [
        {
          "Event": "PRLODSTWS1_1#GI_SOS-TO-PRLODSTWS1_1#GI_GI_SOS_LD"
        }
      ]
    }
  },
  "PRLODSTWS1_1#GI_GI_SOS_RMD": {
    "Type": "Job:EmbeddedScript",
    "Script": "/usr/bin/rm ^DIR_SOURCE^GI/RQ/DATA/GI_SOS/GI_SOS_^END_DT_CHAR^.csv",
    "DaysKeepActive": "1",
    "SubApplication": "UPCR1",
    "FileName": "PRLODSTWS1_1#GI_GI_SOS_RMD.cmd",
    "Host": "CTMAG",
    "CreatedBy": "emuser",
    "Description": "Common Local Batch Template",
    "RunAs": "controlm",
    "Application": "ODS",
    "When": {
      "WeekDays": [
        "NONE"
      ],
      "Months": [
        "NONE"
      ],
      "MonthDays": [
        "NONE"
      ],
      "DaysRelation": "OR",
      "RuleBasedCalendars": {
        "Included": [
          "RC1"
        ]
      }
    },
    "eventsToWaitFor": {
      "Type": "WaitForEvents",
      "Events": [
        {
          "Event": "PRLODSTWS1_1#GI_GI_SOS_RMH-TO-PRLODSTWS1_1#GI_GI_SOS_RMD"
        }
      ]
    },
    "eventsToDelete": {
      "Type": "DeleteEvents",
      "Events": [
        {
          "Event": "PRLODSTWS1_1#GI_GI_SOS_RMH-TO-PRLODSTWS1_1#GI_GI_SOS_RMD"
        }
      ]
    }
  }
  }
}
