{
  "PRLODSTWS1_1#I_RPT_SC_1": {
  "Type":  "Folder",
  "ControlmServer": "CTM",
  "Description": "== Conversion Messages Start ==\\n\\nMessage ID\\t: INF6107 (188-338)\\n\\nMessage ID\\t: INF6104 (189-338)\\n\\n== Conversion Messages End ==\\n",
  "OrderMethod": "Manual",
  "SubApplication": "UPCR1",
  "CreatedBy": "emuser",
  "Application": "ODS",
  "When": {
    "RuleBasedCalendars": {
      "Included": [
        "RC1"
      ],
      "RC1": {
        "Type": "Calendar:RuleBased",
        "When": {
          "MonthDaysCalendar": "RCG-D-NAT",
          "DaysRelation": "OR",
          "DaysKeepActive": "01",
          "WeekDays": [
            "NONE"
          ],
          "MonthDays": [
            "NONE"
          ]
        }
      }
    }
  },
  "PRLODSTWS1_1#SC_JOB_PARAM": {
    "Type": "Job:Database:StoredProcedure",
    "ConnectionProfile": "UPCR1",
    "StoredProcedure": "SC_JOB_PARAM_SP",
    "Schema": "SQLEXT",
    "DaysKeepActive": "1",
    "SubApplication": "UPCR1",
    "Host": "CTMAG",
    "CreatedBy": "emuser",
    "Description": "== Conversion Messages Start ==\\n\\nMessage ID\\t: WRN6031 (187-339)\\n\\n== Conversion Messages End ==\\nAdded by composer.",
    "RunAs": "controlm",
    "Application": "ODS",
    "When": {
      "WeekDays": [
        "NONE"
      ],
      "Months": [
        "NONE"
      ],
      "MonthDays": [
        "NONE"
      ],
      "DaysRelation": "OR",
      "RuleBasedCalendars": {
        "Included": [
          "RC1"
        ]
      }
    },
    "eventsToWaitFor": {
      "Type": "WaitForEvents",
      "Events": [
        {
          "Event": "PRLODSTWS1_1#SYS_STS_STG-TO-PRLODSTWS1_1#SC_JOB_PARAM"
        }
      ]
    },
    "eventsToAdd": {
      "Type": "AddEvents",
      "Events": [
        {
          "Event": "PRLODSTWS1_1#SC_JOB_PARAM-TO-PRLODSTWS1_1#SC_6000_PARAM"
        },
        {
          "Event": "PRLODSTWS1_1#SC_JOB_PARAM-TO-PRLODSTWS1_1#SC_6010_PARAM"
        },
        {
          "Event": "PRLODSTWS1_1#SC_JOB_PARAM-TO-PRLODSTWS1_1#SC_6020_PARAM"
        },
        {
          "Event": "PRLODSTWS1_1#SC_JOB_PARAM-TO-PRLODSTWS1_1#SC_6050_PARAM"
        },
        {
          "Event": "PRLODSTWS1_1#SC_JOB_PARAM-TO-PRLODSTWS1_1#SC_3410_PARAM"
        },
        {
          "Event": "PRLODSTWS1_1#SC_JOB_PARAM-TO-PRLODSTWS1_1#SC_7000_PARAM"
        },
        {
          "Event": "PRLODSTWS1_1#SC_JOB_PARAM-TO-PRLODSTWS1_1#SC_7001_PARAM"
        },
        {
          "Event": "PRLODSTWS1_1#SC_JOB_PARAM-TO-PRLODSTWS1_1#SC_6140_PARAM"
        },
        {
          "Event": "PRLODSTWS1_1#SC_JOB_PARAM-TO-PRLODSTWS1_1#SC_6150_PARAM"
        },
        {
          "Event": "PRLODSTWS1_1#SC_JOB_PARAM-TO-PRLODSTWS1_1#SC_6170_PARAM"
        },
        {
          "Event": "PRLODSTWS1_1#SC_JOB_PARAM-TO-PRLODSTWS1_1#SC_6180_PARAM"
        },
        {
          "Event": "PRLODSTWS1_1#SC_JOB_PARAM-TO-PRLODSTWS1_1#SC_6200_PARAM"
        },
        {
          "Event": "PRLODSTWS1_1#SC_JOB_PARAM-TO-PRLODSTWS1_1#SC_6201_PARAM"
        },
        {
          "Event": "PRLODSTWS1_1#SC_JOB_PARAM-TO-PRLODSTWS1_1#SC_6211_PARAM"
        },
        {
          "Event": "PRLODSTWS1_1#SC_JOB_PARAM-TO-PRLODSTWS1_1#SC_6210_PARAM"
        },
        {
          "Event": "PRLODSTWS1_1#SC_JOB_PARAM-TO-PRLODSTWS1_1#SC_6230_PARAM"
        },
        {
          "Event": "PRLODSTWS1_1#SC_JOB_PARAM-TO-PRLODSTWS1_1#SC_6231_PARAM"
        },
        {
          "Event": "PRLODSTWS1_1#SC_JOB_PARAM-TO-PRLODSTWS1_1#SC_6310_PARAM"
        },
        {
          "Event": "PRLODSTWS1_1#SC_JOB_PARAM-TO-PRLODSTWS1_1#SC_6311_PARAM"
        },
        {
          "Event": "PRLODSTWS1_1#SC_JOB_PARAM-TO-PRLODSTWS1_1#SC_6570_PARAM"
        },
        {
          "Event": "PRLODSTWS1_1#SC_JOB_PARAM-TO-PRLODSTWS1_1#SC_6500_PARAM"
        },
        {
          "Event": "PRLODSTWS1_1#SC_JOB_PARAM-TO-PRLODSTWS1_1#SC_6510_PARAM"
        },
        {
          "Event": "PRLODSTWS1_1#SC_JOB_PARAM-TO-PRLODSTWS1_1#SC_6520_PARAM"
        },
        {
          "Event": "PRLODSTWS1_1#SC_JOB_PARAM-TO-PRLODSTWS1_1#SC_6530_PARAM"
        },
        {
          "Event": "PRLODSTWS1_1#SC_JOB_PARAM-TO-PRLODSTWS1_1#SC_6531_PARAM"
        },
        {
          "Event": "PRLODSTWS1_1#SC_JOB_PARAM-TO-PRLODSTWS1_1#SC_6380_PARAM"
        },
        {
          "Event": "PRLODSTWS1_1#SC_JOB_PARAM-TO-PRLODSTWS1_1#SC_6400_PARAM"
        },
        {
          "Event": "PRLODSTWS1_1#SC_JOB_PARAM-TO-PRLODSTWS1_1#SC_6430_PARAM"
        },
        {
          "Event": "PRLODSTWS1_1#SC_JOB_PARAM-TO-PRLODSTWS1_1#SC_6431_PARAM"
        },
        {
          "Event": "PRLODSTWS1_1#SC_JOB_PARAM-TO-PRLODSTWS1_1#SC_6432_PARAM"
        },
        {
          "Event": "PRLODSTWS1_1#SC_JOB_PARAM-TO-PRLODSTWS1_1#SC_6433_PARAM"
        },
        {
          "Event": "PRLODSTWS1_1#SC_JOB_PARAM-TO-PRLODSTWS1_1#SC_6474_PARAM"
        },
        {
          "Event": "PRLODSTWS1_1#SC_JOB_PARAM-TO-PRLODSTWS1_1#SC_6475_PARAM"
        },
        {
          "Event": "PRLODSTWS1_1#SC_JOB_PARAM-TO-PRLODSTWS1_1#SC_6730_PARAM"
        },
        {
          "Event": "PRLODSTWS1_1#SC_JOB_PARAM-TO-PRLODSTWS1_1#SC_6490_PARAM"
        },
        {
          "Event": "PRLODSTWS1_1#SC_JOB_PARAM-TO-PRLODSTWS1_1#SC_6100_PARAM"
        },
        {
          "Event": "PRLODSTWS1_1#SC_JOB_PARAM-TO-PRLODSTWS1_1#SC_6390_PARAM"
        },
        {
          "Event": "PRLODSTWS1_1#SC_JOB_PARAM-TO-PRLODSTWS1_1#SC_6860_PARAM"
        },
        {
          "Event": "PRLODSTWS1_1#SC_JOB_PARAM-TO-PRLODSTWS1_1#SC_6800_PARAM"
        },
        {
          "Event": "PRLODSTWS1_1#SC_JOB_PARAM-TO-PRLODSTWS1_1#SC_6370_PARAM"
        },
        {
          "Event": "PRLODSTWS1_1#SC_JOB_PARAM-TO-PRLODSTWS1_1#SC_6870_PARAM"
        }
      ]
    },
    "eventsToDelete": {
      "Type": "DeleteEvents",
      "Events": [
        {
          "Event": "PRLODSTWS1_1#SYS_STS_STG-TO-PRLODSTWS1_1#SC_JOB_PARAM"
        }
      ]
    }
  },
  "eventsToAdd": {
    "Type": "AddEvents",
    "Events": [
      {
        "Event": "PRLODSTWS1_1#I_RPT_SC_1-TO-PRLODSTWS1_1#BDS_STS_RPT_SC"
      }
    ]
  }
  }
}
