{
  "PRLODSTWS1_1#D_RPT_FIN_M60": {
  "Type":  "Folder",
  "ControlmServer": "CTM",
  "Description": "== Conversion Messages Start ==\\n\\nMessage ID\\t: INF6107 (2977-5204)\\n\\nMessage ID\\t: INF6104 (2978-5204)\\n\\n== Conversion Messages End ==\\n",
  "OrderMethod": "Manual",
  "SubApplication": "UPCR1",
  "CreatedBy": "emuser",
  "Application": "ODS",
  "When": {
    "RuleBasedCalendars": {
      "Included": [
        "RC1"
      ],
      "RC1": {
        "Type": "Calendar:RuleBased",
        "When": {
          "MonthDaysCalendar": "RCG-D-NAT",
          "DaysRelation": "OR",
          "DaysKeepActive": "01",
          "WeekDays": [
            "NONE"
          ],
          "MonthDays": [
            "NONE"
          ]
        }
      }
    }
  },
  "PRLODSTWS1_1#FIN_1040_PARAM": {
    "Type": "Job:Database:StoredProcedure",
    "ConnectionProfile": "UPCR1",
    "StoredProcedure": "FIN_1040_PARAM_SP",
    "Schema": "SQLEXT",
    "DaysKeepActive": "1",
    "SubApplication": "UPCR1",
    "Host": "CTMAG",
    "CreatedBy": "emuser",
    "Description": "== Conversion Messages Start ==\\n\\nMessage ID\\t: WRN6031 (2973-5205)\\n\\n== Conversion Messages End ==\\nAdded by composer.",
    "RunAs": "controlm",
    "Application": "ODS",
    "When": {
      "WeekDays": [
        "NONE"
      ],
      "Months": [
        "NONE"
      ],
      "MonthDays": [
        "NONE"
      ],
      "DaysRelation": "OR",
      "RuleBasedCalendars": {
        "Included": [
          "RC1"
        ]
      }
    },
    "eventsToWaitFor": {
      "Type": "WaitForEvents",
      "Events": [
        {
          "Event": "PRLODSTWS1_1#FIN_1040_11G-TO-PRLODSTWS1_1#FIN_1040_PARAM_1"
        },
        {
          "Event": "PRLODSTWS1_1#FIN_JOB_PARAM-TO-PRLODSTWS1_1#FIN_1040_PARAM"
        }
      ]
    },
    "eventsToAdd": {
      "Type": "AddEvents",
      "Events": [
        {
          "Event": "PRLODSTWS1_1#FIN_1040_PARAM-TO-PRLODSTWS1_1#FIN_1040_CR_1"
        }
      ]
    },
    "eventsToDelete": {
      "Type": "DeleteEvents",
      "Events": [
        {
          "Event": "PRLODSTWS1_1#FIN_1040_11G-TO-PRLODSTWS1_1#FIN_1040_PARAM_1"
        },
        {
          "Event": "PRLODSTWS1_1#FIN_JOB_PARAM-TO-PRLODSTWS1_1#FIN_1040_PARAM"
        }
      ]
    }
  },
  "PRLODSTWS1_1#FIN_1040_CR": {
    "Type": "Job:Command",
    "DaysKeepActive": "1",
    "SubApplication": "UPCR1",
    "Host": "CTMAG",
    "CreatedBy": "emuser",
    "Description": "generate the report file for batch",
    "RunAs": "controlm",
    "Application": "ODS",
    "Command": "/home/tws/ods_batch_home/esp.batch.scripts/gen.report.sh D_RPT_FIN ${tws.job.name} %%\\\\global\\END_DT_CHAR.",
    "When": {
      "WeekDays": [
        "NONE"
      ],
      "Months": [
        "NONE"
      ],
      "MonthDays": [
        "NONE"
      ],
      "DaysRelation": "OR",
      "RuleBasedCalendars": {
        "Included": [
          "RC1"
        ]
      }
    },
    "eventsToWaitFor": {
      "Type": "WaitForEvents",
      "Events": [
        {
          "Event": "PRLODSTWS1_1#FIN_1040_PARAM-TO-PRLODSTWS1_1#FIN_1040_CR_1"
        }
      ]
    },
    "eventsToAdd": {
      "Type": "AddEvents",
      "Events": [
        {
          "Event": "PRLODSTWS1_1#FIN_1040_CR-TO-PRLODSTWS1_1#FIN_1040_CF_1"
        }
      ]
    },
    "eventsToDelete": {
      "Type": "DeleteEvents",
      "Events": [
        {
          "Event": "PRLODSTWS1_1#FIN_1040_PARAM-TO-PRLODSTWS1_1#FIN_1040_CR_1"
        }
      ]
    }
  },
  "PRLODSTWS1_1#FIN_1060_CF": {
    "Type": "Job:Command",
    "DaysKeepActive": "1",
    "SubApplication": "UPCR1",
    "Host": "CTMAG",
    "CreatedBy": "emuser",
    "Description": "archiving file for batch",
    "RunAs": "controlm",
    "Application": "ODS",
    "Command": "/home/tws/ods_batch_home/esp.batch.scripts/archiving.file.sh D_RPT_FIN ${tws.job.name} %%\\\\global\\END_DT_CHAR.",
    "When": {
      "WeekDays": [
        "NONE"
      ],
      "Months": [
        "NONE"
      ],
      "MonthDays": [
        "NONE"
      ],
      "DaysRelation": "OR",
      "RuleBasedCalendars": {
        "Included": [
          "RC1"
        ]
      }
    },
    "eventsToWaitFor": {
      "Type": "WaitForEvents",
      "Events": [
        {
          "Event": "PRLODSTWS1_1#FIN_1060_CR-TO-PRLODSTWS1_1#FIN_1060_CF_1"
        }
      ]
    },
    "eventsToDelete": {
      "Type": "DeleteEvents",
      "Events": [
        {
          "Event": "PRLODSTWS1_1#FIN_1060_CR-TO-PRLODSTWS1_1#FIN_1060_CF_1"
        }
      ]
    }
  },
  "PRLODSTWS1_1#FIN_1040_CF": {
    "Type": "Job:Command",
    "DaysKeepActive": "1",
    "SubApplication": "UPCR1",
    "Host": "CTMAG",
    "CreatedBy": "emuser",
    "Description": "archiving file for batch",
    "RunAs": "controlm",
    "Application": "ODS",
    "Command": "/home/tws/ods_batch_home/esp.batch.scripts/archiving.file.sh D_RPT_FIN ${tws.job.name} %%\\\\global\\END_DT_CHAR.",
    "When": {
      "WeekDays": [
        "NONE"
      ],
      "Months": [
        "NONE"
      ],
      "MonthDays": [
        "NONE"
      ],
      "DaysRelation": "OR",
      "RuleBasedCalendars": {
        "Included": [
          "RC1"
        ]
      }
    },
    "eventsToWaitFor": {
      "Type": "WaitForEvents",
      "Events": [
        {
          "Event": "PRLODSTWS1_1#FIN_1040_CR-TO-PRLODSTWS1_1#FIN_1040_CF_1"
        }
      ]
    },
    "eventsToDelete": {
      "Type": "DeleteEvents",
      "Events": [
        {
          "Event": "PRLODSTWS1_1#FIN_1040_CR-TO-PRLODSTWS1_1#FIN_1040_CF_1"
        }
      ]
    }
  },
  "PRLODSTWS1_1#FIN_1040_11G": {
    "Type": "Job:Database:StoredProcedure",
    "ConnectionProfile": "UPCR1",
    "StoredProcedure": "FIN_1040_11G_SP",
    "Schema": "SQLEXT",
    "DaysKeepActive": "1",
    "SubApplication": "UPCR1",
    "Host": "CTMAG",
    "CreatedBy": "emuser",
    "Description": "== Conversion Messages Start ==\\n\\nMessage ID\\t: WRN6031 (2974-5209)\\n\\n== Conversion Messages End ==\\nAdded by composer.",
    "RunAs": "controlm",
    "Application": "ODS",
    "When": {
      "WeekDays": [
        "NONE"
      ],
      "Months": [
        "NONE"
      ],
      "MonthDays": [
        "NONE"
      ],
      "DaysRelation": "OR",
      "RuleBasedCalendars": {
        "Included": [
          "RC1"
        ]
      }
    },
    "eventsToWaitFor": {
      "Type": "WaitForEvents",
      "Events": [
        {
          "Event": "PRLODSTWS1_1#O_TRANS_QUERY_DETAIL-TO-PRLODSTWS1_1#FIN_1040_11G"
        },
        {
          "Event": "PRLODSTWS1_1#O_PREM_ARAP-TO-PRLODSTWS1_1#FIN_1040_11G"
        },
        {
          "Event": "PRLODSTWS1_1#FIN_0450_11G-TO-PRLODSTWS1_1#FIN_1040_11G"
        },
        {
          "Event": "PRLODSTWS1_1#FIN_REF_FEE_AC_TYPE-TO-PRLODSTWS1_1#FIN_1040_11G"
        }
      ]
    },
    "eventsToAdd": {
      "Type": "AddEvents",
      "Events": [
        {
          "Event": "PRLODSTWS1_1#FIN_1040_11G-TO-PRLODSTWS1_1#FIN_1040_PARAM_1"
        }
      ]
    },
    "eventsToDelete": {
      "Type": "DeleteEvents",
      "Events": [
        {
          "Event": "PRLODSTWS1_1#O_TRANS_QUERY_DETAIL-TO-PRLODSTWS1_1#FIN_1040_11G"
        },
        {
          "Event": "PRLODSTWS1_1#O_PREM_ARAP-TO-PRLODSTWS1_1#FIN_1040_11G"
        },
        {
          "Event": "PRLODSTWS1_1#FIN_0450_11G-TO-PRLODSTWS1_1#FIN_1040_11G"
        },
        {
          "Event": "PRLODSTWS1_1#FIN_REF_FEE_AC_TYPE-TO-PRLODSTWS1_1#FIN_1040_11G"
        }
      ]
    }
  },
  "PRLODSTWS1_1#FIN_1060_CR": {
    "Type": "Job:Command",
    "DaysKeepActive": "1",
    "SubApplication": "UPCR1",
    "Host": "CTMAG",
    "CreatedBy": "emuser",
    "Description": "generate the report file for batch",
    "RunAs": "controlm",
    "Application": "ODS",
    "Command": "/home/tws/ods_batch_home/esp.batch.scripts/gen.report.sh D_RPT_FIN ${tws.job.name} %%\\\\global\\END_DT_CHAR.",
    "When": {
      "WeekDays": [
        "NONE"
      ],
      "Months": [
        "NONE"
      ],
      "MonthDays": [
        "NONE"
      ],
      "DaysRelation": "OR",
      "RuleBasedCalendars": {
        "Included": [
          "RC1"
        ]
      }
    },
    "eventsToWaitFor": {
      "Type": "WaitForEvents",
      "Events": [
        {
          "Event": "PRLODSTWS1_1#FIN_1060_PARAM-TO-PRLODSTWS1_1#FIN_1060_CR_1"
        }
      ]
    },
    "eventsToAdd": {
      "Type": "AddEvents",
      "Events": [
        {
          "Event": "PRLODSTWS1_1#FIN_1060_CR-TO-PRLODSTWS1_1#FIN_1060_CF_1"
        }
      ]
    },
    "eventsToDelete": {
      "Type": "DeleteEvents",
      "Events": [
        {
          "Event": "PRLODSTWS1_1#FIN_1060_PARAM-TO-PRLODSTWS1_1#FIN_1060_CR_1"
        }
      ]
    }
  },
  "PRLODSTWS1_1#FIN_1060_PARAM": {
    "Type": "Job:Database:StoredProcedure",
    "ConnectionProfile": "UPCR1",
    "StoredProcedure": "FIN_1060_PARAM_SP",
    "Schema": "SQLEXT",
    "DaysKeepActive": "1",
    "SubApplication": "UPCR1",
    "Host": "CTMAG",
    "CreatedBy": "emuser",
    "Description": "== Conversion Messages Start ==\\n\\nMessage ID\\t: WRN6031 (2975-5211)\\n\\n== Conversion Messages End ==\\nAdded by composer.",
    "RunAs": "controlm",
    "Application": "ODS",
    "When": {
      "WeekDays": [
        "NONE"
      ],
      "Months": [
        "NONE"
      ],
      "MonthDays": [
        "NONE"
      ],
      "DaysRelation": "OR",
      "RuleBasedCalendars": {
        "Included": [
          "RC1"
        ]
      }
    },
    "eventsToWaitFor": {
      "Type": "WaitForEvents",
      "Events": [
        {
          "Event": "PRLODSTWS1_1#FIN_1060_11G-TO-PRLODSTWS1_1#FIN_1060_PARAM_1"
        },
        {
          "Event": "PRLODSTWS1_1#FIN_JOB_PARAM-TO-PRLODSTWS1_1#FIN_1060_PARAM"
        }
      ]
    },
    "eventsToAdd": {
      "Type": "AddEvents",
      "Events": [
        {
          "Event": "PRLODSTWS1_1#FIN_1060_PARAM-TO-PRLODSTWS1_1#FIN_1060_CR_1"
        }
      ]
    },
    "eventsToDelete": {
      "Type": "DeleteEvents",
      "Events": [
        {
          "Event": "PRLODSTWS1_1#FIN_1060_11G-TO-PRLODSTWS1_1#FIN_1060_PARAM_1"
        },
        {
          "Event": "PRLODSTWS1_1#FIN_JOB_PARAM-TO-PRLODSTWS1_1#FIN_1060_PARAM"
        }
      ]
    }
  },
  "PRLODSTWS1_1#FIN_1060_11G": {
    "Type": "Job:Database:StoredProcedure",
    "ConnectionProfile": "UPCR1",
    "StoredProcedure": "FIN_1060_11G_SP",
    "Schema": "SQLEXT",
    "DaysKeepActive": "1",
    "SubApplication": "UPCR1",
    "Host": "CTMAG",
    "CreatedBy": "emuser",
    "Description": "== Conversion Messages Start ==\\n\\nMessage ID\\t: WRN6031 (2976-5212)\\n\\n== Conversion Messages End ==\\nAdded by composer.",
    "RunAs": "controlm",
    "Application": "ODS",
    "When": {
      "WeekDays": [
        "NONE"
      ],
      "Months": [
        "NONE"
      ],
      "MonthDays": [
        "NONE"
      ],
      "DaysRelation": "OR",
      "RuleBasedCalendars": {
        "Included": [
          "RC1"
        ]
      }
    },
    "eventsToWaitFor": {
      "Type": "WaitForEvents",
      "Events": [
        {
          "Event": "PRLODSTWS1_1#FIN_0430_11G-TO-PRLODSTWS1_1#FIN_1060_11G_1"
        },
        {
          "Event": "PRLODSTWS1_1#FIN_REF_FEE_AC_TYPE-TO-PRLODSTWS1_1#FIN_1060_11G"
        }
      ]
    },
    "eventsToAdd": {
      "Type": "AddEvents",
      "Events": [
        {
          "Event": "PRLODSTWS1_1#FIN_1060_11G-TO-PRLODSTWS1_1#FIN_1060_PARAM_1"
        }
      ]
    },
    "eventsToDelete": {
      "Type": "DeleteEvents",
      "Events": [
        {
          "Event": "PRLODSTWS1_1#FIN_0430_11G-TO-PRLODSTWS1_1#FIN_1060_11G_1"
        },
        {
          "Event": "PRLODSTWS1_1#FIN_REF_FEE_AC_TYPE-TO-PRLODSTWS1_1#FIN_1060_11G"
        }
      ]
    }
  },
  "eventsToAdd": {
    "Type": "AddEvents",
    "Events": [
      {
        "Event": "PRLODSTWS1_1#D_RPT_FIN_M60-TO-PRLODSTWS1_1#BDS_STS_RPT_FIN"
      }
    ]
  }
  }
}
