{
  "PRLODSTWS1_1#I_RPT_PA": {
  "Type":  "Folder",
  "ControlmServer": "CTM",
  "Description": "== Conversion Messages Start ==\\n\\nMessage ID\\t: INF6107 (3588-6304)\\n\\nMessage ID\\t: INF6104 (3589-6304)\\n\\n== Conversion Messages End ==\\n",
  "OrderMethod": "Manual",
  "SubApplication": "UPCR1",
  "CreatedBy": "emuser",
  "Application": "ODS",
  "When": {
    "RuleBasedCalendars": {
      "Included": [
        "RC1"
      ],
      "RC1": {
        "Type": "Calendar:RuleBased",
        "When": {
          "MonthDaysCalendar": "RCG-D-NAT",
          "DaysRelation": "OR",
          "DaysKeepActive": "01",
          "WeekDays": [
            "NONE"
          ],
          "MonthDays": [
            "NONE"
          ]
        }
      }
    }
  },
  "PRLODSTWS1_1#PA_0530_CFG": {
    "Type": "Job:Database:StoredProcedure",
    "ConnectionProfile": "UPCR1",
    "StoredProcedure": "PA_0530_CFG_SP",
    "Schema": "SQLEXT",
    "DaysKeepActive": "1",
    "SubApplication": "UPCR1",
    "Host": "CTMAG",
    "CreatedBy": "emuser",
    "Description": "== Conversion Messages Start ==\\n\\nMessage ID\\t: WRN6031 (3585-6305)\\n\\n== Conversion Messages End ==\\nAdded by composer.",
    "RunAs": "controlm",
    "Application": "ODS",
    "When": {
      "WeekDays": [
        "NONE"
      ],
      "Months": [
        "NONE"
      ],
      "MonthDays": [
        "NONE"
      ],
      "DaysRelation": "OR",
      "RuleBasedCalendars": {
        "Included": [
          "RC1"
        ]
      }
    },
    "eventsToWaitFor": {
      "Type": "WaitForEvents",
      "Events": [
        {
          "Event": "PRLODSTWS1_1#SYS_STS_STG-TO-PRLODSTWS1_1#PA_0530_CFG"
        }
      ]
    },
    "eventsToAdd": {
      "Type": "AddEvents",
      "Events": [
        {
          "Event": "PRLODSTWS1_1#PA_0530_CFG-TO-PRLODSTWS1_1#PA_0530_11G"
        }
      ]
    },
    "eventsToDelete": {
      "Type": "DeleteEvents",
      "Events": [
        {
          "Event": "PRLODSTWS1_1#SYS_STS_STG-TO-PRLODSTWS1_1#PA_0530_CFG"
        }
      ]
    }
  },
  "PRLODSTWS1_1#PA_REF_CODE": {
    "Type": "Job:Database:StoredProcedure",
    "ConnectionProfile": "UPCR1",
    "StoredProcedure": "PA_REF_CODE_SP",
    "Schema": "SQLEXT",
    "DaysKeepActive": "1",
    "SubApplication": "UPCR1",
    "Host": "CTMAG",
    "CreatedBy": "emuser",
    "Description": "== Conversion Messages Start ==\\n\\nMessage ID\\t: WRN6031 (3586-6306)\\n\\n== Conversion Messages End ==\\nAdded by composer.",
    "RunAs": "controlm",
    "Application": "ODS",
    "When": {
      "WeekDays": [
        "NONE"
      ],
      "Months": [
        "NONE"
      ],
      "MonthDays": [
        "NONE"
      ],
      "DaysRelation": "OR",
      "RuleBasedCalendars": {
        "Included": [
          "RC1"
        ]
      }
    },
    "eventsToWaitFor": {
      "Type": "WaitForEvents",
      "Events": [
        {
          "Event": "PRLODSTWS1_1#SYS_STS_STG-TO-PRLODSTWS1_1#PA_REF_CODE"
        }
      ]
    },
    "eventsToAdd": {
      "Type": "AddEvents",
      "Events": [
        {
          "Event": "PRLODSTWS1_1#PA_REF_CODE-TO-PRLODSTWS1_1#PA_0320_11G"
        }
      ]
    },
    "eventsToDelete": {
      "Type": "DeleteEvents",
      "Events": [
        {
          "Event": "PRLODSTWS1_1#SYS_STS_STG-TO-PRLODSTWS1_1#PA_REF_CODE"
        }
      ]
    }
  },
  "PRLODSTWS1_1#PA_JOB_PARAM": {
    "Type": "Job:Database:StoredProcedure",
    "ConnectionProfile": "UPCR1",
    "StoredProcedure": "PA_JOB_PARAM_SP",
    "Schema": "SQLEXT",
    "DaysKeepActive": "1",
    "SubApplication": "UPCR1",
    "Host": "CTMAG",
    "CreatedBy": "emuser",
    "Description": "== Conversion Messages Start ==\\n\\nMessage ID\\t: WRN6031 (3587-6307)\\n\\n== Conversion Messages End ==\\nAdded by composer.",
    "RunAs": "controlm",
    "Application": "ODS",
    "When": {
      "WeekDays": [
        "NONE"
      ],
      "Months": [
        "NONE"
      ],
      "MonthDays": [
        "NONE"
      ],
      "DaysRelation": "OR",
      "RuleBasedCalendars": {
        "Included": [
          "RC1"
        ]
      }
    },
    "eventsToWaitFor": {
      "Type": "WaitForEvents",
      "Events": [
        {
          "Event": "PRLODSTWS1_1#SYS_STS_STG-TO-PRLODSTWS1_1#PA_JOB_PARAM"
        }
      ]
    },
    "eventsToAdd": {
      "Type": "AddEvents",
      "Events": [
        {
          "Event": "PRLODSTWS1_1#PA_JOB_PARAM-TO-PRLODSTWS1_1#PA_1160_PARAM"
        },
        {
          "Event": "PRLODSTWS1_1#PA_JOB_PARAM-TO-PRLODSTWS1_1#PA_1130_PARAM"
        },
        {
          "Event": "PRLODSTWS1_1#PA_JOB_PARAM-TO-PRLODSTWS1_1#PA_1150_PARAM"
        },
        {
          "Event": "PRLODSTWS1_1#PA_JOB_PARAM-TO-PRLODSTWS1_1#PA_1180_PARAM"
        },
        {
          "Event": "PRLODSTWS1_1#PA_JOB_PARAM-TO-PRLODSTWS1_1#PA_0270_PARAM"
        },
        {
          "Event": "PRLODSTWS1_1#PA_JOB_PARAM-TO-PRLODSTWS1_1#PA_0370_PARAM"
        },
        {
          "Event": "PRLODSTWS1_1#PA_JOB_PARAM-TO-PRLODSTWS1_1#PA_1170_PARAM"
        },
        {
          "Event": "PRLODSTWS1_1#PA_JOB_PARAM-TO-PRLODSTWS1_1#PA_0400_PARAM"
        },
        {
          "Event": "PRLODSTWS1_1#PA_JOB_PARAM-TO-PRLODSTWS1_1#PA_0410_PARAM"
        },
        {
          "Event": "PRLODSTWS1_1#PA_JOB_PARAM-TO-PRLODSTWS1_1#PA_0430_PARAM"
        },
        {
          "Event": "PRLODSTWS1_1#PA_JOB_PARAM-TO-PRLODSTWS1_1#PA_0440_PARAM"
        },
        {
          "Event": "PRLODSTWS1_1#PA_JOB_PARAM-TO-PRLODSTWS1_1#PA_0450_PARAM"
        },
        {
          "Event": "PRLODSTWS1_1#PA_JOB_PARAM-TO-PRLODSTWS1_1#PA_0460_PARAM"
        },
        {
          "Event": "PRLODSTWS1_1#PA_JOB_PARAM-TO-PRLODSTWS1_1#PA_0480_PARAM"
        },
        {
          "Event": "PRLODSTWS1_1#PA_JOB_PARAM-TO-PRLODSTWS1_1#PA_0490_PARAM"
        },
        {
          "Event": "PRLODSTWS1_1#PA_JOB_PARAM-TO-PRLODSTWS1_1#PA_0510_PARAM"
        },
        {
          "Event": "PRLODSTWS1_1#PA_JOB_PARAM-TO-PRLODSTWS1_1#PA_0660_PARAM"
        },
        {
          "Event": "PRLODSTWS1_1#PA_JOB_PARAM-TO-PRLODSTWS1_1#PA_0670_PARAM"
        },
        {
          "Event": "PRLODSTWS1_1#PA_JOB_PARAM-TO-PRLODSTWS1_1#PA_0680_PARAM"
        },
        {
          "Event": "PRLODSTWS1_1#PA_JOB_PARAM-TO-PRLODSTWS1_1#PA_1120_PARAM"
        },
        {
          "Event": "PRLODSTWS1_1#PA_JOB_PARAM-TO-PRLODSTWS1_1#PA_0350_PARAM"
        },
        {
          "Event": "PRLODSTWS1_1#PA_JOB_PARAM-TO-PRLODSTWS1_1#PA_0470_PARAM"
        },
        {
          "Event": "PRLODSTWS1_1#PA_JOB_PARAM-TO-PRLODSTWS1_1#PA_0500_PARAM"
        },
        {
          "Event": "PRLODSTWS1_1#PA_JOB_PARAM-TO-PRLODSTWS1_1#PA_0563_PARAM"
        },
        {
          "Event": "PRLODSTWS1_1#PA_JOB_PARAM-TO-PRLODSTWS1_1#PA_0560_PARAM"
        },
        {
          "Event": "PRLODSTWS1_1#PA_JOB_PARAM-TO-PRLODSTWS1_1#PA_0600_PARAM"
        },
        {
          "Event": "PRLODSTWS1_1#PA_JOB_PARAM-TO-PRLODSTWS1_1#PA_0630_PARAM"
        },
        {
          "Event": "PRLODSTWS1_1#PA_JOB_PARAM-TO-PRLODSTWS1_1#PA_0640_PARAM"
        },
        {
          "Event": "PRLODSTWS1_1#PA_JOB_PARAM-TO-PRLODSTWS1_1#PA_0650_PARAM"
        },
        {
          "Event": "PRLODSTWS1_1#PA_JOB_PARAM-TO-PRLODSTWS1_1#PA_0700_PARAM"
        },
        {
          "Event": "PRLODSTWS1_1#PA_JOB_PARAM-TO-PRLODSTWS1_1#PA_0720_PARAM"
        },
        {
          "Event": "PRLODSTWS1_1#PA_JOB_PARAM-TO-PRLODSTWS1_1#PA_1724_PARAM"
        },
        {
          "Event": "PRLODSTWS1_1#PA_JOB_PARAM-TO-PRLODSTWS1_1#PA_1090_PARAM"
        },
        {
          "Event": "PRLODSTWS1_1#PA_JOB_PARAM-TO-PRLODSTWS1_1#PA_0550_PARAM"
        },
        {
          "Event": "PRLODSTWS1_1#PA_JOB_PARAM-TO-PRLODSTWS1_1#PA_0590_PARAM"
        },
        {
          "Event": "PRLODSTWS1_1#PA_JOB_PARAM-TO-PRLODSTWS1_1#PA_0390_PARAM"
        },
        {
          "Event": "PRLODSTWS1_1#PA_JOB_PARAM-TO-PRLODSTWS1_1#PA_0530_PARAM"
        },
        {
          "Event": "PRLODSTWS1_1#PA_JOB_PARAM-TO-PRLODSTWS1_1#PA_0360_PARAM"
        },
        {
          "Event": "PRLODSTWS1_1#PA_JOB_PARAM-TO-PRLODSTWS1_1#PA_0380_PARAM"
        },
        {
          "Event": "PRLODSTWS1_1#PA_JOB_PARAM-TO-PRLODSTWS1_1#PA_0520_PARAM"
        },
        {
          "Event": "PRLODSTWS1_1#PA_JOB_PARAM-TO-PRLODSTWS1_1#PA_0610_PARAM"
        },
        {
          "Event": "PRLODSTWS1_1#PA_JOB_PARAM-TO-PRLODSTWS1_1#PA_0620_PARAM"
        },
        {
          "Event": "PRLODSTWS1_1#PA_JOB_PARAM-TO-PRLODSTWS1_1#PA_0690_PARAM"
        },
        {
          "Event": "PRLODSTWS1_1#PA_JOB_PARAM-TO-PRLODSTWS1_1#PA_1100_PARAM"
        }
      ]
    },
    "eventsToDelete": {
      "Type": "DeleteEvents",
      "Events": [
        {
          "Event": "PRLODSTWS1_1#SYS_STS_STG-TO-PRLODSTWS1_1#PA_JOB_PARAM"
        }
      ]
    }
  },
  "eventsToAdd": {
    "Type": "AddEvents",
    "Events": [
      {
        "Event": "PRLODSTWS1_1#I_RPT_PA-TO-PRLODSTWS1_1#BDS_STS_RPT_PA"
      }
    ]
  }
  }
}
