{
  "PRLODSTWS1_1#D_RPT_SC_3": {
  "Type":  "Folder",
  "ControlmServer": "CTM",
  "Description": "== Conversion Messages Start ==\\n\\nMessage ID\\t: INF6107 (265-447)\\n\\nMessage ID\\t: INF6104 (266-447)\\n\\n== Conversion Messages End ==\\n",
  "OrderMethod": "Manual",
  "SubApplication": "UPCR1",
  "CreatedBy": "emuser",
  "Application": "ODS",
  "When": {
    "RuleBasedCalendars": {
      "Included": [
        "RC1"
      ],
      "RC1": {
        "Type": "Calendar:RuleBased",
        "When": {
          "MonthDaysCalendar": "RCG-D-NAT",
          "DaysRelation": "OR",
          "DaysKeepActive": "01",
          "WeekDays": [
            "NONE"
          ],
          "MonthDays": [
            "NONE"
          ]
        }
      }
    }
  },
  "PRLODSTWS1_1#SC_6311_PARAM": {
    "Type": "Job:Database:StoredProcedure",
    "ConnectionProfile": "UPCR1",
    "StoredProcedure": "SC_6311_PARAM_SP",
    "Schema": "SQLEXT",
    "DaysKeepActive": "1",
    "SubApplication": "UPCR1",
    "Host": "CTMAG",
    "CreatedBy": "emuser",
    "Description": "== Conversion Messages Start ==\\n\\nMessage ID\\t: WRN6031 (260-448)\\n\\n== Conversion Messages End ==\\nAdded by composer.",
    "RunAs": "controlm",
    "Application": "ODS",
    "When": {
      "WeekDays": [
        "NONE"
      ],
      "Months": [
        "NONE"
      ],
      "MonthDays": [
        "NONE"
      ],
      "DaysRelation": "OR",
      "RuleBasedCalendars": {
        "Included": [
          "RC1"
        ]
      }
    },
    "eventsToWaitFor": {
      "Type": "WaitForEvents",
      "Events": [
        {
          "Event": "PRLODSTWS1_1#SC_6311_11G-TO-PRLODSTWS1_1#SC_6311_PARAM"
        },
        {
          "Event": "PRLODSTWS1_1#SC_JOB_PARAM-TO-PRLODSTWS1_1#SC_6311_PARAM"
        }
      ]
    },
    "eventsToAdd": {
      "Type": "AddEvents",
      "Events": [
        {
          "Event": "PRLODSTWS1_1#SC_6311_PARAM-TO-PRLODSTWS1_1#SC_6311_CR"
        }
      ]
    },
    "eventsToDelete": {
      "Type": "DeleteEvents",
      "Events": [
        {
          "Event": "PRLODSTWS1_1#SC_6311_11G-TO-PRLODSTWS1_1#SC_6311_PARAM"
        },
        {
          "Event": "PRLODSTWS1_1#SC_JOB_PARAM-TO-PRLODSTWS1_1#SC_6311_PARAM"
        }
      ]
    }
  },
  "PRLODSTWS1_1#SC_6310_CF": {
    "Type": "Job:Command",
    "DaysKeepActive": "1",
    "SubApplication": "UPCR1",
    "Host": "CTMAG",
    "CreatedBy": "emuser",
    "Description": "archiving file for batch",
    "RunAs": "controlm",
    "Application": "ODS",
    "Command": "/home/tws/ods_batch_home/esp.batch.scripts/archiving.file.sh D_RPT_SC ${tws.job.name} %%\\\\global\\END_DT_CHAR.",
    "When": {
      "WeekDays": [
        "NONE"
      ],
      "Months": [
        "NONE"
      ],
      "MonthDays": [
        "NONE"
      ],
      "DaysRelation": "OR",
      "RuleBasedCalendars": {
        "Included": [
          "RC1"
        ]
      }
    },
    "eventsToWaitFor": {
      "Type": "WaitForEvents",
      "Events": [
        {
          "Event": "PRLODSTWS1_1#SC_6310_CR-TO-PRLODSTWS1_1#SC_6310_CF"
        }
      ]
    },
    "eventsToDelete": {
      "Type": "DeleteEvents",
      "Events": [
        {
          "Event": "PRLODSTWS1_1#SC_6310_CR-TO-PRLODSTWS1_1#SC_6310_CF"
        }
      ]
    }
  },
  "PRLODSTWS1_1#SC_6311_CF": {
    "Type": "Job:Command",
    "DaysKeepActive": "1",
    "SubApplication": "UPCR1",
    "Host": "CTMAG",
    "CreatedBy": "emuser",
    "Description": "archiving file for batch",
    "RunAs": "controlm",
    "Application": "ODS",
    "Command": "/home/tws/ods_batch_home/esp.batch.scripts/archiving.file.sh D_RPT_SC ${tws.job.name} %%\\\\global\\END_DT_CHAR.",
    "When": {
      "WeekDays": [
        "NONE"
      ],
      "Months": [
        "NONE"
      ],
      "MonthDays": [
        "NONE"
      ],
      "DaysRelation": "OR",
      "RuleBasedCalendars": {
        "Included": [
          "RC1"
        ]
      }
    },
    "eventsToWaitFor": {
      "Type": "WaitForEvents",
      "Events": [
        {
          "Event": "PRLODSTWS1_1#SC_6311_CR-TO-PRLODSTWS1_1#SC_6311_CF"
        }
      ]
    },
    "eventsToDelete": {
      "Type": "DeleteEvents",
      "Events": [
        {
          "Event": "PRLODSTWS1_1#SC_6311_CR-TO-PRLODSTWS1_1#SC_6311_CF"
        }
      ]
    }
  },
  "PRLODSTWS1_1#SC_6310_PARAM": {
    "Type": "Job:Database:StoredProcedure",
    "ConnectionProfile": "UPCR1",
    "StoredProcedure": "SC_6310_PARAM_SP",
    "Schema": "SQLEXT",
    "DaysKeepActive": "1",
    "SubApplication": "UPCR1",
    "Host": "CTMAG",
    "CreatedBy": "emuser",
    "Description": "== Conversion Messages Start ==\\n\\nMessage ID\\t: WRN6031 (261-451)\\n\\n== Conversion Messages End ==\\nAdded by composer.",
    "RunAs": "controlm",
    "Application": "ODS",
    "When": {
      "WeekDays": [
        "NONE"
      ],
      "Months": [
        "NONE"
      ],
      "MonthDays": [
        "NONE"
      ],
      "DaysRelation": "OR",
      "RuleBasedCalendars": {
        "Included": [
          "RC1"
        ]
      }
    },
    "eventsToWaitFor": {
      "Type": "WaitForEvents",
      "Events": [
        {
          "Event": "PRLODSTWS1_1#SC_6310_11G-TO-PRLODSTWS1_1#SC_6310_PARAM"
        },
        {
          "Event": "PRLODSTWS1_1#SC_JOB_PARAM-TO-PRLODSTWS1_1#SC_6310_PARAM"
        }
      ]
    },
    "eventsToAdd": {
      "Type": "AddEvents",
      "Events": [
        {
          "Event": "PRLODSTWS1_1#SC_6310_PARAM-TO-PRLODSTWS1_1#SC_6310_CR"
        }
      ]
    },
    "eventsToDelete": {
      "Type": "DeleteEvents",
      "Events": [
        {
          "Event": "PRLODSTWS1_1#SC_6310_11G-TO-PRLODSTWS1_1#SC_6310_PARAM"
        },
        {
          "Event": "PRLODSTWS1_1#SC_JOB_PARAM-TO-PRLODSTWS1_1#SC_6310_PARAM"
        }
      ]
    }
  },
  "PRLODSTWS1_1#SC_6320_11G": {
    "Type": "Job:Database:StoredProcedure",
    "ConnectionProfile": "UPCR1",
    "StoredProcedure": "SC_6320_11G_SP",
    "Schema": "SQLEXT",
    "DaysKeepActive": "1",
    "SubApplication": "UPCR1",
    "Host": "CTMAG",
    "CreatedBy": "emuser",
    "Description": "== Conversion Messages Start ==\\n\\nMessage ID\\t: WRN6031 (262-452)\\n\\n== Conversion Messages End ==\\nAdded by composer.",
    "RunAs": "controlm",
    "Application": "ODS",
    "When": {
      "WeekDays": [
        "NONE"
      ],
      "Months": [
        "NONE"
      ],
      "MonthDays": [
        "NONE"
      ],
      "DaysRelation": "OR",
      "RuleBasedCalendars": {
        "Included": [
          "RC1"
        ]
      }
    },
    "eventsToWaitFor": {
      "Type": "WaitForEvents",
      "Events": [
        {
          "Event": "PRLODSTWS1_1#OV_SC_AGENT_CATE_VCT-TO-PRLODSTWS1_1#SC_6320_11G"
        },
        {
          "Event": "PRLODSTWS1_1#O_CAPITAL_DISTRIBUTE-TO-PRLODSTWS1_1#SC_6320_11G"
        },
        {
          "Event": "PRLODSTWS1_1#O_COMM_AGGREGATION-TO-PRLODSTWS1_1#SC_6320_11G"
        },
        {
          "Event": "PRLODSTWS1_1#O_SC_APE_DETAIL-TO-PRLODSTWS1_1#SC_6320_11G"
        },
        {
          "Event": "PRLODSTWS1_1#O_CONTRACT_PROPOSAL-TO-PRLODSTWS1_1#SC_6320_11G"
        },
        {
          "Event": "PRLODSTWS1_1#SDM_PRODUCT_COMMISION-TO-PRLODSTWS1_1#SC_6320_11G"
        },
        {
          "Event": "PRLODSTWS1_1#SDM_CONTRACT_INVEST_RT-TO-PRLODSTWS1_1#SC_6320_11G"
        },
        {
          "Event": "PRLODSTWS1_1#SDM_FUND-TO-PRLODSTWS1_1#SC_6320_11G"
        },
        {
          "Event": "PRLODSTWS1_1#SDM_GL_EXCHANGE_RATE-TO-PRLODSTWS1_1#SC_6320_11G"
        },
        {
          "Event": "PRLODSTWS1_1#SDM_PERFORMANCE_PREM-TO-PRLODSTWS1_1#SC_6320_11G"
        },
        {
          "Event": "PRLODSTWS1_1#SDM_PERF_ILP_CHRG_RATE-TO-PRLODSTWS1_1#SC_6320_11G"
        },
        {
          "Event": "PRLODSTWS1_1#SDM_CHANNEL_ORG-TO-PRLODSTWS1_1#SC_6320_11G"
        },
        {
          "Event": "PRLODSTWS1_1#SDM_CONTRACT_PRODUCT-TO-PRLODSTWS1_1#SC_6320_11G"
        },
        {
          "Event": "PRLODSTWS1_1#SDM_CONTRACT_PROD_PREM-TO-PRLODSTWS1_1#SC_6320_11G"
        },
        {
          "Event": "PRLODSTWS1_1#SDM_CONTRACT_MASTER-TO-PRLODSTWS1_1#SC_6320_11G"
        },
        {
          "Event": "PRLODSTWS1_1#SDM_CONTRACT_MASTER_ATTR-TO-PRLODSTWS1_1#SC_6320_11G"
        },
        {
          "Event": "PRLODSTWS1_1#SDM_MONEY-TO-PRLODSTWS1_1#SC_6320_11G"
        },
        {
          "Event": "PRLODSTWS1_1#SDM_NB_MAIL_TO-TO-PRLODSTWS1_1#SC_6320_11G"
        },
        {
          "Event": "PRLODSTWS1_1#SDM_PLCY_PRDCR_SRVC-TO-PRLODSTWS1_1#SC_6320_11G"
        },
        {
          "Event": "PRLODSTWS1_1#SDM_UW_POLICY-TO-PRLODSTWS1_1#SC_6320_11G"
        },
        {
          "Event": "PRLODSTWS1_1#SYS_STS_STG-TO-PRLODSTWS1_1#SC_6320_11G"
        }
      ]
    },
    "eventsToDelete": {
      "Type": "DeleteEvents",
      "Events": [
        {
          "Event": "PRLODSTWS1_1#OV_SC_AGENT_CATE_VCT-TO-PRLODSTWS1_1#SC_6320_11G"
        },
        {
          "Event": "PRLODSTWS1_1#O_CAPITAL_DISTRIBUTE-TO-PRLODSTWS1_1#SC_6320_11G"
        },
        {
          "Event": "PRLODSTWS1_1#O_COMM_AGGREGATION-TO-PRLODSTWS1_1#SC_6320_11G"
        },
        {
          "Event": "PRLODSTWS1_1#O_SC_APE_DETAIL-TO-PRLODSTWS1_1#SC_6320_11G"
        },
        {
          "Event": "PRLODSTWS1_1#O_CONTRACT_PROPOSAL-TO-PRLODSTWS1_1#SC_6320_11G"
        },
        {
          "Event": "PRLODSTWS1_1#SDM_PRODUCT_COMMISION-TO-PRLODSTWS1_1#SC_6320_11G"
        },
        {
          "Event": "PRLODSTWS1_1#SDM_CONTRACT_INVEST_RT-TO-PRLODSTWS1_1#SC_6320_11G"
        },
        {
          "Event": "PRLODSTWS1_1#SDM_FUND-TO-PRLODSTWS1_1#SC_6320_11G"
        },
        {
          "Event": "PRLODSTWS1_1#SDM_GL_EXCHANGE_RATE-TO-PRLODSTWS1_1#SC_6320_11G"
        },
        {
          "Event": "PRLODSTWS1_1#SDM_PERFORMANCE_PREM-TO-PRLODSTWS1_1#SC_6320_11G"
        },
        {
          "Event": "PRLODSTWS1_1#SDM_PERF_ILP_CHRG_RATE-TO-PRLODSTWS1_1#SC_6320_11G"
        },
        {
          "Event": "PRLODSTWS1_1#SDM_CHANNEL_ORG-TO-PRLODSTWS1_1#SC_6320_11G"
        },
        {
          "Event": "PRLODSTWS1_1#SDM_CONTRACT_PRODUCT-TO-PRLODSTWS1_1#SC_6320_11G"
        },
        {
          "Event": "PRLODSTWS1_1#SDM_CONTRACT_PROD_PREM-TO-PRLODSTWS1_1#SC_6320_11G"
        },
        {
          "Event": "PRLODSTWS1_1#SDM_CONTRACT_MASTER-TO-PRLODSTWS1_1#SC_6320_11G"
        },
        {
          "Event": "PRLODSTWS1_1#SDM_CONTRACT_MASTER_ATTR-TO-PRLODSTWS1_1#SC_6320_11G"
        },
        {
          "Event": "PRLODSTWS1_1#SDM_MONEY-TO-PRLODSTWS1_1#SC_6320_11G"
        },
        {
          "Event": "PRLODSTWS1_1#SDM_NB_MAIL_TO-TO-PRLODSTWS1_1#SC_6320_11G"
        },
        {
          "Event": "PRLODSTWS1_1#SDM_PLCY_PRDCR_SRVC-TO-PRLODSTWS1_1#SC_6320_11G"
        },
        {
          "Event": "PRLODSTWS1_1#SDM_UW_POLICY-TO-PRLODSTWS1_1#SC_6320_11G"
        },
        {
          "Event": "PRLODSTWS1_1#SYS_STS_STG-TO-PRLODSTWS1_1#SC_6320_11G"
        }
      ]
    }
  },
  "PRLODSTWS1_1#SC_6311_11G": {
    "Type": "Job:Database:StoredProcedure",
    "ConnectionProfile": "UPCR1",
    "StoredProcedure": "SC_6311_11G_SP",
    "Schema": "SQLEXT",
    "DaysKeepActive": "1",
    "SubApplication": "UPCR1",
    "Host": "CTMAG",
    "CreatedBy": "emuser",
    "Description": "== Conversion Messages Start ==\\n\\nMessage ID\\t: WRN6031 (263-453)\\n\\n== Conversion Messages End ==\\nAdded by composer.",
    "RunAs": "controlm",
    "Application": "ODS",
    "When": {
      "WeekDays": [
        "NONE"
      ],
      "Months": [
        "NONE"
      ],
      "MonthDays": [
        "NONE"
      ],
      "DaysRelation": "OR",
      "RuleBasedCalendars": {
        "Included": [
          "RC1"
        ]
      }
    },
    "eventsToWaitFor": {
      "Type": "WaitForEvents",
      "Events": [
        {
          "Event": "PRLODSTWS1_1#O_SC_COMM_CALC_YSA_D-TO-PRLODSTWS1_1#SC_6311_11G"
        },
        {
          "Event": "PRLODSTWS1_1#SDM_CONTRACT_PRODUCT-TO-PRLODSTWS1_1#SC_6311_11G"
        },
        {
          "Event": "PRLODSTWS1_1#SDM_CONTRACT_MASTER-TO-PRLODSTWS1_1#SC_6311_11G"
        },
        {
          "Event": "PRLODSTWS1_1#SDM_CONTRACT_MASTER_ATTR-TO-PRLODSTWS1_1#SC_6311_11G"
        },
        {
          "Event": "PRLODSTWS1_1#SDM_UW_POLICY-TO-PRLODSTWS1_1#SC_6311_11G"
        },
        {
          "Event": "PRLODSTWS1_1#SYS_STS_STG-TO-PRLODSTWS1_1#SC_6311_11G"
        }
      ]
    },
    "eventsToAdd": {
      "Type": "AddEvents",
      "Events": [
        {
          "Event": "PRLODSTWS1_1#SC_6311_11G-TO-PRLODSTWS1_1#SC_6311_PARAM"
        }
      ]
    },
    "eventsToDelete": {
      "Type": "DeleteEvents",
      "Events": [
        {
          "Event": "PRLODSTWS1_1#O_SC_COMM_CALC_YSA_D-TO-PRLODSTWS1_1#SC_6311_11G"
        },
        {
          "Event": "PRLODSTWS1_1#SDM_CONTRACT_PRODUCT-TO-PRLODSTWS1_1#SC_6311_11G"
        },
        {
          "Event": "PRLODSTWS1_1#SDM_CONTRACT_MASTER-TO-PRLODSTWS1_1#SC_6311_11G"
        },
        {
          "Event": "PRLODSTWS1_1#SDM_CONTRACT_MASTER_ATTR-TO-PRLODSTWS1_1#SC_6311_11G"
        },
        {
          "Event": "PRLODSTWS1_1#SDM_UW_POLICY-TO-PRLODSTWS1_1#SC_6311_11G"
        },
        {
          "Event": "PRLODSTWS1_1#SYS_STS_STG-TO-PRLODSTWS1_1#SC_6311_11G"
        }
      ]
    }
  },
  "PRLODSTWS1_1#SC_6310_11G": {
    "Type": "Job:Database:StoredProcedure",
    "ConnectionProfile": "UPCR1",
    "StoredProcedure": "SC_6310_11G_SP",
    "Schema": "SQLEXT",
    "DaysKeepActive": "1",
    "SubApplication": "UPCR1",
    "Host": "CTMAG",
    "CreatedBy": "emuser",
    "Description": "== Conversion Messages Start ==\\n\\nMessage ID\\t: WRN6031 (264-454)\\n\\n== Conversion Messages End ==\\nAdded by composer.",
    "RunAs": "controlm",
    "Application": "ODS",
    "When": {
      "WeekDays": [
        "NONE"
      ],
      "Months": [
        "NONE"
      ],
      "MonthDays": [
        "NONE"
      ],
      "DaysRelation": "OR",
      "RuleBasedCalendars": {
        "Included": [
          "RC1"
        ]
      }
    },
    "eventsToWaitFor": {
      "Type": "WaitForEvents",
      "Events": [
        {
          "Event": "PRLODSTWS1_1#O_SC_COMM_CALC_MS5_D-TO-PRLODSTWS1_1#SC_6310_11G"
        },
        {
          "Event": "PRLODSTWS1_1#SDM_CONTRACT_PRODUCT-TO-PRLODSTWS1_1#SC_6310_11G"
        },
        {
          "Event": "PRLODSTWS1_1#SDM_CONTRACT_MASTER-TO-PRLODSTWS1_1#SC_6310_11G"
        },
        {
          "Event": "PRLODSTWS1_1#SDM_CONTRACT_MASTER_ATTR-TO-PRLODSTWS1_1#SC_6310_11G"
        },
        {
          "Event": "PRLODSTWS1_1#SDM_UW_POLICY-TO-PRLODSTWS1_1#SC_6310_11G"
        },
        {
          "Event": "PRLODSTWS1_1#SYS_STS_STG-TO-PRLODSTWS1_1#SC_6310_11G"
        }
      ]
    },
    "eventsToAdd": {
      "Type": "AddEvents",
      "Events": [
        {
          "Event": "PRLODSTWS1_1#SC_6310_11G-TO-PRLODSTWS1_1#SC_6310_PARAM"
        }
      ]
    },
    "eventsToDelete": {
      "Type": "DeleteEvents",
      "Events": [
        {
          "Event": "PRLODSTWS1_1#O_SC_COMM_CALC_MS5_D-TO-PRLODSTWS1_1#SC_6310_11G"
        },
        {
          "Event": "PRLODSTWS1_1#SDM_CONTRACT_PRODUCT-TO-PRLODSTWS1_1#SC_6310_11G"
        },
        {
          "Event": "PRLODSTWS1_1#SDM_CONTRACT_MASTER-TO-PRLODSTWS1_1#SC_6310_11G"
        },
        {
          "Event": "PRLODSTWS1_1#SDM_CONTRACT_MASTER_ATTR-TO-PRLODSTWS1_1#SC_6310_11G"
        },
        {
          "Event": "PRLODSTWS1_1#SDM_UW_POLICY-TO-PRLODSTWS1_1#SC_6310_11G"
        },
        {
          "Event": "PRLODSTWS1_1#SYS_STS_STG-TO-PRLODSTWS1_1#SC_6310_11G"
        }
      ]
    }
  },
  "PRLODSTWS1_1#SC_6310_CR": {
    "Type": "Job:Command",
    "DaysKeepActive": "1",
    "SubApplication": "UPCR1",
    "Host": "CTMAG",
    "CreatedBy": "emuser",
    "Description": "generate the report file for batch",
    "RunAs": "controlm",
    "Application": "ODS",
    "Command": "/home/tws/ods_batch_home/esp.batch.scripts/gen.report.sh D_RPT_SC ${tws.job.name} %%\\\\global\\END_DT_CHAR.",
    "When": {
      "WeekDays": [
        "NONE"
      ],
      "Months": [
        "NONE"
      ],
      "MonthDays": [
        "NONE"
      ],
      "DaysRelation": "OR",
      "RuleBasedCalendars": {
        "Included": [
          "RC1"
        ]
      }
    },
    "eventsToWaitFor": {
      "Type": "WaitForEvents",
      "Events": [
        {
          "Event": "PRLODSTWS1_1#SC_6310_PARAM-TO-PRLODSTWS1_1#SC_6310_CR"
        }
      ]
    },
    "eventsToAdd": {
      "Type": "AddEvents",
      "Events": [
        {
          "Event": "PRLODSTWS1_1#SC_6310_CR-TO-PRLODSTWS1_1#SC_6310_CF"
        }
      ]
    },
    "eventsToDelete": {
      "Type": "DeleteEvents",
      "Events": [
        {
          "Event": "PRLODSTWS1_1#SC_6310_PARAM-TO-PRLODSTWS1_1#SC_6310_CR"
        }
      ]
    }
  },
  "PRLODSTWS1_1#SC_6311_CR": {
    "Type": "Job:Command",
    "DaysKeepActive": "1",
    "SubApplication": "UPCR1",
    "Host": "CTMAG",
    "CreatedBy": "emuser",
    "Description": "generate the report file for batch",
    "RunAs": "controlm",
    "Application": "ODS",
    "Command": "/home/tws/ods_batch_home/esp.batch.scripts/gen.report.sh D_RPT_SC ${tws.job.name} %%\\\\global\\END_DT_CHAR.",
    "When": {
      "WeekDays": [
        "NONE"
      ],
      "Months": [
        "NONE"
      ],
      "MonthDays": [
        "NONE"
      ],
      "DaysRelation": "OR",
      "RuleBasedCalendars": {
        "Included": [
          "RC1"
        ]
      }
    },
    "eventsToWaitFor": {
      "Type": "WaitForEvents",
      "Events": [
        {
          "Event": "PRLODSTWS1_1#SC_6311_PARAM-TO-PRLODSTWS1_1#SC_6311_CR"
        }
      ]
    },
    "eventsToAdd": {
      "Type": "AddEvents",
      "Events": [
        {
          "Event": "PRLODSTWS1_1#SC_6311_CR-TO-PRLODSTWS1_1#SC_6311_CF"
        }
      ]
    },
    "eventsToDelete": {
      "Type": "DeleteEvents",
      "Events": [
        {
          "Event": "PRLODSTWS1_1#SC_6311_PARAM-TO-PRLODSTWS1_1#SC_6311_CR"
        }
      ]
    }
  },
  "eventsToAdd": {
    "Type": "AddEvents",
    "Events": [
      {
        "Event": "PRLODSTWS1_1#D_RPT_SC_3-TO-PRLODSTWS1_1#BDS_STS_RPT_SC"
      }
    ]
  }
  }
}
