{
  "PRLODSTWS1_1#D_FDW_FS": {
  "Type":  "Folder",
  "ControlmServer": "CTM",
  "Description": "== Conversion Messages Start ==\\n\\nMessage ID\\t: INF6107 (6581-11764)\\n\\nMessage ID\\t: INF6104 (6582-11764)\\n\\n== Conversion Messages End ==\\n",
  "OrderMethod": "Manual",
  "SubApplication": "UPCR1",
  "CreatedBy": "emuser",
  "Application": "ODS",
  "When": {
    "RuleBasedCalendars": {
      "Included": [
        "RC1"
      ],
      "RC1": {
        "Type": "Calendar:RuleBased",
        "When": {
          "MonthDaysCalendar": "RCG-D-NAT",
          "DaysRelation": "OR",
          "DaysKeepActive": "01",
          "WeekDays": [
            "NONE"
          ],
          "MonthDays": [
            "NONE"
          ]
        }
      }
    }
  },
  "PRLODSTWS1_1#FS_CMBNS_M_PARAM": {
    "Type": "Job:Database:StoredProcedure",
    "ConnectionProfile": "UPCR1",
    "StoredProcedure": "FS_CMBNS_M_PARAM_SP",
    "Schema": "SQLEXT",
    "DaysKeepActive": "1",
    "SubApplication": "UPCR1",
    "Host": "CTMAG",
    "CreatedBy": "emuser",
    "Description": "== Conversion Messages Start ==\\n\\nMessage ID\\t: WRN6031 (6576-11765)\\n\\n== Conversion Messages End ==\\nAdded by composer.",
    "RunAs": "controlm",
    "Application": "ODS",
    "When": {
      "WeekDays": [
        "NONE"
      ],
      "Months": [
        "NONE"
      ],
      "MonthDays": [
        "NONE"
      ],
      "DaysRelation": "OR",
      "RuleBasedCalendars": {
        "Included": [
          "RC1"
        ]
      }
    },
    "eventsToWaitFor": {
      "Type": "WaitForEvents",
      "Events": [
        {
          "Event": "PRLODSTWS1_1#FS_CMBNS_M-TO-PRLODSTWS1_1#FS_CMBNS_M_PARAM"
        }
      ]
    },
    "eventsToAdd": {
      "Type": "AddEvents",
      "Events": [
        {
          "Event": "PRLODSTWS1_1#FS_CMBNS_M_PARAM-TO-PRLODSTWS1_1#FS_CMBNS_M_EX"
        }
      ]
    },
    "eventsToDelete": {
      "Type": "DeleteEvents",
      "Events": [
        {
          "Event": "PRLODSTWS1_1#FS_CMBNS_M-TO-PRLODSTWS1_1#FS_CMBNS_M_PARAM"
        }
      ]
    }
  },
  "PRLODSTWS1_1#FS_CMBNS_M_CM": {
    "Type": "Job:Command",
    "DaysKeepActive": "1",
    "SubApplication": "UPCR1",
    "Host": "CTMAG",
    "CreatedBy": "emuser",
    "Description": "Common Shell Template",
    "RunAs": "controlm",
    "Application": "ODS",
    "Command": "/home/tws/ods_batch_home/esp.batch.scripts/run.cmd.sh D_FDW_FS ${tws.job.name} %%\\\\global\\END_DT_CHAR.",
    "When": {
      "WeekDays": [
        "NONE"
      ],
      "Months": [
        "NONE"
      ],
      "MonthDays": [
        "NONE"
      ],
      "DaysRelation": "OR",
      "RuleBasedCalendars": {
        "Included": [
          "RC1"
        ]
      }
    },
    "eventsToWaitFor": {
      "Type": "WaitForEvents",
      "Events": [
        {
          "Event": "PRLODSTWS1_1#FS_CMBNS_M_EX-TO-PRLODSTWS1_1#FS_CMBNS_M_CM"
        }
      ]
    },
    "eventsToAdd": {
      "Type": "AddEvents",
      "Events": [
        {
          "Event": "PRLODSTWS1_1#FS_CMBNS_M_CM-TO-PRLODSTWS1_1#FS_CMBNS_M_FP"
        }
      ]
    },
    "eventsToDelete": {
      "Type": "DeleteEvents",
      "Events": [
        {
          "Event": "PRLODSTWS1_1#FS_CMBNS_M_EX-TO-PRLODSTWS1_1#FS_CMBNS_M_CM"
        }
      ]
    }
  },
  "PRLODSTWS1_1#FS_CMBNS_M_FP": {
    "Type": "Job:Command",
    "DaysKeepActive": "1",
    "SubApplication": "UPCR1",
    "Host": "CTMAG",
    "CreatedBy": "emuser",
    "Description": "Ftp files for batch",
    "RunAs": "controlm",
    "Application": "ODS",
    "Command": "/home/tws/ods_batch_home/esp.batch.scripts/ftp.files.sh D_FDW_FS ${tws.job.name} %%\\\\global\\END_DT_CHAR.",
    "When": {
      "WeekDays": [
        "NONE"
      ],
      "Months": [
        "NONE"
      ],
      "MonthDays": [
        "NONE"
      ],
      "DaysRelation": "OR",
      "RuleBasedCalendars": {
        "Included": [
          "RC1"
        ]
      }
    },
    "eventsToWaitFor": {
      "Type": "WaitForEvents",
      "Events": [
        {
          "Event": "PRLODSTWS1_1#FS_CMBNS_M_CM-TO-PRLODSTWS1_1#FS_CMBNS_M_FP"
        }
      ]
    },
    "eventsToDelete": {
      "Type": "DeleteEvents",
      "Events": [
        {
          "Event": "PRLODSTWS1_1#FS_CMBNS_M_CM-TO-PRLODSTWS1_1#FS_CMBNS_M_FP"
        }
      ]
    }
  },
  "PRLODSTWS1_1#FS_COMM_GRP_EX": {
    "Type": "Job:Command",
    "DaysKeepActive": "1",
    "SubApplication": "UPCR1",
    "Host": "CTMAG",
    "CreatedBy": "emuser",
    "Description": "CSV Export for batch",
    "RunAs": "controlm",
    "Application": "ODS",
    "Command": "/home/tws/ods_batch_home/esp.batch.scripts/gen.table2File.sh D_FDW_FS ${tws.job.name} %%\\\\global\\END_DT_CHAR.",
    "When": {
      "WeekDays": [
        "NONE"
      ],
      "Months": [
        "NONE"
      ],
      "MonthDays": [
        "NONE"
      ],
      "DaysRelation": "OR",
      "RuleBasedCalendars": {
        "Included": [
          "RC1"
        ]
      }
    },
    "eventsToWaitFor": {
      "Type": "WaitForEvents",
      "Events": [
        {
          "Event": "PRLODSTWS1_1#FS_COMM_GRP_PARAM-TO-PRLODSTWS1_1#FS_COMM_GRP_EX"
        }
      ]
    },
    "eventsToAdd": {
      "Type": "AddEvents",
      "Events": [
        {
          "Event": "PRLODSTWS1_1#FS_COMM_GRP_EX-TO-PRLODSTWS1_1#FS_COMM_GRP_CM"
        }
      ]
    },
    "eventsToDelete": {
      "Type": "DeleteEvents",
      "Events": [
        {
          "Event": "PRLODSTWS1_1#FS_COMM_GRP_PARAM-TO-PRLODSTWS1_1#FS_COMM_GRP_EX"
        }
      ]
    }
  },
  "PRLODSTWS1_1#FS_COMM_GRP_PARAM": {
    "Type": "Job:Database:StoredProcedure",
    "ConnectionProfile": "UPCR1",
    "StoredProcedure": "FS_COMM_GRP_PARAM_SP",
    "Schema": "SQLEXT",
    "DaysKeepActive": "1",
    "SubApplication": "UPCR1",
    "Host": "CTMAG",
    "CreatedBy": "emuser",
    "Description": "== Conversion Messages Start ==\\n\\nMessage ID\\t: WRN6031 (6577-11769)\\n\\n== Conversion Messages End ==\\nAdded by composer.",
    "RunAs": "controlm",
    "Application": "ODS",
    "When": {
      "WeekDays": [
        "NONE"
      ],
      "Months": [
        "NONE"
      ],
      "MonthDays": [
        "NONE"
      ],
      "DaysRelation": "OR",
      "RuleBasedCalendars": {
        "Included": [
          "RC1"
        ]
      }
    },
    "eventsToWaitFor": {
      "Type": "WaitForEvents",
      "Events": [
        {
          "Event": "PRLODSTWS1_1#FS_COMM_GRP-TO-PRLODSTWS1_1#FS_COMM_GRP_PARAM"
        }
      ]
    },
    "eventsToAdd": {
      "Type": "AddEvents",
      "Events": [
        {
          "Event": "PRLODSTWS1_1#FS_COMM_GRP_PARAM-TO-PRLODSTWS1_1#FS_COMM_GRP_EX"
        }
      ]
    },
    "eventsToDelete": {
      "Type": "DeleteEvents",
      "Events": [
        {
          "Event": "PRLODSTWS1_1#FS_COMM_GRP-TO-PRLODSTWS1_1#FS_COMM_GRP_PARAM"
        }
      ]
    }
  },
  "PRLODSTWS1_1#FS_CMBNS_M_EX": {
    "Type": "Job:Command",
    "DaysKeepActive": "1",
    "SubApplication": "UPCR1",
    "Host": "CTMAG",
    "CreatedBy": "emuser",
    "Description": "CSV Export for batch",
    "RunAs": "controlm",
    "Application": "ODS",
    "Command": "/home/tws/ods_batch_home/esp.batch.scripts/gen.table2File.sh D_FDW_FS ${tws.job.name} %%\\\\global\\END_DT_CHAR.",
    "When": {
      "WeekDays": [
        "NONE"
      ],
      "Months": [
        "NONE"
      ],
      "MonthDays": [
        "NONE"
      ],
      "DaysRelation": "OR",
      "RuleBasedCalendars": {
        "Included": [
          "RC1"
        ]
      }
    },
    "eventsToWaitFor": {
      "Type": "WaitForEvents",
      "Events": [
        {
          "Event": "PRLODSTWS1_1#FS_CMBNS_M_PARAM-TO-PRLODSTWS1_1#FS_CMBNS_M_EX"
        }
      ]
    },
    "eventsToAdd": {
      "Type": "AddEvents",
      "Events": [
        {
          "Event": "PRLODSTWS1_1#FS_CMBNS_M_EX-TO-PRLODSTWS1_1#FS_CMBNS_M_CM"
        }
      ]
    },
    "eventsToDelete": {
      "Type": "DeleteEvents",
      "Events": [
        {
          "Event": "PRLODSTWS1_1#FS_CMBNS_M_PARAM-TO-PRLODSTWS1_1#FS_CMBNS_M_EX"
        }
      ]
    }
  },
  "PRLODSTWS1_1#FS_COMM_GRP_CM": {
    "Type": "Job:Command",
    "DaysKeepActive": "1",
    "SubApplication": "UPCR1",
    "Host": "CTMAG",
    "CreatedBy": "emuser",
    "Description": "Common Shell Template",
    "RunAs": "controlm",
    "Application": "ODS",
    "Command": "/home/tws/ods_batch_home/esp.batch.scripts/run.cmd.sh D_FDW_FS ${tws.job.name} %%\\\\global\\END_DT_CHAR.",
    "When": {
      "WeekDays": [
        "NONE"
      ],
      "Months": [
        "NONE"
      ],
      "MonthDays": [
        "NONE"
      ],
      "DaysRelation": "OR",
      "RuleBasedCalendars": {
        "Included": [
          "RC1"
        ]
      }
    },
    "eventsToWaitFor": {
      "Type": "WaitForEvents",
      "Events": [
        {
          "Event": "PRLODSTWS1_1#FS_COMM_GRP_EX-TO-PRLODSTWS1_1#FS_COMM_GRP_CM"
        }
      ]
    },
    "eventsToAdd": {
      "Type": "AddEvents",
      "Events": [
        {
          "Event": "PRLODSTWS1_1#FS_COMM_GRP_CM-TO-PRLODSTWS1_1#FS_COMM_GRP_FP"
        }
      ]
    },
    "eventsToDelete": {
      "Type": "DeleteEvents",
      "Events": [
        {
          "Event": "PRLODSTWS1_1#FS_COMM_GRP_EX-TO-PRLODSTWS1_1#FS_COMM_GRP_CM"
        }
      ]
    }
  },
  "PRLODSTWS1_1#FS_COMM_GRP_FP": {
    "Type": "Job:Command",
    "DaysKeepActive": "1",
    "SubApplication": "UPCR1",
    "Host": "CTMAG",
    "CreatedBy": "emuser",
    "Description": "Ftp files for batch",
    "RunAs": "controlm",
    "Application": "ODS",
    "Command": "/home/tws/ods_batch_home/esp.batch.scripts/ftp.files.sh D_FDW_FS ${tws.job.name} %%\\\\global\\END_DT_CHAR.",
    "When": {
      "WeekDays": [
        "NONE"
      ],
      "Months": [
        "NONE"
      ],
      "MonthDays": [
        "NONE"
      ],
      "DaysRelation": "OR",
      "RuleBasedCalendars": {
        "Included": [
          "RC1"
        ]
      }
    },
    "eventsToWaitFor": {
      "Type": "WaitForEvents",
      "Events": [
        {
          "Event": "PRLODSTWS1_1#FS_COMM_GRP_CM-TO-PRLODSTWS1_1#FS_COMM_GRP_FP"
        }
      ]
    },
    "eventsToDelete": {
      "Type": "DeleteEvents",
      "Events": [
        {
          "Event": "PRLODSTWS1_1#FS_COMM_GRP_CM-TO-PRLODSTWS1_1#FS_COMM_GRP_FP"
        }
      ]
    }
  },
  "PRLODSTWS1_1#FDW_CMBNS_M_FS": {
    "Type": "Job:Database:StoredProcedure",
    "ConnectionProfile": "UPCR1",
    "StoredProcedure": "FDW_CMBNS_M_FS_SP",
    "Schema": "SQLEXT",
    "DaysKeepActive": "1",
    "SubApplication": "UPCR1",
    "Host": "CTMAG",
    "CreatedBy": "emuser",
    "Description": "== Conversion Messages Start ==\\n\\nMessage ID\\t: WRN6031 (6578-11773)\\n\\n== Conversion Messages End ==\\nAdded by composer.",
    "RunAs": "controlm",
    "Application": "ODS",
    "When": {
      "WeekDays": [
        "NONE"
      ],
      "Months": [
        "NONE"
      ],
      "MonthDays": [
        "NONE"
      ],
      "DaysRelation": "OR",
      "RuleBasedCalendars": {
        "Included": [
          "RC1"
        ]
      }
    },
    "eventsToWaitFor": {
      "Type": "WaitForEvents",
      "Events": [
        {
          "Event": "PRLODSTWS1_1#FDW_BONUS_M-TO-PRLODSTWS1_1#FDW_CMBNS_M_FS"
        },
        {
          "Event": "PRLODSTWS1_1#FDW_CODE_MAP-TO-PRLODSTWS1_1#FDW_CMBNS_M_FS"
        },
        {
          "Event": "PRLODSTWS1_1#FDW_COMMISION_M-TO-PRLODSTWS1_1#FDW_CMBNS_M_FS"
        },
        {
          "Event": "PRLODSTWS1_1#FDW_CONTRACT_MASTER-TO-PRLODSTWS1_1#FDW_CMBNS_M_FS"
        }
      ]
    },
    "eventsToAdd": {
      "Type": "AddEvents",
      "Events": [
        {
          "Event": "PRLODSTWS1_1#FDW_CMBNS_M_FS-TO-PRLODSTWS1_1#FS_CMBNS_M"
        }
      ]
    },
    "eventsToDelete": {
      "Type": "DeleteEvents",
      "Events": [
        {
          "Event": "PRLODSTWS1_1#FDW_BONUS_M-TO-PRLODSTWS1_1#FDW_CMBNS_M_FS"
        },
        {
          "Event": "PRLODSTWS1_1#FDW_CODE_MAP-TO-PRLODSTWS1_1#FDW_CMBNS_M_FS"
        },
        {
          "Event": "PRLODSTWS1_1#FDW_COMMISION_M-TO-PRLODSTWS1_1#FDW_CMBNS_M_FS"
        },
        {
          "Event": "PRLODSTWS1_1#FDW_CONTRACT_MASTER-TO-PRLODSTWS1_1#FDW_CMBNS_M_FS"
        }
      ]
    }
  },
  "PRLODSTWS1_1#FS_CMBNS_M": {
    "Type": "Job:Database:StoredProcedure",
    "ConnectionProfile": "UPCR1",
    "StoredProcedure": "FS_CMBNS_M_SP",
    "Schema": "SQLEXT",
    "DaysKeepActive": "1",
    "SubApplication": "UPCR1",
    "Host": "CTMAG",
    "CreatedBy": "emuser",
    "Description": "== Conversion Messages Start ==\\n\\nMessage ID\\t: WRN6031 (6579-11774)\\n\\n== Conversion Messages End ==\\nAdded by composer.",
    "RunAs": "controlm",
    "Application": "ODS",
    "When": {
      "WeekDays": [
        "NONE"
      ],
      "Months": [
        "NONE"
      ],
      "MonthDays": [
        "NONE"
      ],
      "DaysRelation": "OR",
      "RuleBasedCalendars": {
        "Included": [
          "RC1"
        ]
      }
    },
    "eventsToWaitFor": {
      "Type": "WaitForEvents",
      "Events": [
        {
          "Event": "PRLODSTWS1_1#FDW_CMBNS_M_FS-TO-PRLODSTWS1_1#FS_CMBNS_M"
        },
        {
          "Event": "PRLODSTWS1_1#BATCH_INFO_DETAIL-TO-PRLODSTWS1_1#FS_CMBNS_M"
        }
      ]
    },
    "eventsToAdd": {
      "Type": "AddEvents",
      "Events": [
        {
          "Event": "PRLODSTWS1_1#FS_CMBNS_M-TO-PRLODSTWS1_1#FS_CMBNS_M_PARAM"
        }
      ]
    },
    "eventsToDelete": {
      "Type": "DeleteEvents",
      "Events": [
        {
          "Event": "PRLODSTWS1_1#FDW_CMBNS_M_FS-TO-PRLODSTWS1_1#FS_CMBNS_M"
        },
        {
          "Event": "PRLODSTWS1_1#BATCH_INFO_DETAIL-TO-PRLODSTWS1_1#FS_CMBNS_M"
        }
      ]
    }
  },
  "PRLODSTWS1_1#FS_COMM_GRP": {
    "Type": "Job:Database:StoredProcedure",
    "ConnectionProfile": "UPCR1",
    "StoredProcedure": "FS_COMM_GRP_SP",
    "Schema": "SQLEXT",
    "DaysKeepActive": "1",
    "SubApplication": "UPCR1",
    "Host": "CTMAG",
    "CreatedBy": "emuser",
    "Description": "== Conversion Messages Start ==\\n\\nMessage ID\\t: WRN6031 (6580-11775)\\n\\n== Conversion Messages End ==\\nAdded by composer.",
    "RunAs": "controlm",
    "Application": "ODS",
    "When": {
      "WeekDays": [
        "NONE"
      ],
      "Months": [
        "NONE"
      ],
      "MonthDays": [
        "NONE"
      ],
      "DaysRelation": "OR",
      "RuleBasedCalendars": {
        "Included": [
          "RC1"
        ]
      }
    },
    "eventsToWaitFor": {
      "Type": "WaitForEvents",
      "Events": [
        {
          "Event": "PRLODSTWS1_1#BATCH_INFO_DETAIL-TO-PRLODSTWS1_1#FS_COMM_GRP"
        },
        {
          "Event": "PRLODSTWS1_1#FDW_CHANNEL_CODE-TO-PRLODSTWS1_1#FS_COMM_GRP"
        },
        {
          "Event": "PRLODSTWS1_1#O_COMM_AGGREGATION-TO-PRLODSTWS1_1#FS_COMM_GRP"
        },
        {
          "Event": "PRLODSTWS1_1#O_SC_DEADLINE_COMPLETION-TO-PRLODSTWS1_1#FS_COMM_GRP"
        },
        {
          "Event": "PRLODSTWS1_1#O_SC_GROUP_COMMISION-TO-PRLODSTWS1_1#FS_COMM_GRP"
        },
        {
          "Event": "PRLODSTWS1_1#SDM_AGENT-TO-PRLODSTWS1_1#FS_COMM_GRP"
        }
      ]
    },
    "eventsToAdd": {
      "Type": "AddEvents",
      "Events": [
        {
          "Event": "PRLODSTWS1_1#FS_COMM_GRP-TO-PRLODSTWS1_1#FS_COMM_GRP_PARAM"
        }
      ]
    },
    "eventsToDelete": {
      "Type": "DeleteEvents",
      "Events": [
        {
          "Event": "PRLODSTWS1_1#BATCH_INFO_DETAIL-TO-PRLODSTWS1_1#FS_COMM_GRP"
        },
        {
          "Event": "PRLODSTWS1_1#FDW_CHANNEL_CODE-TO-PRLODSTWS1_1#FS_COMM_GRP"
        },
        {
          "Event": "PRLODSTWS1_1#O_COMM_AGGREGATION-TO-PRLODSTWS1_1#FS_COMM_GRP"
        },
        {
          "Event": "PRLODSTWS1_1#O_SC_DEADLINE_COMPLETION-TO-PRLODSTWS1_1#FS_COMM_GRP"
        },
        {
          "Event": "PRLODSTWS1_1#O_SC_GROUP_COMMISION-TO-PRLODSTWS1_1#FS_COMM_GRP"
        },
        {
          "Event": "PRLODSTWS1_1#SDM_AGENT-TO-PRLODSTWS1_1#FS_COMM_GRP"
        }
      ]
    }
  },
  "eventsToAdd": {
    "Type": "AddEvents",
    "Events": [
      {
        "Event": "PRLODSTWS1_1#D_FDW_FS-TO-PRLODSTWS1_1#BDS_STS_FDW_03G"
      }
    ]
  }
  }
}
