{
  "PRLODSTWS1_1#D_RPT_SC": {
  "Type":  "Folder",
  "ControlmServer": "CTM",
  "Description": "== Conversion Messages Start ==\\n\\nMessage ID\\t: INF6107 (2757-4831)\\n\\nMessage ID\\t: INF6104 (2758-4831)\\n\\n== Conversion Messages End ==\\n",
  "OrderMethod": "Manual",
  "SubApplication": "UPCR1",
  "CreatedBy": "emuser",
  "Application": "ODS",
  "When": {
    "RuleBasedCalendars": {
      "Included": [
        "RC1"
      ],
      "RC1": {
        "Type": "Calendar:RuleBased",
        "When": {
          "MonthDaysCalendar": "RCG-D-NAT",
          "DaysRelation": "OR",
          "DaysKeepActive": "01",
          "WeekDays": [
            "NONE"
          ],
          "MonthDays": [
            "NONE"
          ]
        }
      }
    }
  },
  "PRLODSTWS1_1#SC_6010_PARAM": {
    "Type": "Job:Database:StoredProcedure",
    "ConnectionProfile": "UPCR1",
    "StoredProcedure": "SC_6010_PARAM_SP",
    "Schema": "SQLEXT",
    "DaysKeepActive": "1",
    "SubApplication": "UPCR1",
    "Host": "CTMAG",
    "CreatedBy": "emuser",
    "Description": "== Conversion Messages Start ==\\n\\nMessage ID\\t: WRN6031 (2736-4832)\\n\\n== Conversion Messages End ==\\nAdded by composer.",
    "RunAs": "controlm",
    "Application": "ODS",
    "When": {
      "WeekDays": [
        "NONE"
      ],
      "Months": [
        "NONE"
      ],
      "MonthDays": [
        "NONE"
      ],
      "DaysRelation": "OR",
      "RuleBasedCalendars": {
        "Included": [
          "RC1"
        ]
      }
    },
    "eventsToWaitFor": {
      "Type": "WaitForEvents",
      "Events": [
        {
          "Event": "PRLODSTWS1_1#SC_6010_11G-TO-PRLODSTWS1_1#SC_6010_PARAM"
        },
        {
          "Event": "PRLODSTWS1_1#SC_JOB_PARAM-TO-PRLODSTWS1_1#SC_6010_PARAM"
        }
      ]
    },
    "eventsToAdd": {
      "Type": "AddEvents",
      "Events": [
        {
          "Event": "PRLODSTWS1_1#SC_6010_PARAM-TO-PRLODSTWS1_1#SC_6010_E_CR"
        },
        {
          "Event": "PRLODSTWS1_1#SC_6010_PARAM-TO-PRLODSTWS1_1#SC_6010_P_CR"
        }
      ]
    },
    "eventsToDelete": {
      "Type": "DeleteEvents",
      "Events": [
        {
          "Event": "PRLODSTWS1_1#SC_6010_11G-TO-PRLODSTWS1_1#SC_6010_PARAM"
        },
        {
          "Event": "PRLODSTWS1_1#SC_JOB_PARAM-TO-PRLODSTWS1_1#SC_6010_PARAM"
        }
      ]
    }
  },
  "PRLODSTWS1_1#SC_6000_PARAM": {
    "Type": "Job:Database:StoredProcedure",
    "ConnectionProfile": "UPCR1",
    "StoredProcedure": "SC_6000_PARAM_SP",
    "Schema": "SQLEXT",
    "DaysKeepActive": "1",
    "SubApplication": "UPCR1",
    "Host": "CTMAG",
    "CreatedBy": "emuser",
    "Description": "== Conversion Messages Start ==\\n\\nMessage ID\\t: WRN6031 (2737-4833)\\n\\n== Conversion Messages End ==\\nAdded by composer.",
    "RunAs": "controlm",
    "Application": "ODS",
    "When": {
      "WeekDays": [
        "NONE"
      ],
      "Months": [
        "NONE"
      ],
      "MonthDays": [
        "NONE"
      ],
      "DaysRelation": "OR",
      "RuleBasedCalendars": {
        "Included": [
          "RC1"
        ]
      }
    },
    "eventsToWaitFor": {
      "Type": "WaitForEvents",
      "Events": [
        {
          "Event": "PRLODSTWS1_1#SC_6000_11G-TO-PRLODSTWS1_1#SC_6000_PARAM"
        },
        {
          "Event": "PRLODSTWS1_1#SC_JOB_PARAM-TO-PRLODSTWS1_1#SC_6000_PARAM"
        }
      ]
    },
    "eventsToAdd": {
      "Type": "AddEvents",
      "Events": [
        {
          "Event": "PRLODSTWS1_1#SC_6000_PARAM-TO-PRLODSTWS1_1#SC_6000_E_CR"
        },
        {
          "Event": "PRLODSTWS1_1#SC_6000_PARAM-TO-PRLODSTWS1_1#SC_6000_P_CR"
        }
      ]
    },
    "eventsToDelete": {
      "Type": "DeleteEvents",
      "Events": [
        {
          "Event": "PRLODSTWS1_1#SC_6000_11G-TO-PRLODSTWS1_1#SC_6000_PARAM"
        },
        {
          "Event": "PRLODSTWS1_1#SC_JOB_PARAM-TO-PRLODSTWS1_1#SC_6000_PARAM"
        }
      ]
    }
  },
  "PRLODSTWS1_1#SC_6000_11G": {
    "Type": "Job:Database:StoredProcedure",
    "ConnectionProfile": "UPCR1",
    "StoredProcedure": "SC_6000_11G_SP",
    "Schema": "SQLEXT",
    "DaysKeepActive": "1",
    "SubApplication": "UPCR1",
    "Host": "CTMAG",
    "CreatedBy": "emuser",
    "Description": "== Conversion Messages Start ==\\n\\nMessage ID\\t: WRN6031 (2738-4834)\\n\\n== Conversion Messages End ==\\nAdded by composer.",
    "RunAs": "controlm",
    "Application": "ODS",
    "When": {
      "WeekDays": [
        "NONE"
      ],
      "Months": [
        "NONE"
      ],
      "MonthDays": [
        "NONE"
      ],
      "DaysRelation": "OR",
      "RuleBasedCalendars": {
        "Included": [
          "RC1"
        ]
      }
    },
    "eventsToWaitFor": {
      "Type": "WaitForEvents",
      "Events": [
        {
          "Event": "PRLODSTWS1_1#SC_6050_11G-TO-PRLODSTWS1_1#SC_6000_11G"
        }
      ]
    },
    "eventsToAdd": {
      "Type": "AddEvents",
      "Events": [
        {
          "Event": "PRLODSTWS1_1#SC_6000_11G-TO-PRLODSTWS1_1#SC_6000_PARAM"
        }
      ]
    },
    "eventsToDelete": {
      "Type": "DeleteEvents",
      "Events": [
        {
          "Event": "PRLODSTWS1_1#SC_6050_11G-TO-PRLODSTWS1_1#SC_6000_11G"
        }
      ]
    }
  },
  "PRLODSTWS1_1#SC_6020_PARAM": {
    "Type": "Job:Database:StoredProcedure",
    "ConnectionProfile": "UPCR1",
    "StoredProcedure": "SC_6020_PARAM_SP",
    "Schema": "SQLEXT",
    "DaysKeepActive": "1",
    "SubApplication": "UPCR1",
    "Host": "CTMAG",
    "CreatedBy": "emuser",
    "Description": "== Conversion Messages Start ==\\n\\nMessage ID\\t: WRN6031 (2739-4835)\\n\\n== Conversion Messages End ==\\nAdded by composer.",
    "RunAs": "controlm",
    "Application": "ODS",
    "When": {
      "WeekDays": [
        "NONE"
      ],
      "Months": [
        "NONE"
      ],
      "MonthDays": [
        "NONE"
      ],
      "DaysRelation": "OR",
      "RuleBasedCalendars": {
        "Included": [
          "RC1"
        ]
      }
    },
    "eventsToWaitFor": {
      "Type": "WaitForEvents",
      "Events": [
        {
          "Event": "PRLODSTWS1_1#SC_6020_11G-TO-PRLODSTWS1_1#SC_6020_PARAM"
        },
        {
          "Event": "PRLODSTWS1_1#SC_JOB_PARAM-TO-PRLODSTWS1_1#SC_6020_PARAM"
        }
      ]
    },
    "eventsToAdd": {
      "Type": "AddEvents",
      "Events": [
        {
          "Event": "PRLODSTWS1_1#SC_6020_PARAM-TO-PRLODSTWS1_1#SC_6020_E_CR"
        },
        {
          "Event": "PRLODSTWS1_1#SC_6020_PARAM-TO-PRLODSTWS1_1#SC_6020_P_CR"
        }
      ]
    },
    "eventsToDelete": {
      "Type": "DeleteEvents",
      "Events": [
        {
          "Event": "PRLODSTWS1_1#SC_6020_11G-TO-PRLODSTWS1_1#SC_6020_PARAM"
        },
        {
          "Event": "PRLODSTWS1_1#SC_JOB_PARAM-TO-PRLODSTWS1_1#SC_6020_PARAM"
        }
      ]
    }
  },
  "PRLODSTWS1_1#SC_6030_11G": {
    "Type": "Job:Database:StoredProcedure",
    "ConnectionProfile": "UPCR1",
    "StoredProcedure": "SC_6030_11G_SP",
    "Schema": "SQLEXT",
    "DaysKeepActive": "1",
    "SubApplication": "UPCR1",
    "Host": "CTMAG",
    "CreatedBy": "emuser",
    "Description": "== Conversion Messages Start ==\\n\\nMessage ID\\t: WRN6031 (2740-4836)\\n\\n== Conversion Messages End ==\\nAdded by composer.",
    "RunAs": "controlm",
    "Application": "ODS",
    "When": {
      "WeekDays": [
        "NONE"
      ],
      "Months": [
        "NONE"
      ],
      "MonthDays": [
        "NONE"
      ],
      "DaysRelation": "OR",
      "RuleBasedCalendars": {
        "Included": [
          "RC1"
        ]
      }
    },
    "eventsToWaitFor": {
      "Type": "WaitForEvents",
      "Events": [
        {
          "Event": "PRLODSTWS1_1#SC_6090_11G-TO-PRLODSTWS1_1#SC_6030_11G"
        }
      ]
    },
    "eventsToDelete": {
      "Type": "DeleteEvents",
      "Events": [
        {
          "Event": "PRLODSTWS1_1#SC_6090_11G-TO-PRLODSTWS1_1#SC_6030_11G"
        }
      ]
    }
  },
  "PRLODSTWS1_1#SC_6050_PARAM": {
    "Type": "Job:Database:StoredProcedure",
    "ConnectionProfile": "UPCR1",
    "StoredProcedure": "SC_6050_PARAM_SP",
    "Schema": "SQLEXT",
    "DaysKeepActive": "1",
    "SubApplication": "UPCR1",
    "Host": "CTMAG",
    "CreatedBy": "emuser",
    "Description": "== Conversion Messages Start ==\\n\\nMessage ID\\t: WRN6031 (2741-4837)\\n\\n== Conversion Messages End ==\\nAdded by composer.",
    "RunAs": "controlm",
    "Application": "ODS",
    "When": {
      "WeekDays": [
        "NONE"
      ],
      "Months": [
        "NONE"
      ],
      "MonthDays": [
        "NONE"
      ],
      "DaysRelation": "OR",
      "RuleBasedCalendars": {
        "Included": [
          "RC1"
        ]
      }
    },
    "eventsToWaitFor": {
      "Type": "WaitForEvents",
      "Events": [
        {
          "Event": "PRLODSTWS1_1#SC_6050_11G-TO-PRLODSTWS1_1#SC_6050_PARAM"
        },
        {
          "Event": "PRLODSTWS1_1#SC_JOB_PARAM-TO-PRLODSTWS1_1#SC_6050_PARAM"
        }
      ]
    },
    "eventsToAdd": {
      "Type": "AddEvents",
      "Events": [
        {
          "Event": "PRLODSTWS1_1#SC_6050_PARAM-TO-PRLODSTWS1_1#SC_6050_E_CR"
        },
        {
          "Event": "PRLODSTWS1_1#SC_6050_PARAM-TO-PRLODSTWS1_1#SC_6050_P_CR"
        }
      ]
    },
    "eventsToDelete": {
      "Type": "DeleteEvents",
      "Events": [
        {
          "Event": "PRLODSTWS1_1#SC_6050_11G-TO-PRLODSTWS1_1#SC_6050_PARAM"
        },
        {
          "Event": "PRLODSTWS1_1#SC_JOB_PARAM-TO-PRLODSTWS1_1#SC_6050_PARAM"
        }
      ]
    }
  },
  "PRLODSTWS1_1#SC_7000_11G": {
    "Type": "Job:Database:StoredProcedure",
    "ConnectionProfile": "UPCR1",
    "StoredProcedure": "SC_7000_11G_SP",
    "Schema": "SQLEXT",
    "DaysKeepActive": "1",
    "SubApplication": "UPCR1",
    "Host": "CTMAG",
    "CreatedBy": "emuser",
    "Description": "== Conversion Messages Start ==\\n\\nMessage ID\\t: WRN6031 (2742-4838)\\n\\n== Conversion Messages End ==\\nAdded by composer.",
    "RunAs": "controlm",
    "Application": "ODS",
    "When": {
      "WeekDays": [
        "NONE"
      ],
      "Months": [
        "NONE"
      ],
      "MonthDays": [
        "NONE"
      ],
      "DaysRelation": "OR",
      "RuleBasedCalendars": {
        "Included": [
          "RC1"
        ]
      }
    },
    "eventsToWaitFor": {
      "Type": "WaitForEvents",
      "Events": [
        {
          "Event": "PRLODSTWS1_1#O_PRODUCT_COMMISION-TO-PRLODSTWS1_1#SC_7000_11G"
        },
        {
          "Event": "PRLODSTWS1_1#O_CHANNEL_ORG-TO-PRLODSTWS1_1#SC_7000_11G"
        },
        {
          "Event": "PRLODSTWS1_1#O_COMMISION_INFO-TO-PRLODSTWS1_1#SC_7000_11G"
        },
        {
          "Event": "PRLODSTWS1_1#O_COMM_AGGREGATION-TO-PRLODSTWS1_1#SC_7000_11G"
        },
        {
          "Event": "PRLODSTWS1_1#O_SALES_CHANNEL-TO-PRLODSTWS1_1#SC_7000_11G"
        },
        {
          "Event": "PRLODSTWS1_1#O_PRODUCT_LIFE-TO-PRLODSTWS1_1#SC_7000_11G"
        }
      ]
    },
    "eventsToAdd": {
      "Type": "AddEvents",
      "Events": [
        {
          "Event": "PRLODSTWS1_1#SC_7000_11G-TO-PRLODSTWS1_1#SC_7000_PARAM"
        }
      ]
    },
    "eventsToDelete": {
      "Type": "DeleteEvents",
      "Events": [
        {
          "Event": "PRLODSTWS1_1#O_PRODUCT_COMMISION-TO-PRLODSTWS1_1#SC_7000_11G"
        },
        {
          "Event": "PRLODSTWS1_1#O_CHANNEL_ORG-TO-PRLODSTWS1_1#SC_7000_11G"
        },
        {
          "Event": "PRLODSTWS1_1#O_COMMISION_INFO-TO-PRLODSTWS1_1#SC_7000_11G"
        },
        {
          "Event": "PRLODSTWS1_1#O_COMM_AGGREGATION-TO-PRLODSTWS1_1#SC_7000_11G"
        },
        {
          "Event": "PRLODSTWS1_1#O_SALES_CHANNEL-TO-PRLODSTWS1_1#SC_7000_11G"
        },
        {
          "Event": "PRLODSTWS1_1#O_PRODUCT_LIFE-TO-PRLODSTWS1_1#SC_7000_11G"
        }
      ]
    }
  },
  "PRLODSTWS1_1#SC_7000_CR": {
    "Type": "Job:Command",
    "DaysKeepActive": "1",
    "SubApplication": "UPCR1",
    "Host": "CTMAG",
    "CreatedBy": "emuser",
    "Description": "generate the report file for batch",
    "RunAs": "controlm",
    "Application": "ODS",
    "Command": "/home/tws/ods_batch_home/esp.batch.scripts/gen.report.sh D_RPT_SC ${tws.job.name} %%\\\\global\\END_DT_CHAR.",
    "When": {
      "WeekDays": [
        "NONE"
      ],
      "Months": [
        "NONE"
      ],
      "MonthDays": [
        "NONE"
      ],
      "DaysRelation": "OR",
      "RuleBasedCalendars": {
        "Included": [
          "RC1"
        ]
      }
    },
    "eventsToWaitFor": {
      "Type": "WaitForEvents",
      "Events": [
        {
          "Event": "PRLODSTWS1_1#SC_7000_PARAM-TO-PRLODSTWS1_1#SC_7000_CR"
        }
      ]
    },
    "eventsToAdd": {
      "Type": "AddEvents",
      "Events": [
        {
          "Event": "PRLODSTWS1_1#SC_7000_CR-TO-PRLODSTWS1_1#SC_7000_CF"
        }
      ]
    },
    "eventsToDelete": {
      "Type": "DeleteEvents",
      "Events": [
        {
          "Event": "PRLODSTWS1_1#SC_7000_PARAM-TO-PRLODSTWS1_1#SC_7000_CR"
        }
      ]
    }
  },
  "PRLODSTWS1_1#SC_6010_P_CF": {
    "Type": "Job:Command",
    "DaysKeepActive": "1",
    "SubApplication": "UPCR1",
    "Host": "CTMAG",
    "CreatedBy": "emuser",
    "Description": "archiving file for batch",
    "RunAs": "controlm",
    "Application": "ODS",
    "Command": "/home/tws/ods_batch_home/esp.batch.scripts/archiving.file.sh D_RPT_SC ${tws.job.name} %%\\\\global\\END_DT_CHAR.",
    "When": {
      "WeekDays": [
        "NONE"
      ],
      "Months": [
        "NONE"
      ],
      "MonthDays": [
        "NONE"
      ],
      "DaysRelation": "OR",
      "RuleBasedCalendars": {
        "Included": [
          "RC1"
        ]
      }
    },
    "eventsToWaitFor": {
      "Type": "WaitForEvents",
      "Events": [
        {
          "Event": "PRLODSTWS1_1#SC_6010_P_CR-TO-PRLODSTWS1_1#SC_6010_P_CF"
        }
      ]
    },
    "eventsToDelete": {
      "Type": "DeleteEvents",
      "Events": [
        {
          "Event": "PRLODSTWS1_1#SC_6010_P_CR-TO-PRLODSTWS1_1#SC_6010_P_CF"
        }
      ]
    }
  },
  "PRLODSTWS1_1#SC_3410_PARAM": {
    "Type": "Job:Database:StoredProcedure",
    "ConnectionProfile": "UPCR1",
    "StoredProcedure": "SC_3410_PARAM_SP",
    "Schema": "SQLEXT",
    "DaysKeepActive": "1",
    "SubApplication": "UPCR1",
    "Host": "CTMAG",
    "CreatedBy": "emuser",
    "Description": "== Conversion Messages Start ==\\n\\nMessage ID\\t: WRN6031 (2743-4841)\\n\\n== Conversion Messages End ==\\nAdded by composer.",
    "RunAs": "controlm",
    "Application": "ODS",
    "When": {
      "WeekDays": [
        "NONE"
      ],
      "Months": [
        "NONE"
      ],
      "MonthDays": [
        "NONE"
      ],
      "DaysRelation": "OR",
      "RuleBasedCalendars": {
        "Included": [
          "RC1"
        ]
      }
    },
    "eventsToWaitFor": {
      "Type": "WaitForEvents",
      "Events": [
        {
          "Event": "PRLODSTWS1_1#SC_3410_11G-TO-PRLODSTWS1_1#SC_3410_PARAM"
        },
        {
          "Event": "PRLODSTWS1_1#SC_JOB_PARAM-TO-PRLODSTWS1_1#SC_3410_PARAM"
        }
      ]
    },
    "eventsToAdd": {
      "Type": "AddEvents",
      "Events": [
        {
          "Event": "PRLODSTWS1_1#SC_3410_PARAM-TO-PRLODSTWS1_1#SC_3410_EX"
        }
      ]
    },
    "eventsToDelete": {
      "Type": "DeleteEvents",
      "Events": [
        {
          "Event": "PRLODSTWS1_1#SC_3410_11G-TO-PRLODSTWS1_1#SC_3410_PARAM"
        },
        {
          "Event": "PRLODSTWS1_1#SC_JOB_PARAM-TO-PRLODSTWS1_1#SC_3410_PARAM"
        }
      ]
    }
  },
  "PRLODSTWS1_1#SC_6020_11G": {
    "Type": "Job:Database:StoredProcedure",
    "ConnectionProfile": "UPCR1",
    "StoredProcedure": "SC_6020_11G_SP",
    "Schema": "SQLEXT",
    "DaysKeepActive": "1",
    "SubApplication": "UPCR1",
    "Host": "CTMAG",
    "CreatedBy": "emuser",
    "Description": "== Conversion Messages Start ==\\n\\nMessage ID\\t: WRN6031 (2744-4842)\\n\\n== Conversion Messages End ==\\nAdded by composer.",
    "RunAs": "controlm",
    "Application": "ODS",
    "When": {
      "WeekDays": [
        "NONE"
      ],
      "Months": [
        "NONE"
      ],
      "MonthDays": [
        "NONE"
      ],
      "DaysRelation": "OR",
      "RuleBasedCalendars": {
        "Included": [
          "RC1"
        ]
      }
    },
    "eventsToWaitFor": {
      "Type": "WaitForEvents",
      "Events": [
        {
          "Event": "PRLODSTWS1_1#SC_6050_11G-TO-PRLODSTWS1_1#SC_6020_11G"
        }
      ]
    },
    "eventsToAdd": {
      "Type": "AddEvents",
      "Events": [
        {
          "Event": "PRLODSTWS1_1#SC_6020_11G-TO-PRLODSTWS1_1#SC_6020_PARAM"
        }
      ]
    },
    "eventsToDelete": {
      "Type": "DeleteEvents",
      "Events": [
        {
          "Event": "PRLODSTWS1_1#SC_6050_11G-TO-PRLODSTWS1_1#SC_6020_11G"
        }
      ]
    }
  },
  "PRLODSTWS1_1#SC_6020_E_CR": {
    "Type": "Job:Command",
    "DaysKeepActive": "1",
    "SubApplication": "UPCR1",
    "Host": "CTMAG",
    "CreatedBy": "emuser",
    "Description": "generate the report file for batch",
    "RunAs": "controlm",
    "Application": "ODS",
    "Command": "/home/tws/ods_batch_home/esp.batch.scripts/gen.report.sh D_RPT_SC ${tws.job.name} %%\\\\global\\END_DT_CHAR.",
    "When": {
      "WeekDays": [
        "NONE"
      ],
      "Months": [
        "NONE"
      ],
      "MonthDays": [
        "NONE"
      ],
      "DaysRelation": "OR",
      "RuleBasedCalendars": {
        "Included": [
          "RC1"
        ]
      }
    },
    "eventsToWaitFor": {
      "Type": "WaitForEvents",
      "Events": [
        {
          "Event": "PRLODSTWS1_1#SC_6020_PARAM-TO-PRLODSTWS1_1#SC_6020_E_CR"
        }
      ]
    },
    "eventsToAdd": {
      "Type": "AddEvents",
      "Events": [
        {
          "Event": "PRLODSTWS1_1#SC_6020_E_CR-TO-PRLODSTWS1_1#SC_6020_E_CF"
        }
      ]
    },
    "eventsToDelete": {
      "Type": "DeleteEvents",
      "Events": [
        {
          "Event": "PRLODSTWS1_1#SC_6020_PARAM-TO-PRLODSTWS1_1#SC_6020_E_CR"
        }
      ]
    }
  },
  "PRLODSTWS1_1#SC_7000_PARAM": {
    "Type": "Job:Database:StoredProcedure",
    "ConnectionProfile": "UPCR1",
    "StoredProcedure": "SC_7000_PARAM_SP",
    "Schema": "SQLEXT",
    "DaysKeepActive": "1",
    "SubApplication": "UPCR1",
    "Host": "CTMAG",
    "CreatedBy": "emuser",
    "Description": "== Conversion Messages Start ==\\n\\nMessage ID\\t: WRN6031 (2745-4844)\\n\\n== Conversion Messages End ==\\nAdded by composer.",
    "RunAs": "controlm",
    "Application": "ODS",
    "When": {
      "WeekDays": [
        "NONE"
      ],
      "Months": [
        "NONE"
      ],
      "MonthDays": [
        "NONE"
      ],
      "DaysRelation": "OR",
      "RuleBasedCalendars": {
        "Included": [
          "RC1"
        ]
      }
    },
    "eventsToWaitFor": {
      "Type": "WaitForEvents",
      "Events": [
        {
          "Event": "PRLODSTWS1_1#SC_7000_11G-TO-PRLODSTWS1_1#SC_7000_PARAM"
        },
        {
          "Event": "PRLODSTWS1_1#SC_JOB_PARAM-TO-PRLODSTWS1_1#SC_7000_PARAM"
        }
      ]
    },
    "eventsToAdd": {
      "Type": "AddEvents",
      "Events": [
        {
          "Event": "PRLODSTWS1_1#SC_7000_PARAM-TO-PRLODSTWS1_1#SC_7000_CR"
        }
      ]
    },
    "eventsToDelete": {
      "Type": "DeleteEvents",
      "Events": [
        {
          "Event": "PRLODSTWS1_1#SC_7000_11G-TO-PRLODSTWS1_1#SC_7000_PARAM"
        },
        {
          "Event": "PRLODSTWS1_1#SC_JOB_PARAM-TO-PRLODSTWS1_1#SC_7000_PARAM"
        }
      ]
    }
  },
  "PRLODSTWS1_1#SC_7001_CF": {
    "Type": "Job:Command",
    "DaysKeepActive": "1",
    "SubApplication": "UPCR1",
    "Host": "CTMAG",
    "CreatedBy": "emuser",
    "Description": "archiving file for batch",
    "RunAs": "controlm",
    "Application": "ODS",
    "Command": "/home/tws/ods_batch_home/esp.batch.scripts/archiving.file.sh D_RPT_SC ${tws.job.name} %%\\\\global\\END_DT_CHAR.",
    "When": {
      "WeekDays": [
        "NONE"
      ],
      "Months": [
        "NONE"
      ],
      "MonthDays": [
        "NONE"
      ],
      "DaysRelation": "OR",
      "RuleBasedCalendars": {
        "Included": [
          "RC1"
        ]
      }
    },
    "eventsToWaitFor": {
      "Type": "WaitForEvents",
      "Events": [
        {
          "Event": "PRLODSTWS1_1#SC_7001_CR-TO-PRLODSTWS1_1#SC_7001_CF"
        }
      ]
    },
    "eventsToDelete": {
      "Type": "DeleteEvents",
      "Events": [
        {
          "Event": "PRLODSTWS1_1#SC_7001_CR-TO-PRLODSTWS1_1#SC_7001_CF"
        }
      ]
    }
  },
  "PRLODSTWS1_1#SC_6020_E_CF": {
    "Type": "Job:Command",
    "DaysKeepActive": "1",
    "SubApplication": "UPCR1",
    "Host": "CTMAG",
    "CreatedBy": "emuser",
    "Description": "archiving file for batch",
    "RunAs": "controlm",
    "Application": "ODS",
    "Command": "/home/tws/ods_batch_home/esp.batch.scripts/archiving.file.sh D_RPT_SC ${tws.job.name} %%\\\\global\\END_DT_CHAR.",
    "When": {
      "WeekDays": [
        "NONE"
      ],
      "Months": [
        "NONE"
      ],
      "MonthDays": [
        "NONE"
      ],
      "DaysRelation": "OR",
      "RuleBasedCalendars": {
        "Included": [
          "RC1"
        ]
      }
    },
    "eventsToWaitFor": {
      "Type": "WaitForEvents",
      "Events": [
        {
          "Event": "PRLODSTWS1_1#SC_6020_E_CR-TO-PRLODSTWS1_1#SC_6020_E_CF"
        }
      ]
    },
    "eventsToDelete": {
      "Type": "DeleteEvents",
      "Events": [
        {
          "Event": "PRLODSTWS1_1#SC_6020_E_CR-TO-PRLODSTWS1_1#SC_6020_E_CF"
        }
      ]
    }
  },
  "PRLODSTWS1_1#SC_3410_11G": {
    "Type": "Job:Database:StoredProcedure",
    "ConnectionProfile": "UPCR1",
    "StoredProcedure": "SC_3410_11G_SP",
    "Schema": "SQLEXT",
    "DaysKeepActive": "1",
    "SubApplication": "UPCR1",
    "Host": "CTMAG",
    "CreatedBy": "emuser",
    "Description": "== Conversion Messages Start ==\\n\\nMessage ID\\t: WRN6031 (2746-4847)\\n\\n== Conversion Messages End ==\\nAdded by composer.",
    "RunAs": "controlm",
    "Application": "ODS",
    "When": {
      "WeekDays": [
        "NONE"
      ],
      "Months": [
        "NONE"
      ],
      "MonthDays": [
        "NONE"
      ],
      "DaysRelation": "OR",
      "RuleBasedCalendars": {
        "Included": [
          "RC1"
        ]
      }
    },
    "eventsToWaitFor": {
      "Type": "WaitForEvents",
      "Events": [
        {
          "Event": "PRLODSTWS1_1#O_COMM_AGGREGATION-TO-PRLODSTWS1_1#SC_3410_11G"
        },
        {
          "Event": "PRLODSTWS1_1#O_SC_COMM_CALC_YS1_D-TO-PRLODSTWS1_1#SC_3410_11G"
        },
        {
          "Event": "PRLODSTWS1_1#O_SC_COMM_CALC_YS2_D-TO-PRLODSTWS1_1#SC_3410_11G"
        },
        {
          "Event": "PRLODSTWS1_1#O_CONTRACT_MASTER-TO-PRLODSTWS1_1#SC_3410_11G"
        },
        {
          "Event": "PRLODSTWS1_1#O_CONTRACT_PRODUCT-TO-PRLODSTWS1_1#SC_3410_11G"
        },
        {
          "Event": "PRLODSTWS1_1#O_INSURED_LIST-TO-PRLODSTWS1_1#SC_3410_11G"
        },
        {
          "Event": "PRLODSTWS1_1#O_BENEFIT_INSURED-TO-PRLODSTWS1_1#SC_3410_11G"
        }
      ]
    },
    "eventsToAdd": {
      "Type": "AddEvents",
      "Events": [
        {
          "Event": "PRLODSTWS1_1#SC_3410_11G-TO-PRLODSTWS1_1#EVER_PERS_RATE"
        },
        {
          "Event": "PRLODSTWS1_1#SC_3410_11G-TO-PRLODSTWS1_1#SC_3410_PARAM"
        }
      ]
    },
    "eventsToDelete": {
      "Type": "DeleteEvents",
      "Events": [
        {
          "Event": "PRLODSTWS1_1#O_COMM_AGGREGATION-TO-PRLODSTWS1_1#SC_3410_11G"
        },
        {
          "Event": "PRLODSTWS1_1#O_SC_COMM_CALC_YS1_D-TO-PRLODSTWS1_1#SC_3410_11G"
        },
        {
          "Event": "PRLODSTWS1_1#O_SC_COMM_CALC_YS2_D-TO-PRLODSTWS1_1#SC_3410_11G"
        },
        {
          "Event": "PRLODSTWS1_1#O_CONTRACT_MASTER-TO-PRLODSTWS1_1#SC_3410_11G"
        },
        {
          "Event": "PRLODSTWS1_1#O_CONTRACT_PRODUCT-TO-PRLODSTWS1_1#SC_3410_11G"
        },
        {
          "Event": "PRLODSTWS1_1#O_INSURED_LIST-TO-PRLODSTWS1_1#SC_3410_11G"
        },
        {
          "Event": "PRLODSTWS1_1#O_BENEFIT_INSURED-TO-PRLODSTWS1_1#SC_3410_11G"
        }
      ]
    }
  },
  "PRLODSTWS1_1#SC_6010_P_CR": {
    "Type": "Job:Command",
    "DaysKeepActive": "1",
    "SubApplication": "UPCR1",
    "Host": "CTMAG",
    "CreatedBy": "emuser",
    "Description": "generate the report file for batch",
    "RunAs": "controlm",
    "Application": "ODS",
    "Command": "/home/tws/ods_batch_home/esp.batch.scripts/gen.report.sh D_RPT_SC ${tws.job.name} %%\\\\global\\END_DT_CHAR.",
    "When": {
      "WeekDays": [
        "NONE"
      ],
      "Months": [
        "NONE"
      ],
      "MonthDays": [
        "NONE"
      ],
      "DaysRelation": "OR",
      "RuleBasedCalendars": {
        "Included": [
          "RC1"
        ]
      }
    },
    "eventsToWaitFor": {
      "Type": "WaitForEvents",
      "Events": [
        {
          "Event": "PRLODSTWS1_1#SC_6010_PARAM-TO-PRLODSTWS1_1#SC_6010_P_CR"
        }
      ]
    },
    "eventsToAdd": {
      "Type": "AddEvents",
      "Events": [
        {
          "Event": "PRLODSTWS1_1#SC_6010_P_CR-TO-PRLODSTWS1_1#SC_6010_P_CF"
        }
      ]
    },
    "eventsToDelete": {
      "Type": "DeleteEvents",
      "Events": [
        {
          "Event": "PRLODSTWS1_1#SC_6010_PARAM-TO-PRLODSTWS1_1#SC_6010_P_CR"
        }
      ]
    }
  },
  "PRLODSTWS1_1#SC_6060_11G": {
    "Type": "Job:Database:StoredProcedure",
    "ConnectionProfile": "UPCR1",
    "StoredProcedure": "SC_6060_11G_SP",
    "Schema": "SQLEXT",
    "DaysKeepActive": "1",
    "SubApplication": "UPCR1",
    "Host": "CTMAG",
    "CreatedBy": "emuser",
    "Description": "== Conversion Messages Start ==\\n\\nMessage ID\\t: WRN6031 (2747-4849)\\n\\n== Conversion Messages End ==\\nAdded by composer.",
    "RunAs": "controlm",
    "Application": "ODS",
    "When": {
      "WeekDays": [
        "NONE"
      ],
      "Months": [
        "NONE"
      ],
      "MonthDays": [
        "NONE"
      ],
      "DaysRelation": "OR",
      "RuleBasedCalendars": {
        "Included": [
          "RC1"
        ]
      }
    },
    "eventsToWaitFor": {
      "Type": "WaitForEvents",
      "Events": [
        {
          "Event": "PRLODSTWS1_1#O_COMM_AGGREGATION-TO-PRLODSTWS1_1#SC_6060_11G"
        },
        {
          "Event": "PRLODSTWS1_1#SDM_PRODUCT_COMMISION-TO-PRLODSTWS1_1#SC_6060_11G"
        },
        {
          "Event": "PRLODSTWS1_1#SDM_CASH-TO-PRLODSTWS1_1#SC_6060_11G"
        },
        {
          "Event": "PRLODSTWS1_1#SDM_CMSN_INFO_EXTEND-TO-PRLODSTWS1_1#SC_6060_11G"
        },
        {
          "Event": "PRLODSTWS1_1#SDM_COMMISION_FACTOR-TO-PRLODSTWS1_1#SC_6060_11G"
        },
        {
          "Event": "PRLODSTWS1_1#SDM_AGENT_SNAP-TO-PRLODSTWS1_1#SC_6060_11G"
        },
        {
          "Event": "PRLODSTWS1_1#SDM_CHANNEL_ORG-TO-PRLODSTWS1_1#SC_6060_11G"
        },
        {
          "Event": "PRLODSTWS1_1#SDM_COMMISION_INFO-TO-PRLODSTWS1_1#SC_6060_11G"
        },
        {
          "Event": "PRLODSTWS1_1#SDM_CONTRACT_PRODUCT-TO-PRLODSTWS1_1#SC_6060_11G"
        }
      ]
    },
    "eventsToDelete": {
      "Type": "DeleteEvents",
      "Events": [
        {
          "Event": "PRLODSTWS1_1#O_COMM_AGGREGATION-TO-PRLODSTWS1_1#SC_6060_11G"
        },
        {
          "Event": "PRLODSTWS1_1#SDM_PRODUCT_COMMISION-TO-PRLODSTWS1_1#SC_6060_11G"
        },
        {
          "Event": "PRLODSTWS1_1#SDM_CASH-TO-PRLODSTWS1_1#SC_6060_11G"
        },
        {
          "Event": "PRLODSTWS1_1#SDM_CMSN_INFO_EXTEND-TO-PRLODSTWS1_1#SC_6060_11G"
        },
        {
          "Event": "PRLODSTWS1_1#SDM_COMMISION_FACTOR-TO-PRLODSTWS1_1#SC_6060_11G"
        },
        {
          "Event": "PRLODSTWS1_1#SDM_AGENT_SNAP-TO-PRLODSTWS1_1#SC_6060_11G"
        },
        {
          "Event": "PRLODSTWS1_1#SDM_CHANNEL_ORG-TO-PRLODSTWS1_1#SC_6060_11G"
        },
        {
          "Event": "PRLODSTWS1_1#SDM_COMMISION_INFO-TO-PRLODSTWS1_1#SC_6060_11G"
        },
        {
          "Event": "PRLODSTWS1_1#SDM_CONTRACT_PRODUCT-TO-PRLODSTWS1_1#SC_6060_11G"
        }
      ]
    }
  },
  "PRLODSTWS1_1#SC_6050_E_CR": {
    "Type": "Job:Command",
    "DaysKeepActive": "1",
    "SubApplication": "UPCR1",
    "Host": "CTMAG",
    "CreatedBy": "emuser",
    "Description": "generate the report file for batch",
    "RunAs": "controlm",
    "Application": "ODS",
    "Command": "/home/tws/ods_batch_home/esp.batch.scripts/gen.report.sh D_RPT_SC ${tws.job.name} %%\\\\global\\END_DT_CHAR.",
    "When": {
      "WeekDays": [
        "NONE"
      ],
      "Months": [
        "NONE"
      ],
      "MonthDays": [
        "NONE"
      ],
      "DaysRelation": "OR",
      "RuleBasedCalendars": {
        "Included": [
          "RC1"
        ]
      }
    },
    "eventsToWaitFor": {
      "Type": "WaitForEvents",
      "Events": [
        {
          "Event": "PRLODSTWS1_1#SC_6050_PARAM-TO-PRLODSTWS1_1#SC_6050_E_CR"
        }
      ]
    },
    "eventsToAdd": {
      "Type": "AddEvents",
      "Events": [
        {
          "Event": "PRLODSTWS1_1#SC_6050_E_CR-TO-PRLODSTWS1_1#SC_6050_E_CF"
        }
      ]
    },
    "eventsToDelete": {
      "Type": "DeleteEvents",
      "Events": [
        {
          "Event": "PRLODSTWS1_1#SC_6050_PARAM-TO-PRLODSTWS1_1#SC_6050_E_CR"
        }
      ]
    }
  },
  "PRLODSTWS1_1#SC_6090_11G": {
    "Type": "Job:Database:StoredProcedure",
    "ConnectionProfile": "UPCR1",
    "StoredProcedure": "SC_6090_11G_SP",
    "Schema": "SQLEXT",
    "DaysKeepActive": "1",
    "SubApplication": "UPCR1",
    "Host": "CTMAG",
    "CreatedBy": "emuser",
    "Description": "== Conversion Messages Start ==\\n\\nMessage ID\\t: WRN6031 (2748-4851)\\n\\n== Conversion Messages End ==\\nAdded by composer.",
    "RunAs": "controlm",
    "Application": "ODS",
    "When": {
      "WeekDays": [
        "NONE"
      ],
      "Months": [
        "NONE"
      ],
      "MonthDays": [
        "NONE"
      ],
      "DaysRelation": "OR",
      "RuleBasedCalendars": {
        "Included": [
          "RC1"
        ]
      }
    },
    "eventsToWaitFor": {
      "Type": "WaitForEvents",
      "Events": [
        {
          "Event": "PRLODSTWS1_1#O_SC_APE_DETAIL-TO-PRLODSTWS1_1#SC_6090_11G"
        },
        {
          "Event": "PRLODSTWS1_1#SDM_GL_EXCHANGE_RATE-TO-PRLODSTWS1_1#SC_6090_11G"
        },
        {
          "Event": "PRLODSTWS1_1#SDM_PERFORMANCE_PREM-TO-PRLODSTWS1_1#SC_6090_11G"
        },
        {
          "Event": "PRLODSTWS1_1#SDM_CHANNEL_ORG-TO-PRLODSTWS1_1#SC_6090_11G"
        },
        {
          "Event": "PRLODSTWS1_1#SDM_CHANNEL_ORG_HIR-TO-PRLODSTWS1_1#SC_6090_11G"
        },
        {
          "Event": "PRLODSTWS1_1#SDM_CONTRACT_PRODUCT-TO-PRLODSTWS1_1#SC_6090_11G"
        },
        {
          "Event": "PRLODSTWS1_1#SDM_CONTRACT_MASTER-TO-PRLODSTWS1_1#SC_6090_11G"
        },
        {
          "Event": "PRLODSTWS1_1#SDM_CONTRACT_MASTER_ATTR-TO-PRLODSTWS1_1#SC_6090_11G"
        }
      ]
    },
    "eventsToAdd": {
      "Type": "AddEvents",
      "Events": [
        {
          "Event": "PRLODSTWS1_1#SC_6090_11G-TO-PRLODSTWS1_1#SC_6030_11G"
        }
      ]
    },
    "eventsToDelete": {
      "Type": "DeleteEvents",
      "Events": [
        {
          "Event": "PRLODSTWS1_1#O_SC_APE_DETAIL-TO-PRLODSTWS1_1#SC_6090_11G"
        },
        {
          "Event": "PRLODSTWS1_1#SDM_GL_EXCHANGE_RATE-TO-PRLODSTWS1_1#SC_6090_11G"
        },
        {
          "Event": "PRLODSTWS1_1#SDM_PERFORMANCE_PREM-TO-PRLODSTWS1_1#SC_6090_11G"
        },
        {
          "Event": "PRLODSTWS1_1#SDM_CHANNEL_ORG-TO-PRLODSTWS1_1#SC_6090_11G"
        },
        {
          "Event": "PRLODSTWS1_1#SDM_CHANNEL_ORG_HIR-TO-PRLODSTWS1_1#SC_6090_11G"
        },
        {
          "Event": "PRLODSTWS1_1#SDM_CONTRACT_PRODUCT-TO-PRLODSTWS1_1#SC_6090_11G"
        },
        {
          "Event": "PRLODSTWS1_1#SDM_CONTRACT_MASTER-TO-PRLODSTWS1_1#SC_6090_11G"
        },
        {
          "Event": "PRLODSTWS1_1#SDM_CONTRACT_MASTER_ATTR-TO-PRLODSTWS1_1#SC_6090_11G"
        }
      ]
    }
  },
  "PRLODSTWS1_1#SC_6000_P_CF": {
    "Type": "Job:Command",
    "DaysKeepActive": "1",
    "SubApplication": "UPCR1",
    "Host": "CTMAG",
    "CreatedBy": "emuser",
    "Description": "archiving file for batch",
    "RunAs": "controlm",
    "Application": "ODS",
    "Command": "/home/tws/ods_batch_home/esp.batch.scripts/archiving.file.sh D_RPT_SC ${tws.job.name} %%\\\\global\\END_DT_CHAR.",
    "When": {
      "WeekDays": [
        "NONE"
      ],
      "Months": [
        "NONE"
      ],
      "MonthDays": [
        "NONE"
      ],
      "DaysRelation": "OR",
      "RuleBasedCalendars": {
        "Included": [
          "RC1"
        ]
      }
    },
    "eventsToWaitFor": {
      "Type": "WaitForEvents",
      "Events": [
        {
          "Event": "PRLODSTWS1_1#SC_6000_P_CR-TO-PRLODSTWS1_1#SC_6000_P_CF"
        }
      ]
    },
    "eventsToDelete": {
      "Type": "DeleteEvents",
      "Events": [
        {
          "Event": "PRLODSTWS1_1#SC_6000_P_CR-TO-PRLODSTWS1_1#SC_6000_P_CF"
        }
      ]
    }
  },
  "PRLODSTWS1_1#SC_6020_P_CR": {
    "Type": "Job:Command",
    "DaysKeepActive": "1",
    "SubApplication": "UPCR1",
    "Host": "CTMAG",
    "CreatedBy": "emuser",
    "Description": "generate the report file for batch",
    "RunAs": "controlm",
    "Application": "ODS",
    "Command": "/home/tws/ods_batch_home/esp.batch.scripts/gen.report.sh D_RPT_SC ${tws.job.name} %%\\\\global\\END_DT_CHAR.",
    "When": {
      "WeekDays": [
        "NONE"
      ],
      "Months": [
        "NONE"
      ],
      "MonthDays": [
        "NONE"
      ],
      "DaysRelation": "OR",
      "RuleBasedCalendars": {
        "Included": [
          "RC1"
        ]
      }
    },
    "eventsToWaitFor": {
      "Type": "WaitForEvents",
      "Events": [
        {
          "Event": "PRLODSTWS1_1#SC_6020_PARAM-TO-PRLODSTWS1_1#SC_6020_P_CR"
        }
      ]
    },
    "eventsToAdd": {
      "Type": "AddEvents",
      "Events": [
        {
          "Event": "PRLODSTWS1_1#SC_6020_P_CR-TO-PRLODSTWS1_1#SC_6020_P_CF"
        }
      ]
    },
    "eventsToDelete": {
      "Type": "DeleteEvents",
      "Events": [
        {
          "Event": "PRLODSTWS1_1#SC_6020_PARAM-TO-PRLODSTWS1_1#SC_6020_P_CR"
        }
      ]
    }
  },
  "PRLODSTWS1_1#SC_3410_CM": {
    "Type": "Job:Command",
    "DaysKeepActive": "1",
    "SubApplication": "UPCR1",
    "Host": "CTMAG",
    "CreatedBy": "emuser",
    "Description": "Common Shell Template",
    "RunAs": "controlm",
    "Application": "ODS",
    "Command": "/home/tws/ods_batch_home/esp.batch.scripts/run.cmd.sh D_RPT_SC ${tws.job.name} %%\\\\global\\END_DT_CHAR.",
    "When": {
      "WeekDays": [
        "NONE"
      ],
      "Months": [
        "NONE"
      ],
      "MonthDays": [
        "NONE"
      ],
      "DaysRelation": "OR",
      "RuleBasedCalendars": {
        "Included": [
          "RC1"
        ]
      }
    },
    "eventsToWaitFor": {
      "Type": "WaitForEvents",
      "Events": [
        {
          "Event": "PRLODSTWS1_1#SC_3410_EX-TO-PRLODSTWS1_1#SC_3410_CM"
        }
      ]
    },
    "eventsToAdd": {
      "Type": "AddEvents",
      "Events": [
        {
          "Event": "PRLODSTWS1_1#SC_3410_CM-TO-PRLODSTWS1_1#SC_3410_CF"
        }
      ]
    },
    "eventsToDelete": {
      "Type": "DeleteEvents",
      "Events": [
        {
          "Event": "PRLODSTWS1_1#SC_3410_EX-TO-PRLODSTWS1_1#SC_3410_CM"
        }
      ]
    }
  },
  "PRLODSTWS1_1#SC_6000_E_CR": {
    "Type": "Job:Command",
    "DaysKeepActive": "1",
    "SubApplication": "UPCR1",
    "Host": "CTMAG",
    "CreatedBy": "emuser",
    "Description": "generate the report file for batch",
    "RunAs": "controlm",
    "Application": "ODS",
    "Command": "/home/tws/ods_batch_home/esp.batch.scripts/gen.report.sh D_RPT_SC ${tws.job.name} %%\\\\global\\END_DT_CHAR.",
    "When": {
      "WeekDays": [
        "NONE"
      ],
      "Months": [
        "NONE"
      ],
      "MonthDays": [
        "NONE"
      ],
      "DaysRelation": "OR",
      "RuleBasedCalendars": {
        "Included": [
          "RC1"
        ]
      }
    },
    "eventsToWaitFor": {
      "Type": "WaitForEvents",
      "Events": [
        {
          "Event": "PRLODSTWS1_1#SC_6000_PARAM-TO-PRLODSTWS1_1#SC_6000_E_CR"
        }
      ]
    },
    "eventsToAdd": {
      "Type": "AddEvents",
      "Events": [
        {
          "Event": "PRLODSTWS1_1#SC_6000_E_CR-TO-PRLODSTWS1_1#SC_6000_E_CF"
        }
      ]
    },
    "eventsToDelete": {
      "Type": "DeleteEvents",
      "Events": [
        {
          "Event": "PRLODSTWS1_1#SC_6000_PARAM-TO-PRLODSTWS1_1#SC_6000_E_CR"
        }
      ]
    }
  },
  "PRLODSTWS1_1#SC_6070_11G": {
    "Type": "Job:Database:StoredProcedure",
    "ConnectionProfile": "UPCR1",
    "StoredProcedure": "SC_6070_11G_SP",
    "Schema": "SQLEXT",
    "DaysKeepActive": "1",
    "SubApplication": "UPCR1",
    "Host": "CTMAG",
    "CreatedBy": "emuser",
    "Description": "== Conversion Messages Start ==\\n\\nMessage ID\\t: WRN6031 (2749-4856)\\n\\n== Conversion Messages End ==\\nAdded by composer.",
    "RunAs": "controlm",
    "Application": "ODS",
    "When": {
      "WeekDays": [
        "NONE"
      ],
      "Months": [
        "NONE"
      ],
      "MonthDays": [
        "NONE"
      ],
      "DaysRelation": "OR",
      "RuleBasedCalendars": {
        "Included": [
          "RC1"
        ]
      }
    },
    "eventsToWaitFor": {
      "Type": "WaitForEvents",
      "Events": [
        {
          "Event": "PRLODSTWS1_1#OV_SC_PARAMETER_CONF-TO-PRLODSTWS1_1#SC_6070_11G"
        },
        {
          "Event": "PRLODSTWS1_1#O_COMMISION_TYPE-TO-PRLODSTWS1_1#SC_6070_11G"
        },
        {
          "Event": "PRLODSTWS1_1#O_COMM_AGGREGATION-TO-PRLODSTWS1_1#SC_6070_11G"
        },
        {
          "Event": "PRLODSTWS1_1#O_SC_COMM_CALC_YS3_D-TO-PRLODSTWS1_1#SC_6070_11G"
        },
        {
          "Event": "PRLODSTWS1_1#O_SC_COMM_CALC_YS3_S-TO-PRLODSTWS1_1#SC_6070_11G"
        },
        {
          "Event": "PRLODSTWS1_1#O_SC_COMM_CALC_YS4_D-TO-PRLODSTWS1_1#SC_6070_11G"
        },
        {
          "Event": "PRLODSTWS1_1#O_SC_COMM_CALC_YS5_D-TO-PRLODSTWS1_1#SC_6070_11G"
        },
        {
          "Event": "PRLODSTWS1_1#O_SC_COMM_CALC_YS6_D-TO-PRLODSTWS1_1#SC_6070_11G"
        },
        {
          "Event": "PRLODSTWS1_1#O_STRING_RESOURCE-TO-PRLODSTWS1_1#SC_6070_11G"
        },
        {
          "Event": "PRLODSTWS1_1#SDM_PRODUCTION_DETAIL-TO-PRLODSTWS1_1#SC_6070_11G"
        },
        {
          "Event": "PRLODSTWS1_1#SDM_AGENT-TO-PRLODSTWS1_1#SC_6070_11G"
        },
        {
          "Event": "PRLODSTWS1_1#SDM_CHANNEL_ORG-TO-PRLODSTWS1_1#SC_6070_11G"
        },
        {
          "Event": "PRLODSTWS1_1#SDM_CHANNEL_ORG_HIR-TO-PRLODSTWS1_1#SC_6070_11G"
        },
        {
          "Event": "PRLODSTWS1_1#SDM_CONTRACT_PRODUCT-TO-PRLODSTWS1_1#SC_6070_11G"
        },
        {
          "Event": "PRLODSTWS1_1#SDM_CONTRACT_MASTER-TO-PRLODSTWS1_1#SC_6070_11G"
        }
      ]
    },
    "eventsToAdd": {
      "Type": "AddEvents",
      "Events": [
        {
          "Event": "PRLODSTWS1_1#SC_6070_11G-TO-PRLODSTWS1_1#SC_6080_11G"
        }
      ]
    },
    "eventsToDelete": {
      "Type": "DeleteEvents",
      "Events": [
        {
          "Event": "PRLODSTWS1_1#OV_SC_PARAMETER_CONF-TO-PRLODSTWS1_1#SC_6070_11G"
        },
        {
          "Event": "PRLODSTWS1_1#O_COMMISION_TYPE-TO-PRLODSTWS1_1#SC_6070_11G"
        },
        {
          "Event": "PRLODSTWS1_1#O_COMM_AGGREGATION-TO-PRLODSTWS1_1#SC_6070_11G"
        },
        {
          "Event": "PRLODSTWS1_1#O_SC_COMM_CALC_YS3_D-TO-PRLODSTWS1_1#SC_6070_11G"
        },
        {
          "Event": "PRLODSTWS1_1#O_SC_COMM_CALC_YS3_S-TO-PRLODSTWS1_1#SC_6070_11G"
        },
        {
          "Event": "PRLODSTWS1_1#O_SC_COMM_CALC_YS4_D-TO-PRLODSTWS1_1#SC_6070_11G"
        },
        {
          "Event": "PRLODSTWS1_1#O_SC_COMM_CALC_YS5_D-TO-PRLODSTWS1_1#SC_6070_11G"
        },
        {
          "Event": "PRLODSTWS1_1#O_SC_COMM_CALC_YS6_D-TO-PRLODSTWS1_1#SC_6070_11G"
        },
        {
          "Event": "PRLODSTWS1_1#O_STRING_RESOURCE-TO-PRLODSTWS1_1#SC_6070_11G"
        },
        {
          "Event": "PRLODSTWS1_1#SDM_PRODUCTION_DETAIL-TO-PRLODSTWS1_1#SC_6070_11G"
        },
        {
          "Event": "PRLODSTWS1_1#SDM_AGENT-TO-PRLODSTWS1_1#SC_6070_11G"
        },
        {
          "Event": "PRLODSTWS1_1#SDM_CHANNEL_ORG-TO-PRLODSTWS1_1#SC_6070_11G"
        },
        {
          "Event": "PRLODSTWS1_1#SDM_CHANNEL_ORG_HIR-TO-PRLODSTWS1_1#SC_6070_11G"
        },
        {
          "Event": "PRLODSTWS1_1#SDM_CONTRACT_PRODUCT-TO-PRLODSTWS1_1#SC_6070_11G"
        },
        {
          "Event": "PRLODSTWS1_1#SDM_CONTRACT_MASTER-TO-PRLODSTWS1_1#SC_6070_11G"
        }
      ]
    }
  },
  "PRLODSTWS1_1#SC_6050_E_CF": {
    "Type": "Job:Command",
    "DaysKeepActive": "1",
    "SubApplication": "UPCR1",
    "Host": "CTMAG",
    "CreatedBy": "emuser",
    "Description": "archiving file for batch",
    "RunAs": "controlm",
    "Application": "ODS",
    "Command": "/home/tws/ods_batch_home/esp.batch.scripts/archiving.file.sh D_RPT_SC ${tws.job.name} %%\\\\global\\END_DT_CHAR.",
    "When": {
      "WeekDays": [
        "NONE"
      ],
      "Months": [
        "NONE"
      ],
      "MonthDays": [
        "NONE"
      ],
      "DaysRelation": "OR",
      "RuleBasedCalendars": {
        "Included": [
          "RC1"
        ]
      }
    },
    "eventsToWaitFor": {
      "Type": "WaitForEvents",
      "Events": [
        {
          "Event": "PRLODSTWS1_1#SC_6050_E_CR-TO-PRLODSTWS1_1#SC_6050_E_CF"
        }
      ]
    },
    "eventsToDelete": {
      "Type": "DeleteEvents",
      "Events": [
        {
          "Event": "PRLODSTWS1_1#SC_6050_E_CR-TO-PRLODSTWS1_1#SC_6050_E_CF"
        }
      ]
    }
  },
  "PRLODSTWS1_1#SC_6050_P_CF": {
    "Type": "Job:Command",
    "DaysKeepActive": "1",
    "SubApplication": "UPCR1",
    "Host": "CTMAG",
    "CreatedBy": "emuser",
    "Description": "archiving file for batch",
    "RunAs": "controlm",
    "Application": "ODS",
    "Command": "/home/tws/ods_batch_home/esp.batch.scripts/archiving.file.sh D_RPT_SC ${tws.job.name} %%\\\\global\\END_DT_CHAR.",
    "When": {
      "WeekDays": [
        "NONE"
      ],
      "Months": [
        "NONE"
      ],
      "MonthDays": [
        "NONE"
      ],
      "DaysRelation": "OR",
      "RuleBasedCalendars": {
        "Included": [
          "RC1"
        ]
      }
    },
    "eventsToWaitFor": {
      "Type": "WaitForEvents",
      "Events": [
        {
          "Event": "PRLODSTWS1_1#SC_6050_P_CR-TO-PRLODSTWS1_1#SC_6050_P_CF"
        }
      ]
    },
    "eventsToDelete": {
      "Type": "DeleteEvents",
      "Events": [
        {
          "Event": "PRLODSTWS1_1#SC_6050_P_CR-TO-PRLODSTWS1_1#SC_6050_P_CF"
        }
      ]
    }
  },
  "PRLODSTWS1_1#SC_3410_EX": {
    "Type": "Job:Command",
    "DaysKeepActive": "1",
    "SubApplication": "UPCR1",
    "Host": "CTMAG",
    "CreatedBy": "emuser",
    "Description": "CSV Export for batch",
    "RunAs": "controlm",
    "Application": "ODS",
    "Command": "/home/tws/ods_batch_home/esp.batch.scripts/gen.table2File.sh D_RPT_SC ${tws.job.name} %%\\\\global\\END_DT_CHAR.",
    "When": {
      "WeekDays": [
        "NONE"
      ],
      "Months": [
        "NONE"
      ],
      "MonthDays": [
        "NONE"
      ],
      "DaysRelation": "OR",
      "RuleBasedCalendars": {
        "Included": [
          "RC1"
        ]
      }
    },
    "eventsToWaitFor": {
      "Type": "WaitForEvents",
      "Events": [
        {
          "Event": "PRLODSTWS1_1#SC_3410_PARAM-TO-PRLODSTWS1_1#SC_3410_EX"
        }
      ]
    },
    "eventsToAdd": {
      "Type": "AddEvents",
      "Events": [
        {
          "Event": "PRLODSTWS1_1#SC_3410_EX-TO-PRLODSTWS1_1#SC_3410_CM"
        }
      ]
    },
    "eventsToDelete": {
      "Type": "DeleteEvents",
      "Events": [
        {
          "Event": "PRLODSTWS1_1#SC_3410_PARAM-TO-PRLODSTWS1_1#SC_3410_EX"
        }
      ]
    }
  },
  "PRLODSTWS1_1#SC_3580_11G": {
    "Type": "Job:Database:StoredProcedure",
    "ConnectionProfile": "UPCR1",
    "StoredProcedure": "SC_3580_11G_SP",
    "Schema": "SQLEXT",
    "DaysKeepActive": "1",
    "SubApplication": "UPCR1",
    "Host": "CTMAG",
    "CreatedBy": "emuser",
    "Description": "== Conversion Messages Start ==\\n\\nMessage ID\\t: WRN6031 (2750-4860)\\n\\n== Conversion Messages End ==\\nAdded by composer.",
    "RunAs": "controlm",
    "Application": "ODS",
    "When": {
      "WeekDays": [
        "NONE"
      ],
      "Months": [
        "NONE"
      ],
      "MonthDays": [
        "NONE"
      ],
      "DaysRelation": "OR",
      "RuleBasedCalendars": {
        "Included": [
          "RC1"
        ]
      }
    },
    "eventsToWaitFor": {
      "Type": "WaitForEvents",
      "Events": [
        {
          "Event": "PRLODSTWS1_1#O_SC_REPORT_INFO-TO-PRLODSTWS1_1#SC_3580_11G"
        },
        {
          "Event": "PRLODSTWS1_1#O_SC_YBD-TO-PRLODSTWS1_1#SC_3580_11G"
        },
        {
          "Event": "PRLODSTWS1_1#SYS_STS_STG-TO-PRLODSTWS1_1#SC_3580_11G"
        }
      ]
    },
    "eventsToDelete": {
      "Type": "DeleteEvents",
      "Events": [
        {
          "Event": "PRLODSTWS1_1#O_SC_REPORT_INFO-TO-PRLODSTWS1_1#SC_3580_11G"
        },
        {
          "Event": "PRLODSTWS1_1#O_SC_YBD-TO-PRLODSTWS1_1#SC_3580_11G"
        },
        {
          "Event": "PRLODSTWS1_1#SYS_STS_STG-TO-PRLODSTWS1_1#SC_3580_11G"
        }
      ]
    }
  },
  "PRLODSTWS1_1#SC_7001_CR": {
    "Type": "Job:Command",
    "DaysKeepActive": "1",
    "SubApplication": "UPCR1",
    "Host": "CTMAG",
    "CreatedBy": "emuser",
    "Description": "generate the report file for batch",
    "RunAs": "controlm",
    "Application": "ODS",
    "Command": "/home/tws/ods_batch_home/esp.batch.scripts/gen.report.sh D_RPT_SC ${tws.job.name} %%\\\\global\\END_DT_CHAR.",
    "When": {
      "WeekDays": [
        "NONE"
      ],
      "Months": [
        "NONE"
      ],
      "MonthDays": [
        "NONE"
      ],
      "DaysRelation": "OR",
      "RuleBasedCalendars": {
        "Included": [
          "RC1"
        ]
      }
    },
    "eventsToWaitFor": {
      "Type": "WaitForEvents",
      "Events": [
        {
          "Event": "PRLODSTWS1_1#SC_7001_PARAM-TO-PRLODSTWS1_1#SC_7001_CR"
        }
      ]
    },
    "eventsToAdd": {
      "Type": "AddEvents",
      "Events": [
        {
          "Event": "PRLODSTWS1_1#SC_7001_CR-TO-PRLODSTWS1_1#SC_7001_CF"
        }
      ]
    },
    "eventsToDelete": {
      "Type": "DeleteEvents",
      "Events": [
        {
          "Event": "PRLODSTWS1_1#SC_7001_PARAM-TO-PRLODSTWS1_1#SC_7001_CR"
        }
      ]
    }
  },
  "PRLODSTWS1_1#SC_6050_11G": {
    "Type": "Job:Database:StoredProcedure",
    "ConnectionProfile": "UPCR1",
    "StoredProcedure": "SC_6050_11G_SP",
    "Schema": "SQLEXT",
    "DaysKeepActive": "1",
    "SubApplication": "UPCR1",
    "Host": "CTMAG",
    "CreatedBy": "emuser",
    "Description": "== Conversion Messages Start ==\\n\\nMessage ID\\t: WRN6031 (2751-4862)\\n\\n== Conversion Messages End ==\\nAdded by composer.",
    "RunAs": "controlm",
    "Application": "ODS",
    "When": {
      "WeekDays": [
        "NONE"
      ],
      "Months": [
        "NONE"
      ],
      "MonthDays": [
        "NONE"
      ],
      "DaysRelation": "OR",
      "RuleBasedCalendars": {
        "Included": [
          "RC1"
        ]
      }
    },
    "eventsToWaitFor": {
      "Type": "WaitForEvents",
      "Events": [
        {
          "Event": "PRLODSTWS1_1#O_SC_APE_DETAIL-TO-PRLODSTWS1_1#SC_6050_11G"
        },
        {
          "Event": "PRLODSTWS1_1#OV_CONTRACT_MASTER-TO-PRLODSTWS1_1#SC_6050_11G"
        },
        {
          "Event": "PRLODSTWS1_1#OV_CONTRACT_PRODUCT-TO-PRLODSTWS1_1#SC_6050_11G"
        },
        {
          "Event": "PRLODSTWS1_1#SDM_PERFORMANCE_PREM-TO-PRLODSTWS1_1#SC_6050_11G"
        },
        {
          "Event": "PRLODSTWS1_1#SDM_PRODUCTION_ADJUST-TO-PRLODSTWS1_1#SC_6050_11G"
        },
        {
          "Event": "PRLODSTWS1_1#SDM_CHANNEL_ORG-TO-PRLODSTWS1_1#SC_6050_11G"
        },
        {
          "Event": "PRLODSTWS1_1#SDM_CONTRACT_PRODUCT-TO-PRLODSTWS1_1#SC_6050_11G"
        },
        {
          "Event": "PRLODSTWS1_1#SDM_CONTRACT_MASTER-TO-PRLODSTWS1_1#SC_6050_11G"
        },
        {
          "Event": "PRLODSTWS1_1#SYS_STS_STG-TO-PRLODSTWS1_1#SC_6050_11G"
        }
      ]
    },
    "eventsToAdd": {
      "Type": "AddEvents",
      "Events": [
        {
          "Event": "PRLODSTWS1_1#SC_6050_11G-TO-PRLODSTWS1_1#SC_6000_11G"
        },
        {
          "Event": "PRLODSTWS1_1#SC_6050_11G-TO-PRLODSTWS1_1#SC_6010_11G"
        },
        {
          "Event": "PRLODSTWS1_1#SC_6050_11G-TO-PRLODSTWS1_1#SC_6020_11G"
        },
        {
          "Event": "PRLODSTWS1_1#SC_6050_11G-TO-PRLODSTWS1_1#SC_6050_PARAM"
        }
      ]
    },
    "eventsToDelete": {
      "Type": "DeleteEvents",
      "Events": [
        {
          "Event": "PRLODSTWS1_1#O_SC_APE_DETAIL-TO-PRLODSTWS1_1#SC_6050_11G"
        },
        {
          "Event": "PRLODSTWS1_1#OV_CONTRACT_MASTER-TO-PRLODSTWS1_1#SC_6050_11G"
        },
        {
          "Event": "PRLODSTWS1_1#OV_CONTRACT_PRODUCT-TO-PRLODSTWS1_1#SC_6050_11G"
        },
        {
          "Event": "PRLODSTWS1_1#SDM_PERFORMANCE_PREM-TO-PRLODSTWS1_1#SC_6050_11G"
        },
        {
          "Event": "PRLODSTWS1_1#SDM_PRODUCTION_ADJUST-TO-PRLODSTWS1_1#SC_6050_11G"
        },
        {
          "Event": "PRLODSTWS1_1#SDM_CHANNEL_ORG-TO-PRLODSTWS1_1#SC_6050_11G"
        },
        {
          "Event": "PRLODSTWS1_1#SDM_CONTRACT_PRODUCT-TO-PRLODSTWS1_1#SC_6050_11G"
        },
        {
          "Event": "PRLODSTWS1_1#SDM_CONTRACT_MASTER-TO-PRLODSTWS1_1#SC_6050_11G"
        },
        {
          "Event": "PRLODSTWS1_1#SYS_STS_STG-TO-PRLODSTWS1_1#SC_6050_11G"
        }
      ]
    }
  },
  "PRLODSTWS1_1#SC_6000_E_CF": {
    "Type": "Job:Command",
    "DaysKeepActive": "1",
    "SubApplication": "UPCR1",
    "Host": "CTMAG",
    "CreatedBy": "emuser",
    "Description": "archiving file for batch",
    "RunAs": "controlm",
    "Application": "ODS",
    "Command": "/home/tws/ods_batch_home/esp.batch.scripts/archiving.file.sh D_RPT_SC ${tws.job.name} %%\\\\global\\END_DT_CHAR.",
    "When": {
      "WeekDays": [
        "NONE"
      ],
      "Months": [
        "NONE"
      ],
      "MonthDays": [
        "NONE"
      ],
      "DaysRelation": "OR",
      "RuleBasedCalendars": {
        "Included": [
          "RC1"
        ]
      }
    },
    "eventsToWaitFor": {
      "Type": "WaitForEvents",
      "Events": [
        {
          "Event": "PRLODSTWS1_1#SC_6000_E_CR-TO-PRLODSTWS1_1#SC_6000_E_CF"
        }
      ]
    },
    "eventsToDelete": {
      "Type": "DeleteEvents",
      "Events": [
        {
          "Event": "PRLODSTWS1_1#SC_6000_E_CR-TO-PRLODSTWS1_1#SC_6000_E_CF"
        }
      ]
    }
  },
  "PRLODSTWS1_1#SC_7001_PARAM": {
    "Type": "Job:Database:StoredProcedure",
    "ConnectionProfile": "UPCR1",
    "StoredProcedure": "SC_7001_PARAM_SP",
    "Schema": "SQLEXT",
    "DaysKeepActive": "1",
    "SubApplication": "UPCR1",
    "Host": "CTMAG",
    "CreatedBy": "emuser",
    "Description": "== Conversion Messages Start ==\\n\\nMessage ID\\t: WRN6031 (2752-4864)\\n\\n== Conversion Messages End ==\\nAdded by composer.",
    "RunAs": "controlm",
    "Application": "ODS",
    "When": {
      "WeekDays": [
        "NONE"
      ],
      "Months": [
        "NONE"
      ],
      "MonthDays": [
        "NONE"
      ],
      "DaysRelation": "OR",
      "RuleBasedCalendars": {
        "Included": [
          "RC1"
        ]
      }
    },
    "eventsToWaitFor": {
      "Type": "WaitForEvents",
      "Events": [
        {
          "Event": "PRLODSTWS1_1#SC_7001_11G-TO-PRLODSTWS1_1#SC_7001_PARAM"
        },
        {
          "Event": "PRLODSTWS1_1#SC_JOB_PARAM-TO-PRLODSTWS1_1#SC_7001_PARAM"
        }
      ]
    },
    "eventsToAdd": {
      "Type": "AddEvents",
      "Events": [
        {
          "Event": "PRLODSTWS1_1#SC_7001_PARAM-TO-PRLODSTWS1_1#SC_7001_CR"
        }
      ]
    },
    "eventsToDelete": {
      "Type": "DeleteEvents",
      "Events": [
        {
          "Event": "PRLODSTWS1_1#SC_7001_11G-TO-PRLODSTWS1_1#SC_7001_PARAM"
        },
        {
          "Event": "PRLODSTWS1_1#SC_JOB_PARAM-TO-PRLODSTWS1_1#SC_7001_PARAM"
        }
      ]
    }
  },
  "PRLODSTWS1_1#SC_6080_11G": {
    "Type": "Job:Database:StoredProcedure",
    "ConnectionProfile": "UPCR1",
    "StoredProcedure": "SC_6080_11G_SP",
    "Schema": "SQLEXT",
    "DaysKeepActive": "1",
    "SubApplication": "UPCR1",
    "Host": "CTMAG",
    "CreatedBy": "emuser",
    "Description": "== Conversion Messages Start ==\\n\\nMessage ID\\t: WRN6031 (2753-4865)\\n\\n== Conversion Messages End ==\\nAdded by composer.",
    "RunAs": "controlm",
    "Application": "ODS",
    "When": {
      "WeekDays": [
        "NONE"
      ],
      "Months": [
        "NONE"
      ],
      "MonthDays": [
        "NONE"
      ],
      "DaysRelation": "OR",
      "RuleBasedCalendars": {
        "Included": [
          "RC1"
        ]
      }
    },
    "eventsToWaitFor": {
      "Type": "WaitForEvents",
      "Events": [
        {
          "Event": "PRLODSTWS1_1#SC_6070_11G-TO-PRLODSTWS1_1#SC_6080_11G"
        },
        {
          "Event": "PRLODSTWS1_1#O_COMMISION_TYPE-TO-PRLODSTWS1_1#SC_6080_11G"
        },
        {
          "Event": "PRLODSTWS1_1#O_COMM_AGGREGATION-TO-PRLODSTWS1_1#SC_6080_11G"
        },
        {
          "Event": "PRLODSTWS1_1#O_SC_COMM_CALC_YS3_S-TO-PRLODSTWS1_1#SC_6080_11G"
        },
        {
          "Event": "PRLODSTWS1_1#O_SC_COMM_CALC_YS4_S-TO-PRLODSTWS1_1#SC_6080_11G"
        },
        {
          "Event": "PRLODSTWS1_1#O_SC_COMM_CALC_YS5_S-TO-PRLODSTWS1_1#SC_6080_11G"
        },
        {
          "Event": "PRLODSTWS1_1#O_SC_COMM_CALC_YS6_S-TO-PRLODSTWS1_1#SC_6080_11G"
        },
        {
          "Event": "PRLODSTWS1_1#SDM_CHANNEL_ORG-TO-PRLODSTWS1_1#SC_6080_11G"
        }
      ]
    },
    "eventsToDelete": {
      "Type": "DeleteEvents",
      "Events": [
        {
          "Event": "PRLODSTWS1_1#SC_6070_11G-TO-PRLODSTWS1_1#SC_6080_11G"
        },
        {
          "Event": "PRLODSTWS1_1#O_COMMISION_TYPE-TO-PRLODSTWS1_1#SC_6080_11G"
        },
        {
          "Event": "PRLODSTWS1_1#O_COMM_AGGREGATION-TO-PRLODSTWS1_1#SC_6080_11G"
        },
        {
          "Event": "PRLODSTWS1_1#O_SC_COMM_CALC_YS3_S-TO-PRLODSTWS1_1#SC_6080_11G"
        },
        {
          "Event": "PRLODSTWS1_1#O_SC_COMM_CALC_YS4_S-TO-PRLODSTWS1_1#SC_6080_11G"
        },
        {
          "Event": "PRLODSTWS1_1#O_SC_COMM_CALC_YS5_S-TO-PRLODSTWS1_1#SC_6080_11G"
        },
        {
          "Event": "PRLODSTWS1_1#O_SC_COMM_CALC_YS6_S-TO-PRLODSTWS1_1#SC_6080_11G"
        },
        {
          "Event": "PRLODSTWS1_1#SDM_CHANNEL_ORG-TO-PRLODSTWS1_1#SC_6080_11G"
        }
      ]
    }
  },
  "PRLODSTWS1_1#SC_7001_11G": {
    "Type": "Job:Database:StoredProcedure",
    "ConnectionProfile": "UPCR1",
    "StoredProcedure": "SC_7001_11G_SP",
    "Schema": "SQLEXT",
    "DaysKeepActive": "1",
    "SubApplication": "UPCR1",
    "Host": "CTMAG",
    "CreatedBy": "emuser",
    "Description": "== Conversion Messages Start ==\\n\\nMessage ID\\t: WRN6031 (2754-4866)\\n\\n== Conversion Messages End ==\\nAdded by composer.",
    "RunAs": "controlm",
    "Application": "ODS",
    "When": {
      "WeekDays": [
        "NONE"
      ],
      "Months": [
        "NONE"
      ],
      "MonthDays": [
        "NONE"
      ],
      "DaysRelation": "OR",
      "RuleBasedCalendars": {
        "Included": [
          "RC1"
        ]
      }
    },
    "eventsToWaitFor": {
      "Type": "WaitForEvents",
      "Events": [
        {
          "Event": "PRLODSTWS1_1#SYS_STS_STG-TO-PRLODSTWS1_1#SC_7001_11G"
        }
      ]
    },
    "eventsToAdd": {
      "Type": "AddEvents",
      "Events": [
        {
          "Event": "PRLODSTWS1_1#SC_7001_11G-TO-PRLODSTWS1_1#SC_7001_PARAM"
        }
      ]
    },
    "eventsToDelete": {
      "Type": "DeleteEvents",
      "Events": [
        {
          "Event": "PRLODSTWS1_1#SYS_STS_STG-TO-PRLODSTWS1_1#SC_7001_11G"
        }
      ]
    }
  },
  "PRLODSTWS1_1#SC_6000_P_CR": {
    "Type": "Job:Command",
    "DaysKeepActive": "1",
    "SubApplication": "UPCR1",
    "Host": "CTMAG",
    "CreatedBy": "emuser",
    "Description": "generate the report file for batch",
    "RunAs": "controlm",
    "Application": "ODS",
    "Command": "/home/tws/ods_batch_home/esp.batch.scripts/gen.report.sh D_RPT_SC ${tws.job.name} %%\\\\global\\END_DT_CHAR.",
    "When": {
      "WeekDays": [
        "NONE"
      ],
      "Months": [
        "NONE"
      ],
      "MonthDays": [
        "NONE"
      ],
      "DaysRelation": "OR",
      "RuleBasedCalendars": {
        "Included": [
          "RC1"
        ]
      }
    },
    "eventsToWaitFor": {
      "Type": "WaitForEvents",
      "Events": [
        {
          "Event": "PRLODSTWS1_1#SC_6000_PARAM-TO-PRLODSTWS1_1#SC_6000_P_CR"
        }
      ]
    },
    "eventsToAdd": {
      "Type": "AddEvents",
      "Events": [
        {
          "Event": "PRLODSTWS1_1#SC_6000_P_CR-TO-PRLODSTWS1_1#SC_6000_P_CF"
        }
      ]
    },
    "eventsToDelete": {
      "Type": "DeleteEvents",
      "Events": [
        {
          "Event": "PRLODSTWS1_1#SC_6000_PARAM-TO-PRLODSTWS1_1#SC_6000_P_CR"
        }
      ]
    }
  },
  "PRLODSTWS1_1#SC_6010_E_CF": {
    "Type": "Job:Command",
    "DaysKeepActive": "1",
    "SubApplication": "UPCR1",
    "Host": "CTMAG",
    "CreatedBy": "emuser",
    "Description": "archiving file for batch",
    "RunAs": "controlm",
    "Application": "ODS",
    "Command": "/home/tws/ods_batch_home/esp.batch.scripts/archiving.file.sh D_RPT_SC ${tws.job.name} %%\\\\global\\END_DT_CHAR.",
    "When": {
      "WeekDays": [
        "NONE"
      ],
      "Months": [
        "NONE"
      ],
      "MonthDays": [
        "NONE"
      ],
      "DaysRelation": "OR",
      "RuleBasedCalendars": {
        "Included": [
          "RC1"
        ]
      }
    },
    "eventsToWaitFor": {
      "Type": "WaitForEvents",
      "Events": [
        {
          "Event": "PRLODSTWS1_1#SC_6010_E_CR-TO-PRLODSTWS1_1#SC_6010_E_CF"
        }
      ]
    },
    "eventsToDelete": {
      "Type": "DeleteEvents",
      "Events": [
        {
          "Event": "PRLODSTWS1_1#SC_6010_E_CR-TO-PRLODSTWS1_1#SC_6010_E_CF"
        }
      ]
    }
  },
  "PRLODSTWS1_1#SC_6020_P_CF": {
    "Type": "Job:Command",
    "DaysKeepActive": "1",
    "SubApplication": "UPCR1",
    "Host": "CTMAG",
    "CreatedBy": "emuser",
    "Description": "archiving file for batch",
    "RunAs": "controlm",
    "Application": "ODS",
    "Command": "/home/tws/ods_batch_home/esp.batch.scripts/archiving.file.sh D_RPT_SC ${tws.job.name} %%\\\\global\\END_DT_CHAR.",
    "When": {
      "WeekDays": [
        "NONE"
      ],
      "Months": [
        "NONE"
      ],
      "MonthDays": [
        "NONE"
      ],
      "DaysRelation": "OR",
      "RuleBasedCalendars": {
        "Included": [
          "RC1"
        ]
      }
    },
    "eventsToWaitFor": {
      "Type": "WaitForEvents",
      "Events": [
        {
          "Event": "PRLODSTWS1_1#SC_6020_P_CR-TO-PRLODSTWS1_1#SC_6020_P_CF"
        }
      ]
    },
    "eventsToDelete": {
      "Type": "DeleteEvents",
      "Events": [
        {
          "Event": "PRLODSTWS1_1#SC_6020_P_CR-TO-PRLODSTWS1_1#SC_6020_P_CF"
        }
      ]
    }
  },
  "PRLODSTWS1_1#SC_6050_P_CR": {
    "Type": "Job:Command",
    "DaysKeepActive": "1",
    "SubApplication": "UPCR1",
    "Host": "CTMAG",
    "CreatedBy": "emuser",
    "Description": "generate the report file for batch",
    "RunAs": "controlm",
    "Application": "ODS",
    "Command": "/home/tws/ods_batch_home/esp.batch.scripts/gen.report.sh D_RPT_SC ${tws.job.name} %%\\\\global\\END_DT_CHAR.",
    "When": {
      "WeekDays": [
        "NONE"
      ],
      "Months": [
        "NONE"
      ],
      "MonthDays": [
        "NONE"
      ],
      "DaysRelation": "OR",
      "RuleBasedCalendars": {
        "Included": [
          "RC1"
        ]
      }
    },
    "eventsToWaitFor": {
      "Type": "WaitForEvents",
      "Events": [
        {
          "Event": "PRLODSTWS1_1#SC_6050_PARAM-TO-PRLODSTWS1_1#SC_6050_P_CR"
        }
      ]
    },
    "eventsToAdd": {
      "Type": "AddEvents",
      "Events": [
        {
          "Event": "PRLODSTWS1_1#SC_6050_P_CR-TO-PRLODSTWS1_1#SC_6050_P_CF"
        }
      ]
    },
    "eventsToDelete": {
      "Type": "DeleteEvents",
      "Events": [
        {
          "Event": "PRLODSTWS1_1#SC_6050_PARAM-TO-PRLODSTWS1_1#SC_6050_P_CR"
        }
      ]
    }
  },
  "PRLODSTWS1_1#SC_6010_11G": {
    "Type": "Job:Database:StoredProcedure",
    "ConnectionProfile": "UPCR1",
    "StoredProcedure": "SC_6010_11G_SP",
    "Schema": "SQLEXT",
    "DaysKeepActive": "1",
    "SubApplication": "UPCR1",
    "Host": "CTMAG",
    "CreatedBy": "emuser",
    "Description": "== Conversion Messages Start ==\\n\\nMessage ID\\t: WRN6031 (2755-4871)\\n\\n== Conversion Messages End ==\\nAdded by composer.",
    "RunAs": "controlm",
    "Application": "ODS",
    "When": {
      "WeekDays": [
        "NONE"
      ],
      "Months": [
        "NONE"
      ],
      "MonthDays": [
        "NONE"
      ],
      "DaysRelation": "OR",
      "RuleBasedCalendars": {
        "Included": [
          "RC1"
        ]
      }
    },
    "eventsToWaitFor": {
      "Type": "WaitForEvents",
      "Events": [
        {
          "Event": "PRLODSTWS1_1#SC_6050_11G-TO-PRLODSTWS1_1#SC_6010_11G"
        }
      ]
    },
    "eventsToAdd": {
      "Type": "AddEvents",
      "Events": [
        {
          "Event": "PRLODSTWS1_1#SC_6010_11G-TO-PRLODSTWS1_1#SC_6010_PARAM"
        }
      ]
    },
    "eventsToDelete": {
      "Type": "DeleteEvents",
      "Events": [
        {
          "Event": "PRLODSTWS1_1#SC_6050_11G-TO-PRLODSTWS1_1#SC_6010_11G"
        }
      ]
    }
  },
  "PRLODSTWS1_1#SC_6010_E_CR": {
    "Type": "Job:Command",
    "DaysKeepActive": "1",
    "SubApplication": "UPCR1",
    "Host": "CTMAG",
    "CreatedBy": "emuser",
    "Description": "generate the report file for batch",
    "RunAs": "controlm",
    "Application": "ODS",
    "Command": "/home/tws/ods_batch_home/esp.batch.scripts/gen.report.sh D_RPT_SC ${tws.job.name} %%\\\\global\\END_DT_CHAR.",
    "When": {
      "WeekDays": [
        "NONE"
      ],
      "Months": [
        "NONE"
      ],
      "MonthDays": [
        "NONE"
      ],
      "DaysRelation": "OR",
      "RuleBasedCalendars": {
        "Included": [
          "RC1"
        ]
      }
    },
    "eventsToWaitFor": {
      "Type": "WaitForEvents",
      "Events": [
        {
          "Event": "PRLODSTWS1_1#SC_6010_PARAM-TO-PRLODSTWS1_1#SC_6010_E_CR"
        }
      ]
    },
    "eventsToAdd": {
      "Type": "AddEvents",
      "Events": [
        {
          "Event": "PRLODSTWS1_1#SC_6010_E_CR-TO-PRLODSTWS1_1#SC_6010_E_CF"
        }
      ]
    },
    "eventsToDelete": {
      "Type": "DeleteEvents",
      "Events": [
        {
          "Event": "PRLODSTWS1_1#SC_6010_PARAM-TO-PRLODSTWS1_1#SC_6010_E_CR"
        }
      ]
    }
  },
  "PRLODSTWS1_1#SC_7000_CF": {
    "Type": "Job:Command",
    "DaysKeepActive": "1",
    "SubApplication": "UPCR1",
    "Host": "CTMAG",
    "CreatedBy": "emuser",
    "Description": "archiving file for batch",
    "RunAs": "controlm",
    "Application": "ODS",
    "Command": "/home/tws/ods_batch_home/esp.batch.scripts/archiving.file.sh D_RPT_SC ${tws.job.name} %%\\\\global\\END_DT_CHAR.",
    "When": {
      "WeekDays": [
        "NONE"
      ],
      "Months": [
        "NONE"
      ],
      "MonthDays": [
        "NONE"
      ],
      "DaysRelation": "OR",
      "RuleBasedCalendars": {
        "Included": [
          "RC1"
        ]
      }
    },
    "eventsToWaitFor": {
      "Type": "WaitForEvents",
      "Events": [
        {
          "Event": "PRLODSTWS1_1#SC_7000_CR-TO-PRLODSTWS1_1#SC_7000_CF"
        }
      ]
    },
    "eventsToDelete": {
      "Type": "DeleteEvents",
      "Events": [
        {
          "Event": "PRLODSTWS1_1#SC_7000_CR-TO-PRLODSTWS1_1#SC_7000_CF"
        }
      ]
    }
  },
  "PRLODSTWS1_1#SC_3410_CF": {
    "Type": "Job:Command",
    "DaysKeepActive": "1",
    "SubApplication": "UPCR1",
    "Host": "CTMAG",
    "CreatedBy": "emuser",
    "Description": "archiving file for batch",
    "RunAs": "controlm",
    "Application": "ODS",
    "Command": "/home/tws/ods_batch_home/esp.batch.scripts/archiving.file.sh D_RPT_SC ${tws.job.name} %%\\\\global\\END_DT_CHAR.",
    "When": {
      "WeekDays": [
        "NONE"
      ],
      "Months": [
        "NONE"
      ],
      "MonthDays": [
        "NONE"
      ],
      "DaysRelation": "OR",
      "RuleBasedCalendars": {
        "Included": [
          "RC1"
        ]
      }
    },
    "eventsToWaitFor": {
      "Type": "WaitForEvents",
      "Events": [
        {
          "Event": "PRLODSTWS1_1#SC_3410_CM-TO-PRLODSTWS1_1#SC_3410_CF"
        }
      ]
    },
    "eventsToDelete": {
      "Type": "DeleteEvents",
      "Events": [
        {
          "Event": "PRLODSTWS1_1#SC_3410_CM-TO-PRLODSTWS1_1#SC_3410_CF"
        }
      ]
    }
  },
  "PRLODSTWS1_1#SC_3510_11G": {
    "Type": "Job:Database:StoredProcedure",
    "ConnectionProfile": "UPCR1",
    "StoredProcedure": "SC_3510_11G_SP",
    "Schema": "SQLEXT",
    "DaysKeepActive": "1",
    "SubApplication": "UPCR1",
    "Host": "CTMAG",
    "CreatedBy": "emuser",
    "Description": "== Conversion Messages Start ==\\n\\nMessage ID\\t: WRN6031 (2756-4875)\\n\\n== Conversion Messages End ==\\nAdded by composer.",
    "RunAs": "controlm",
    "Application": "ODS",
    "When": {
      "WeekDays": [
        "NONE"
      ],
      "Months": [
        "NONE"
      ],
      "MonthDays": [
        "NONE"
      ],
      "DaysRelation": "OR",
      "RuleBasedCalendars": {
        "Included": [
          "RC1"
        ]
      }
    },
    "eventsToWaitFor": {
      "Type": "WaitForEvents",
      "Events": [
        {
          "Event": "PRLODSTWS1_1#O_SC_REPORT_INFO-TO-PRLODSTWS1_1#SC_3510_11G"
        },
        {
          "Event": "PRLODSTWS1_1#O_SC_YOD-TO-PRLODSTWS1_1#SC_3510_11G"
        },
        {
          "Event": "PRLODSTWS1_1#SYS_STS_STG-TO-PRLODSTWS1_1#SC_3510_11G"
        }
      ]
    },
    "eventsToDelete": {
      "Type": "DeleteEvents",
      "Events": [
        {
          "Event": "PRLODSTWS1_1#O_SC_REPORT_INFO-TO-PRLODSTWS1_1#SC_3510_11G"
        },
        {
          "Event": "PRLODSTWS1_1#O_SC_YOD-TO-PRLODSTWS1_1#SC_3510_11G"
        },
        {
          "Event": "PRLODSTWS1_1#SYS_STS_STG-TO-PRLODSTWS1_1#SC_3510_11G"
        }
      ]
    }
  },
  "eventsToAdd": {
    "Type": "AddEvents",
    "Events": [
      {
        "Event": "PRLODSTWS1_1#D_RPT_SC-TO-PRLODSTWS1_1#BDS_STS_RPT_SC"
      }
    ]
  }
  }
}
