{
  "PRLODSTWS1_1#D_STG_ETLFCT": {
  "Type":  "Folder",
  "ControlmServer": "CTM",
  "Description": "== Conversion Messages Start ==\\n\\nMessage ID\\t: INF6104 (4525-7952)\\n\\n== Conversion Messages End ==\\nInitial stream for daily ODS batch",
  "OrderMethod": "Manual",
  "SubApplication": "UPCR1",
  "CreatedBy": "emuser",
  "Application": "ODS",
  "When": {
    "RuleBasedCalendars": {
      "Included": [
        "RC1"
      ],
      "RC1": {
        "Type": "Calendar:RuleBased",
        "When": {
          "MonthDaysCalendar": "RCG-D-NAT",
          "DaysRelation": "OR",
          "WeekDays": [
            "NONE"
          ],
          "MonthDays": [
            "NONE"
          ]
        }
      }
    }
  },
  "PRLODSTWS1_1#SYS_STS_UPD_STRT-COMP": {
    "Type": "Job:EmbeddedScript",
    "Script": ". ${IWS_ENV}\\n\\necho 'SUCC'\\n\\n\\n",
    "SubApplication": "UPCR1",
    "FileName": "PRLODSTWS1_1#SYS_STS_UPD_STRT-COMP.cmd",
    "Host": "CTMAG",
    "CreatedBy": "emuser",
    "Description": "== Conversion Messages Start ==\\n\\nMessage ID\\t: WRN6009 (4523-7953)\\n\\n== Conversion Messages End ==\\nAdded by composer.",
    "RunAs": "controlm",
    "Application": "ODS",
    "When": {
      "WeekDays": [
        "NONE"
      ],
      "Months": [
        "NONE"
      ],
      "MonthDays": [
        "NONE"
      ],
      "DaysRelation": "OR",
      "RuleBasedCalendars": {
        "Included": [
          "RC1"
        ]
      }
    },
    "eventsToWaitFor": {
      "Type": "WaitForEvents",
      "Events": [
        {
          "Event": "PRLODSTWS1_1#SYS_ETLFCT-TO-PRLODSTWS1_1#SYS_STS_UPD_STRT-COMP"
        }
      ]
    },
    "eventsToDelete": {
      "Type": "DeleteEvents",
      "Events": [
        {
          "Event": "PRLODSTWS1_1#SYS_ETLFCT-TO-PRLODSTWS1_1#SYS_STS_UPD_STRT-COMP"
        }
      ]
    }
  },
  "PRLODSTWS1_1#SYS_STS_UPD_STG-INIT": {
    "Type": "Job:EmbeddedScript",
    "Script": ". ${IWS_ENV}\\n\\necho \\necho \\necho ----- SET variable\\nparam -c ODS..stgJobStreamCnt  0\\necho AFTER: $(param ODS..stgJobStreamCnt)\\n\\n\\n",
    "SubApplication": "UPCR1",
    "FileName": "PRLODSTWS1_1#SYS_STS_UPD_STG-INIT.cmd",
    "Host": "CTMAG",
    "CreatedBy": "emuser",
    "Description": "Added by composer.",
    "RunAs": "controlm",
    "Application": "ODS",
    "When": {
      "WeekDays": [
        "NONE"
      ],
      "Months": [
        "NONE"
      ],
      "MonthDays": [
        "NONE"
      ],
      "DaysRelation": "OR",
      "RuleBasedCalendars": {
        "Included": [
          "RC1"
        ]
      }
    }
  },
  "PRLODSTWS1_1#SYS_ETLFCT": {
    "Type": "Job:Database:StoredProcedure",
    "ConnectionProfile": "UPCR1",
    "StoredProcedure": "CMN_ETLFCT_CHK_SP",
    "Schema": "SQLEXT",
    "SubApplication": "UPCR1",
    "Host": "CTMAG",
    "CreatedBy": "emuser",
    "Description": "== Conversion Messages Start ==\\n\\nMessage ID\\t: WRN6031 (4524-7955)\\n\\n== Conversion Messages End ==\\nAdded by composer.",
    "RunAs": "controlm",
    "Application": "ODS",
    "When": {
      "WeekDays": [
        "NONE"
      ],
      "Months": [
        "NONE"
      ],
      "MonthDays": [
        "NONE"
      ],
      "DaysRelation": "OR",
      "RuleBasedCalendars": {
        "Included": [
          "RC1"
        ]
      }
    },
    "eventsToAdd": {
      "Type": "AddEvents",
      "Events": [
        {
          "Event": "PRLODSTWS1_1#SYS_ETLFCT-TO-PRLODSTWS1_1#SYS_STS_UPD_STRT-COMP"
        }
      ]
    }
  },
  "eventsToWaitFor": {
    "Type": "WaitForEvents",
    "Events": [
      {
        "Event": "PRLODSTWS1_1#SYS_STS_STRT-TO-PRLODSTWS1_1#D_STG_ETLFCT"
      }
    ]
  },
  "eventsToDelete": {
    "Type": "DeleteEvents",
    "Events": [
      {
        "Event": "PRLODSTWS1_1#SYS_STS_STRT-TO-PRLODSTWS1_1#D_STG_ETLFCT"
      }
    ]
  }
  }
}
