{
  "PRLODSTWS1_1#D_FDW_CLM_PDF": {
  "Type":  "Folder",
  "ControlmServer": "CTM",
  "Description": "== Conversion Messages Start ==\\n\\nMessage ID\\t: INF6107 (745-1199)\\n\\nMessage ID\\t: INF6104 (746-1199)\\n\\n== Conversion Messages End ==\\n",
  "OrderMethod": "Manual",
  "SubApplication": "UPCR1",
  "CreatedBy": "emuser",
  "Application": "ODS",
  "When": {
    "RuleBasedCalendars": {
      "Included": [
        "RC1"
      ],
      "RC1": {
        "Type": "Calendar:RuleBased",
        "When": {
          "MonthDaysCalendar": "RCG-D-NAT",
          "DaysRelation": "OR",
          "DaysKeepActive": "01",
          "WeekDays": [
            "NONE"
          ],
          "MonthDays": [
            "NONE"
          ]
        }
      }
    }
  },
  "PRLODSTWS1_1#FDW_DOC_CLM_PDF": {
    "Type": "Job:Database:StoredProcedure",
    "ConnectionProfile": "UPCR1",
    "StoredProcedure": "FDW_DOC_CLM_PDF_SP",
    "Schema": "SQLEXT",
    "DaysKeepActive": "1",
    "SubApplication": "UPCR1",
    "Host": "CTMAG",
    "CreatedBy": "emuser",
    "Description": "== Conversion Messages Start ==\\n\\nMessage ID\\t: WRN6031 (744-1200)\\n\\n== Conversion Messages End ==\\nAdded by composer.",
    "RunAs": "controlm",
    "Application": "ODS",
    "When": {
      "WeekDays": [
        "NONE"
      ],
      "Months": [
        "NONE"
      ],
      "MonthDays": [
        "NONE"
      ],
      "DaysRelation": "OR",
      "RuleBasedCalendars": {
        "Included": [
          "RC1"
        ]
      }
    },
    "eventsToWaitFor": {
      "Type": "WaitForEvents",
      "Events": [
        {
          "Event": "PRLODSTWS1_1#O_DOCUMENT-TO-PRLODSTWS1_1#FDW_DOC_CLM_PDF"
        },
        {
          "Event": "PRLODSTWS1_1#O_TEMPLATE-TO-PRLODSTWS1_1#FDW_DOC_CLM_PDF"
        }
      ]
    },
    "eventsToAdd": {
      "Type": "AddEvents",
      "Events": [
        {
          "Event": "PRLODSTWS1_1#FDW_DOC_CLM_PDF-TO-PRLODSTWS1_1#EVER_CLM_PDF"
        },
        {
          "Event": "PRLODSTWS1_1#FDW_DOC_CLM_PDF-TO-PRLODSTWS1_1#LAW_CLM_PDF"
        }
      ]
    },
    "eventsToDelete": {
      "Type": "DeleteEvents",
      "Events": [
        {
          "Event": "PRLODSTWS1_1#O_DOCUMENT-TO-PRLODSTWS1_1#FDW_DOC_CLM_PDF"
        },
        {
          "Event": "PRLODSTWS1_1#O_TEMPLATE-TO-PRLODSTWS1_1#FDW_DOC_CLM_PDF"
        }
      ]
    }
  },
  "eventsToAdd": {
    "Type": "AddEvents",
    "Events": [
      {
        "Event": "PRLODSTWS1_1#D_FDW_CLM_PDF-TO-PRLODSTWS1_1#BDS_STS_FDW_02G"
      }
    ]
  }
  }
}
