{
  "PRLODSTWS1_1#D_FDW_FEB": {
  "Type":  "Folder",
  "ControlmServer": "CTM",
  "Description": "== Conversion Messages Start ==\\n\\nMessage ID\\t: INF6107 (4643-8116)\\n\\nMessage ID\\t: INF6104 (4644-8116)\\n\\n== Conversion Messages End ==\\n",
  "OrderMethod": "Manual",
  "SubApplication": "UPCR1",
  "CreatedBy": "emuser",
  "Application": "ODS",
  "When": {
    "RuleBasedCalendars": {
      "Included": [
        "RC1"
      ],
      "RC1": {
        "Type": "Calendar:RuleBased",
        "When": {
          "MonthDaysCalendar": "RCG-D-NAT",
          "DaysRelation": "OR",
          "DaysKeepActive": "01",
          "WeekDays": [
            "NONE"
          ],
          "MonthDays": [
            "NONE"
          ]
        }
      }
    }
  },
  "PRLODSTWS1_1#FDW_CONTRACT_MAST_FEB": {
    "Type": "Job:Database:StoredProcedure",
    "ConnectionProfile": "UPCR1",
    "StoredProcedure": "FDW_CONTRACT_MAST_FEB_SP",
    "Schema": "SQLEXT",
    "DaysKeepActive": "1",
    "SubApplication": "UPCR1",
    "Host": "CTMAG",
    "CreatedBy": "emuser",
    "Description": "== Conversion Messages Start ==\\n\\nMessage ID\\t: WRN6031 (4635-8117)\\n\\n== Conversion Messages End ==\\nAdded by composer.",
    "RunAs": "controlm",
    "Application": "ODS",
    "When": {
      "WeekDays": [
        "NONE"
      ],
      "Months": [
        "NONE"
      ],
      "MonthDays": [
        "NONE"
      ],
      "DaysRelation": "OR",
      "RuleBasedCalendars": {
        "Included": [
          "RC1"
        ]
      }
    },
    "eventsToWaitFor": {
      "Type": "WaitForEvents",
      "Events": [
        {
          "Event": "PRLODSTWS1_1#FDW_MASTER_TOTAL_PREM-TO-PRLODSTWS1_1#FDW_CONTRACT_MAST_FEB"
        },
        {
          "Event": "PRLODSTWS1_1#FDW_CODE_MAP-TO-PRLODSTWS1_1#FDW_CONTRACT_MAST_FEB"
        },
        {
          "Event": "PRLODSTWS1_1#FDW_CONTRACT_MASTER-TO-PRLODSTWS1_1#FDW_CONTRACT_MAST_FEB"
        },
        {
          "Event": "PRLODSTWS1_1#FDW_POLICY_X_PARTY-TO-PRLODSTWS1_1#FDW_CONTRACT_MAST_FEB"
        }
      ]
    },
    "eventsToAdd": {
      "Type": "AddEvents",
      "Events": [
        {
          "Event": "PRLODSTWS1_1#FDW_CONTRACT_MAST_FEB-TO-PRLODSTWS1_1#FEB_WRK1195F1E"
        }
      ]
    },
    "eventsToDelete": {
      "Type": "DeleteEvents",
      "Events": [
        {
          "Event": "PRLODSTWS1_1#FDW_MASTER_TOTAL_PREM-TO-PRLODSTWS1_1#FDW_CONTRACT_MAST_FEB"
        },
        {
          "Event": "PRLODSTWS1_1#FDW_CODE_MAP-TO-PRLODSTWS1_1#FDW_CONTRACT_MAST_FEB"
        },
        {
          "Event": "PRLODSTWS1_1#FDW_CONTRACT_MASTER-TO-PRLODSTWS1_1#FDW_CONTRACT_MAST_FEB"
        },
        {
          "Event": "PRLODSTWS1_1#FDW_POLICY_X_PARTY-TO-PRLODSTWS1_1#FDW_CONTRACT_MAST_FEB"
        }
      ]
    }
  },
  "PRLODSTWS1_1#FEB_FDTXND_I_CM": {
    "Type": "Job:Command",
    "DaysKeepActive": "1",
    "SubApplication": "UPCR1",
    "Host": "CTMAG",
    "CreatedBy": "emuser",
    "Description": "Common Shell Template",
    "RunAs": "controlm",
    "Application": "ODS",
    "Command": "/home/tws/ods_batch_home/esp.batch.scripts/run.cmd.sh D_FDW_FEB ${tws.job.name} %%\\\\global\\END_DT_CHAR.",
    "When": {
      "WeekDays": [
        "NONE"
      ],
      "Months": [
        "NONE"
      ],
      "MonthDays": [
        "NONE"
      ],
      "DaysRelation": "OR",
      "RuleBasedCalendars": {
        "Included": [
          "RC1"
        ]
      }
    },
    "eventsToWaitFor": {
      "Type": "WaitForEvents",
      "Events": [
        {
          "Event": "PRLODSTWS1_1#FEB_FDTXND_I_EX-TO-PRLODSTWS1_1#FEB_FDTXND_I_CM"
        }
      ]
    },
    "eventsToDelete": {
      "Type": "DeleteEvents",
      "Events": [
        {
          "Event": "PRLODSTWS1_1#FEB_FDTXND_I_EX-TO-PRLODSTWS1_1#FEB_FDTXND_I_CM"
        }
      ]
    }
  },
  "PRLODSTWS1_1#FEB_COMM_M_CM": {
    "Type": "Job:Command",
    "DaysKeepActive": "1",
    "SubApplication": "UPCR1",
    "Host": "CTMAG",
    "CreatedBy": "emuser",
    "Description": "Common Shell Template",
    "RunAs": "controlm",
    "Application": "ODS",
    "Command": "/home/tws/ods_batch_home/esp.batch.scripts/run.cmd.sh D_FDW_FEB ${tws.job.name} %%\\\\global\\END_DT_CHAR.",
    "When": {
      "WeekDays": [
        "NONE"
      ],
      "Months": [
        "NONE"
      ],
      "MonthDays": [
        "NONE"
      ],
      "DaysRelation": "OR",
      "RuleBasedCalendars": {
        "Included": [
          "RC1"
        ]
      }
    },
    "eventsToWaitFor": {
      "Type": "WaitForEvents",
      "Events": [
        {
          "Event": "PRLODSTWS1_1#FEB_COMM_M_EX-TO-PRLODSTWS1_1#FEB_COMM_M_CM"
        }
      ]
    },
    "eventsToAdd": {
      "Type": "AddEvents",
      "Events": [
        {
          "Event": "PRLODSTWS1_1#FEB_COMM_M_CM-TO-PRLODSTWS1_1#FEB_COMM_M_FP"
        }
      ]
    },
    "eventsToDelete": {
      "Type": "DeleteEvents",
      "Events": [
        {
          "Event": "PRLODSTWS1_1#FEB_COMM_M_EX-TO-PRLODSTWS1_1#FEB_COMM_M_CM"
        }
      ]
    }
  },
  "PRLODSTWS1_1#FEB_COMM_M_FP": {
    "Type": "Job:Command",
    "DaysKeepActive": "1",
    "SubApplication": "UPCR1",
    "Host": "CTMAG",
    "CreatedBy": "emuser",
    "Description": "Ftp files for batch",
    "RunAs": "controlm",
    "Application": "ODS",
    "Command": "/home/tws/ods_batch_home/esp.batch.scripts/ftp.files.sh D_FDW_FEB ${tws.job.name} %%\\\\global\\END_DT_CHAR.",
    "When": {
      "WeekDays": [
        "NONE"
      ],
      "Months": [
        "NONE"
      ],
      "MonthDays": [
        "NONE"
      ],
      "DaysRelation": "OR",
      "RuleBasedCalendars": {
        "Included": [
          "RC1"
        ]
      }
    },
    "eventsToWaitFor": {
      "Type": "WaitForEvents",
      "Events": [
        {
          "Event": "PRLODSTWS1_1#FEB_COMM_M_CM-TO-PRLODSTWS1_1#FEB_COMM_M_FP"
        }
      ]
    },
    "eventsToDelete": {
      "Type": "DeleteEvents",
      "Events": [
        {
          "Event": "PRLODSTWS1_1#FEB_COMM_M_CM-TO-PRLODSTWS1_1#FEB_COMM_M_FP"
        }
      ]
    }
  },
  "PRLODSTWS1_1#FDW_POLICY_CHANGE_FEB": {
    "Type": "Job:Database:StoredProcedure",
    "ConnectionProfile": "UPCR1",
    "StoredProcedure": "FDW_POLICY_CHANGE_FEB_SP",
    "Schema": "SQLEXT",
    "DaysKeepActive": "1",
    "SubApplication": "UPCR1",
    "Host": "CTMAG",
    "CreatedBy": "emuser",
    "Description": "== Conversion Messages Start ==\\n\\nMessage ID\\t: WRN6031 (4636-8121)\\n\\n== Conversion Messages End ==\\nAdded by composer.",
    "RunAs": "controlm",
    "Application": "ODS",
    "When": {
      "WeekDays": [
        "NONE"
      ],
      "Months": [
        "NONE"
      ],
      "MonthDays": [
        "NONE"
      ],
      "DaysRelation": "OR",
      "RuleBasedCalendars": {
        "Included": [
          "RC1"
        ]
      }
    },
    "eventsToWaitFor": {
      "Type": "WaitForEvents",
      "Events": [
        {
          "Event": "PRLODSTWS1_1#FDW_CODE_MAP-TO-PRLODSTWS1_1#FDW_POLICY_CHANGE_FEB"
        },
        {
          "Event": "PRLODSTWS1_1#FDW_POLICY_CHANGE-TO-PRLODSTWS1_1#FDW_POLICY_CHANGE_FEB"
        }
      ]
    },
    "eventsToAdd": {
      "Type": "AddEvents",
      "Events": [
        {
          "Event": "PRLODSTWS1_1#FDW_POLICY_CHANGE_FEB-TO-PRLODSTWS1_1#FEB_CTCL"
        }
      ]
    },
    "eventsToDelete": {
      "Type": "DeleteEvents",
      "Events": [
        {
          "Event": "PRLODSTWS1_1#FDW_CODE_MAP-TO-PRLODSTWS1_1#FDW_POLICY_CHANGE_FEB"
        },
        {
          "Event": "PRLODSTWS1_1#FDW_POLICY_CHANGE-TO-PRLODSTWS1_1#FDW_POLICY_CHANGE_FEB"
        }
      ]
    }
  },
  "PRLODSTWS1_1#FEB_COMM_M": {
    "Type": "Job:Database:StoredProcedure",
    "ConnectionProfile": "UPCR1",
    "StoredProcedure": "FEB_COMM_M_SP",
    "Schema": "SQLEXT",
    "DaysKeepActive": "1",
    "SubApplication": "UPCR1",
    "Host": "CTMAG",
    "CreatedBy": "emuser",
    "Description": "== Conversion Messages Start ==\\n\\nMessage ID\\t: WRN6031 (4637-8122)\\n\\n== Conversion Messages End ==\\nAdded by composer.",
    "RunAs": "controlm",
    "Application": "ODS",
    "When": {
      "WeekDays": [
        "NONE"
      ],
      "Months": [
        "NONE"
      ],
      "MonthDays": [
        "NONE"
      ],
      "DaysRelation": "OR",
      "RuleBasedCalendars": {
        "Included": [
          "RC1"
        ]
      }
    },
    "eventsToWaitFor": {
      "Type": "WaitForEvents",
      "Events": [
        {
          "Event": "PRLODSTWS1_1#FDW_COMMISION_M_FEB-TO-PRLODSTWS1_1#FEB_COMM_M"
        },
        {
          "Event": "PRLODSTWS1_1#BATCH_INFO_DETAIL-TO-PRLODSTWS1_1#FEB_COMM_M"
        }
      ]
    },
    "eventsToAdd": {
      "Type": "AddEvents",
      "Events": [
        {
          "Event": "PRLODSTWS1_1#FEB_COMM_M-TO-PRLODSTWS1_1#FEB_COMM_M_PARAM"
        }
      ]
    },
    "eventsToDelete": {
      "Type": "DeleteEvents",
      "Events": [
        {
          "Event": "PRLODSTWS1_1#FDW_COMMISION_M_FEB-TO-PRLODSTWS1_1#FEB_COMM_M"
        },
        {
          "Event": "PRLODSTWS1_1#BATCH_INFO_DETAIL-TO-PRLODSTWS1_1#FEB_COMM_M"
        }
      ]
    }
  },
  "PRLODSTWS1_1#FEB_COMM_M_PARAM": {
    "Type": "Job:Database:StoredProcedure",
    "ConnectionProfile": "UPCR1",
    "StoredProcedure": "FEB_COMM_M_PARAM_SP",
    "Schema": "SQLEXT",
    "DaysKeepActive": "1",
    "SubApplication": "UPCR1",
    "Host": "CTMAG",
    "CreatedBy": "emuser",
    "Description": "== Conversion Messages Start ==\\n\\nMessage ID\\t: WRN6031 (4638-8123)\\n\\n== Conversion Messages End ==\\nAdded by composer.",
    "RunAs": "controlm",
    "Application": "ODS",
    "When": {
      "WeekDays": [
        "NONE"
      ],
      "Months": [
        "NONE"
      ],
      "MonthDays": [
        "NONE"
      ],
      "DaysRelation": "OR",
      "RuleBasedCalendars": {
        "Included": [
          "RC1"
        ]
      }
    },
    "eventsToWaitFor": {
      "Type": "WaitForEvents",
      "Events": [
        {
          "Event": "PRLODSTWS1_1#FEB_COMM_M-TO-PRLODSTWS1_1#FEB_COMM_M_PARAM"
        }
      ]
    },
    "eventsToAdd": {
      "Type": "AddEvents",
      "Events": [
        {
          "Event": "PRLODSTWS1_1#FEB_COMM_M_PARAM-TO-PRLODSTWS1_1#FEB_COMM_M_EX"
        }
      ]
    },
    "eventsToDelete": {
      "Type": "DeleteEvents",
      "Events": [
        {
          "Event": "PRLODSTWS1_1#FEB_COMM_M-TO-PRLODSTWS1_1#FEB_COMM_M_PARAM"
        }
      ]
    }
  },
  "PRLODSTWS1_1#FEB_FDTXND_I_EX": {
    "Type": "Job:Command",
    "DaysKeepActive": "1",
    "SubApplication": "UPCR1",
    "Host": "CTMAG",
    "CreatedBy": "emuser",
    "Description": "CSV Export for batch",
    "RunAs": "controlm",
    "Application": "ODS",
    "Command": "/home/tws/ods_batch_home/esp.batch.scripts/gen.table2File.sh D_FDW_FEB ${tws.job.name} %%\\\\global\\END_DT_CHAR.",
    "When": {
      "WeekDays": [
        "NONE"
      ],
      "Months": [
        "NONE"
      ],
      "MonthDays": [
        "NONE"
      ],
      "DaysRelation": "OR",
      "RuleBasedCalendars": {
        "Included": [
          "RC1"
        ]
      }
    },
    "eventsToWaitFor": {
      "Type": "WaitForEvents",
      "Events": [
        {
          "Event": "PRLODSTWS1_1#FEB_FDTXND_I_PARAM-TO-PRLODSTWS1_1#FEB_FDTXND_I_EX"
        }
      ]
    },
    "eventsToAdd": {
      "Type": "AddEvents",
      "Events": [
        {
          "Event": "PRLODSTWS1_1#FEB_FDTXND_I_EX-TO-PRLODSTWS1_1#FEB_FDTXND_I_CM"
        }
      ]
    },
    "eventsToDelete": {
      "Type": "DeleteEvents",
      "Events": [
        {
          "Event": "PRLODSTWS1_1#FEB_FDTXND_I_PARAM-TO-PRLODSTWS1_1#FEB_FDTXND_I_EX"
        }
      ]
    }
  },
  "PRLODSTWS1_1#FEB_FDTXND_I": {
    "Type": "Job:Database:StoredProcedure",
    "ConnectionProfile": "UPCR1",
    "StoredProcedure": "FEB_FDTXND_I_SP",
    "Schema": "SQLEXT",
    "DaysKeepActive": "1",
    "SubApplication": "UPCR1",
    "Host": "CTMAG",
    "CreatedBy": "emuser",
    "Description": "== Conversion Messages Start ==\\n\\nMessage ID\\t: WRN6031 (4639-8125)\\n\\n== Conversion Messages End ==\\nAdded by composer.",
    "RunAs": "controlm",
    "Application": "ODS",
    "When": {
      "WeekDays": [
        "NONE"
      ],
      "Months": [
        "NONE"
      ],
      "MonthDays": [
        "NONE"
      ],
      "DaysRelation": "OR",
      "RuleBasedCalendars": {
        "Included": [
          "RC1"
        ]
      }
    },
    "eventsToWaitFor": {
      "Type": "WaitForEvents",
      "Events": [
        {
          "Event": "PRLODSTWS1_1#FDW_FUND_TXN_DTL-TO-PRLODSTWS1_1#FEB_FDTXND_I"
        }
      ]
    },
    "eventsToAdd": {
      "Type": "AddEvents",
      "Events": [
        {
          "Event": "PRLODSTWS1_1#FEB_FDTXND_I-TO-PRLODSTWS1_1#FEB_FDTXND_I_PARAM"
        }
      ]
    },
    "eventsToDelete": {
      "Type": "DeleteEvents",
      "Events": [
        {
          "Event": "PRLODSTWS1_1#FDW_FUND_TXN_DTL-TO-PRLODSTWS1_1#FEB_FDTXND_I"
        }
      ]
    }
  },
  "PRLODSTWS1_1#FEB_FDTXND_I_PARAM": {
    "Type": "Job:Database:StoredProcedure",
    "ConnectionProfile": "UPCR1",
    "StoredProcedure": "FEB_FDTXND_I_PARAM_SP",
    "Schema": "SQLEXT",
    "DaysKeepActive": "1",
    "SubApplication": "UPCR1",
    "Host": "CTMAG",
    "CreatedBy": "emuser",
    "Description": "== Conversion Messages Start ==\\n\\nMessage ID\\t: WRN6031 (4640-8126)\\n\\n== Conversion Messages End ==\\nAdded by composer.",
    "RunAs": "controlm",
    "Application": "ODS",
    "When": {
      "WeekDays": [
        "NONE"
      ],
      "Months": [
        "NONE"
      ],
      "MonthDays": [
        "NONE"
      ],
      "DaysRelation": "OR",
      "RuleBasedCalendars": {
        "Included": [
          "RC1"
        ]
      }
    },
    "eventsToWaitFor": {
      "Type": "WaitForEvents",
      "Events": [
        {
          "Event": "PRLODSTWS1_1#FEB_FDTXND_I-TO-PRLODSTWS1_1#FEB_FDTXND_I_PARAM"
        }
      ]
    },
    "eventsToAdd": {
      "Type": "AddEvents",
      "Events": [
        {
          "Event": "PRLODSTWS1_1#FEB_FDTXND_I_PARAM-TO-PRLODSTWS1_1#FEB_FDTXND_I_EX"
        }
      ]
    },
    "eventsToDelete": {
      "Type": "DeleteEvents",
      "Events": [
        {
          "Event": "PRLODSTWS1_1#FEB_FDTXND_I-TO-PRLODSTWS1_1#FEB_FDTXND_I_PARAM"
        }
      ]
    }
  },
  "PRLODSTWS1_1#FDW_COMMISION_M_FEB": {
    "Type": "Job:Database:StoredProcedure",
    "ConnectionProfile": "UPCR1",
    "StoredProcedure": "FDW_COMMISION_M_FEB_SP",
    "Schema": "SQLEXT",
    "DaysKeepActive": "1",
    "SubApplication": "UPCR1",
    "Host": "CTMAG",
    "CreatedBy": "emuser",
    "Description": "== Conversion Messages Start ==\\n\\nMessage ID\\t: WRN6031 (4641-8127)\\n\\n== Conversion Messages End ==\\nAdded by composer.",
    "RunAs": "controlm",
    "Application": "ODS",
    "When": {
      "WeekDays": [
        "NONE"
      ],
      "Months": [
        "NONE"
      ],
      "MonthDays": [
        "NONE"
      ],
      "DaysRelation": "OR",
      "RuleBasedCalendars": {
        "Included": [
          "RC1"
        ]
      }
    },
    "eventsToWaitFor": {
      "Type": "WaitForEvents",
      "Events": [
        {
          "Event": "PRLODSTWS1_1#FDW_CODE_MAP-TO-PRLODSTWS1_1#FDW_COMMISION_M_FEB"
        },
        {
          "Event": "PRLODSTWS1_1#FDW_COMMISION_M-TO-PRLODSTWS1_1#FDW_COMMISION_M_FEB"
        }
      ]
    },
    "eventsToAdd": {
      "Type": "AddEvents",
      "Events": [
        {
          "Event": "PRLODSTWS1_1#FDW_COMMISION_M_FEB-TO-PRLODSTWS1_1#FEB_COMM_M"
        }
      ]
    },
    "eventsToDelete": {
      "Type": "DeleteEvents",
      "Events": [
        {
          "Event": "PRLODSTWS1_1#FDW_CODE_MAP-TO-PRLODSTWS1_1#FDW_COMMISION_M_FEB"
        },
        {
          "Event": "PRLODSTWS1_1#FDW_COMMISION_M-TO-PRLODSTWS1_1#FDW_COMMISION_M_FEB"
        }
      ]
    }
  },
  "PRLODSTWS1_1#FDW_CONTRACT_PROD_FEB": {
    "Type": "Job:Database:StoredProcedure",
    "ConnectionProfile": "UPCR1",
    "StoredProcedure": "FDW_CONTRACT_PROD_FEB_SP",
    "Schema": "SQLEXT",
    "DaysKeepActive": "1",
    "SubApplication": "UPCR1",
    "Host": "CTMAG",
    "CreatedBy": "emuser",
    "Description": "== Conversion Messages Start ==\\n\\nMessage ID\\t: WRN6031 (4642-8128)\\n\\n== Conversion Messages End ==\\nAdded by composer.",
    "RunAs": "controlm",
    "Application": "ODS",
    "When": {
      "WeekDays": [
        "NONE"
      ],
      "Months": [
        "NONE"
      ],
      "MonthDays": [
        "NONE"
      ],
      "DaysRelation": "OR",
      "RuleBasedCalendars": {
        "Included": [
          "RC1"
        ]
      }
    },
    "eventsToWaitFor": {
      "Type": "WaitForEvents",
      "Events": [
        {
          "Event": "PRLODSTWS1_1#FDW_CODE_MAP-TO-PRLODSTWS1_1#FDW_CONTRACT_PROD_FEB"
        },
        {
          "Event": "PRLODSTWS1_1#FDW_CODE_POLICY_STATUS-TO-PRLODSTWS1_1#FDW_CONTRACT_PROD_FEB"
        },
        {
          "Event": "PRLODSTWS1_1#FDW_CONTRACT_PRODUCT-TO-PRLODSTWS1_1#FDW_CONTRACT_PROD_FEB"
        },
        {
          "Event": "PRLODSTWS1_1#FDW_POLICY_X_PARTY-TO-PRLODSTWS1_1#FDW_CONTRACT_PROD_FEB"
        }
      ]
    },
    "eventsToAdd": {
      "Type": "AddEvents",
      "Events": [
        {
          "Event": "PRLODSTWS1_1#FDW_CONTRACT_PROD_FEB-TO-PRLODSTWS1_1#FEB_WRK1195F1E"
        }
      ]
    },
    "eventsToDelete": {
      "Type": "DeleteEvents",
      "Events": [
        {
          "Event": "PRLODSTWS1_1#FDW_CODE_MAP-TO-PRLODSTWS1_1#FDW_CONTRACT_PROD_FEB"
        },
        {
          "Event": "PRLODSTWS1_1#FDW_CODE_POLICY_STATUS-TO-PRLODSTWS1_1#FDW_CONTRACT_PROD_FEB"
        },
        {
          "Event": "PRLODSTWS1_1#FDW_CONTRACT_PRODUCT-TO-PRLODSTWS1_1#FDW_CONTRACT_PROD_FEB"
        },
        {
          "Event": "PRLODSTWS1_1#FDW_POLICY_X_PARTY-TO-PRLODSTWS1_1#FDW_CONTRACT_PROD_FEB"
        }
      ]
    }
  },
  "PRLODSTWS1_1#FEB_COMM_M_EX": {
    "Type": "Job:Command",
    "DaysKeepActive": "1",
    "SubApplication": "UPCR1",
    "Host": "CTMAG",
    "CreatedBy": "emuser",
    "Description": "CSV Export for batch",
    "RunAs": "controlm",
    "Application": "ODS",
    "Command": "/home/tws/ods_batch_home/esp.batch.scripts/gen.table2File.sh D_FDW_FEB ${tws.job.name} %%\\\\global\\END_DT_CHAR.",
    "When": {
      "WeekDays": [
        "NONE"
      ],
      "Months": [
        "NONE"
      ],
      "MonthDays": [
        "NONE"
      ],
      "DaysRelation": "OR",
      "RuleBasedCalendars": {
        "Included": [
          "RC1"
        ]
      }
    },
    "eventsToWaitFor": {
      "Type": "WaitForEvents",
      "Events": [
        {
          "Event": "PRLODSTWS1_1#FEB_COMM_M_PARAM-TO-PRLODSTWS1_1#FEB_COMM_M_EX"
        }
      ]
    },
    "eventsToAdd": {
      "Type": "AddEvents",
      "Events": [
        {
          "Event": "PRLODSTWS1_1#FEB_COMM_M_EX-TO-PRLODSTWS1_1#FEB_COMM_M_CM"
        }
      ]
    },
    "eventsToDelete": {
      "Type": "DeleteEvents",
      "Events": [
        {
          "Event": "PRLODSTWS1_1#FEB_COMM_M_PARAM-TO-PRLODSTWS1_1#FEB_COMM_M_EX"
        }
      ]
    }
  },
  "eventsToAdd": {
    "Type": "AddEvents",
    "Events": [
      {
        "Event": "PRLODSTWS1_1#D_FDW_FEB-TO-PRLODSTWS1_1#BDS_STS_FDW_03G"
      }
    ]
  }
  }
}
