{
  "PRLODSTWS1_1#D_FDW_STCH": {
  "Type":  "Folder",
  "ControlmServer": "CTM",
  "Description": "== Conversion Messages Start ==\\n\\nMessage ID\\t: INF6107 (4986-8772)\\n\\nMessage ID\\t: INF6104 (4987-8772)\\n\\n== Conversion Messages End ==\\n",
  "OrderMethod": "Manual",
  "SubApplication": "UPCR1",
  "CreatedBy": "emuser",
  "Application": "ODS",
  "When": {
    "RuleBasedCalendars": {
      "Included": [
        "RC1"
      ],
      "RC1": {
        "Type": "Calendar:RuleBased",
        "When": {
          "MonthDaysCalendar": "RCG-D-NAT",
          "DaysRelation": "OR",
          "DaysKeepActive": "01",
          "WeekDays": [
            "NONE"
          ],
          "MonthDays": [
            "NONE"
          ]
        }
      }
    }
  },
  "PRLODSTWS1_1#FDW_COMMISION_M_STCH": {
    "Type": "Job:Database:StoredProcedure",
    "ConnectionProfile": "UPCR1",
    "StoredProcedure": "FDW_COMMISION_M_STCH_SP",
    "Schema": "SQLEXT",
    "DaysKeepActive": "1",
    "SubApplication": "UPCR1",
    "Host": "CTMAG",
    "CreatedBy": "emuser",
    "Description": "== Conversion Messages Start ==\\n\\nMessage ID\\t: WRN6031 (4980-8773)\\n\\n== Conversion Messages End ==\\nAdded by composer.",
    "RunAs": "controlm",
    "Application": "ODS",
    "When": {
      "WeekDays": [
        "NONE"
      ],
      "Months": [
        "NONE"
      ],
      "MonthDays": [
        "NONE"
      ],
      "DaysRelation": "OR",
      "RuleBasedCalendars": {
        "Included": [
          "RC1"
        ]
      }
    },
    "eventsToWaitFor": {
      "Type": "WaitForEvents",
      "Events": [
        {
          "Event": "PRLODSTWS1_1#FDW_CODE_MAP-TO-PRLODSTWS1_1#FDW_COMMISION_M_STCH"
        },
        {
          "Event": "PRLODSTWS1_1#FDW_COMMISION_M-TO-PRLODSTWS1_1#FDW_COMMISION_M_STCH"
        }
      ]
    },
    "eventsToAdd": {
      "Type": "AddEvents",
      "Events": [
        {
          "Event": "PRLODSTWS1_1#FDW_COMMISION_M_STCH-TO-PRLODSTWS1_1#STCH_COMM_M"
        }
      ]
    },
    "eventsToDelete": {
      "Type": "DeleteEvents",
      "Events": [
        {
          "Event": "PRLODSTWS1_1#FDW_CODE_MAP-TO-PRLODSTWS1_1#FDW_COMMISION_M_STCH"
        },
        {
          "Event": "PRLODSTWS1_1#FDW_COMMISION_M-TO-PRLODSTWS1_1#FDW_COMMISION_M_STCH"
        }
      ]
    }
  },
  "PRLODSTWS1_1#STCH_COMM_CM": {
    "Type": "Job:Command",
    "DaysKeepActive": "1",
    "SubApplication": "UPCR1",
    "Host": "CTMAG",
    "CreatedBy": "emuser",
    "Description": "Common Shell Template",
    "RunAs": "controlm",
    "Application": "ODS",
    "Command": "/home/tws/ods_batch_home/esp.batch.scripts/run.cmd.sh D_FDW_STCH ${tws.job.name} %%\\\\global\\END_DT_CHAR.",
    "When": {
      "WeekDays": [
        "NONE"
      ],
      "Months": [
        "NONE"
      ],
      "MonthDays": [
        "NONE"
      ],
      "DaysRelation": "OR",
      "RuleBasedCalendars": {
        "Included": [
          "RC1"
        ]
      }
    },
    "eventsToWaitFor": {
      "Type": "WaitForEvents",
      "Events": [
        {
          "Event": "PRLODSTWS1_1#STCH_COMM_EX-TO-PRLODSTWS1_1#STCH_COMM_CM"
        }
      ]
    },
    "eventsToAdd": {
      "Type": "AddEvents",
      "Events": [
        {
          "Event": "PRLODSTWS1_1#STCH_COMM_CM-TO-PRLODSTWS1_1#STCH_COMM_FP"
        }
      ]
    },
    "eventsToDelete": {
      "Type": "DeleteEvents",
      "Events": [
        {
          "Event": "PRLODSTWS1_1#STCH_COMM_EX-TO-PRLODSTWS1_1#STCH_COMM_CM"
        }
      ]
    }
  },
  "PRLODSTWS1_1#STCH_COMM_FP": {
    "Type": "Job:Command",
    "DaysKeepActive": "1",
    "SubApplication": "UPCR1",
    "Host": "CTMAG",
    "CreatedBy": "emuser",
    "Description": "Ftp files for batch",
    "RunAs": "controlm",
    "Application": "ODS",
    "Command": "/home/tws/ods_batch_home/esp.batch.scripts/ftp.files.sh D_FDW_STCH ${tws.job.name} %%\\\\global\\END_DT_CHAR.",
    "When": {
      "WeekDays": [
        "NONE"
      ],
      "Months": [
        "NONE"
      ],
      "MonthDays": [
        "NONE"
      ],
      "DaysRelation": "OR",
      "RuleBasedCalendars": {
        "Included": [
          "RC1"
        ]
      }
    },
    "eventsToWaitFor": {
      "Type": "WaitForEvents",
      "Events": [
        {
          "Event": "PRLODSTWS1_1#STCH_COMM_CM-TO-PRLODSTWS1_1#STCH_COMM_FP"
        }
      ]
    },
    "eventsToDelete": {
      "Type": "DeleteEvents",
      "Events": [
        {
          "Event": "PRLODSTWS1_1#STCH_COMM_CM-TO-PRLODSTWS1_1#STCH_COMM_FP"
        }
      ]
    }
  },
  "PRLODSTWS1_1#STCH_COMM_M_EX": {
    "Type": "Job:Command",
    "DaysKeepActive": "1",
    "SubApplication": "UPCR1",
    "Host": "CTMAG",
    "CreatedBy": "emuser",
    "Description": "CSV Export for batch",
    "RunAs": "controlm",
    "Application": "ODS",
    "Command": "/home/tws/ods_batch_home/esp.batch.scripts/gen.table2File.sh D_FDW_STCH ${tws.job.name} %%\\\\global\\END_DT_CHAR.",
    "When": {
      "WeekDays": [
        "NONE"
      ],
      "Months": [
        "NONE"
      ],
      "MonthDays": [
        "NONE"
      ],
      "DaysRelation": "OR",
      "RuleBasedCalendars": {
        "Included": [
          "RC1"
        ]
      }
    },
    "eventsToWaitFor": {
      "Type": "WaitForEvents",
      "Events": [
        {
          "Event": "PRLODSTWS1_1#STCH_COMM_M_PARAM-TO-PRLODSTWS1_1#STCH_COMM_M_EX"
        }
      ]
    },
    "eventsToAdd": {
      "Type": "AddEvents",
      "Events": [
        {
          "Event": "PRLODSTWS1_1#STCH_COMM_M_EX-TO-PRLODSTWS1_1#STCH_COMM_M_CM"
        }
      ]
    },
    "eventsToDelete": {
      "Type": "DeleteEvents",
      "Events": [
        {
          "Event": "PRLODSTWS1_1#STCH_COMM_M_PARAM-TO-PRLODSTWS1_1#STCH_COMM_M_EX"
        }
      ]
    }
  },
  "PRLODSTWS1_1#STCH_COMM": {
    "Type": "Job:Database:StoredProcedure",
    "ConnectionProfile": "UPCR1",
    "StoredProcedure": "STCH_COMM_SP",
    "Schema": "SQLEXT",
    "DaysKeepActive": "1",
    "SubApplication": "UPCR1",
    "Host": "CTMAG",
    "CreatedBy": "emuser",
    "Description": "== Conversion Messages Start ==\\n\\nMessage ID\\t: WRN6031 (4981-8777)\\n\\n== Conversion Messages End ==\\nAdded by composer.",
    "RunAs": "controlm",
    "Application": "ODS",
    "When": {
      "WeekDays": [
        "NONE"
      ],
      "Months": [
        "NONE"
      ],
      "MonthDays": [
        "NONE"
      ],
      "DaysRelation": "OR",
      "RuleBasedCalendars": {
        "Included": [
          "RC1"
        ]
      }
    },
    "eventsToWaitFor": {
      "Type": "WaitForEvents",
      "Events": [
        {
          "Event": "PRLODSTWS1_1#FDW_COMMISION_STCH-TO-PRLODSTWS1_1#STCH_COMM"
        }
      ]
    },
    "eventsToAdd": {
      "Type": "AddEvents",
      "Events": [
        {
          "Event": "PRLODSTWS1_1#STCH_COMM-TO-PRLODSTWS1_1#STCH_COMM_PARAM"
        }
      ]
    },
    "eventsToDelete": {
      "Type": "DeleteEvents",
      "Events": [
        {
          "Event": "PRLODSTWS1_1#FDW_COMMISION_STCH-TO-PRLODSTWS1_1#STCH_COMM"
        }
      ]
    }
  },
  "PRLODSTWS1_1#STCH_COMM_M": {
    "Type": "Job:Database:StoredProcedure",
    "ConnectionProfile": "UPCR1",
    "StoredProcedure": "STCH_COMM_M_SP",
    "Schema": "SQLEXT",
    "DaysKeepActive": "1",
    "SubApplication": "UPCR1",
    "Host": "CTMAG",
    "CreatedBy": "emuser",
    "Description": "== Conversion Messages Start ==\\n\\nMessage ID\\t: WRN6031 (4982-8778)\\n\\n== Conversion Messages End ==\\nAdded by composer.",
    "RunAs": "controlm",
    "Application": "ODS",
    "When": {
      "WeekDays": [
        "NONE"
      ],
      "Months": [
        "NONE"
      ],
      "MonthDays": [
        "NONE"
      ],
      "DaysRelation": "OR",
      "RuleBasedCalendars": {
        "Included": [
          "RC1"
        ]
      }
    },
    "eventsToWaitFor": {
      "Type": "WaitForEvents",
      "Events": [
        {
          "Event": "PRLODSTWS1_1#FDW_COMMISION_M_STCH-TO-PRLODSTWS1_1#STCH_COMM_M"
        },
        {
          "Event": "PRLODSTWS1_1#BATCH_INFO_DETAIL-TO-PRLODSTWS1_1#STCH_COMM_M"
        }
      ]
    },
    "eventsToAdd": {
      "Type": "AddEvents",
      "Events": [
        {
          "Event": "PRLODSTWS1_1#STCH_COMM_M-TO-PRLODSTWS1_1#STCH_COMM_M_PARAM"
        }
      ]
    },
    "eventsToDelete": {
      "Type": "DeleteEvents",
      "Events": [
        {
          "Event": "PRLODSTWS1_1#FDW_COMMISION_M_STCH-TO-PRLODSTWS1_1#STCH_COMM_M"
        },
        {
          "Event": "PRLODSTWS1_1#BATCH_INFO_DETAIL-TO-PRLODSTWS1_1#STCH_COMM_M"
        }
      ]
    }
  },
  "PRLODSTWS1_1#STCH_COMM_M_PARAM": {
    "Type": "Job:Database:StoredProcedure",
    "ConnectionProfile": "UPCR1",
    "StoredProcedure": "STCH_COMM_M_PARAM_SP",
    "Schema": "SQLEXT",
    "DaysKeepActive": "1",
    "SubApplication": "UPCR1",
    "Host": "CTMAG",
    "CreatedBy": "emuser",
    "Description": "== Conversion Messages Start ==\\n\\nMessage ID\\t: WRN6031 (4983-8779)\\n\\n== Conversion Messages End ==\\nAdded by composer.",
    "RunAs": "controlm",
    "Application": "ODS",
    "When": {
      "WeekDays": [
        "NONE"
      ],
      "Months": [
        "NONE"
      ],
      "MonthDays": [
        "NONE"
      ],
      "DaysRelation": "OR",
      "RuleBasedCalendars": {
        "Included": [
          "RC1"
        ]
      }
    },
    "eventsToWaitFor": {
      "Type": "WaitForEvents",
      "Events": [
        {
          "Event": "PRLODSTWS1_1#STCH_COMM_M-TO-PRLODSTWS1_1#STCH_COMM_M_PARAM"
        }
      ]
    },
    "eventsToAdd": {
      "Type": "AddEvents",
      "Events": [
        {
          "Event": "PRLODSTWS1_1#STCH_COMM_M_PARAM-TO-PRLODSTWS1_1#STCH_COMM_M_EX"
        }
      ]
    },
    "eventsToDelete": {
      "Type": "DeleteEvents",
      "Events": [
        {
          "Event": "PRLODSTWS1_1#STCH_COMM_M-TO-PRLODSTWS1_1#STCH_COMM_M_PARAM"
        }
      ]
    }
  },
  "PRLODSTWS1_1#STCH_COMM_EX": {
    "Type": "Job:Command",
    "DaysKeepActive": "1",
    "SubApplication": "UPCR1",
    "Host": "CTMAG",
    "CreatedBy": "emuser",
    "Description": "CSV Export for batch",
    "RunAs": "controlm",
    "Application": "ODS",
    "Command": "/home/tws/ods_batch_home/esp.batch.scripts/gen.table2File.sh D_FDW_STCH ${tws.job.name} %%\\\\global\\END_DT_CHAR.",
    "When": {
      "WeekDays": [
        "NONE"
      ],
      "Months": [
        "NONE"
      ],
      "MonthDays": [
        "NONE"
      ],
      "DaysRelation": "OR",
      "RuleBasedCalendars": {
        "Included": [
          "RC1"
        ]
      }
    },
    "eventsToWaitFor": {
      "Type": "WaitForEvents",
      "Events": [
        {
          "Event": "PRLODSTWS1_1#STCH_COMM_PARAM-TO-PRLODSTWS1_1#STCH_COMM_EX"
        }
      ]
    },
    "eventsToAdd": {
      "Type": "AddEvents",
      "Events": [
        {
          "Event": "PRLODSTWS1_1#STCH_COMM_EX-TO-PRLODSTWS1_1#STCH_COMM_CM"
        }
      ]
    },
    "eventsToDelete": {
      "Type": "DeleteEvents",
      "Events": [
        {
          "Event": "PRLODSTWS1_1#STCH_COMM_PARAM-TO-PRLODSTWS1_1#STCH_COMM_EX"
        }
      ]
    }
  },
  "PRLODSTWS1_1#FDW_COMMISION_STCH": {
    "Type": "Job:Database:StoredProcedure",
    "ConnectionProfile": "UPCR1",
    "StoredProcedure": "FDW_COMMISION_STCH_SP",
    "Schema": "SQLEXT",
    "DaysKeepActive": "1",
    "SubApplication": "UPCR1",
    "Host": "CTMAG",
    "CreatedBy": "emuser",
    "Description": "== Conversion Messages Start ==\\n\\nMessage ID\\t: WRN6031 (4984-8781)\\n\\n== Conversion Messages End ==\\nAdded by composer.",
    "RunAs": "controlm",
    "Application": "ODS",
    "When": {
      "WeekDays": [
        "NONE"
      ],
      "Months": [
        "NONE"
      ],
      "MonthDays": [
        "NONE"
      ],
      "DaysRelation": "OR",
      "RuleBasedCalendars": {
        "Included": [
          "RC1"
        ]
      }
    },
    "eventsToWaitFor": {
      "Type": "WaitForEvents",
      "Events": [
        {
          "Event": "PRLODSTWS1_1#FDW_CODE_MAP-TO-PRLODSTWS1_1#FDW_COMMISION_STCH"
        },
        {
          "Event": "PRLODSTWS1_1#FDW_COMMISION-TO-PRLODSTWS1_1#FDW_COMMISION_STCH"
        }
      ]
    },
    "eventsToAdd": {
      "Type": "AddEvents",
      "Events": [
        {
          "Event": "PRLODSTWS1_1#FDW_COMMISION_STCH-TO-PRLODSTWS1_1#STCH_COMM"
        }
      ]
    },
    "eventsToDelete": {
      "Type": "DeleteEvents",
      "Events": [
        {
          "Event": "PRLODSTWS1_1#FDW_CODE_MAP-TO-PRLODSTWS1_1#FDW_COMMISION_STCH"
        },
        {
          "Event": "PRLODSTWS1_1#FDW_COMMISION-TO-PRLODSTWS1_1#FDW_COMMISION_STCH"
        }
      ]
    }
  },
  "PRLODSTWS1_1#STCH_COMM_PARAM": {
    "Type": "Job:Database:StoredProcedure",
    "ConnectionProfile": "UPCR1",
    "StoredProcedure": "STCH_COMM_PARAM_SP",
    "Schema": "SQLEXT",
    "DaysKeepActive": "1",
    "SubApplication": "UPCR1",
    "Host": "CTMAG",
    "CreatedBy": "emuser",
    "Description": "== Conversion Messages Start ==\\n\\nMessage ID\\t: WRN6031 (4985-8782)\\n\\n== Conversion Messages End ==\\nAdded by composer.",
    "RunAs": "controlm",
    "Application": "ODS",
    "When": {
      "WeekDays": [
        "NONE"
      ],
      "Months": [
        "NONE"
      ],
      "MonthDays": [
        "NONE"
      ],
      "DaysRelation": "OR",
      "RuleBasedCalendars": {
        "Included": [
          "RC1"
        ]
      }
    },
    "eventsToWaitFor": {
      "Type": "WaitForEvents",
      "Events": [
        {
          "Event": "PRLODSTWS1_1#STCH_COMM-TO-PRLODSTWS1_1#STCH_COMM_PARAM"
        }
      ]
    },
    "eventsToAdd": {
      "Type": "AddEvents",
      "Events": [
        {
          "Event": "PRLODSTWS1_1#STCH_COMM_PARAM-TO-PRLODSTWS1_1#STCH_COMM_EX"
        }
      ]
    },
    "eventsToDelete": {
      "Type": "DeleteEvents",
      "Events": [
        {
          "Event": "PRLODSTWS1_1#STCH_COMM-TO-PRLODSTWS1_1#STCH_COMM_PARAM"
        }
      ]
    }
  },
  "PRLODSTWS1_1#STCH_COMM_M_CM": {
    "Type": "Job:Command",
    "DaysKeepActive": "1",
    "SubApplication": "UPCR1",
    "Host": "CTMAG",
    "CreatedBy": "emuser",
    "Description": "Common Shell Template",
    "RunAs": "controlm",
    "Application": "ODS",
    "Command": "/home/tws/ods_batch_home/esp.batch.scripts/run.cmd.sh D_FDW_STCH ${tws.job.name} %%\\\\global\\END_DT_CHAR.",
    "When": {
      "WeekDays": [
        "NONE"
      ],
      "Months": [
        "NONE"
      ],
      "MonthDays": [
        "NONE"
      ],
      "DaysRelation": "OR",
      "RuleBasedCalendars": {
        "Included": [
          "RC1"
        ]
      }
    },
    "eventsToWaitFor": {
      "Type": "WaitForEvents",
      "Events": [
        {
          "Event": "PRLODSTWS1_1#STCH_COMM_M_EX-TO-PRLODSTWS1_1#STCH_COMM_M_CM"
        }
      ]
    },
    "eventsToAdd": {
      "Type": "AddEvents",
      "Events": [
        {
          "Event": "PRLODSTWS1_1#STCH_COMM_M_CM-TO-PRLODSTWS1_1#STCH_COMM_M_FP"
        }
      ]
    },
    "eventsToDelete": {
      "Type": "DeleteEvents",
      "Events": [
        {
          "Event": "PRLODSTWS1_1#STCH_COMM_M_EX-TO-PRLODSTWS1_1#STCH_COMM_M_CM"
        }
      ]
    }
  },
  "PRLODSTWS1_1#STCH_COMM_M_FP": {
    "Type": "Job:Command",
    "DaysKeepActive": "1",
    "SubApplication": "UPCR1",
    "Host": "CTMAG",
    "CreatedBy": "emuser",
    "Description": "Ftp files for batch",
    "RunAs": "controlm",
    "Application": "ODS",
    "Command": "/home/tws/ods_batch_home/esp.batch.scripts/ftp.files.sh D_FDW_STCH ${tws.job.name} %%\\\\global\\END_DT_CHAR.",
    "When": {
      "WeekDays": [
        "NONE"
      ],
      "Months": [
        "NONE"
      ],
      "MonthDays": [
        "NONE"
      ],
      "DaysRelation": "OR",
      "RuleBasedCalendars": {
        "Included": [
          "RC1"
        ]
      }
    },
    "eventsToWaitFor": {
      "Type": "WaitForEvents",
      "Events": [
        {
          "Event": "PRLODSTWS1_1#STCH_COMM_M_CM-TO-PRLODSTWS1_1#STCH_COMM_M_FP"
        }
      ]
    },
    "eventsToDelete": {
      "Type": "DeleteEvents",
      "Events": [
        {
          "Event": "PRLODSTWS1_1#STCH_COMM_M_CM-TO-PRLODSTWS1_1#STCH_COMM_M_FP"
        }
      ]
    }
  },
  "eventsToAdd": {
    "Type": "AddEvents",
    "Events": [
      {
        "Event": "PRLODSTWS1_1#D_FDW_STCH-TO-PRLODSTWS1_1#BDS_STS_FDW_04G"
      }
    ]
  }
  }
}
