{
  "PRLODSTWS1_1#M_RPT_SC_7": {
  "Type":  "Folder",
  "ControlmServer": "CTM",
  "Description": "== Conversion Messages Start ==\\n\\nMessage ID\\t: INF6107 (7656-13508)\\n\\nMessage ID\\t: INF6104 (7657-13508)\\n\\n== Conversion Messages End ==\\n",
  "OrderMethod": "Manual",
  "SubApplication": "UPCR1",
  "CreatedBy": "emuser",
  "Application": "ODS",
  "When": {
    "RuleBasedCalendars": {
      "Included": [
        "RC1"
      ],
      "RC1": {
        "Type": "Calendar:RuleBased",
        "When": {
          "MonthDaysCalendar": "RCG-M-NAT",
          "DaysRelation": "OR",
          "DaysKeepActive": "01",
          "WeekDays": [
            "NONE"
          ],
          "MonthDays": [
            "NONE"
          ]
        }
      }
    }
  },
  "PRLODSTWS1_1#SC_6730_CF": {
    "Type": "Job:Command",
    "DaysKeepActive": "1",
    "SubApplication": "UPCR1",
    "Host": "CTMAG",
    "CreatedBy": "emuser",
    "Description": "archiving file for batch",
    "RunAs": "controlm",
    "Application": "ODS",
    "Command": "/home/tws/ods_batch_home/esp.batch.scripts/archiving.file.sh M_RPT_SC ${tws.job.name} %%\\\\global\\END_DT_CHAR.",
    "When": {
      "WeekDays": [
        "NONE"
      ],
      "Months": [
        "NONE"
      ],
      "MonthDays": [
        "NONE"
      ],
      "DaysRelation": "OR",
      "RuleBasedCalendars": {
        "Included": [
          "RC1"
        ]
      }
    },
    "eventsToWaitFor": {
      "Type": "WaitForEvents",
      "Events": [
        {
          "Event": "PRLODSTWS1_1#SC_6730_CR-TO-PRLODSTWS1_1#SC_6730_CF"
        }
      ]
    },
    "eventsToDelete": {
      "Type": "DeleteEvents",
      "Events": [
        {
          "Event": "PRLODSTWS1_1#SC_6730_CR-TO-PRLODSTWS1_1#SC_6730_CF"
        }
      ]
    }
  },
  "PRLODSTWS1_1#SC_6730_PARAM": {
    "Type": "Job:Database:StoredProcedure",
    "ConnectionProfile": "UPCR1",
    "StoredProcedure": "SC_6730_PARAM_SP",
    "Schema": "SQLEXT",
    "DaysKeepActive": "1",
    "SubApplication": "UPCR1",
    "Host": "CTMAG",
    "CreatedBy": "emuser",
    "Description": "== Conversion Messages Start ==\\n\\nMessage ID\\t: WRN6031 (7654-13510)\\n\\n== Conversion Messages End ==\\nAdded by composer.",
    "RunAs": "controlm",
    "Application": "ODS",
    "When": {
      "WeekDays": [
        "NONE"
      ],
      "Months": [
        "NONE"
      ],
      "MonthDays": [
        "NONE"
      ],
      "DaysRelation": "OR",
      "RuleBasedCalendars": {
        "Included": [
          "RC1"
        ]
      }
    },
    "eventsToWaitFor": {
      "Type": "WaitForEvents",
      "Events": [
        {
          "Event": "PRLODSTWS1_1#SC_6730_11G-TO-PRLODSTWS1_1#SC_6730_PARAM"
        },
        {
          "Event": "PRLODSTWS1_1#SC_JOB_PARAM-TO-PRLODSTWS1_1#SC_6730_PARAM"
        }
      ]
    },
    "eventsToAdd": {
      "Type": "AddEvents",
      "Events": [
        {
          "Event": "PRLODSTWS1_1#SC_6730_PARAM-TO-PRLODSTWS1_1#SC_6730_CR"
        }
      ]
    },
    "eventsToDelete": {
      "Type": "DeleteEvents",
      "Events": [
        {
          "Event": "PRLODSTWS1_1#SC_6730_11G-TO-PRLODSTWS1_1#SC_6730_PARAM"
        },
        {
          "Event": "PRLODSTWS1_1#SC_JOB_PARAM-TO-PRLODSTWS1_1#SC_6730_PARAM"
        }
      ]
    }
  },
  "PRLODSTWS1_1#SC_6730_11G": {
    "Type": "Job:Database:StoredProcedure",
    "ConnectionProfile": "UPCR1",
    "StoredProcedure": "SC_6730_11G_SP",
    "Schema": "SQLEXT",
    "DaysKeepActive": "1",
    "SubApplication": "UPCR1",
    "Host": "CTMAG",
    "CreatedBy": "emuser",
    "Description": "== Conversion Messages Start ==\\n\\nMessage ID\\t: WRN6031 (7655-13511)\\n\\n== Conversion Messages End ==\\nAdded by composer.",
    "RunAs": "controlm",
    "Application": "ODS",
    "When": {
      "WeekDays": [
        "NONE"
      ],
      "Months": [
        "NONE"
      ],
      "MonthDays": [
        "NONE"
      ],
      "DaysRelation": "OR",
      "RuleBasedCalendars": {
        "Included": [
          "RC1"
        ]
      }
    },
    "eventsToWaitFor": {
      "Type": "WaitForEvents",
      "Events": [
        {
          "Event": "PRLODSTWS1_1#O_COMMISION_TYPE-TO-PRLODSTWS1_1#SC_6730_11G"
        },
        {
          "Event": "PRLODSTWS1_1#O_SALES_CHANNEL-TO-PRLODSTWS1_1#SC_6730_11G"
        },
        {
          "Event": "PRLODSTWS1_1#O_SC_COMMISION_ERR_CODE-TO-PRLODSTWS1_1#SC_6730_11G"
        },
        {
          "Event": "PRLODSTWS1_1#O_SC_COMMISION_ERR_INFO-TO-PRLODSTWS1_1#SC_6730_11G"
        },
        {
          "Event": "PRLODSTWS1_1#O_PRODUCT_VERSION-TO-PRLODSTWS1_1#SC_6730_11G"
        },
        {
          "Event": "PRLODSTWS1_1#SDM_SERVICE-TO-PRLODSTWS1_1#SC_6730_11G"
        },
        {
          "Event": "PRLODSTWS1_1#SDM_AGENT-TO-PRLODSTWS1_1#SC_6730_11G"
        },
        {
          "Event": "PRLODSTWS1_1#SDM_CHANNEL_ORG_HIR-TO-PRLODSTWS1_1#SC_6730_11G"
        },
        {
          "Event": "PRLODSTWS1_1#SDM_CONTRACT_PRODUCT-TO-PRLODSTWS1_1#SC_6730_11G"
        }
      ]
    },
    "eventsToAdd": {
      "Type": "AddEvents",
      "Events": [
        {
          "Event": "PRLODSTWS1_1#SC_6730_11G-TO-PRLODSTWS1_1#SC_6730_PARAM"
        }
      ]
    },
    "eventsToDelete": {
      "Type": "DeleteEvents",
      "Events": [
        {
          "Event": "PRLODSTWS1_1#O_COMMISION_TYPE-TO-PRLODSTWS1_1#SC_6730_11G"
        },
        {
          "Event": "PRLODSTWS1_1#O_SALES_CHANNEL-TO-PRLODSTWS1_1#SC_6730_11G"
        },
        {
          "Event": "PRLODSTWS1_1#O_SC_COMMISION_ERR_CODE-TO-PRLODSTWS1_1#SC_6730_11G"
        },
        {
          "Event": "PRLODSTWS1_1#O_SC_COMMISION_ERR_INFO-TO-PRLODSTWS1_1#SC_6730_11G"
        },
        {
          "Event": "PRLODSTWS1_1#O_PRODUCT_VERSION-TO-PRLODSTWS1_1#SC_6730_11G"
        },
        {
          "Event": "PRLODSTWS1_1#SDM_SERVICE-TO-PRLODSTWS1_1#SC_6730_11G"
        },
        {
          "Event": "PRLODSTWS1_1#SDM_AGENT-TO-PRLODSTWS1_1#SC_6730_11G"
        },
        {
          "Event": "PRLODSTWS1_1#SDM_CHANNEL_ORG_HIR-TO-PRLODSTWS1_1#SC_6730_11G"
        },
        {
          "Event": "PRLODSTWS1_1#SDM_CONTRACT_PRODUCT-TO-PRLODSTWS1_1#SC_6730_11G"
        }
      ]
    }
  },
  "PRLODSTWS1_1#SC_6730_CR": {
    "Type": "Job:Command",
    "DaysKeepActive": "1",
    "SubApplication": "UPCR1",
    "Host": "CTMAG",
    "CreatedBy": "emuser",
    "Description": "generate the report file for batch",
    "RunAs": "controlm",
    "Application": "ODS",
    "Command": "/home/tws/ods_batch_home/esp.batch.scripts/gen.report.sh M_RPT_SC ${tws.job.name} %%\\\\global\\END_DT_CHAR.",
    "When": {
      "WeekDays": [
        "NONE"
      ],
      "Months": [
        "NONE"
      ],
      "MonthDays": [
        "NONE"
      ],
      "DaysRelation": "OR",
      "RuleBasedCalendars": {
        "Included": [
          "RC1"
        ]
      }
    },
    "eventsToWaitFor": {
      "Type": "WaitForEvents",
      "Events": [
        {
          "Event": "PRLODSTWS1_1#SC_6730_PARAM-TO-PRLODSTWS1_1#SC_6730_CR"
        }
      ]
    },
    "eventsToAdd": {
      "Type": "AddEvents",
      "Events": [
        {
          "Event": "PRLODSTWS1_1#SC_6730_CR-TO-PRLODSTWS1_1#SC_6730_CF"
        }
      ]
    },
    "eventsToDelete": {
      "Type": "DeleteEvents",
      "Events": [
        {
          "Event": "PRLODSTWS1_1#SC_6730_PARAM-TO-PRLODSTWS1_1#SC_6730_CR"
        }
      ]
    }
  }
  }
}
