{
  "PRLODSTWS1_1#ADHOC_ALLEN_RFEE": {
  "Type":  "Folder",
  "ControlmServer": "CTM",
  "Description": "== Conversion Messages Start ==\\n\\nMessage ID\\t: INF6107 (7533-13276)\\n\\nMessage ID\\t: INF6104 (7534-13276)\\n\\n== Conversion Messages End ==\\n",
  "OrderMethod": "Manual",
  "SubApplication": "UPCR1",
  "CreatedBy": "emuser",
  "Application": "ODS",
  "When": {
    "RuleBasedCalendars": {
      "Included": [
        "Manual_order"
      ],
      "Manual_order": {
        "Type": "Calendar:RuleBased",
        "When": {
          "DaysRelation": "OR",
          "WeekDays": [
            "NONE"
          ],
          "Months": [
            "NONE"
          ],
          "MonthDays": [
            "NONE"
          ]
        }
      }
    }
  },
  "PRLODSTWS1_1#RI_0170_PARAM": {
    "Type": "Job:Database:StoredProcedure",
    "ConnectionProfile": "UPCR1",
    "StoredProcedure": "RI_0170_PARAM_SP",
    "Schema": "SQLEXT",
    "SubApplication": "UPCR1",
    "Host": "CTMAG",
    "CreatedBy": "emuser",
    "Description": "== Conversion Messages Start ==\\n\\nMessage ID\\t: WRN6031 (7517-13277)\\n\\n== Conversion Messages End ==\\nAdded by composer.",
    "RunAs": "controlm",
    "Application": "ODS",
    "When": {
      "WeekDays": [
        "NONE"
      ],
      "Months": [
        "NONE"
      ],
      "MonthDays": [
        "NONE"
      ],
      "DaysRelation": "OR",
      "RuleBasedCalendars": {
        "Included": [
          "Manual_order"
        ]
      }
    },
    "eventsToWaitFor": {
      "Type": "WaitForEvents",
      "Events": [
        {
          "Event": "PRLODSTWS1_1#RI_0170_11G-TO-PRLODSTWS1_1#RI_0170_PARAM_3"
        }
      ]
    },
    "eventsToAdd": {
      "Type": "AddEvents",
      "Events": [
        {
          "Event": "PRLODSTWS1_1#RI_0170_PARAM-TO-PRLODSTWS1_1#RI_0170_EX_3"
        }
      ]
    },
    "eventsToDelete": {
      "Type": "DeleteEvents",
      "Events": [
        {
          "Event": "PRLODSTWS1_1#RI_0170_11G-TO-PRLODSTWS1_1#RI_0170_PARAM_3"
        }
      ]
    }
  },
  "PRLODSTWS1_1#RI_0080_PARAM": {
    "Type": "Job:Database:StoredProcedure",
    "ConnectionProfile": "UPCR1",
    "StoredProcedure": "RI_0080_PARAM_SP",
    "Schema": "SQLEXT",
    "SubApplication": "UPCR1",
    "Host": "CTMAG",
    "CreatedBy": "emuser",
    "Description": "== Conversion Messages Start ==\\n\\nMessage ID\\t: WRN6031 (7518-13278)\\n\\n== Conversion Messages End ==\\nAdded by composer.",
    "RunAs": "controlm",
    "Application": "ODS",
    "When": {
      "WeekDays": [
        "NONE"
      ],
      "Months": [
        "NONE"
      ],
      "MonthDays": [
        "NONE"
      ],
      "DaysRelation": "OR",
      "RuleBasedCalendars": {
        "Included": [
          "Manual_order"
        ]
      }
    },
    "eventsToWaitFor": {
      "Type": "WaitForEvents",
      "Events": [
        {
          "Event": "PRLODSTWS1_1#RI_0080_11G-TO-PRLODSTWS1_1#RI_0080_PARAM_6"
        }
      ]
    },
    "eventsToAdd": {
      "Type": "AddEvents",
      "Events": [
        {
          "Event": "PRLODSTWS1_1#RI_0080_PARAM-TO-PRLODSTWS1_1#RI_0080_EX_6"
        }
      ]
    },
    "eventsToDelete": {
      "Type": "DeleteEvents",
      "Events": [
        {
          "Event": "PRLODSTWS1_1#RI_0080_11G-TO-PRLODSTWS1_1#RI_0080_PARAM_6"
        }
      ]
    }
  },
  "PRLODSTWS1_1#RI_0150_PARAM": {
    "Type": "Job:Database:StoredProcedure",
    "ConnectionProfile": "UPCR1",
    "StoredProcedure": "RI_0150_PARAM_SP",
    "Schema": "SQLEXT",
    "SubApplication": "UPCR1",
    "Host": "CTMAG",
    "CreatedBy": "emuser",
    "Description": "== Conversion Messages Start ==\\n\\nMessage ID\\t: WRN6031 (7519-13279)\\n\\n== Conversion Messages End ==\\nAdded by composer.",
    "RunAs": "controlm",
    "Application": "ODS",
    "When": {
      "WeekDays": [
        "NONE"
      ],
      "Months": [
        "NONE"
      ],
      "MonthDays": [
        "NONE"
      ],
      "DaysRelation": "OR",
      "RuleBasedCalendars": {
        "Included": [
          "Manual_order"
        ]
      }
    },
    "eventsToWaitFor": {
      "Type": "WaitForEvents",
      "Events": [
        {
          "Event": "PRLODSTWS1_1#RI_0150_11G-TO-PRLODSTWS1_1#RI_0150_PARAM_3"
        }
      ]
    },
    "eventsToAdd": {
      "Type": "AddEvents",
      "Events": [
        {
          "Event": "PRLODSTWS1_1#RI_0150_PARAM-TO-PRLODSTWS1_1#RI_0150_EX_3"
        }
      ]
    },
    "eventsToDelete": {
      "Type": "DeleteEvents",
      "Events": [
        {
          "Event": "PRLODSTWS1_1#RI_0150_11G-TO-PRLODSTWS1_1#RI_0150_PARAM_3"
        }
      ]
    }
  },
  "PRLODSTWS1_1#RI_0020_EX": {
    "Type": "Job:Command",
    "SubApplication": "UPCR1",
    "Host": "CTMAG",
    "CreatedBy": "emuser",
    "Description": "CSV Export for batch",
    "RunAs": "controlm",
    "Application": "ODS",
    "Command": "/home/tws/ods_batch_home/esp.batch.scripts/gen.table2File.sh M_RPT_RI ${tws.job.name} %%\\\\ADHOC_ALLEN_VT\\END_DT_CHAR.",
    "When": {
      "WeekDays": [
        "NONE"
      ],
      "Months": [
        "NONE"
      ],
      "MonthDays": [
        "NONE"
      ],
      "DaysRelation": "OR",
      "RuleBasedCalendars": {
        "Included": [
          "Manual_order"
        ]
      }
    },
    "eventsToWaitFor": {
      "Type": "WaitForEvents",
      "Events": [
        {
          "Event": "PRLODSTWS1_1#RI_0020_PARAM-TO-PRLODSTWS1_1#RI_0020_EX_4"
        }
      ]
    },
    "eventsToAdd": {
      "Type": "AddEvents",
      "Events": [
        {
          "Event": "PRLODSTWS1_1#RI_0020_EX-TO-PRLODSTWS1_1#RI_0020_CF_4"
        }
      ]
    },
    "eventsToDelete": {
      "Type": "DeleteEvents",
      "Events": [
        {
          "Event": "PRLODSTWS1_1#RI_0020_PARAM-TO-PRLODSTWS1_1#RI_0020_EX_4"
        }
      ]
    }
  },
  "PRLODSTWS1_1#RI_0080_11G": {
    "Type": "Job:Database:StoredProcedure",
    "ConnectionProfile": "UPCR1",
    "StoredProcedure": "RI_0080_11G_SP",
    "Schema": "SQLEXT",
    "SubApplication": "UPCR1",
    "Host": "CTMAG",
    "CreatedBy": "emuser",
    "Description": "== Conversion Messages Start ==\\n\\nMessage ID\\t: WRN6031 (7520-13281)\\n\\n== Conversion Messages End ==\\nAdded by composer.",
    "RunAs": "controlm",
    "Application": "ODS",
    "When": {
      "WeekDays": [
        "NONE"
      ],
      "Months": [
        "NONE"
      ],
      "MonthDays": [
        "NONE"
      ],
      "DaysRelation": "OR",
      "RuleBasedCalendars": {
        "Included": [
          "Manual_order"
        ]
      }
    },
    "eventsToWaitFor": {
      "Type": "WaitForEvents",
      "Events": [
        {
          "Event": "PRLODSTWS1_1#SDM_RI_RPT_FEE-TO-PRLODSTWS1_1#RI_0080_11G_3"
        }
      ]
    },
    "eventsToAdd": {
      "Type": "AddEvents",
      "Events": [
        {
          "Event": "PRLODSTWS1_1#RI_0080_11G-TO-PRLODSTWS1_1#RI_0080_PARAM_6"
        }
      ]
    },
    "eventsToDelete": {
      "Type": "DeleteEvents",
      "Events": [
        {
          "Event": "PRLODSTWS1_1#SDM_RI_RPT_FEE-TO-PRLODSTWS1_1#RI_0080_11G_3"
        }
      ]
    }
  },
  "PRLODSTWS1_1#RI_0150_EX": {
    "Type": "Job:Command",
    "SubApplication": "UPCR1",
    "Host": "CTMAG",
    "CreatedBy": "emuser",
    "Description": "CSV Export for batch",
    "RunAs": "controlm",
    "Application": "ODS",
    "Command": "/home/tws/ods_batch_home/esp.batch.scripts/gen.table2File.sh M_RPT_RI ${tws.job.name} %%\\\\ADHOC_ALLEN_VT\\END_DT_CHAR.",
    "When": {
      "WeekDays": [
        "NONE"
      ],
      "Months": [
        "NONE"
      ],
      "MonthDays": [
        "NONE"
      ],
      "DaysRelation": "OR",
      "RuleBasedCalendars": {
        "Included": [
          "Manual_order"
        ]
      }
    },
    "eventsToWaitFor": {
      "Type": "WaitForEvents",
      "Events": [
        {
          "Event": "PRLODSTWS1_1#RI_0150_PARAM-TO-PRLODSTWS1_1#RI_0150_EX_3"
        }
      ]
    },
    "eventsToAdd": {
      "Type": "AddEvents",
      "Events": [
        {
          "Event": "PRLODSTWS1_1#RI_0150_EX-TO-PRLODSTWS1_1#RI_0150_CF_3"
        }
      ]
    },
    "eventsToDelete": {
      "Type": "DeleteEvents",
      "Events": [
        {
          "Event": "PRLODSTWS1_1#RI_0150_PARAM-TO-PRLODSTWS1_1#RI_0150_EX_3"
        }
      ]
    }
  },
  "PRLODSTWS1_1#RI_0110_11G": {
    "Type": "Job:Database:StoredProcedure",
    "ConnectionProfile": "UPCR1",
    "StoredProcedure": "RI_0110_11G_SP",
    "Schema": "SQLEXT",
    "SubApplication": "UPCR1",
    "Host": "CTMAG",
    "CreatedBy": "emuser",
    "Description": "== Conversion Messages Start ==\\n\\nMessage ID\\t: WRN6031 (7521-13283)\\n\\n== Conversion Messages End ==\\nAdded by composer.",
    "RunAs": "controlm",
    "Application": "ODS",
    "When": {
      "WeekDays": [
        "NONE"
      ],
      "Months": [
        "NONE"
      ],
      "MonthDays": [
        "NONE"
      ],
      "DaysRelation": "OR",
      "RuleBasedCalendars": {
        "Included": [
          "Manual_order"
        ]
      }
    },
    "eventsToWaitFor": {
      "Type": "WaitForEvents",
      "Events": [
        {
          "Event": "PRLODSTWS1_1#SDM_RI_RPT_FEE-TO-PRLODSTWS1_1#RI_0110_11G_2"
        }
      ]
    },
    "eventsToAdd": {
      "Type": "AddEvents",
      "Events": [
        {
          "Event": "PRLODSTWS1_1#RI_0110_11G-TO-PRLODSTWS1_1#RI_0110_PARAM_3"
        }
      ]
    },
    "eventsToDelete": {
      "Type": "DeleteEvents",
      "Events": [
        {
          "Event": "PRLODSTWS1_1#SDM_RI_RPT_FEE-TO-PRLODSTWS1_1#RI_0110_11G_2"
        }
      ]
    }
  },
  "PRLODSTWS1_1#RI_0040_CF": {
    "Type": "Job:Command",
    "SubApplication": "UPCR1",
    "Host": "CTMAG",
    "CreatedBy": "emuser",
    "Description": "archiving file for batch",
    "RunAs": "controlm",
    "Application": "ODS",
    "Command": "/home/tws/ods_batch_home/esp.batch.scripts/archiving.file.sh M_RPT_RI ${tws.job.name} %%\\\\ADHOC_ALLEN_VT\\END_DT_CHAR.",
    "When": {
      "WeekDays": [
        "NONE"
      ],
      "Months": [
        "NONE"
      ],
      "MonthDays": [
        "NONE"
      ],
      "DaysRelation": "OR",
      "RuleBasedCalendars": {
        "Included": [
          "Manual_order"
        ]
      }
    },
    "eventsToWaitFor": {
      "Type": "WaitForEvents",
      "Events": [
        {
          "Event": "PRLODSTWS1_1#RI_0040_EX-TO-PRLODSTWS1_1#RI_0040_CF_4"
        }
      ]
    },
    "eventsToDelete": {
      "Type": "DeleteEvents",
      "Events": [
        {
          "Event": "PRLODSTWS1_1#RI_0040_EX-TO-PRLODSTWS1_1#RI_0040_CF_4"
        }
      ]
    }
  },
  "PRLODSTWS1_1#RI_0020_PARAM": {
    "Type": "Job:Database:StoredProcedure",
    "ConnectionProfile": "UPCR1",
    "StoredProcedure": "RI_0020_PARAM_SP",
    "Schema": "SQLEXT",
    "SubApplication": "UPCR1",
    "Host": "CTMAG",
    "CreatedBy": "emuser",
    "Description": "== Conversion Messages Start ==\\n\\nMessage ID\\t: WRN6031 (7522-13285)\\n\\n== Conversion Messages End ==\\nAdded by composer.",
    "RunAs": "controlm",
    "Application": "ODS",
    "When": {
      "WeekDays": [
        "NONE"
      ],
      "Months": [
        "NONE"
      ],
      "MonthDays": [
        "NONE"
      ],
      "DaysRelation": "OR",
      "RuleBasedCalendars": {
        "Included": [
          "Manual_order"
        ]
      }
    },
    "eventsToWaitFor": {
      "Type": "WaitForEvents",
      "Events": [
        {
          "Event": "PRLODSTWS1_1#RI_0020_11G-TO-PRLODSTWS1_1#RI_0020_PARAM_4"
        }
      ]
    },
    "eventsToAdd": {
      "Type": "AddEvents",
      "Events": [
        {
          "Event": "PRLODSTWS1_1#RI_0020_PARAM-TO-PRLODSTWS1_1#RI_0020_EX_4"
        }
      ]
    },
    "eventsToDelete": {
      "Type": "DeleteEvents",
      "Events": [
        {
          "Event": "PRLODSTWS1_1#RI_0020_11G-TO-PRLODSTWS1_1#RI_0020_PARAM_4"
        }
      ]
    }
  },
  "PRLODSTWS1_1#RI_0030_EX": {
    "Type": "Job:Command",
    "SubApplication": "UPCR1",
    "Host": "CTMAG",
    "CreatedBy": "emuser",
    "Description": "CSV Export for batch",
    "RunAs": "controlm",
    "Application": "ODS",
    "Command": "/home/tws/ods_batch_home/esp.batch.scripts/gen.table2File.sh M_RPT_RI ${tws.job.name} %%\\\\ADHOC_ALLEN_VT\\END_DT_CHAR.",
    "When": {
      "WeekDays": [
        "NONE"
      ],
      "Months": [
        "NONE"
      ],
      "MonthDays": [
        "NONE"
      ],
      "DaysRelation": "OR",
      "RuleBasedCalendars": {
        "Included": [
          "Manual_order"
        ]
      }
    },
    "eventsToWaitFor": {
      "Type": "WaitForEvents",
      "Events": [
        {
          "Event": "PRLODSTWS1_1#RI_0030_PARAM-TO-PRLODSTWS1_1#RI_0030_EX_5"
        }
      ]
    },
    "eventsToAdd": {
      "Type": "AddEvents",
      "Events": [
        {
          "Event": "PRLODSTWS1_1#RI_0030_EX-TO-PRLODSTWS1_1#RI_0030_CF_5"
        }
      ]
    },
    "eventsToDelete": {
      "Type": "DeleteEvents",
      "Events": [
        {
          "Event": "PRLODSTWS1_1#RI_0030_PARAM-TO-PRLODSTWS1_1#RI_0030_EX_5"
        }
      ]
    }
  },
  "PRLODSTWS1_1#RI_0110_EX": {
    "Type": "Job:Command",
    "SubApplication": "UPCR1",
    "Host": "CTMAG",
    "CreatedBy": "emuser",
    "Description": "CSV Export for batch",
    "RunAs": "controlm",
    "Application": "ODS",
    "Command": "/home/tws/ods_batch_home/esp.batch.scripts/gen.table2File.sh M_RPT_RI ${tws.job.name} %%\\\\ADHOC_ALLEN_VT\\END_DT_CHAR.",
    "When": {
      "WeekDays": [
        "NONE"
      ],
      "Months": [
        "NONE"
      ],
      "MonthDays": [
        "NONE"
      ],
      "DaysRelation": "OR",
      "RuleBasedCalendars": {
        "Included": [
          "Manual_order"
        ]
      }
    },
    "eventsToWaitFor": {
      "Type": "WaitForEvents",
      "Events": [
        {
          "Event": "PRLODSTWS1_1#RI_0110_PARAM-TO-PRLODSTWS1_1#RI_0110_EX_3"
        }
      ]
    },
    "eventsToAdd": {
      "Type": "AddEvents",
      "Events": [
        {
          "Event": "PRLODSTWS1_1#RI_0110_EX-TO-PRLODSTWS1_1#RI_0110_CF_3"
        }
      ]
    },
    "eventsToDelete": {
      "Type": "DeleteEvents",
      "Events": [
        {
          "Event": "PRLODSTWS1_1#RI_0110_PARAM-TO-PRLODSTWS1_1#RI_0110_EX_3"
        }
      ]
    }
  },
  "PRLODSTWS1_1#RI_0170_11G": {
    "Type": "Job:Database:StoredProcedure",
    "ConnectionProfile": "UPCR1",
    "StoredProcedure": "RI_0170_11G_SP",
    "Schema": "SQLEXT",
    "SubApplication": "UPCR1",
    "Host": "CTMAG",
    "CreatedBy": "emuser",
    "Description": "== Conversion Messages Start ==\\n\\nMessage ID\\t: WRN6031 (7523-13288)\\n\\n== Conversion Messages End ==\\nAdded by composer.",
    "RunAs": "controlm",
    "Application": "ODS",
    "When": {
      "WeekDays": [
        "NONE"
      ],
      "Months": [
        "NONE"
      ],
      "MonthDays": [
        "NONE"
      ],
      "DaysRelation": "OR",
      "RuleBasedCalendars": {
        "Included": [
          "Manual_order"
        ]
      }
    },
    "eventsToWaitFor": {
      "Type": "WaitForEvents",
      "Events": [
        {
          "Event": "PRLODSTWS1_1#SDM_RI_RPT_FEE-TO-PRLODSTWS1_1#RI_0170_11G_4"
        }
      ]
    },
    "eventsToAdd": {
      "Type": "AddEvents",
      "Events": [
        {
          "Event": "PRLODSTWS1_1#RI_0170_11G-TO-PRLODSTWS1_1#RI_0170_PARAM_3"
        }
      ]
    },
    "eventsToDelete": {
      "Type": "DeleteEvents",
      "Events": [
        {
          "Event": "PRLODSTWS1_1#SDM_RI_RPT_FEE-TO-PRLODSTWS1_1#RI_0170_11G_4"
        }
      ]
    }
  },
  "PRLODSTWS1_1#RI_0170_CF": {
    "Type": "Job:Command",
    "SubApplication": "UPCR1",
    "Host": "CTMAG",
    "CreatedBy": "emuser",
    "Description": "archiving file for batch",
    "RunAs": "controlm",
    "Application": "ODS",
    "Command": "/home/tws/ods_batch_home/esp.batch.scripts/archiving.file.sh M_RPT_RI ${tws.job.name} %%\\\\ADHOC_ALLEN_VT\\END_DT_CHAR.",
    "When": {
      "WeekDays": [
        "NONE"
      ],
      "Months": [
        "NONE"
      ],
      "MonthDays": [
        "NONE"
      ],
      "DaysRelation": "OR",
      "RuleBasedCalendars": {
        "Included": [
          "Manual_order"
        ]
      }
    },
    "eventsToWaitFor": {
      "Type": "WaitForEvents",
      "Events": [
        {
          "Event": "PRLODSTWS1_1#RI_0170_EX-TO-PRLODSTWS1_1#RI_0170_CF_3"
        }
      ]
    },
    "eventsToDelete": {
      "Type": "DeleteEvents",
      "Events": [
        {
          "Event": "PRLODSTWS1_1#RI_0170_EX-TO-PRLODSTWS1_1#RI_0170_CF_3"
        }
      ]
    }
  },
  "PRLODSTWS1_1#RI_0110_PARAM": {
    "Type": "Job:Database:StoredProcedure",
    "ConnectionProfile": "UPCR1",
    "StoredProcedure": "RI_0110_PARAM_SP",
    "Schema": "SQLEXT",
    "SubApplication": "UPCR1",
    "Host": "CTMAG",
    "CreatedBy": "emuser",
    "Description": "== Conversion Messages Start ==\\n\\nMessage ID\\t: WRN6031 (7524-13290)\\n\\n== Conversion Messages End ==\\nAdded by composer.",
    "RunAs": "controlm",
    "Application": "ODS",
    "When": {
      "WeekDays": [
        "NONE"
      ],
      "Months": [
        "NONE"
      ],
      "MonthDays": [
        "NONE"
      ],
      "DaysRelation": "OR",
      "RuleBasedCalendars": {
        "Included": [
          "Manual_order"
        ]
      }
    },
    "eventsToWaitFor": {
      "Type": "WaitForEvents",
      "Events": [
        {
          "Event": "PRLODSTWS1_1#RI_0110_11G-TO-PRLODSTWS1_1#RI_0110_PARAM_3"
        }
      ]
    },
    "eventsToAdd": {
      "Type": "AddEvents",
      "Events": [
        {
          "Event": "PRLODSTWS1_1#RI_0110_PARAM-TO-PRLODSTWS1_1#RI_0110_EX_3"
        }
      ]
    },
    "eventsToDelete": {
      "Type": "DeleteEvents",
      "Events": [
        {
          "Event": "PRLODSTWS1_1#RI_0110_11G-TO-PRLODSTWS1_1#RI_0110_PARAM_3"
        }
      ]
    }
  },
  "PRLODSTWS1_1#RI_0040_PARAM": {
    "Type": "Job:Database:StoredProcedure",
    "ConnectionProfile": "UPCR1",
    "StoredProcedure": "RI_0040_PARAM_SP",
    "Schema": "SQLEXT",
    "SubApplication": "UPCR1",
    "Host": "CTMAG",
    "CreatedBy": "emuser",
    "Description": "== Conversion Messages Start ==\\n\\nMessage ID\\t: WRN6031 (7525-13291)\\n\\n== Conversion Messages End ==\\nAdded by composer.",
    "RunAs": "controlm",
    "Application": "ODS",
    "When": {
      "WeekDays": [
        "NONE"
      ],
      "Months": [
        "NONE"
      ],
      "MonthDays": [
        "NONE"
      ],
      "DaysRelation": "OR",
      "RuleBasedCalendars": {
        "Included": [
          "Manual_order"
        ]
      }
    },
    "eventsToWaitFor": {
      "Type": "WaitForEvents",
      "Events": [
        {
          "Event": "PRLODSTWS1_1#RI_0040_11G-TO-PRLODSTWS1_1#RI_0040_PARAM_4"
        }
      ]
    },
    "eventsToAdd": {
      "Type": "AddEvents",
      "Events": [
        {
          "Event": "PRLODSTWS1_1#RI_0040_PARAM-TO-PRLODSTWS1_1#RI_0040_EX_4"
        }
      ]
    },
    "eventsToDelete": {
      "Type": "DeleteEvents",
      "Events": [
        {
          "Event": "PRLODSTWS1_1#RI_0040_11G-TO-PRLODSTWS1_1#RI_0040_PARAM_4"
        }
      ]
    }
  },
  "PRLODSTWS1_1#RI_0030_PARAM": {
    "Type": "Job:Database:StoredProcedure",
    "ConnectionProfile": "UPCR1",
    "StoredProcedure": "RI_0030_PARAM_SP",
    "Schema": "SQLEXT",
    "SubApplication": "UPCR1",
    "Host": "CTMAG",
    "CreatedBy": "emuser",
    "Description": "== Conversion Messages Start ==\\n\\nMessage ID\\t: WRN6031 (7526-13292)\\n\\n== Conversion Messages End ==\\nAdded by composer.",
    "RunAs": "controlm",
    "Application": "ODS",
    "When": {
      "WeekDays": [
        "NONE"
      ],
      "Months": [
        "NONE"
      ],
      "MonthDays": [
        "NONE"
      ],
      "DaysRelation": "OR",
      "RuleBasedCalendars": {
        "Included": [
          "Manual_order"
        ]
      }
    },
    "eventsToWaitFor": {
      "Type": "WaitForEvents",
      "Events": [
        {
          "Event": "PRLODSTWS1_1#RI_0030_11G-TO-PRLODSTWS1_1#RI_0030_PARAM_5"
        }
      ]
    },
    "eventsToAdd": {
      "Type": "AddEvents",
      "Events": [
        {
          "Event": "PRLODSTWS1_1#RI_0030_PARAM-TO-PRLODSTWS1_1#RI_0030_EX_5"
        }
      ]
    },
    "eventsToDelete": {
      "Type": "DeleteEvents",
      "Events": [
        {
          "Event": "PRLODSTWS1_1#RI_0030_11G-TO-PRLODSTWS1_1#RI_0030_PARAM_5"
        }
      ]
    }
  },
  "PRLODSTWS1_1#RI_0080_CF": {
    "Type": "Job:Command",
    "SubApplication": "UPCR1",
    "Host": "CTMAG",
    "CreatedBy": "emuser",
    "Description": "archiving file for batch",
    "RunAs": "controlm",
    "Application": "ODS",
    "Command": "/home/tws/ods_batch_home/esp.batch.scripts/archiving.file.sh M_RPT_RI ${tws.job.name} %%\\\\ADHOC_ALLEN_VT\\END_DT_CHAR.",
    "When": {
      "WeekDays": [
        "NONE"
      ],
      "Months": [
        "NONE"
      ],
      "MonthDays": [
        "NONE"
      ],
      "DaysRelation": "OR",
      "RuleBasedCalendars": {
        "Included": [
          "Manual_order"
        ]
      }
    },
    "eventsToWaitFor": {
      "Type": "WaitForEvents",
      "Events": [
        {
          "Event": "PRLODSTWS1_1#RI_0080_EX-TO-PRLODSTWS1_1#RI_0080_CF_6"
        }
      ]
    },
    "eventsToDelete": {
      "Type": "DeleteEvents",
      "Events": [
        {
          "Event": "PRLODSTWS1_1#RI_0080_EX-TO-PRLODSTWS1_1#RI_0080_CF_6"
        }
      ]
    }
  },
  "PRLODSTWS1_1#RI_0020_11G": {
    "Type": "Job:Database:StoredProcedure",
    "ConnectionProfile": "UPCR1",
    "StoredProcedure": "RI_0020_11G_SP",
    "Schema": "SQLEXT",
    "SubApplication": "UPCR1",
    "Host": "CTMAG",
    "CreatedBy": "emuser",
    "Description": "== Conversion Messages Start ==\\n\\nMessage ID\\t: WRN6031 (7527-13294)\\n\\n== Conversion Messages End ==\\nAdded by composer.",
    "RunAs": "controlm",
    "Application": "ODS",
    "When": {
      "WeekDays": [
        "NONE"
      ],
      "Months": [
        "NONE"
      ],
      "MonthDays": [
        "NONE"
      ],
      "DaysRelation": "OR",
      "RuleBasedCalendars": {
        "Included": [
          "Manual_order"
        ]
      }
    },
    "eventsToWaitFor": {
      "Type": "WaitForEvents",
      "Events": [
        {
          "Event": "PRLODSTWS1_1#SDM_RI_RPT_FEE-TO-PRLODSTWS1_1#RI_0020_11G_2"
        }
      ]
    },
    "eventsToAdd": {
      "Type": "AddEvents",
      "Events": [
        {
          "Event": "PRLODSTWS1_1#RI_0020_11G-TO-PRLODSTWS1_1#RI_0020_PARAM_4"
        }
      ]
    },
    "eventsToDelete": {
      "Type": "DeleteEvents",
      "Events": [
        {
          "Event": "PRLODSTWS1_1#SDM_RI_RPT_FEE-TO-PRLODSTWS1_1#RI_0020_11G_2"
        }
      ]
    }
  },
  "PRLODSTWS1_1#RI_0040_EX": {
    "Type": "Job:Command",
    "SubApplication": "UPCR1",
    "Host": "CTMAG",
    "CreatedBy": "emuser",
    "Description": "CSV Export for batch",
    "RunAs": "controlm",
    "Application": "ODS",
    "Command": "/home/tws/ods_batch_home/esp.batch.scripts/gen.table2File.sh M_RPT_RI ${tws.job.name} %%\\\\ADHOC_ALLEN_VT\\END_DT_CHAR.",
    "When": {
      "WeekDays": [
        "NONE"
      ],
      "Months": [
        "NONE"
      ],
      "MonthDays": [
        "NONE"
      ],
      "DaysRelation": "OR",
      "RuleBasedCalendars": {
        "Included": [
          "Manual_order"
        ]
      }
    },
    "eventsToWaitFor": {
      "Type": "WaitForEvents",
      "Events": [
        {
          "Event": "PRLODSTWS1_1#RI_0040_PARAM-TO-PRLODSTWS1_1#RI_0040_EX_4"
        }
      ]
    },
    "eventsToAdd": {
      "Type": "AddEvents",
      "Events": [
        {
          "Event": "PRLODSTWS1_1#RI_0040_EX-TO-PRLODSTWS1_1#RI_0040_CF_4"
        }
      ]
    },
    "eventsToDelete": {
      "Type": "DeleteEvents",
      "Events": [
        {
          "Event": "PRLODSTWS1_1#RI_0040_PARAM-TO-PRLODSTWS1_1#RI_0040_EX_4"
        }
      ]
    }
  },
  "PRLODSTWS1_1#RI_0030_CF": {
    "Type": "Job:Command",
    "SubApplication": "UPCR1",
    "Host": "CTMAG",
    "CreatedBy": "emuser",
    "Description": "archiving file for batch",
    "RunAs": "controlm",
    "Application": "ODS",
    "Command": "/home/tws/ods_batch_home/esp.batch.scripts/archiving.file.sh M_RPT_RI ${tws.job.name} %%\\\\ADHOC_ALLEN_VT\\END_DT_CHAR.",
    "When": {
      "WeekDays": [
        "NONE"
      ],
      "Months": [
        "NONE"
      ],
      "MonthDays": [
        "NONE"
      ],
      "DaysRelation": "OR",
      "RuleBasedCalendars": {
        "Included": [
          "Manual_order"
        ]
      }
    },
    "eventsToWaitFor": {
      "Type": "WaitForEvents",
      "Events": [
        {
          "Event": "PRLODSTWS1_1#RI_0030_EX-TO-PRLODSTWS1_1#RI_0030_CF_5"
        }
      ]
    },
    "eventsToDelete": {
      "Type": "DeleteEvents",
      "Events": [
        {
          "Event": "PRLODSTWS1_1#RI_0030_EX-TO-PRLODSTWS1_1#RI_0030_CF_5"
        }
      ]
    }
  },
  "PRLODSTWS1_1#RI_0110_CF": {
    "Type": "Job:Command",
    "SubApplication": "UPCR1",
    "Host": "CTMAG",
    "CreatedBy": "emuser",
    "Description": "archiving file for batch",
    "RunAs": "controlm",
    "Application": "ODS",
    "Command": "/home/tws/ods_batch_home/esp.batch.scripts/archiving.file.sh M_RPT_RI ${tws.job.name} %%\\\\ADHOC_ALLEN_VT\\END_DT_CHAR.",
    "When": {
      "WeekDays": [
        "NONE"
      ],
      "Months": [
        "NONE"
      ],
      "MonthDays": [
        "NONE"
      ],
      "DaysRelation": "OR",
      "RuleBasedCalendars": {
        "Included": [
          "Manual_order"
        ]
      }
    },
    "eventsToWaitFor": {
      "Type": "WaitForEvents",
      "Events": [
        {
          "Event": "PRLODSTWS1_1#RI_0110_EX-TO-PRLODSTWS1_1#RI_0110_CF_3"
        }
      ]
    },
    "eventsToDelete": {
      "Type": "DeleteEvents",
      "Events": [
        {
          "Event": "PRLODSTWS1_1#RI_0110_EX-TO-PRLODSTWS1_1#RI_0110_CF_3"
        }
      ]
    }
  },
  "PRLODSTWS1_1#RI_0150_11G": {
    "Type": "Job:Database:StoredProcedure",
    "ConnectionProfile": "UPCR1",
    "StoredProcedure": "RI_0150_11G_SP",
    "Schema": "SQLEXT",
    "SubApplication": "UPCR1",
    "Host": "CTMAG",
    "CreatedBy": "emuser",
    "Description": "== Conversion Messages Start ==\\n\\nMessage ID\\t: WRN6031 (7528-13298)\\n\\n== Conversion Messages End ==\\nAdded by composer.",
    "RunAs": "controlm",
    "Application": "ODS",
    "When": {
      "WeekDays": [
        "NONE"
      ],
      "Months": [
        "NONE"
      ],
      "MonthDays": [
        "NONE"
      ],
      "DaysRelation": "OR",
      "RuleBasedCalendars": {
        "Included": [
          "Manual_order"
        ]
      }
    },
    "eventsToWaitFor": {
      "Type": "WaitForEvents",
      "Events": [
        {
          "Event": "PRLODSTWS1_1#SDM_RI_RPT_FEE-TO-PRLODSTWS1_1#RI_0150_11G_2"
        }
      ]
    },
    "eventsToAdd": {
      "Type": "AddEvents",
      "Events": [
        {
          "Event": "PRLODSTWS1_1#RI_0150_11G-TO-PRLODSTWS1_1#RI_0150_PARAM_3"
        }
      ]
    },
    "eventsToDelete": {
      "Type": "DeleteEvents",
      "Events": [
        {
          "Event": "PRLODSTWS1_1#SDM_RI_RPT_FEE-TO-PRLODSTWS1_1#RI_0150_11G_2"
        }
      ]
    }
  },
  "PRLODSTWS1_1#RI_0170_EX": {
    "Type": "Job:Command",
    "SubApplication": "UPCR1",
    "Host": "CTMAG",
    "CreatedBy": "emuser",
    "Description": "CSV Export for batch",
    "RunAs": "controlm",
    "Application": "ODS",
    "Command": "/home/tws/ods_batch_home/esp.batch.scripts/gen.table2File.sh M_RPT_RI ${tws.job.name} %%\\\\ADHOC_ALLEN_VT\\END_DT_CHAR.",
    "When": {
      "WeekDays": [
        "NONE"
      ],
      "Months": [
        "NONE"
      ],
      "MonthDays": [
        "NONE"
      ],
      "DaysRelation": "OR",
      "RuleBasedCalendars": {
        "Included": [
          "Manual_order"
        ]
      }
    },
    "eventsToWaitFor": {
      "Type": "WaitForEvents",
      "Events": [
        {
          "Event": "PRLODSTWS1_1#RI_0170_PARAM-TO-PRLODSTWS1_1#RI_0170_EX_3"
        }
      ]
    },
    "eventsToAdd": {
      "Type": "AddEvents",
      "Events": [
        {
          "Event": "PRLODSTWS1_1#RI_0170_EX-TO-PRLODSTWS1_1#RI_0170_CF_3"
        }
      ]
    },
    "eventsToDelete": {
      "Type": "DeleteEvents",
      "Events": [
        {
          "Event": "PRLODSTWS1_1#RI_0170_PARAM-TO-PRLODSTWS1_1#RI_0170_EX_3"
        }
      ]
    }
  },
  "PRLODSTWS1_1#RI_0040_11G": {
    "Type": "Job:Database:StoredProcedure",
    "ConnectionProfile": "UPCR1",
    "StoredProcedure": "RI_0040_11G_SP",
    "Schema": "SQLEXT",
    "SubApplication": "UPCR1",
    "Host": "CTMAG",
    "CreatedBy": "emuser",
    "Description": "== Conversion Messages Start ==\\n\\nMessage ID\\t: WRN6031 (7529-13300)\\n\\n== Conversion Messages End ==\\nAdded by composer.",
    "RunAs": "controlm",
    "Application": "ODS",
    "When": {
      "WeekDays": [
        "NONE"
      ],
      "Months": [
        "NONE"
      ],
      "MonthDays": [
        "NONE"
      ],
      "DaysRelation": "OR",
      "RuleBasedCalendars": {
        "Included": [
          "Manual_order"
        ]
      }
    },
    "eventsToWaitFor": {
      "Type": "WaitForEvents",
      "Events": [
        {
          "Event": "PRLODSTWS1_1#SDM_RI_RPT_FEE-TO-PRLODSTWS1_1#RI_0040_11G_2"
        }
      ]
    },
    "eventsToAdd": {
      "Type": "AddEvents",
      "Events": [
        {
          "Event": "PRLODSTWS1_1#RI_0040_11G-TO-PRLODSTWS1_1#RI_0040_PARAM_4"
        }
      ]
    },
    "eventsToDelete": {
      "Type": "DeleteEvents",
      "Events": [
        {
          "Event": "PRLODSTWS1_1#SDM_RI_RPT_FEE-TO-PRLODSTWS1_1#RI_0040_11G_2"
        }
      ]
    }
  },
  "PRLODSTWS1_1#RI_0080_EX": {
    "Type": "Job:Command",
    "SubApplication": "UPCR1",
    "Host": "CTMAG",
    "CreatedBy": "emuser",
    "Description": "CSV Export for batch",
    "RunAs": "controlm",
    "Application": "ODS",
    "Command": "/home/tws/ods_batch_home/esp.batch.scripts/gen.table2File.sh M_RPT_RI ${tws.job.name} %%\\\\ADHOC_ALLEN_VT\\END_DT_CHAR.",
    "When": {
      "WeekDays": [
        "NONE"
      ],
      "Months": [
        "NONE"
      ],
      "MonthDays": [
        "NONE"
      ],
      "DaysRelation": "OR",
      "RuleBasedCalendars": {
        "Included": [
          "Manual_order"
        ]
      }
    },
    "eventsToWaitFor": {
      "Type": "WaitForEvents",
      "Events": [
        {
          "Event": "PRLODSTWS1_1#RI_0080_PARAM-TO-PRLODSTWS1_1#RI_0080_EX_6"
        }
      ]
    },
    "eventsToAdd": {
      "Type": "AddEvents",
      "Events": [
        {
          "Event": "PRLODSTWS1_1#RI_0080_EX-TO-PRLODSTWS1_1#RI_0080_CF_6"
        }
      ]
    },
    "eventsToDelete": {
      "Type": "DeleteEvents",
      "Events": [
        {
          "Event": "PRLODSTWS1_1#RI_0080_PARAM-TO-PRLODSTWS1_1#RI_0080_EX_6"
        }
      ]
    }
  },
  "PRLODSTWS1_1#O_RI_RPT_FEE": {
    "Type": "Job:Database:StoredProcedure",
    "ConnectionProfile": "UPCR1",
    "StoredProcedure": "O_RI_RPT_FEE_SP",
    "Schema": "SQLEXT",
    "SubApplication": "UPCR1",
    "Host": "CTMAG",
    "CreatedBy": "emuser",
    "Description": "== Conversion Messages Start ==\\n\\nMessage ID\\t: WRN6031 (7530-13302)\\n\\n== Conversion Messages End ==\\nAdded by composer.",
    "RunAs": "controlm",
    "Application": "ODS",
    "When": {
      "WeekDays": [
        "NONE"
      ],
      "Months": [
        "NONE"
      ],
      "MonthDays": [
        "NONE"
      ],
      "DaysRelation": "OR",
      "RuleBasedCalendars": {
        "Included": [
          "Manual_order"
        ]
      }
    },
    "eventsToAdd": {
      "Type": "AddEvents",
      "Events": [
        {
          "Event": "PRLODSTWS1_1#O_RI_RPT_FEE-TO-PRLODSTWS1_1#SDM_RI_RPT_FEE_12"
        }
      ]
    }
  },
  "PRLODSTWS1_1#SDM_RI_RPT_FEE": {
    "Type": "Job:Database:StoredProcedure",
    "ConnectionProfile": "UPCR1",
    "StoredProcedure": "SDM_RI_RPT_FEE_SP",
    "Schema": "SQLEXT",
    "SubApplication": "UPCR1",
    "Host": "CTMAG",
    "CreatedBy": "emuser",
    "Description": "== Conversion Messages Start ==\\n\\nMessage ID\\t: WRN6031 (7531-13303)\\n\\n== Conversion Messages End ==\\nAdded by composer.",
    "RunAs": "controlm",
    "Application": "ODS",
    "When": {
      "WeekDays": [
        "NONE"
      ],
      "Months": [
        "NONE"
      ],
      "MonthDays": [
        "NONE"
      ],
      "DaysRelation": "OR",
      "RuleBasedCalendars": {
        "Included": [
          "Manual_order"
        ]
      }
    },
    "eventsToWaitFor": {
      "Type": "WaitForEvents",
      "Events": [
        {
          "Event": "PRLODSTWS1_1#O_RI_RPT_FEE-TO-PRLODSTWS1_1#SDM_RI_RPT_FEE_12"
        }
      ]
    },
    "eventsToAdd": {
      "Type": "AddEvents",
      "Events": [
        {
          "Event": "PRLODSTWS1_1#SDM_RI_RPT_FEE-TO-PRLODSTWS1_1#RI_0020_11G_2"
        },
        {
          "Event": "PRLODSTWS1_1#SDM_RI_RPT_FEE-TO-PRLODSTWS1_1#RI_0030_11G_3"
        },
        {
          "Event": "PRLODSTWS1_1#SDM_RI_RPT_FEE-TO-PRLODSTWS1_1#RI_0040_11G_2"
        },
        {
          "Event": "PRLODSTWS1_1#SDM_RI_RPT_FEE-TO-PRLODSTWS1_1#RI_0080_11G_3"
        },
        {
          "Event": "PRLODSTWS1_1#SDM_RI_RPT_FEE-TO-PRLODSTWS1_1#RI_0110_11G_2"
        },
        {
          "Event": "PRLODSTWS1_1#SDM_RI_RPT_FEE-TO-PRLODSTWS1_1#RI_0150_11G_2"
        },
        {
          "Event": "PRLODSTWS1_1#SDM_RI_RPT_FEE-TO-PRLODSTWS1_1#RI_0170_11G_4"
        }
      ]
    },
    "eventsToDelete": {
      "Type": "DeleteEvents",
      "Events": [
        {
          "Event": "PRLODSTWS1_1#O_RI_RPT_FEE-TO-PRLODSTWS1_1#SDM_RI_RPT_FEE_12"
        }
      ]
    }
  },
  "PRLODSTWS1_1#RI_0030_11G": {
    "Type": "Job:Database:StoredProcedure",
    "ConnectionProfile": "UPCR1",
    "StoredProcedure": "RI_0030_11G_SP",
    "Schema": "SQLEXT",
    "SubApplication": "UPCR1",
    "Host": "CTMAG",
    "CreatedBy": "emuser",
    "Description": "== Conversion Messages Start ==\\n\\nMessage ID\\t: WRN6031 (7532-13304)\\n\\n== Conversion Messages End ==\\nAdded by composer.",
    "RunAs": "controlm",
    "Application": "ODS",
    "When": {
      "WeekDays": [
        "NONE"
      ],
      "Months": [
        "NONE"
      ],
      "MonthDays": [
        "NONE"
      ],
      "DaysRelation": "OR",
      "RuleBasedCalendars": {
        "Included": [
          "Manual_order"
        ]
      }
    },
    "eventsToWaitFor": {
      "Type": "WaitForEvents",
      "Events": [
        {
          "Event": "PRLODSTWS1_1#SDM_RI_RPT_FEE-TO-PRLODSTWS1_1#RI_0030_11G_3"
        }
      ]
    },
    "eventsToAdd": {
      "Type": "AddEvents",
      "Events": [
        {
          "Event": "PRLODSTWS1_1#RI_0030_11G-TO-PRLODSTWS1_1#RI_0030_PARAM_5"
        }
      ]
    },
    "eventsToDelete": {
      "Type": "DeleteEvents",
      "Events": [
        {
          "Event": "PRLODSTWS1_1#SDM_RI_RPT_FEE-TO-PRLODSTWS1_1#RI_0030_11G_3"
        }
      ]
    }
  },
  "PRLODSTWS1_1#RI_0020_CF": {
    "Type": "Job:Command",
    "SubApplication": "UPCR1",
    "Host": "CTMAG",
    "CreatedBy": "emuser",
    "Description": "archiving file for batch",
    "RunAs": "controlm",
    "Application": "ODS",
    "Command": "/home/tws/ods_batch_home/esp.batch.scripts/archiving.file.sh M_RPT_RI ${tws.job.name} %%\\\\ADHOC_ALLEN_VT\\END_DT_CHAR.",
    "When": {
      "WeekDays": [
        "NONE"
      ],
      "Months": [
        "NONE"
      ],
      "MonthDays": [
        "NONE"
      ],
      "DaysRelation": "OR",
      "RuleBasedCalendars": {
        "Included": [
          "Manual_order"
        ]
      }
    },
    "eventsToWaitFor": {
      "Type": "WaitForEvents",
      "Events": [
        {
          "Event": "PRLODSTWS1_1#RI_0020_EX-TO-PRLODSTWS1_1#RI_0020_CF_4"
        }
      ]
    },
    "eventsToDelete": {
      "Type": "DeleteEvents",
      "Events": [
        {
          "Event": "PRLODSTWS1_1#RI_0020_EX-TO-PRLODSTWS1_1#RI_0020_CF_4"
        }
      ]
    }
  },
  "PRLODSTWS1_1#RI_0150_CF": {
    "Type": "Job:Command",
    "SubApplication": "UPCR1",
    "Host": "CTMAG",
    "CreatedBy": "emuser",
    "Description": "archiving file for batch",
    "RunAs": "controlm",
    "Application": "ODS",
    "Command": "/home/tws/ods_batch_home/esp.batch.scripts/archiving.file.sh M_RPT_RI ${tws.job.name} %%\\\\ADHOC_ALLEN_VT\\END_DT_CHAR.",
    "When": {
      "WeekDays": [
        "NONE"
      ],
      "Months": [
        "NONE"
      ],
      "MonthDays": [
        "NONE"
      ],
      "DaysRelation": "OR",
      "RuleBasedCalendars": {
        "Included": [
          "Manual_order"
        ]
      }
    },
    "eventsToWaitFor": {
      "Type": "WaitForEvents",
      "Events": [
        {
          "Event": "PRLODSTWS1_1#RI_0150_EX-TO-PRLODSTWS1_1#RI_0150_CF_3"
        }
      ]
    },
    "eventsToDelete": {
      "Type": "DeleteEvents",
      "Events": [
        {
          "Event": "PRLODSTWS1_1#RI_0150_EX-TO-PRLODSTWS1_1#RI_0150_CF_3"
        }
      ]
    }
  }
  }
}
