{
  "PRLODSTWS1_1#D_SQLEXT_FDW_FDW": {
  "Type":  "Folder",
  "ControlmServer": "CTM",
  "Description": "== Conversion Messages Start ==\\n\\nMessage ID\\t: INF6107 (4118-7295)\\n\\nMessage ID\\t: INF6104 (4119-7295)\\n\\n== Conversion Messages End ==\\n",
  "OrderMethod": "Manual",
  "SubApplication": "UPCR1",
  "CreatedBy": "emuser",
  "Application": "ODS",
  "When": {
    "RuleBasedCalendars": {
      "Included": [
        "RC1"
      ],
      "RC1": {
        "Type": "Calendar:RuleBased",
        "When": {
          "MonthDaysCalendar": "RCG-D-NAT",
          "DaysRelation": "OR",
          "DaysKeepActive": "01",
          "WeekDays": [
            "NONE"
          ],
          "MonthDays": [
            "NONE"
          ]
        }
      }
    }
  },
  "PRLODSTWS1_1#BDS_STS_FDW_03G": {
    "Type": "Job:Database:StoredProcedure",
    "ConnectionProfile": "UPCR1",
    "StoredProcedure": "BDS_STS_FDW_03G_SP",
    "Schema": "SQLEXT",
    "DaysKeepActive": "1",
    "SubApplication": "UPCR1",
    "Host": "CTMAG",
    "CreatedBy": "emuser",
    "Description": "== Conversion Messages Start ==\\n\\nMessage ID\\t: WRN6031 (4113-7296)\\n\\n== Conversion Messages End ==\\nAdded by composer.",
    "RunAs": "controlm",
    "Application": "ODS",
    "When": {
      "WeekDays": [
        "NONE"
      ],
      "Months": [
        "NONE"
      ],
      "MonthDays": [
        "NONE"
      ],
      "DaysRelation": "OR",
      "RuleBasedCalendars": {
        "Included": [
          "RC1"
        ]
      }
    },
    "eventsToWaitFor": {
      "Type": "WaitForEvents",
      "Events": [
        {
          "Event": "PRLODSTWS1_1#D_FDW_FEB-TO-PRLODSTWS1_1#BDS_STS_FDW_03G"
        },
        {
          "Event": "PRLODSTWS1_1#D_FDW_FEPRO-TO-PRLODSTWS1_1#BDS_STS_FDW_03G"
        },
        {
          "Event": "PRLODSTWS1_1#D_FDW_FS-TO-PRLODSTWS1_1#BDS_STS_FDW_03G"
        },
        {
          "Event": "PRLODSTWS1_1#D_FDW_GIB-TO-PRLODSTWS1_1#BDS_STS_FDW_03G"
        },
        {
          "Event": "PRLODSTWS1_1#D_FDW_HNCBIA-TO-PRLODSTWS1_1#BDS_STS_FDW_03G"
        },
        {
          "Event": "PRLODSTWS1_1#D_FDW_HOTAI-TO-PRLODSTWS1_1#BDS_STS_FDW_03G"
        },
        {
          "Event": "PRLODSTWS1_1#D_FDW_HWAT-TO-PRLODSTWS1_1#BDS_STS_FDW_03G"
        },
        {
          "Event": "PRLODSTWS1_1#D_FDW_JIHS-TO-PRLODSTWS1_1#BDS_STS_FDW_03G"
        },
        {
          "Event": "PRLODSTWS1_1#D_FDW_KB7-TO-PRLODSTWS1_1#BDS_STS_FDW_03G"
        },
        {
          "Event": "PRLODSTWS1_1#D_FDW_KB9-TO-PRLODSTWS1_1#BDS_STS_FDW_03G"
        },
        {
          "Event": "PRLODSTWS1_1#D_FDW_KGI-TO-PRLODSTWS1_1#BDS_STS_FDW_03G"
        },
        {
          "Event": "PRLODSTWS1_1#D_FDW_KGIW-TO-PRLODSTWS1_1#BDS_STS_FDW_03G"
        },
        {
          "Event": "PRLODSTWS1_1#D_FDW_KTB-TO-PRLODSTWS1_1#BDS_STS_FDW_03G"
        },
        {
          "Event": "PRLODSTWS1_1#D_FDW_LAW-TO-PRLODSTWS1_1#BDS_STS_FDW_03G"
        },
        {
          "Event": "PRLODSTWS1_1#D_FDW_LAW_CLM-TO-PRLODSTWS1_1#BDS_STS_FDW_03G"
        },
        {
          "Event": "PRLODSTWS1_1#D_FDW_LAW_NOTE-TO-PRLODSTWS1_1#BDS_STS_FDW_03G"
        },
        {
          "Event": "PRLODSTWS1_1#D_FDW_LEIS-TO-PRLODSTWS1_1#BDS_STS_FDW_03G"
        },
        {
          "Event": "PRLODSTWS1_1#D_FDW_MEGA-TO-PRLODSTWS1_1#BDS_STS_FDW_03G"
        },
        {
          "Event": "PRLODSTWS1_1#D_FDW_OPEN_CASE-TO-PRLODSTWS1_1#BDS_STS_FDW_03G"
        },
        {
          "Event": "PRLODSTWS1_1#D_FDW_PANH-TO-PRLODSTWS1_1#BDS_STS_FDW_03G"
        },
        {
          "Event": "PRLODSTWS1_1#D_FDW_PROK-TO-PRLODSTWS1_1#BDS_STS_FDW_03G"
        }
      ]
    },
    "eventsToAdd": {
      "Type": "AddEvents",
      "Events": [
        {
          "Event": "PRLODSTWS1_1#BDS_STS_FDW_03G-TO-PRLODSTWS1_1#SYS_BDS_STS_FDW"
        }
      ]
    },
    "eventsToDelete": {
      "Type": "DeleteEvents",
      "Events": [
        {
          "Event": "PRLODSTWS1_1#D_FDW_FEB-TO-PRLODSTWS1_1#BDS_STS_FDW_03G"
        },
        {
          "Event": "PRLODSTWS1_1#D_FDW_FEPRO-TO-PRLODSTWS1_1#BDS_STS_FDW_03G"
        },
        {
          "Event": "PRLODSTWS1_1#D_FDW_FS-TO-PRLODSTWS1_1#BDS_STS_FDW_03G"
        },
        {
          "Event": "PRLODSTWS1_1#D_FDW_GIB-TO-PRLODSTWS1_1#BDS_STS_FDW_03G"
        },
        {
          "Event": "PRLODSTWS1_1#D_FDW_HNCBIA-TO-PRLODSTWS1_1#BDS_STS_FDW_03G"
        },
        {
          "Event": "PRLODSTWS1_1#D_FDW_HOTAI-TO-PRLODSTWS1_1#BDS_STS_FDW_03G"
        },
        {
          "Event": "PRLODSTWS1_1#D_FDW_HWAT-TO-PRLODSTWS1_1#BDS_STS_FDW_03G"
        },
        {
          "Event": "PRLODSTWS1_1#D_FDW_JIHS-TO-PRLODSTWS1_1#BDS_STS_FDW_03G"
        },
        {
          "Event": "PRLODSTWS1_1#D_FDW_KB7-TO-PRLODSTWS1_1#BDS_STS_FDW_03G"
        },
        {
          "Event": "PRLODSTWS1_1#D_FDW_KB9-TO-PRLODSTWS1_1#BDS_STS_FDW_03G"
        },
        {
          "Event": "PRLODSTWS1_1#D_FDW_KGI-TO-PRLODSTWS1_1#BDS_STS_FDW_03G"
        },
        {
          "Event": "PRLODSTWS1_1#D_FDW_KGIW-TO-PRLODSTWS1_1#BDS_STS_FDW_03G"
        },
        {
          "Event": "PRLODSTWS1_1#D_FDW_KTB-TO-PRLODSTWS1_1#BDS_STS_FDW_03G"
        },
        {
          "Event": "PRLODSTWS1_1#D_FDW_LAW-TO-PRLODSTWS1_1#BDS_STS_FDW_03G"
        },
        {
          "Event": "PRLODSTWS1_1#D_FDW_LAW_CLM-TO-PRLODSTWS1_1#BDS_STS_FDW_03G"
        },
        {
          "Event": "PRLODSTWS1_1#D_FDW_LAW_NOTE-TO-PRLODSTWS1_1#BDS_STS_FDW_03G"
        },
        {
          "Event": "PRLODSTWS1_1#D_FDW_LEIS-TO-PRLODSTWS1_1#BDS_STS_FDW_03G"
        },
        {
          "Event": "PRLODSTWS1_1#D_FDW_MEGA-TO-PRLODSTWS1_1#BDS_STS_FDW_03G"
        },
        {
          "Event": "PRLODSTWS1_1#D_FDW_OPEN_CASE-TO-PRLODSTWS1_1#BDS_STS_FDW_03G"
        },
        {
          "Event": "PRLODSTWS1_1#D_FDW_PANH-TO-PRLODSTWS1_1#BDS_STS_FDW_03G"
        },
        {
          "Event": "PRLODSTWS1_1#D_FDW_PROK-TO-PRLODSTWS1_1#BDS_STS_FDW_03G"
        }
      ]
    }
  },
  "PRLODSTWS1_1#BDS_STS_FDW_04G": {
    "Type": "Job:Database:StoredProcedure",
    "ConnectionProfile": "UPCR1",
    "StoredProcedure": "BDS_STS_FDW_04G_SP",
    "Schema": "SQLEXT",
    "DaysKeepActive": "1",
    "SubApplication": "UPCR1",
    "Host": "CTMAG",
    "CreatedBy": "emuser",
    "Description": "== Conversion Messages Start ==\\n\\nMessage ID\\t: WRN6031 (4114-7297)\\n\\n== Conversion Messages End ==\\nAdded by composer.",
    "RunAs": "controlm",
    "Application": "ODS",
    "When": {
      "WeekDays": [
        "NONE"
      ],
      "Months": [
        "NONE"
      ],
      "MonthDays": [
        "NONE"
      ],
      "DaysRelation": "OR",
      "RuleBasedCalendars": {
        "Included": [
          "RC1"
        ]
      }
    },
    "eventsToWaitFor": {
      "Type": "WaitForEvents",
      "Events": [
        {
          "Event": "PRLODSTWS1_1#D_FDW_ROCKS-TO-PRLODSTWS1_1#BDS_STS_FDW_04G"
        },
        {
          "Event": "PRLODSTWS1_1#D_FDW_SCSB-TO-PRLODSTWS1_1#BDS_STS_FDW_04G"
        },
        {
          "Event": "PRLODSTWS1_1#D_FDW_SHTAI-TO-PRLODSTWS1_1#BDS_STS_FDW_04G"
        },
        {
          "Event": "PRLODSTWS1_1#D_FDW_SHTAI_BID-TO-PRLODSTWS1_1#BDS_STS_FDW_04G"
        },
        {
          "Event": "PRLODSTWS1_1#D_FDW_SIC-TO-PRLODSTWS1_1#BDS_STS_FDW_04G"
        },
        {
          "Event": "PRLODSTWS1_1#D_FDW_SINO-TO-PRLODSTWS1_1#BDS_STS_FDW_04G"
        },
        {
          "Event": "PRLODSTWS1_1#D_FDW_SK-TO-PRLODSTWS1_1#BDS_STS_FDW_04G"
        },
        {
          "Event": "PRLODSTWS1_1#D_FDW_SKFH-TO-PRLODSTWS1_1#BDS_STS_FDW_04G"
        },
        {
          "Event": "PRLODSTWS1_1#D_FDW_SPA_AUM-TO-PRLODSTWS1_1#BDS_STS_FDW_04G"
        },
        {
          "Event": "PRLODSTWS1_1#D_FDW_STCH-TO-PRLODSTWS1_1#BDS_STS_FDW_04G"
        },
        {
          "Event": "PRLODSTWS1_1#D_FDW_STIB-TO-PRLODSTWS1_1#BDS_STS_FDW_04G"
        },
        {
          "Event": "PRLODSTWS1_1#D_FDW_SUNNY-TO-PRLODSTWS1_1#BDS_STS_FDW_04G"
        },
        {
          "Event": "PRLODSTWS1_1#D_FDW_SUP-TO-PRLODSTWS1_1#BDS_STS_FDW_04G"
        },
        {
          "Event": "PRLODSTWS1_1#D_FDW_TABC-TO-PRLODSTWS1_1#BDS_STS_FDW_04G"
        },
        {
          "Event": "PRLODSTWS1_1#D_FDW_TBB-TO-PRLODSTWS1_1#BDS_STS_FDW_04G"
        },
        {
          "Event": "PRLODSTWS1_1#D_FDW_TBB_NOTE-TO-PRLODSTWS1_1#BDS_STS_FDW_04G"
        },
        {
          "Event": "PRLODSTWS1_1#D_FDW_TCB-TO-PRLODSTWS1_1#BDS_STS_FDW_04G"
        },
        {
          "Event": "PRLODSTWS1_1#D_FDW_TCBA-TO-PRLODSTWS1_1#BDS_STS_FDW_04G"
        },
        {
          "Event": "PRLODSTWS1_1#D_FDW_TCBB-TO-PRLODSTWS1_1#BDS_STS_FDW_04G"
        },
        {
          "Event": "PRLODSTWS1_1#D_FDW_TSA-TO-PRLODSTWS1_1#BDS_STS_FDW_04G"
        },
        {
          "Event": "PRLODSTWS1_1#D_FDW_TSH-TO-PRLODSTWS1_1#BDS_STS_FDW_04G"
        },
        {
          "Event": "PRLODSTWS1_1#D_FDW_TSH_TSA-TO-PRLODSTWS1_1#BDS_STS_FDW_04G"
        },
        {
          "Event": "PRLODSTWS1_1#D_FDW_UB-TO-PRLODSTWS1_1#BDS_STS_FDW_04G"
        },
        {
          "Event": "PRLODSTWS1_1#D_FDW_UIBC-TO-PRLODSTWS1_1#BDS_STS_FDW_04G"
        }
      ]
    },
    "eventsToDelete": {
      "Type": "DeleteEvents",
      "Events": [
        {
          "Event": "PRLODSTWS1_1#D_FDW_ROCKS-TO-PRLODSTWS1_1#BDS_STS_FDW_04G"
        },
        {
          "Event": "PRLODSTWS1_1#D_FDW_SCSB-TO-PRLODSTWS1_1#BDS_STS_FDW_04G"
        },
        {
          "Event": "PRLODSTWS1_1#D_FDW_SHTAI-TO-PRLODSTWS1_1#BDS_STS_FDW_04G"
        },
        {
          "Event": "PRLODSTWS1_1#D_FDW_SHTAI_BID-TO-PRLODSTWS1_1#BDS_STS_FDW_04G"
        },
        {
          "Event": "PRLODSTWS1_1#D_FDW_SIC-TO-PRLODSTWS1_1#BDS_STS_FDW_04G"
        },
        {
          "Event": "PRLODSTWS1_1#D_FDW_SINO-TO-PRLODSTWS1_1#BDS_STS_FDW_04G"
        },
        {
          "Event": "PRLODSTWS1_1#D_FDW_SK-TO-PRLODSTWS1_1#BDS_STS_FDW_04G"
        },
        {
          "Event": "PRLODSTWS1_1#D_FDW_SKFH-TO-PRLODSTWS1_1#BDS_STS_FDW_04G"
        },
        {
          "Event": "PRLODSTWS1_1#D_FDW_SPA_AUM-TO-PRLODSTWS1_1#BDS_STS_FDW_04G"
        },
        {
          "Event": "PRLODSTWS1_1#D_FDW_STCH-TO-PRLODSTWS1_1#BDS_STS_FDW_04G"
        },
        {
          "Event": "PRLODSTWS1_1#D_FDW_STIB-TO-PRLODSTWS1_1#BDS_STS_FDW_04G"
        },
        {
          "Event": "PRLODSTWS1_1#D_FDW_SUNNY-TO-PRLODSTWS1_1#BDS_STS_FDW_04G"
        },
        {
          "Event": "PRLODSTWS1_1#D_FDW_SUP-TO-PRLODSTWS1_1#BDS_STS_FDW_04G"
        },
        {
          "Event": "PRLODSTWS1_1#D_FDW_TABC-TO-PRLODSTWS1_1#BDS_STS_FDW_04G"
        },
        {
          "Event": "PRLODSTWS1_1#D_FDW_TBB-TO-PRLODSTWS1_1#BDS_STS_FDW_04G"
        },
        {
          "Event": "PRLODSTWS1_1#D_FDW_TBB_NOTE-TO-PRLODSTWS1_1#BDS_STS_FDW_04G"
        },
        {
          "Event": "PRLODSTWS1_1#D_FDW_TCB-TO-PRLODSTWS1_1#BDS_STS_FDW_04G"
        },
        {
          "Event": "PRLODSTWS1_1#D_FDW_TCBA-TO-PRLODSTWS1_1#BDS_STS_FDW_04G"
        },
        {
          "Event": "PRLODSTWS1_1#D_FDW_TCBB-TO-PRLODSTWS1_1#BDS_STS_FDW_04G"
        },
        {
          "Event": "PRLODSTWS1_1#D_FDW_TSA-TO-PRLODSTWS1_1#BDS_STS_FDW_04G"
        },
        {
          "Event": "PRLODSTWS1_1#D_FDW_TSH-TO-PRLODSTWS1_1#BDS_STS_FDW_04G"
        },
        {
          "Event": "PRLODSTWS1_1#D_FDW_TSH_TSA-TO-PRLODSTWS1_1#BDS_STS_FDW_04G"
        },
        {
          "Event": "PRLODSTWS1_1#D_FDW_UB-TO-PRLODSTWS1_1#BDS_STS_FDW_04G"
        },
        {
          "Event": "PRLODSTWS1_1#D_FDW_UIBC-TO-PRLODSTWS1_1#BDS_STS_FDW_04G"
        }
      ]
    }
  },
  "PRLODSTWS1_1#BDS_STS_FDW_05G": {
    "Type": "Job:Database:StoredProcedure",
    "ConnectionProfile": "UPCR1",
    "StoredProcedure": "BDS_STS_FDW_05G_SP",
    "Schema": "SQLEXT",
    "DaysKeepActive": "1",
    "SubApplication": "UPCR1",
    "Host": "CTMAG",
    "CreatedBy": "emuser",
    "Description": "== Conversion Messages Start ==\\n\\nMessage ID\\t: WRN6031 (4115-7298)\\n\\n== Conversion Messages End ==\\nAdded by composer.",
    "RunAs": "controlm",
    "Application": "ODS",
    "When": {
      "WeekDays": [
        "NONE"
      ],
      "Months": [
        "NONE"
      ],
      "MonthDays": [
        "NONE"
      ],
      "DaysRelation": "OR",
      "RuleBasedCalendars": {
        "Included": [
          "RC1"
        ]
      }
    },
    "eventsToWaitFor": {
      "Type": "WaitForEvents",
      "Events": [
        {
          "Event": "PRLODSTWS1_1#D_FDW_UNION-TO-PRLODSTWS1_1#BDS_STS_FDW_05G"
        },
        {
          "Event": "PRLODSTWS1_1#D_FDW_UPLOAD-TO-PRLODSTWS1_1#BDS_STS_FDW_05G"
        },
        {
          "Event": "PRLODSTWS1_1#D_FDW_VL-TO-PRLODSTWS1_1#BDS_STS_FDW_05G"
        },
        {
          "Event": "PRLODSTWS1_1#D_FDW_WANR-TO-PRLODSTWS1_1#BDS_STS_FDW_05G"
        },
        {
          "Event": "PRLODSTWS1_1#D_FDW_WTY-TO-PRLODSTWS1_1#BDS_STS_FDW_05G"
        },
        {
          "Event": "PRLODSTWS1_1#D_FDW_YUAN-TO-PRLODSTWS1_1#BDS_STS_FDW_05G"
        },
        {
          "Event": "PRLODSTWS1_1#D_FDW_YUNG-TO-PRLODSTWS1_1#BDS_STS_FDW_05G"
        },
        {
          "Event": "PRLODSTWS1_1#I_FDW_BATCH-TO-PRLODSTWS1_1#BDS_STS_FDW_05G"
        },
        {
          "Event": "PRLODSTWS1_1#I_FDW_BRPT-TO-PRLODSTWS1_1#BDS_STS_FDW_05G"
        },
        {
          "Event": "PRLODSTWS1_1#I_FDW_CORE-TO-PRLODSTWS1_1#BDS_STS_FDW_05G"
        },
        {
          "Event": "PRLODSTWS1_1#I_FDW_OPEN_CASE-TO-PRLODSTWS1_1#BDS_STS_FDW_05G"
        },
        {
          "Event": "PRLODSTWS1_1#I_FDW_SUP-TO-PRLODSTWS1_1#BDS_STS_FDW_05G"
        },
        {
          "Event": "PRLODSTWS1_1#I_FDW_UNB2-TO-PRLODSTWS1_1#BDS_STS_FDW_05G"
        },
        {
          "Event": "PRLODSTWS1_1#M_FDW_BOK-TO-PRLODSTWS1_1#BDS_STS_FDW_05G"
        },
        {
          "Event": "PRLODSTWS1_1#M_FDW_BRPT-TO-PRLODSTWS1_1#BDS_STS_FDW_05G"
        },
        {
          "Event": "PRLODSTWS1_1#M_FDW_BRPT_BD3-TO-PRLODSTWS1_1#BDS_STS_FDW_05G"
        },
        {
          "Event": "PRLODSTWS1_1#M_FDW_BRPT_BUZ-TO-PRLODSTWS1_1#BDS_STS_FDW_05G"
        },
        {
          "Event": "PRLODSTWS1_1#M_FDW_CTBC-TO-PRLODSTWS1_1#BDS_STS_FDW_05G"
        },
        {
          "Event": "PRLODSTWS1_1#M_FDW_FB-TO-PRLODSTWS1_1#BDS_STS_FDW_05G"
        },
        {
          "Event": "PRLODSTWS1_1#M_FDW_FEPRO-TO-PRLODSTWS1_1#BDS_STS_FDW_05G"
        },
        {
          "Event": "PRLODSTWS1_1#M_FDW_MEGA-TO-PRLODSTWS1_1#BDS_STS_FDW_05G"
        },
        {
          "Event": "PRLODSTWS1_1#M_FDW_SCSB-TO-PRLODSTWS1_1#BDS_STS_FDW_05G"
        },
        {
          "Event": "PRLODSTWS1_1#M_FDW_SHTAI-TO-PRLODSTWS1_1#BDS_STS_FDW_05G"
        },
        {
          "Event": "PRLODSTWS1_1#M_FDW_SHTAI_UNBE-TO-PRLODSTWS1_1#BDS_STS_FDW_05G"
        },
        {
          "Event": "PRLODSTWS1_1#M_FDW_SINO-TO-PRLODSTWS1_1#BDS_STS_FDW_05G"
        },
        {
          "Event": "PRLODSTWS1_1#M_FDW_TBB-TO-PRLODSTWS1_1#BDS_STS_FDW_05G"
        },
        {
          "Event": "PRLODSTWS1_1#M_FDW_TCBA-TO-PRLODSTWS1_1#BDS_STS_FDW_05G"
        },
        {
          "Event": "PRLODSTWS1_1#M_FDW_TCBB-TO-PRLODSTWS1_1#BDS_STS_FDW_05G"
        },
        {
          "Event": "PRLODSTWS1_1#M_FDW_TSA-TO-PRLODSTWS1_1#BDS_STS_FDW_05G"
        },
        {
          "Event": "PRLODSTWS1_1#M_FDW_YUAN-TO-PRLODSTWS1_1#BDS_STS_FDW_05G"
        },
        {
          "Event": "PRLODSTWS1_1#W_FDW_BOK-TO-PRLODSTWS1_1#BDS_STS_FDW_05G"
        },
        {
          "Event": "PRLODSTWS1_1#W_FDW_BRPT_BD3-TO-PRLODSTWS1_1#BDS_STS_FDW_05G"
        },
        {
          "Event": "PRLODSTWS1_1#W_FDW_BRPT_BD4-TO-PRLODSTWS1_1#BDS_STS_FDW_05G"
        },
        {
          "Event": "PRLODSTWS1_1#W_FDW_COTA-TO-PRLODSTWS1_1#BDS_STS_FDW_05G"
        },
        {
          "Event": "PRLODSTWS1_1#W_FDW_CTBC-TO-PRLODSTWS1_1#BDS_STS_FDW_05G"
        },
        {
          "Event": "PRLODSTWS1_1#W_FDW_KGIW-TO-PRLODSTWS1_1#BDS_STS_FDW_05G"
        }
      ]
    },
    "eventsToDelete": {
      "Type": "DeleteEvents",
      "Events": [
        {
          "Event": "PRLODSTWS1_1#D_FDW_UNION-TO-PRLODSTWS1_1#BDS_STS_FDW_05G"
        },
        {
          "Event": "PRLODSTWS1_1#D_FDW_UPLOAD-TO-PRLODSTWS1_1#BDS_STS_FDW_05G"
        },
        {
          "Event": "PRLODSTWS1_1#D_FDW_VL-TO-PRLODSTWS1_1#BDS_STS_FDW_05G"
        },
        {
          "Event": "PRLODSTWS1_1#D_FDW_WANR-TO-PRLODSTWS1_1#BDS_STS_FDW_05G"
        },
        {
          "Event": "PRLODSTWS1_1#D_FDW_WTY-TO-PRLODSTWS1_1#BDS_STS_FDW_05G"
        },
        {
          "Event": "PRLODSTWS1_1#D_FDW_YUAN-TO-PRLODSTWS1_1#BDS_STS_FDW_05G"
        },
        {
          "Event": "PRLODSTWS1_1#D_FDW_YUNG-TO-PRLODSTWS1_1#BDS_STS_FDW_05G"
        },
        {
          "Event": "PRLODSTWS1_1#I_FDW_BATCH-TO-PRLODSTWS1_1#BDS_STS_FDW_05G"
        },
        {
          "Event": "PRLODSTWS1_1#I_FDW_BRPT-TO-PRLODSTWS1_1#BDS_STS_FDW_05G"
        },
        {
          "Event": "PRLODSTWS1_1#I_FDW_CORE-TO-PRLODSTWS1_1#BDS_STS_FDW_05G"
        },
        {
          "Event": "PRLODSTWS1_1#I_FDW_OPEN_CASE-TO-PRLODSTWS1_1#BDS_STS_FDW_05G"
        },
        {
          "Event": "PRLODSTWS1_1#I_FDW_SUP-TO-PRLODSTWS1_1#BDS_STS_FDW_05G"
        },
        {
          "Event": "PRLODSTWS1_1#I_FDW_UNB2-TO-PRLODSTWS1_1#BDS_STS_FDW_05G"
        },
        {
          "Event": "PRLODSTWS1_1#M_FDW_BOK-TO-PRLODSTWS1_1#BDS_STS_FDW_05G"
        },
        {
          "Event": "PRLODSTWS1_1#M_FDW_BRPT-TO-PRLODSTWS1_1#BDS_STS_FDW_05G"
        },
        {
          "Event": "PRLODSTWS1_1#M_FDW_BRPT_BD3-TO-PRLODSTWS1_1#BDS_STS_FDW_05G"
        },
        {
          "Event": "PRLODSTWS1_1#M_FDW_BRPT_BUZ-TO-PRLODSTWS1_1#BDS_STS_FDW_05G"
        },
        {
          "Event": "PRLODSTWS1_1#M_FDW_CTBC-TO-PRLODSTWS1_1#BDS_STS_FDW_05G"
        },
        {
          "Event": "PRLODSTWS1_1#M_FDW_FB-TO-PRLODSTWS1_1#BDS_STS_FDW_05G"
        },
        {
          "Event": "PRLODSTWS1_1#M_FDW_FEPRO-TO-PRLODSTWS1_1#BDS_STS_FDW_05G"
        },
        {
          "Event": "PRLODSTWS1_1#M_FDW_MEGA-TO-PRLODSTWS1_1#BDS_STS_FDW_05G"
        },
        {
          "Event": "PRLODSTWS1_1#M_FDW_SCSB-TO-PRLODSTWS1_1#BDS_STS_FDW_05G"
        },
        {
          "Event": "PRLODSTWS1_1#M_FDW_SHTAI-TO-PRLODSTWS1_1#BDS_STS_FDW_05G"
        },
        {
          "Event": "PRLODSTWS1_1#M_FDW_SHTAI_UNBE-TO-PRLODSTWS1_1#BDS_STS_FDW_05G"
        },
        {
          "Event": "PRLODSTWS1_1#M_FDW_SINO-TO-PRLODSTWS1_1#BDS_STS_FDW_05G"
        },
        {
          "Event": "PRLODSTWS1_1#M_FDW_TBB-TO-PRLODSTWS1_1#BDS_STS_FDW_05G"
        },
        {
          "Event": "PRLODSTWS1_1#M_FDW_TCBA-TO-PRLODSTWS1_1#BDS_STS_FDW_05G"
        },
        {
          "Event": "PRLODSTWS1_1#M_FDW_TCBB-TO-PRLODSTWS1_1#BDS_STS_FDW_05G"
        },
        {
          "Event": "PRLODSTWS1_1#M_FDW_TSA-TO-PRLODSTWS1_1#BDS_STS_FDW_05G"
        },
        {
          "Event": "PRLODSTWS1_1#M_FDW_YUAN-TO-PRLODSTWS1_1#BDS_STS_FDW_05G"
        },
        {
          "Event": "PRLODSTWS1_1#W_FDW_BOK-TO-PRLODSTWS1_1#BDS_STS_FDW_05G"
        },
        {
          "Event": "PRLODSTWS1_1#W_FDW_BRPT_BD3-TO-PRLODSTWS1_1#BDS_STS_FDW_05G"
        },
        {
          "Event": "PRLODSTWS1_1#W_FDW_BRPT_BD4-TO-PRLODSTWS1_1#BDS_STS_FDW_05G"
        },
        {
          "Event": "PRLODSTWS1_1#W_FDW_COTA-TO-PRLODSTWS1_1#BDS_STS_FDW_05G"
        },
        {
          "Event": "PRLODSTWS1_1#W_FDW_CTBC-TO-PRLODSTWS1_1#BDS_STS_FDW_05G"
        },
        {
          "Event": "PRLODSTWS1_1#W_FDW_KGIW-TO-PRLODSTWS1_1#BDS_STS_FDW_05G"
        }
      ]
    }
  },
  "PRLODSTWS1_1#BDS_STS_FDW_01G": {
    "Type": "Job:Database:StoredProcedure",
    "ConnectionProfile": "UPCR1",
    "StoredProcedure": "BDS_STS_FDW_01G_SP",
    "Schema": "SQLEXT",
    "DaysKeepActive": "1",
    "SubApplication": "UPCR1",
    "Host": "CTMAG",
    "CreatedBy": "emuser",
    "Description": "== Conversion Messages Start ==\\n\\nMessage ID\\t: WRN6031 (4116-7299)\\n\\n== Conversion Messages End ==\\nAdded by composer.",
    "RunAs": "controlm",
    "Application": "ODS",
    "When": {
      "WeekDays": [
        "NONE"
      ],
      "Months": [
        "NONE"
      ],
      "MonthDays": [
        "NONE"
      ],
      "DaysRelation": "OR",
      "RuleBasedCalendars": {
        "Included": [
          "RC1"
        ]
      }
    },
    "eventsToWaitFor": {
      "Type": "WaitForEvents",
      "Events": [
        {
          "Event": "PRLODSTWS1_1#D_FDW_-TO-PRLODSTWS1_1#BDS_STS_FDW_01G"
        },
        {
          "Event": "PRLODSTWS1_1#D_FDW_ABN-TO-PRLODSTWS1_1#BDS_STS_FDW_01G"
        },
        {
          "Event": "PRLODSTWS1_1#D_FDW_ADMT-TO-PRLODSTWS1_1#BDS_STS_FDW_01G"
        },
        {
          "Event": "PRLODSTWS1_1#D_FDW_ANZ-TO-PRLODSTWS1_1#BDS_STS_FDW_01G"
        },
        {
          "Event": "PRLODSTWS1_1#D_FDW_AYB-TO-PRLODSTWS1_1#BDS_STS_FDW_01G"
        },
        {
          "Event": "PRLODSTWS1_1#D_FDW_AYB_NOTE-TO-PRLODSTWS1_1#BDS_STS_FDW_01G"
        },
        {
          "Event": "PRLODSTWS1_1#D_FDW_BATCH-TO-PRLODSTWS1_1#BDS_STS_FDW_01G"
        },
        {
          "Event": "PRLODSTWS1_1#D_FDW_BOK-TO-PRLODSTWS1_1#BDS_STS_FDW_01G"
        },
        {
          "Event": "PRLODSTWS1_1#D_FDW_BOK_NOTE-TO-PRLODSTWS1_1#BDS_STS_FDW_01G"
        },
        {
          "Event": "PRLODSTWS1_1#D_FDW_BRPT-TO-PRLODSTWS1_1#BDS_STS_FDW_01G"
        },
        {
          "Event": "PRLODSTWS1_1#D_FDW_BRWEB-TO-PRLODSTWS1_1#BDS_STS_FDW_01G"
        },
        {
          "Event": "PRLODSTWS1_1#D_FDW_CAPTA-TO-PRLODSTWS1_1#BDS_STS_FDW_01G"
        },
        {
          "Event": "PRLODSTWS1_1#D_FDW_CAPTB-TO-PRLODSTWS1_1#BDS_STS_FDW_01G"
        },
        {
          "Event": "PRLODSTWS1_1#D_FDW_CAPTC-TO-PRLODSTWS1_1#BDS_STS_FDW_01G"
        },
        {
          "Event": "PRLODSTWS1_1#D_FDW_CAPTD-TO-PRLODSTWS1_1#BDS_STS_FDW_01G"
        },
        {
          "Event": "PRLODSTWS1_1#D_FDW_CAPTE-TO-PRLODSTWS1_1#BDS_STS_FDW_01G"
        },
        {
          "Event": "PRLODSTWS1_1#D_FDW_CHB-TO-PRLODSTWS1_1#BDS_STS_FDW_01G"
        },
        {
          "Event": "PRLODSTWS1_1#D_FDW_CITI-TO-PRLODSTWS1_1#BDS_STS_FDW_01G"
        },
        {
          "Event": "PRLODSTWS1_1#D_FDW_C_ONE-TO-PRLODSTWS1_1#BDS_STS_FDW_01G"
        }
      ]
    },
    "eventsToAdd": {
      "Type": "AddEvents",
      "Events": [
        {
          "Event": "PRLODSTWS1_1#BDS_STS_FDW_01G-TO-PRLODSTWS1_1#SYS_BDS_STS_FDW"
        }
      ]
    },
    "eventsToDelete": {
      "Type": "DeleteEvents",
      "Events": [
        {
          "Event": "PRLODSTWS1_1#D_FDW_-TO-PRLODSTWS1_1#BDS_STS_FDW_01G"
        },
        {
          "Event": "PRLODSTWS1_1#D_FDW_ABN-TO-PRLODSTWS1_1#BDS_STS_FDW_01G"
        },
        {
          "Event": "PRLODSTWS1_1#D_FDW_ADMT-TO-PRLODSTWS1_1#BDS_STS_FDW_01G"
        },
        {
          "Event": "PRLODSTWS1_1#D_FDW_ANZ-TO-PRLODSTWS1_1#BDS_STS_FDW_01G"
        },
        {
          "Event": "PRLODSTWS1_1#D_FDW_AYB-TO-PRLODSTWS1_1#BDS_STS_FDW_01G"
        },
        {
          "Event": "PRLODSTWS1_1#D_FDW_AYB_NOTE-TO-PRLODSTWS1_1#BDS_STS_FDW_01G"
        },
        {
          "Event": "PRLODSTWS1_1#D_FDW_BATCH-TO-PRLODSTWS1_1#BDS_STS_FDW_01G"
        },
        {
          "Event": "PRLODSTWS1_1#D_FDW_BOK-TO-PRLODSTWS1_1#BDS_STS_FDW_01G"
        },
        {
          "Event": "PRLODSTWS1_1#D_FDW_BOK_NOTE-TO-PRLODSTWS1_1#BDS_STS_FDW_01G"
        },
        {
          "Event": "PRLODSTWS1_1#D_FDW_BRPT-TO-PRLODSTWS1_1#BDS_STS_FDW_01G"
        },
        {
          "Event": "PRLODSTWS1_1#D_FDW_BRWEB-TO-PRLODSTWS1_1#BDS_STS_FDW_01G"
        },
        {
          "Event": "PRLODSTWS1_1#D_FDW_CAPTA-TO-PRLODSTWS1_1#BDS_STS_FDW_01G"
        },
        {
          "Event": "PRLODSTWS1_1#D_FDW_CAPTB-TO-PRLODSTWS1_1#BDS_STS_FDW_01G"
        },
        {
          "Event": "PRLODSTWS1_1#D_FDW_CAPTC-TO-PRLODSTWS1_1#BDS_STS_FDW_01G"
        },
        {
          "Event": "PRLODSTWS1_1#D_FDW_CAPTD-TO-PRLODSTWS1_1#BDS_STS_FDW_01G"
        },
        {
          "Event": "PRLODSTWS1_1#D_FDW_CAPTE-TO-PRLODSTWS1_1#BDS_STS_FDW_01G"
        },
        {
          "Event": "PRLODSTWS1_1#D_FDW_CHB-TO-PRLODSTWS1_1#BDS_STS_FDW_01G"
        },
        {
          "Event": "PRLODSTWS1_1#D_FDW_CITI-TO-PRLODSTWS1_1#BDS_STS_FDW_01G"
        },
        {
          "Event": "PRLODSTWS1_1#D_FDW_C_ONE-TO-PRLODSTWS1_1#BDS_STS_FDW_01G"
        }
      ]
    }
  },
  "PRLODSTWS1_1#BDS_STS_FDW_02G": {
    "Type": "Job:Database:StoredProcedure",
    "ConnectionProfile": "UPCR1",
    "StoredProcedure": "BDS_STS_FDW_02G_SP",
    "Schema": "SQLEXT",
    "DaysKeepActive": "1",
    "SubApplication": "UPCR1",
    "Host": "CTMAG",
    "CreatedBy": "emuser",
    "Description": "== Conversion Messages Start ==\\n\\nMessage ID\\t: WRN6031 (4117-7300)\\n\\n== Conversion Messages End ==\\nAdded by composer.",
    "RunAs": "controlm",
    "Application": "ODS",
    "When": {
      "WeekDays": [
        "NONE"
      ],
      "Months": [
        "NONE"
      ],
      "MonthDays": [
        "NONE"
      ],
      "DaysRelation": "OR",
      "RuleBasedCalendars": {
        "Included": [
          "RC1"
        ]
      }
    },
    "eventsToWaitFor": {
      "Type": "WaitForEvents",
      "Events": [
        {
          "Event": "PRLODSTWS1_1#D_FDW_CLM_PDF-TO-PRLODSTWS1_1#BDS_STS_FDW_02G"
        },
        {
          "Event": "PRLODSTWS1_1#D_FDW_CON-TO-PRLODSTWS1_1#BDS_STS_FDW_02G"
        },
        {
          "Event": "PRLODSTWS1_1#D_FDW_CORE-TO-PRLODSTWS1_1#BDS_STS_FDW_02G"
        },
        {
          "Event": "PRLODSTWS1_1#D_FDW_COS-TO-PRLODSTWS1_1#BDS_STS_FDW_02G"
        },
        {
          "Event": "PRLODSTWS1_1#D_FDW_COTA-TO-PRLODSTWS1_1#BDS_STS_FDW_02G"
        },
        {
          "Event": "PRLODSTWS1_1#D_FDW_CTBC-TO-PRLODSTWS1_1#BDS_STS_FDW_02G"
        },
        {
          "Event": "PRLODSTWS1_1#D_FDW_DBS-TO-PRLODSTWS1_1#BDS_STS_FDW_02G"
        },
        {
          "Event": "PRLODSTWS1_1#D_FDW_DOC_0800-TO-PRLODSTWS1_1#BDS_STS_FDW_02G"
        },
        {
          "Event": "PRLODSTWS1_1#D_FDW_EIA-TO-PRLODSTWS1_1#BDS_STS_FDW_02G"
        },
        {
          "Event": "PRLODSTWS1_1#D_FDW_ESUN-TO-PRLODSTWS1_1#BDS_STS_FDW_02G"
        },
        {
          "Event": "PRLODSTWS1_1#D_FDW_EVER-TO-PRLODSTWS1_1#BDS_STS_FDW_02G"
        },
        {
          "Event": "PRLODSTWS1_1#D_FDW_EVER_CLM-TO-PRLODSTWS1_1#BDS_STS_FDW_02G"
        },
        {
          "Event": "PRLODSTWS1_1#D_FDW_EVER_NOTE-TO-PRLODSTWS1_1#BDS_STS_FDW_02G"
        },
        {
          "Event": "PRLODSTWS1_1#D_FDW_EZ-TO-PRLODSTWS1_1#BDS_STS_FDW_02G"
        },
        {
          "Event": "PRLODSTWS1_1#D_FDW_FB-TO-PRLODSTWS1_1#BDS_STS_FDW_02G"
        },
        {
          "Event": "PRLODSTWS1_1#D_FDW_FDW_UTILS-TO-PRLODSTWS1_1#BDS_STS_FDW_02G"
        }
      ]
    },
    "eventsToAdd": {
      "Type": "AddEvents",
      "Events": [
        {
          "Event": "PRLODSTWS1_1#BDS_STS_FDW_02G-TO-PRLODSTWS1_1#SYS_BDS_STS_FDW"
        }
      ]
    },
    "eventsToDelete": {
      "Type": "DeleteEvents",
      "Events": [
        {
          "Event": "PRLODSTWS1_1#D_FDW_CLM_PDF-TO-PRLODSTWS1_1#BDS_STS_FDW_02G"
        },
        {
          "Event": "PRLODSTWS1_1#D_FDW_CON-TO-PRLODSTWS1_1#BDS_STS_FDW_02G"
        },
        {
          "Event": "PRLODSTWS1_1#D_FDW_CORE-TO-PRLODSTWS1_1#BDS_STS_FDW_02G"
        },
        {
          "Event": "PRLODSTWS1_1#D_FDW_COS-TO-PRLODSTWS1_1#BDS_STS_FDW_02G"
        },
        {
          "Event": "PRLODSTWS1_1#D_FDW_COTA-TO-PRLODSTWS1_1#BDS_STS_FDW_02G"
        },
        {
          "Event": "PRLODSTWS1_1#D_FDW_CTBC-TO-PRLODSTWS1_1#BDS_STS_FDW_02G"
        },
        {
          "Event": "PRLODSTWS1_1#D_FDW_DBS-TO-PRLODSTWS1_1#BDS_STS_FDW_02G"
        },
        {
          "Event": "PRLODSTWS1_1#D_FDW_DOC_0800-TO-PRLODSTWS1_1#BDS_STS_FDW_02G"
        },
        {
          "Event": "PRLODSTWS1_1#D_FDW_EIA-TO-PRLODSTWS1_1#BDS_STS_FDW_02G"
        },
        {
          "Event": "PRLODSTWS1_1#D_FDW_ESUN-TO-PRLODSTWS1_1#BDS_STS_FDW_02G"
        },
        {
          "Event": "PRLODSTWS1_1#D_FDW_EVER-TO-PRLODSTWS1_1#BDS_STS_FDW_02G"
        },
        {
          "Event": "PRLODSTWS1_1#D_FDW_EVER_CLM-TO-PRLODSTWS1_1#BDS_STS_FDW_02G"
        },
        {
          "Event": "PRLODSTWS1_1#D_FDW_EVER_NOTE-TO-PRLODSTWS1_1#BDS_STS_FDW_02G"
        },
        {
          "Event": "PRLODSTWS1_1#D_FDW_EZ-TO-PRLODSTWS1_1#BDS_STS_FDW_02G"
        },
        {
          "Event": "PRLODSTWS1_1#D_FDW_FB-TO-PRLODSTWS1_1#BDS_STS_FDW_02G"
        },
        {
          "Event": "PRLODSTWS1_1#D_FDW_FDW_UTILS-TO-PRLODSTWS1_1#BDS_STS_FDW_02G"
        }
      ]
    }
  }
  }
}
