{
  "PRLODSTWS1_1#D_UT_01": {
  "Type":  "Folder",
  "ControlmServer": "CTM",
  "Description": "== Conversion Messages Start ==\\n\\nMessage ID\\t: INF6104 (6923-12328)\\n\\n== Conversion Messages End ==\\n",
  "OrderMethod": "Manual",
  "SubApplication": "UPCR1",
  "CreatedBy": "emuser",
  "Application": "ODS",
  "When": {
    "RuleBasedCalendars": {
      "Included": [
        "RC1"
      ],
      "RC1": {
        "Type": "Calendar:RuleBased",
        "When": {
          "MonthDaysCalendar": "RCG-D-NAT",
          "DaysRelation": "OR",
          "WeekDays": [
            "NONE"
          ],
          "MonthDays": [
            "NONE"
          ]
        }
      }
    }
  },
  "PRLODSTWS1_1#UT_ACT": {
    "Type": "Job:EmbeddedScript",
    "Script": "ls -al",
    "SubApplication": "UPCR1",
    "FileName": "PRLODSTWS1_1#UT_ACT.cmd",
    "Host": "CTMAG",
    "CreatedBy": "emuser",
    "Description": "== Conversion Messages Start ==\\n\\nMessage ID\\t: INF6110 (6921-12329)\\n\\n== Conversion Messages End ==\\nUT_ACT for watch ACT control file",
    "RunAs": "controlm",
    "Application": "ODS",
    "When": {
      "WeekDays": [
        "NONE"
      ],
      "Months": [
        "NONE"
      ],
      "MonthDays": [
        "NONE"
      ],
      "DaysRelation": "OR",
      "RuleBasedCalendars": {
        "Included": [
          "RC1"
        ]
      }
    },
    "eventsToWaitFor": {
      "Type": "WaitForEvents",
      "Events": [
        {
          "Event": "PRLODSTWS1_1#UT_ACT@PRLODSTWS1_1#D_UT_01_opens_0"
        }
      ]
    },
    "eventsToDelete": {
      "Type": "DeleteEvents",
      "Events": [
        {
          "Event": "PRLODSTWS1_1#UT_ACT@PRLODSTWS1_1#D_UT_01_opens_0"
        }
      ]
    }
  },
  "PRLODSTWS1_1#UT_ACT_opens_0": {
    "Type": "Job:FileWatcher:Create",
    "TimeLimit": "1380",
    "Wildcard": true,
    "Path": "/home/tws/ods_batch_home/etl/SOURCE/EBAO/SYSCTRL/act_%%END_DT_CHAR.txt",
    "SubApplication": "UPCR1",
    "FileName": "PRLODSTWS1_1#UT_ACT_opens_0",
    "Host": "PRLODSTWS1_1",
    "FilePath": "Not in use for File Watcher jobs",
    "CreatedBy": "emuser",
    "Description": "Assisting job created for PRLODSTWS1_1#UT_ACT",
    "RunAs": "controlm",
    "Application": "ODS",
    "Variables": [
      {
        "END_DT_CHAR": "20220609"
      },
      {
        "FileWatch-PATH": "Not in use for File Watcher jobs"
      }
    ],
    "When": {
      "WeekDays": [
        "NONE"
      ],
      "Months": [
        "NONE"
      ],
      "MonthDays": [
        "NONE"
      ],
      "DaysRelation": "OR",
      "RuleBasedCalendars": {
        "Included": [
          "RC1"
        ]
      }
    },
    "eventsToAdd": {
      "Type": "AddEvents",
      "Events": [
        {
          "Event": "PRLODSTWS1_1#UT_ACT@PRLODSTWS1_1#D_UT_01_opens_0"
        }
      ]
    }
  },
  "PRLODSTWS1_1#UT_G3": {
    "Type": "Job:EmbeddedScript",
    "Script": "ls -al",
    "SubApplication": "UPCR1",
    "FileName": "PRLODSTWS1_1#UT_G3.cmd",
    "Host": "CTMAG",
    "CreatedBy": "emuser",
    "Description": "== Conversion Messages Start ==\\n\\nMessage ID\\t: INF6110 (6922-12331)\\n\\n== Conversion Messages End ==\\nUT_G3",
    "RunAs": "controlm",
    "Application": "ODS",
    "When": {
      "WeekDays": [
        "NONE"
      ],
      "Months": [
        "NONE"
      ],
      "MonthDays": [
        "NONE"
      ],
      "DaysRelation": "OR",
      "RuleBasedCalendars": {
        "Included": [
          "RC1"
        ]
      }
    },
    "eventsToWaitFor": {
      "Type": "WaitForEvents",
      "Events": [
        {
          "Event": "PRLODSTWS1_1#UT_G3@PRLODSTWS1_1#D_UT_01_opens_0"
        }
      ]
    },
    "eventsToDelete": {
      "Type": "DeleteEvents",
      "Events": [
        {
          "Event": "PRLODSTWS1_1#UT_G3@PRLODSTWS1_1#D_UT_01_opens_0"
        }
      ]
    }
  },
  "PRLODSTWS1_1#UT_G3_opens_0": {
    "Type": "Job:FileWatcher:Create",
    "TimeLimit": "1380",
    "Wildcard": true,
    "Path": "/home/tws/ods_batch_home/etl/SOURCE/EBAO/SYSCTRL/core_%%END_DT_CHAR.txt",
    "SubApplication": "UPCR1",
    "FileName": "PRLODSTWS1_1#UT_G3_opens_0",
    "Host": "PRLODSTWS1_1",
    "FilePath": "Not in use for File Watcher jobs",
    "CreatedBy": "emuser",
    "Description": "Assisting job created for PRLODSTWS1_1#UT_G3",
    "RunAs": "controlm",
    "Application": "ODS",
    "Variables": [
      {
        "END_DT_CHAR": "20220609"
      },
      {
        "FileWatch-PATH": "Not in use for File Watcher jobs"
      }
    ],
    "When": {
      "WeekDays": [
        "NONE"
      ],
      "Months": [
        "NONE"
      ],
      "MonthDays": [
        "NONE"
      ],
      "DaysRelation": "OR",
      "RuleBasedCalendars": {
        "Included": [
          "RC1"
        ]
      }
    },
    "eventsToAdd": {
      "Type": "AddEvents",
      "Events": [
        {
          "Event": "PRLODSTWS1_1#UT_G3@PRLODSTWS1_1#D_UT_01_opens_0"
        }
      ]
    }
  }
  }
}
