{
  "PRLODSTWS1_1#D_FDW_CORE": {
  "Type":  "Folder",
  "ControlmServer": "CTM",
  "Description": "== Conversion Messages Start ==\\n\\nMessage ID\\t: INF6107 (4803-8436)\\n\\nMessage ID\\t: INF6104 (4804-8436)\\n\\n== Conversion Messages End ==\\n",
  "OrderMethod": "Manual",
  "SubApplication": "UPCR1",
  "CreatedBy": "emuser",
  "Application": "ODS",
  "When": {
    "RuleBasedCalendars": {
      "Included": [
        "RC1"
      ],
      "RC1": {
        "Type": "Calendar:RuleBased",
        "When": {
          "MonthDaysCalendar": "RCG-D-NAT",
          "DaysRelation": "OR",
          "DaysKeepActive": "01",
          "WeekDays": [
            "NONE"
          ],
          "MonthDays": [
            "NONE"
          ]
        }
      }
    }
  },
  "PRLODSTWS1_1#FDW_MASTER_TOTAL_PREM": {
    "Type": "Job:Database:StoredProcedure",
    "ConnectionProfile": "UPCR1",
    "StoredProcedure": "FDW_MASTER_TOTAL_PREM_SP",
    "Schema": "SQLEXT",
    "DaysKeepActive": "1",
    "SubApplication": "UPCR1",
    "Host": "CTMAG",
    "CreatedBy": "emuser",
    "Description": "== Conversion Messages Start ==\\n\\nMessage ID\\t: WRN6031 (4801-8437)\\n\\n== Conversion Messages End ==\\nAdded by composer.",
    "RunAs": "controlm",
    "Application": "ODS",
    "When": {
      "WeekDays": [
        "NONE"
      ],
      "Months": [
        "NONE"
      ],
      "MonthDays": [
        "NONE"
      ],
      "DaysRelation": "OR",
      "RuleBasedCalendars": {
        "Included": [
          "RC1"
        ]
      }
    },
    "eventsToWaitFor": {
      "Type": "WaitForEvents",
      "Events": [
        {
          "Event": "PRLODSTWS1_1#FDW_PRODUCT_TOTAL_PREM-TO-PRLODSTWS1_1#FDW_MASTER_TOTAL_PREM"
        }
      ]
    },
    "eventsToAdd": {
      "Type": "AddEvents",
      "Events": [
        {
          "Event": "PRLODSTWS1_1#FDW_MASTER_TOTAL_PREM-TO-PRLODSTWS1_1#FDW_CONTRACT_MAST_ABN"
        },
        {
          "Event": "PRLODSTWS1_1#FDW_MASTER_TOTAL_PREM-TO-PRLODSTWS1_1#FDW_CONTRACT_MAST_ANZ"
        },
        {
          "Event": "PRLODSTWS1_1#FDW_MASTER_TOTAL_PREM-TO-PRLODSTWS1_1#FDW_CONTRACT_MAST_AYB"
        },
        {
          "Event": "PRLODSTWS1_1#FDW_MASTER_TOTAL_PREM-TO-PRLODSTWS1_1#FDW_CONTRACT_MAST_BOK"
        },
        {
          "Event": "PRLODSTWS1_1#FDW_MASTER_TOTAL_PREM-TO-PRLODSTWS1_1#FDW_CONTRACT_MAST_CON"
        },
        {
          "Event": "PRLODSTWS1_1#FDW_MASTER_TOTAL_PREM-TO-PRLODSTWS1_1#FDW_CONTRACT_MAST_COS"
        },
        {
          "Event": "PRLODSTWS1_1#FDW_MASTER_TOTAL_PREM-TO-PRLODSTWS1_1#FDW_CONTRACT_MASTER_COTA"
        },
        {
          "Event": "PRLODSTWS1_1#FDW_MASTER_TOTAL_PREM-TO-PRLODSTWS1_1#FDW_CONTRACT_MASTER_CTBC"
        },
        {
          "Event": "PRLODSTWS1_1#FDW_MASTER_TOTAL_PREM-TO-PRLODSTWS1_1#FDW_CONTRACT_MAST_C_ONE"
        },
        {
          "Event": "PRLODSTWS1_1#FDW_MASTER_TOTAL_PREM-TO-PRLODSTWS1_1#FDW_CONTRACT_MAST_EVER"
        },
        {
          "Event": "PRLODSTWS1_1#FDW_MASTER_TOTAL_PREM-TO-PRLODSTWS1_1#FDW_CONTRACT_MASTER_FB"
        },
        {
          "Event": "PRLODSTWS1_1#FDW_MASTER_TOTAL_PREM-TO-PRLODSTWS1_1#FDW_CONTRACT_MAST_FEB"
        },
        {
          "Event": "PRLODSTWS1_1#FDW_MASTER_TOTAL_PREM-TO-PRLODSTWS1_1#FDW_CONTRACT_MAST_FEPRO"
        },
        {
          "Event": "PRLODSTWS1_1#FDW_MASTER_TOTAL_PREM-TO-PRLODSTWS1_1#FDW_CONTRACT_MAST_HNCBIA"
        },
        {
          "Event": "PRLODSTWS1_1#FDW_MASTER_TOTAL_PREM-TO-PRLODSTWS1_1#HNCBIA_CHPOD"
        },
        {
          "Event": "PRLODSTWS1_1#FDW_MASTER_TOTAL_PREM-TO-PRLODSTWS1_1#HNCBIA_COMM_RM"
        },
        {
          "Event": "PRLODSTWS1_1#FDW_MASTER_TOTAL_PREM-TO-PRLODSTWS1_1#FDW_CONTRACT_MAST_HWAT"
        },
        {
          "Event": "PRLODSTWS1_1#FDW_MASTER_TOTAL_PREM-TO-PRLODSTWS1_1#FDW_CONTRACT_MASTER_JIHS"
        },
        {
          "Event": "PRLODSTWS1_1#FDW_MASTER_TOTAL_PREM-TO-PRLODSTWS1_1#FDW_CONTRACT_MAST_KGI"
        },
        {
          "Event": "PRLODSTWS1_1#FDW_MASTER_TOTAL_PREM-TO-PRLODSTWS1_1#FDW_CONTRACT_MAST_KGIW"
        },
        {
          "Event": "PRLODSTWS1_1#FDW_MASTER_TOTAL_PREM-TO-PRLODSTWS1_1#FDW_CONTRACT_MAST_LAW"
        },
        {
          "Event": "PRLODSTWS1_1#FDW_MASTER_TOTAL_PREM-TO-PRLODSTWS1_1#FDW_CONTRACT_MAST_LEIS"
        },
        {
          "Event": "PRLODSTWS1_1#FDW_MASTER_TOTAL_PREM-TO-PRLODSTWS1_1#FDW_CONTRACT_MAST_MEGA"
        },
        {
          "Event": "PRLODSTWS1_1#FDW_MASTER_TOTAL_PREM-TO-PRLODSTWS1_1#FDW_CONTRACT_MAST_PANH"
        },
        {
          "Event": "PRLODSTWS1_1#FDW_MASTER_TOTAL_PREM-TO-PRLODSTWS1_1#FDW_CONTRACT_MAST_PROK"
        },
        {
          "Event": "PRLODSTWS1_1#FDW_MASTER_TOTAL_PREM-TO-PRLODSTWS1_1#FDW_CONTRACT_MAST_ROCKS"
        },
        {
          "Event": "PRLODSTWS1_1#FDW_MASTER_TOTAL_PREM-TO-PRLODSTWS1_1#FDW_CONTRACT_MAST_SCSB"
        },
        {
          "Event": "PRLODSTWS1_1#FDW_MASTER_TOTAL_PREM-TO-PRLODSTWS1_1#FDW_CONTRACT_MAST_SHTAI"
        },
        {
          "Event": "PRLODSTWS1_1#FDW_MASTER_TOTAL_PREM-TO-PRLODSTWS1_1#FDW_CONTRACT_MASTER_SIC"
        },
        {
          "Event": "PRLODSTWS1_1#FDW_MASTER_TOTAL_PREM-TO-PRLODSTWS1_1#FDW_CONTRACT_MASTER_SINO"
        },
        {
          "Event": "PRLODSTWS1_1#FDW_MASTER_TOTAL_PREM-TO-PRLODSTWS1_1#FDW_CONTRACT_MAST_SUNNY"
        },
        {
          "Event": "PRLODSTWS1_1#FDW_MASTER_TOTAL_PREM-TO-PRLODSTWS1_1#FDW_CONTRACT_MAST_TCBA"
        },
        {
          "Event": "PRLODSTWS1_1#FDW_MASTER_TOTAL_PREM-TO-PRLODSTWS1_1#FDW_CONTRACT_MAST_TCBB"
        },
        {
          "Event": "PRLODSTWS1_1#FDW_MASTER_TOTAL_PREM-TO-PRLODSTWS1_1#FDW_CONTRACT_MASTER_TSA"
        },
        {
          "Event": "PRLODSTWS1_1#FDW_MASTER_TOTAL_PREM-TO-PRLODSTWS1_1#TSA_COMM_PAYAC"
        },
        {
          "Event": "PRLODSTWS1_1#FDW_MASTER_TOTAL_PREM-TO-PRLODSTWS1_1#FDW_CONTRACT_MASTER_TSH"
        },
        {
          "Event": "PRLODSTWS1_1#FDW_MASTER_TOTAL_PREM-TO-PRLODSTWS1_1#TSH_COMM_PAYAC"
        },
        {
          "Event": "PRLODSTWS1_1#FDW_MASTER_TOTAL_PREM-TO-PRLODSTWS1_1#FDW_CONTRACT_MAST_UB"
        },
        {
          "Event": "PRLODSTWS1_1#FDW_MASTER_TOTAL_PREM-TO-PRLODSTWS1_1#FDW_CONTRACT_MAST_UIBC"
        },
        {
          "Event": "PRLODSTWS1_1#FDW_MASTER_TOTAL_PREM-TO-PRLODSTWS1_1#FDW_CONTRACT_MAST_UNION"
        },
        {
          "Event": "PRLODSTWS1_1#FDW_MASTER_TOTAL_PREM-TO-PRLODSTWS1_1#FDW_CONTRACT_MASTER_VL"
        },
        {
          "Event": "PRLODSTWS1_1#FDW_MASTER_TOTAL_PREM-TO-PRLODSTWS1_1#FDW_CONTRACT_MASTER_YUAN"
        }
      ]
    },
    "eventsToDelete": {
      "Type": "DeleteEvents",
      "Events": [
        {
          "Event": "PRLODSTWS1_1#FDW_PRODUCT_TOTAL_PREM-TO-PRLODSTWS1_1#FDW_MASTER_TOTAL_PREM"
        }
      ]
    }
  },
  "PRLODSTWS1_1#FDW_PRODUCT_TOTAL_PREM": {
    "Type": "Job:Database:StoredProcedure",
    "ConnectionProfile": "UPCR1",
    "StoredProcedure": "FDW_PRODUCT_TOTAL_PREM_SP",
    "Schema": "SQLEXT",
    "DaysKeepActive": "1",
    "SubApplication": "UPCR1",
    "Host": "CTMAG",
    "CreatedBy": "emuser",
    "Description": "== Conversion Messages Start ==\\n\\nMessage ID\\t: WRN6031 (4802-8438)\\n\\n== Conversion Messages End ==\\nAdded by composer.",
    "RunAs": "controlm",
    "Application": "ODS",
    "When": {
      "WeekDays": [
        "NONE"
      ],
      "Months": [
        "NONE"
      ],
      "MonthDays": [
        "NONE"
      ],
      "DaysRelation": "OR",
      "RuleBasedCalendars": {
        "Included": [
          "RC1"
        ]
      }
    },
    "eventsToWaitFor": {
      "Type": "WaitForEvents",
      "Events": [
        {
          "Event": "PRLODSTWS1_1#FDW_CHANNEL_CODE-TO-PRLODSTWS1_1#FDW_PRODUCT_TOTAL_PREM"
        },
        {
          "Event": "PRLODSTWS1_1#OV_CONTRACT_MASTER-TO-PRLODSTWS1_1#FDW_PRODUCT_TOTAL_PREM"
        },
        {
          "Event": "PRLODSTWS1_1#OV_CONTRACT_PRODUCT-TO-PRLODSTWS1_1#FDW_PRODUCT_TOTAL_PREM"
        },
        {
          "Event": "PRLODSTWS1_1#FDW_PREM_MAPPING-TO-PRLODSTWS1_1#FDW_PRODUCT_TOTAL_PREM"
        }
      ]
    },
    "eventsToAdd": {
      "Type": "AddEvents",
      "Events": [
        {
          "Event": "PRLODSTWS1_1#FDW_PRODUCT_TOTAL_PREM-TO-PRLODSTWS1_1#FDW_PREMIUM_CMS"
        },
        {
          "Event": "PRLODSTWS1_1#FDW_PRODUCT_TOTAL_PREM-TO-PRLODSTWS1_1#ANZ_POLICY_DETAIL"
        },
        {
          "Event": "PRLODSTWS1_1#FDW_PRODUCT_TOTAL_PREM-TO-PRLODSTWS1_1#FDW_CONTRACT_PROD_AYB"
        },
        {
          "Event": "PRLODSTWS1_1#FDW_PRODUCT_TOTAL_PREM-TO-PRLODSTWS1_1#FDW_MASTER_TOTAL_PREM"
        },
        {
          "Event": "PRLODSTWS1_1#FDW_PRODUCT_TOTAL_PREM-TO-PRLODSTWS1_1#FDW_PREMIUM_CMS_M_CTBC"
        },
        {
          "Event": "PRLODSTWS1_1#FDW_PRODUCT_TOTAL_PREM-TO-PRLODSTWS1_1#FDW_CONTRACT_PROD_C_ONE"
        },
        {
          "Event": "PRLODSTWS1_1#FDW_PRODUCT_TOTAL_PREM-TO-PRLODSTWS1_1#DBS_POLICY_DETAIL"
        },
        {
          "Event": "PRLODSTWS1_1#FDW_PRODUCT_TOTAL_PREM-TO-PRLODSTWS1_1#DBS_COMM_PAYAC"
        },
        {
          "Event": "PRLODSTWS1_1#FDW_PRODUCT_TOTAL_PREM-TO-PRLODSTWS1_1#FDW_CONTRACT_PROD_HWAT"
        },
        {
          "Event": "PRLODSTWS1_1#FDW_PRODUCT_TOTAL_PREM-TO-PRLODSTWS1_1#JIHS_CHECK_LIST"
        },
        {
          "Event": "PRLODSTWS1_1#FDW_PRODUCT_TOTAL_PREM-TO-PRLODSTWS1_1#FDW_CONTRACT_PROD_KGI"
        },
        {
          "Event": "PRLODSTWS1_1#FDW_PRODUCT_TOTAL_PREM-TO-PRLODSTWS1_1#FDW_CONTRACT_PROD_KGIW"
        },
        {
          "Event": "PRLODSTWS1_1#FDW_PRODUCT_TOTAL_PREM-TO-PRLODSTWS1_1#FDW_CONTRACT_PROD_PROK"
        },
        {
          "Event": "PRLODSTWS1_1#FDW_PRODUCT_TOTAL_PREM-TO-PRLODSTWS1_1#FDW_CONTRACT_PROD_SCSB"
        },
        {
          "Event": "PRLODSTWS1_1#FDW_PRODUCT_TOTAL_PREM-TO-PRLODSTWS1_1#FDW_PREMIUM_CMS_1"
        },
        {
          "Event": "PRLODSTWS1_1#FDW_PRODUCT_TOTAL_PREM-TO-PRLODSTWS1_1#TSA_COMM_PAYAC"
        },
        {
          "Event": "PRLODSTWS1_1#FDW_PRODUCT_TOTAL_PREM-TO-PRLODSTWS1_1#TSH_COMM_PAYAC"
        },
        {
          "Event": "PRLODSTWS1_1#FDW_PRODUCT_TOTAL_PREM-TO-PRLODSTWS1_1#FDW_CONTRACT_PROD_VL"
        },
        {
          "Event": "PRLODSTWS1_1#FDW_PRODUCT_TOTAL_PREM-TO-PRLODSTWS1_1#FDW_CONTRACT_PROD_YUAN"
        }
      ]
    },
    "eventsToDelete": {
      "Type": "DeleteEvents",
      "Events": [
        {
          "Event": "PRLODSTWS1_1#FDW_CHANNEL_CODE-TO-PRLODSTWS1_1#FDW_PRODUCT_TOTAL_PREM"
        },
        {
          "Event": "PRLODSTWS1_1#OV_CONTRACT_MASTER-TO-PRLODSTWS1_1#FDW_PRODUCT_TOTAL_PREM"
        },
        {
          "Event": "PRLODSTWS1_1#OV_CONTRACT_PRODUCT-TO-PRLODSTWS1_1#FDW_PRODUCT_TOTAL_PREM"
        },
        {
          "Event": "PRLODSTWS1_1#FDW_PREM_MAPPING-TO-PRLODSTWS1_1#FDW_PRODUCT_TOTAL_PREM"
        }
      ]
    }
  },
  "eventsToAdd": {
    "Type": "AddEvents",
    "Events": [
      {
        "Event": "PRLODSTWS1_1#D_FDW_CORE-TO-PRLODSTWS1_1#BDS_STS_FDW_02G"
      }
    ]
  }
  }
}
