{
  "PRLODSTWS1_1#D_RPT_FIN_20": {
  "Type":  "Folder",
  "ControlmServer": "CTM",
  "Description": "== Conversion Messages Start ==\\n\\nMessage ID\\t: INF6107 (641-1024)\\n\\nMessage ID\\t: INF6104 (642-1024)\\n\\n== Conversion Messages End ==\\n",
  "OrderMethod": "Manual",
  "SubApplication": "UPCR1",
  "CreatedBy": "emuser",
  "Application": "ODS",
  "When": {
    "RuleBasedCalendars": {
      "Included": [
        "RC1"
      ],
      "RC1": {
        "Type": "Calendar:RuleBased",
        "When": {
          "MonthDaysCalendar": "RCG-D-NAT",
          "DaysRelation": "OR",
          "DaysKeepActive": "01",
          "WeekDays": [
            "NONE"
          ],
          "MonthDays": [
            "NONE"
          ]
        }
      }
    }
  },
  "PRLODSTWS1_1#FIN_0810_CR": {
    "Type": "Job:Command",
    "DaysKeepActive": "1",
    "SubApplication": "UPCR1",
    "Host": "CTMAG",
    "CreatedBy": "emuser",
    "Description": "generate the report file for batch",
    "RunAs": "controlm",
    "Application": "ODS",
    "Command": "/home/tws/ods_batch_home/esp.batch.scripts/gen.report.sh D_RPT_FIN ${tws.job.name} %%\\\\global\\END_DT_CHAR.",
    "When": {
      "WeekDays": [
        "NONE"
      ],
      "Months": [
        "NONE"
      ],
      "MonthDays": [
        "NONE"
      ],
      "DaysRelation": "OR",
      "RuleBasedCalendars": {
        "Included": [
          "RC1"
        ]
      }
    },
    "eventsToWaitFor": {
      "Type": "WaitForEvents",
      "Events": [
        {
          "Event": "PRLODSTWS1_1#FIN_0810_PARAM-TO-PRLODSTWS1_1#FIN_0810_CR"
        }
      ]
    },
    "eventsToAdd": {
      "Type": "AddEvents",
      "Events": [
        {
          "Event": "PRLODSTWS1_1#FIN_0810_CR-TO-PRLODSTWS1_1#FIN_0810_CF"
        }
      ]
    },
    "eventsToDelete": {
      "Type": "DeleteEvents",
      "Events": [
        {
          "Event": "PRLODSTWS1_1#FIN_0810_PARAM-TO-PRLODSTWS1_1#FIN_0810_CR"
        }
      ]
    }
  },
  "PRLODSTWS1_1#FIN_1340_CR": {
    "Type": "Job:Command",
    "DaysKeepActive": "1",
    "SubApplication": "UPCR1",
    "Host": "CTMAG",
    "CreatedBy": "emuser",
    "Description": "generate the report file for batch",
    "RunAs": "controlm",
    "Application": "ODS",
    "Command": "/home/tws/ods_batch_home/esp.batch.scripts/gen.report.sh D_RPT_FIN ${tws.job.name} %%\\\\global\\END_DT_CHAR.",
    "When": {
      "WeekDays": [
        "NONE"
      ],
      "Months": [
        "NONE"
      ],
      "MonthDays": [
        "NONE"
      ],
      "DaysRelation": "OR",
      "RuleBasedCalendars": {
        "Included": [
          "RC1"
        ]
      }
    },
    "eventsToWaitFor": {
      "Type": "WaitForEvents",
      "Events": [
        {
          "Event": "PRLODSTWS1_1#FIN_1340_PARAM-TO-PRLODSTWS1_1#FIN_1340_CR"
        }
      ]
    },
    "eventsToAdd": {
      "Type": "AddEvents",
      "Events": [
        {
          "Event": "PRLODSTWS1_1#FIN_1340_CR-TO-PRLODSTWS1_1#FIN_1340_CF"
        }
      ]
    },
    "eventsToDelete": {
      "Type": "DeleteEvents",
      "Events": [
        {
          "Event": "PRLODSTWS1_1#FIN_1340_PARAM-TO-PRLODSTWS1_1#FIN_1340_CR"
        }
      ]
    }
  },
  "PRLODSTWS1_1#FIN_0830_PARAM": {
    "Type": "Job:Database:StoredProcedure",
    "ConnectionProfile": "UPCR1",
    "StoredProcedure": "FIN_0830_PARAM_SP",
    "Schema": "SQLEXT",
    "DaysKeepActive": "1",
    "SubApplication": "UPCR1",
    "Host": "CTMAG",
    "CreatedBy": "emuser",
    "Description": "== Conversion Messages Start ==\\n\\nMessage ID\\t: WRN6031 (635-1027)\\n\\n== Conversion Messages End ==\\nAdded by composer.",
    "RunAs": "controlm",
    "Application": "ODS",
    "When": {
      "WeekDays": [
        "NONE"
      ],
      "Months": [
        "NONE"
      ],
      "MonthDays": [
        "NONE"
      ],
      "DaysRelation": "OR",
      "RuleBasedCalendars": {
        "Included": [
          "RC1"
        ]
      }
    },
    "eventsToWaitFor": {
      "Type": "WaitForEvents",
      "Events": [
        {
          "Event": "PRLODSTWS1_1#FIN_0830_11G-TO-PRLODSTWS1_1#FIN_0830_PARAM"
        },
        {
          "Event": "PRLODSTWS1_1#FIN_JOB_PARAM-TO-PRLODSTWS1_1#FIN_0830_PARAM"
        }
      ]
    },
    "eventsToAdd": {
      "Type": "AddEvents",
      "Events": [
        {
          "Event": "PRLODSTWS1_1#FIN_0830_PARAM-TO-PRLODSTWS1_1#FIN_0830_CR"
        }
      ]
    },
    "eventsToDelete": {
      "Type": "DeleteEvents",
      "Events": [
        {
          "Event": "PRLODSTWS1_1#FIN_0830_11G-TO-PRLODSTWS1_1#FIN_0830_PARAM"
        },
        {
          "Event": "PRLODSTWS1_1#FIN_JOB_PARAM-TO-PRLODSTWS1_1#FIN_0830_PARAM"
        }
      ]
    }
  },
  "PRLODSTWS1_1#FIN_1340_11G": {
    "Type": "Job:Database:StoredProcedure",
    "ConnectionProfile": "UPCR1",
    "StoredProcedure": "FIN_1340_11G_SP",
    "Schema": "SQLEXT",
    "DaysKeepActive": "1",
    "SubApplication": "UPCR1",
    "Host": "CTMAG",
    "CreatedBy": "emuser",
    "Description": "== Conversion Messages Start ==\\n\\nMessage ID\\t: WRN6031 (636-1028)\\n\\n== Conversion Messages End ==\\nAdded by composer.",
    "RunAs": "controlm",
    "Application": "ODS",
    "When": {
      "WeekDays": [
        "NONE"
      ],
      "Months": [
        "NONE"
      ],
      "MonthDays": [
        "NONE"
      ],
      "DaysRelation": "OR",
      "RuleBasedCalendars": {
        "Included": [
          "RC1"
        ]
      }
    },
    "eventsToWaitFor": {
      "Type": "WaitForEvents",
      "Events": [
        {
          "Event": "PRLODSTWS1_1#O_CASHBANK_ROLE-TO-PRLODSTWS1_1#FIN_1340_11G"
        },
        {
          "Event": "PRLODSTWS1_1#O_CASH_BANK-TO-PRLODSTWS1_1#FIN_1340_11G"
        },
        {
          "Event": "PRLODSTWS1_1#O_FIN_DEPOSIT_CATEGORY-TO-PRLODSTWS1_1#FIN_1340_11G"
        },
        {
          "Event": "PRLODSTWS1_1#O_BANK-TO-PRLODSTWS1_1#FIN_1340_11G"
        },
        {
          "Event": "PRLODSTWS1_1#O_BANK_ORG-TO-PRLODSTWS1_1#FIN_1340_11G"
        },
        {
          "Event": "PRLODSTWS1_1#O_DEPT-TO-PRLODSTWS1_1#FIN_1340_11G"
        },
        {
          "Event": "PRLODSTWS1_1#O_STRING_RESOURCE-TO-PRLODSTWS1_1#FIN_1340_11G"
        },
        {
          "Event": "PRLODSTWS1_1#O_MONEY-TO-PRLODSTWS1_1#FIN_1340_11G"
        },
        {
          "Event": "PRLODSTWS1_1#SDM_GL_COMPANY_CATEGORY-TO-PRLODSTWS1_1#FIN_1340_11G"
        },
        {
          "Event": "PRLODSTWS1_1#SDM_BANK_ACCOUNT-TO-PRLODSTWS1_1#FIN_1340_11G"
        }
      ]
    },
    "eventsToAdd": {
      "Type": "AddEvents",
      "Events": [
        {
          "Event": "PRLODSTWS1_1#FIN_1340_11G-TO-PRLODSTWS1_1#FIN_1340_PARAM"
        }
      ]
    },
    "eventsToDelete": {
      "Type": "DeleteEvents",
      "Events": [
        {
          "Event": "PRLODSTWS1_1#O_CASHBANK_ROLE-TO-PRLODSTWS1_1#FIN_1340_11G"
        },
        {
          "Event": "PRLODSTWS1_1#O_CASH_BANK-TO-PRLODSTWS1_1#FIN_1340_11G"
        },
        {
          "Event": "PRLODSTWS1_1#O_FIN_DEPOSIT_CATEGORY-TO-PRLODSTWS1_1#FIN_1340_11G"
        },
        {
          "Event": "PRLODSTWS1_1#O_BANK-TO-PRLODSTWS1_1#FIN_1340_11G"
        },
        {
          "Event": "PRLODSTWS1_1#O_BANK_ORG-TO-PRLODSTWS1_1#FIN_1340_11G"
        },
        {
          "Event": "PRLODSTWS1_1#O_DEPT-TO-PRLODSTWS1_1#FIN_1340_11G"
        },
        {
          "Event": "PRLODSTWS1_1#O_STRING_RESOURCE-TO-PRLODSTWS1_1#FIN_1340_11G"
        },
        {
          "Event": "PRLODSTWS1_1#O_MONEY-TO-PRLODSTWS1_1#FIN_1340_11G"
        },
        {
          "Event": "PRLODSTWS1_1#SDM_GL_COMPANY_CATEGORY-TO-PRLODSTWS1_1#FIN_1340_11G"
        },
        {
          "Event": "PRLODSTWS1_1#SDM_BANK_ACCOUNT-TO-PRLODSTWS1_1#FIN_1340_11G"
        }
      ]
    }
  },
  "PRLODSTWS1_1#FIN_1340_CF": {
    "Type": "Job:Command",
    "DaysKeepActive": "1",
    "SubApplication": "UPCR1",
    "Host": "CTMAG",
    "CreatedBy": "emuser",
    "Description": "archiving file for batch",
    "RunAs": "controlm",
    "Application": "ODS",
    "Command": "/home/tws/ods_batch_home/esp.batch.scripts/archiving.file.sh D_RPT_FIN ${tws.job.name} %%\\\\global\\END_DT_CHAR.",
    "When": {
      "WeekDays": [
        "NONE"
      ],
      "Months": [
        "NONE"
      ],
      "MonthDays": [
        "NONE"
      ],
      "DaysRelation": "OR",
      "RuleBasedCalendars": {
        "Included": [
          "RC1"
        ]
      }
    },
    "eventsToWaitFor": {
      "Type": "WaitForEvents",
      "Events": [
        {
          "Event": "PRLODSTWS1_1#FIN_1340_CR-TO-PRLODSTWS1_1#FIN_1340_CF"
        }
      ]
    },
    "eventsToDelete": {
      "Type": "DeleteEvents",
      "Events": [
        {
          "Event": "PRLODSTWS1_1#FIN_1340_CR-TO-PRLODSTWS1_1#FIN_1340_CF"
        }
      ]
    }
  },
  "PRLODSTWS1_1#FIN_0810_PARAM": {
    "Type": "Job:Database:StoredProcedure",
    "ConnectionProfile": "UPCR1",
    "StoredProcedure": "FIN_0810_PARAM_SP",
    "Schema": "SQLEXT",
    "DaysKeepActive": "1",
    "SubApplication": "UPCR1",
    "Host": "CTMAG",
    "CreatedBy": "emuser",
    "Description": "== Conversion Messages Start ==\\n\\nMessage ID\\t: WRN6031 (637-1030)\\n\\n== Conversion Messages End ==\\nAdded by composer.",
    "RunAs": "controlm",
    "Application": "ODS",
    "When": {
      "WeekDays": [
        "NONE"
      ],
      "Months": [
        "NONE"
      ],
      "MonthDays": [
        "NONE"
      ],
      "DaysRelation": "OR",
      "RuleBasedCalendars": {
        "Included": [
          "RC1"
        ]
      }
    },
    "eventsToWaitFor": {
      "Type": "WaitForEvents",
      "Events": [
        {
          "Event": "PRLODSTWS1_1#FIN_0810_11G-TO-PRLODSTWS1_1#FIN_0810_PARAM"
        },
        {
          "Event": "PRLODSTWS1_1#FIN_JOB_PARAM-TO-PRLODSTWS1_1#FIN_0810_PARAM"
        }
      ]
    },
    "eventsToAdd": {
      "Type": "AddEvents",
      "Events": [
        {
          "Event": "PRLODSTWS1_1#FIN_0810_PARAM-TO-PRLODSTWS1_1#FIN_0810_CR"
        }
      ]
    },
    "eventsToDelete": {
      "Type": "DeleteEvents",
      "Events": [
        {
          "Event": "PRLODSTWS1_1#FIN_0810_11G-TO-PRLODSTWS1_1#FIN_0810_PARAM"
        },
        {
          "Event": "PRLODSTWS1_1#FIN_JOB_PARAM-TO-PRLODSTWS1_1#FIN_0810_PARAM"
        }
      ]
    }
  },
  "PRLODSTWS1_1#FIN_0830_CF": {
    "Type": "Job:Command",
    "DaysKeepActive": "1",
    "SubApplication": "UPCR1",
    "Host": "CTMAG",
    "CreatedBy": "emuser",
    "Description": "archiving file for batch",
    "RunAs": "controlm",
    "Application": "ODS",
    "Command": "/home/tws/ods_batch_home/esp.batch.scripts/archiving.file.sh D_RPT_FIN ${tws.job.name} %%\\\\global\\END_DT_CHAR.",
    "When": {
      "WeekDays": [
        "NONE"
      ],
      "Months": [
        "NONE"
      ],
      "MonthDays": [
        "NONE"
      ],
      "DaysRelation": "OR",
      "RuleBasedCalendars": {
        "Included": [
          "RC1"
        ]
      }
    },
    "eventsToWaitFor": {
      "Type": "WaitForEvents",
      "Events": [
        {
          "Event": "PRLODSTWS1_1#FIN_0830_CR-TO-PRLODSTWS1_1#FIN_0830_CF"
        }
      ]
    },
    "eventsToDelete": {
      "Type": "DeleteEvents",
      "Events": [
        {
          "Event": "PRLODSTWS1_1#FIN_0830_CR-TO-PRLODSTWS1_1#FIN_0830_CF"
        }
      ]
    }
  },
  "PRLODSTWS1_1#FIN_0810_11G": {
    "Type": "Job:Database:StoredProcedure",
    "ConnectionProfile": "UPCR1",
    "StoredProcedure": "FIN_0810_11G_SP",
    "Schema": "SQLEXT",
    "DaysKeepActive": "1",
    "SubApplication": "UPCR1",
    "Host": "CTMAG",
    "CreatedBy": "emuser",
    "Description": "== Conversion Messages Start ==\\n\\nMessage ID\\t: WRN6031 (638-1032)\\n\\n== Conversion Messages End ==\\nAdded by composer.",
    "RunAs": "controlm",
    "Application": "ODS",
    "When": {
      "WeekDays": [
        "NONE"
      ],
      "Months": [
        "NONE"
      ],
      "MonthDays": [
        "NONE"
      ],
      "DaysRelation": "OR",
      "RuleBasedCalendars": {
        "Included": [
          "RC1"
        ]
      }
    },
    "eventsToWaitFor": {
      "Type": "WaitForEvents",
      "Events": [
        {
          "Event": "PRLODSTWS1_1#O_BANK-TO-PRLODSTWS1_1#FIN_0810_11G"
        },
        {
          "Event": "PRLODSTWS1_1#O_DEPT-TO-PRLODSTWS1_1#FIN_0810_11G"
        },
        {
          "Event": "PRLODSTWS1_1#O_STRING_RESOURCE-TO-PRLODSTWS1_1#FIN_0810_11G"
        },
        {
          "Event": "PRLODSTWS1_1#SDM_FIN_CHEQUE_PAY_ACCOUNT-TO-PRLODSTWS1_1#FIN_0810_11G"
        },
        {
          "Event": "PRLODSTWS1_1#SDM_CASH-TO-PRLODSTWS1_1#FIN_0810_11G"
        },
        {
          "Event": "PRLODSTWS1_1#SDM_FORM_CERT_DTL-TO-PRLODSTWS1_1#FIN_0810_11G"
        },
        {
          "Event": "PRLODSTWS1_1#SDM_FORM_PRINT_REQ-TO-PRLODSTWS1_1#FIN_0810_11G"
        },
        {
          "Event": "PRLODSTWS1_1#SDM_CHEQUE-TO-PRLODSTWS1_1#FIN_0810_11G"
        },
        {
          "Event": "PRLODSTWS1_1#SDM_USER-TO-PRLODSTWS1_1#FIN_0810_11G"
        },
        {
          "Event": "PRLODSTWS1_1#SDM_CONTRACT_MASTER-TO-PRLODSTWS1_1#FIN_0810_11G"
        }
      ]
    },
    "eventsToAdd": {
      "Type": "AddEvents",
      "Events": [
        {
          "Event": "PRLODSTWS1_1#FIN_0810_11G-TO-PRLODSTWS1_1#FIN_0810_PARAM"
        }
      ]
    },
    "eventsToDelete": {
      "Type": "DeleteEvents",
      "Events": [
        {
          "Event": "PRLODSTWS1_1#O_BANK-TO-PRLODSTWS1_1#FIN_0810_11G"
        },
        {
          "Event": "PRLODSTWS1_1#O_DEPT-TO-PRLODSTWS1_1#FIN_0810_11G"
        },
        {
          "Event": "PRLODSTWS1_1#O_STRING_RESOURCE-TO-PRLODSTWS1_1#FIN_0810_11G"
        },
        {
          "Event": "PRLODSTWS1_1#SDM_FIN_CHEQUE_PAY_ACCOUNT-TO-PRLODSTWS1_1#FIN_0810_11G"
        },
        {
          "Event": "PRLODSTWS1_1#SDM_CASH-TO-PRLODSTWS1_1#FIN_0810_11G"
        },
        {
          "Event": "PRLODSTWS1_1#SDM_FORM_CERT_DTL-TO-PRLODSTWS1_1#FIN_0810_11G"
        },
        {
          "Event": "PRLODSTWS1_1#SDM_FORM_PRINT_REQ-TO-PRLODSTWS1_1#FIN_0810_11G"
        },
        {
          "Event": "PRLODSTWS1_1#SDM_CHEQUE-TO-PRLODSTWS1_1#FIN_0810_11G"
        },
        {
          "Event": "PRLODSTWS1_1#SDM_USER-TO-PRLODSTWS1_1#FIN_0810_11G"
        },
        {
          "Event": "PRLODSTWS1_1#SDM_CONTRACT_MASTER-TO-PRLODSTWS1_1#FIN_0810_11G"
        }
      ]
    }
  },
  "PRLODSTWS1_1#FIN_1340_PARAM": {
    "Type": "Job:Database:StoredProcedure",
    "ConnectionProfile": "UPCR1",
    "StoredProcedure": "FIN_1340_PARAM_SP",
    "Schema": "SQLEXT",
    "DaysKeepActive": "1",
    "SubApplication": "UPCR1",
    "Host": "CTMAG",
    "CreatedBy": "emuser",
    "Description": "== Conversion Messages Start ==\\n\\nMessage ID\\t: WRN6031 (639-1033)\\n\\n== Conversion Messages End ==\\nAdded by composer.",
    "RunAs": "controlm",
    "Application": "ODS",
    "When": {
      "WeekDays": [
        "NONE"
      ],
      "Months": [
        "NONE"
      ],
      "MonthDays": [
        "NONE"
      ],
      "DaysRelation": "OR",
      "RuleBasedCalendars": {
        "Included": [
          "RC1"
        ]
      }
    },
    "eventsToWaitFor": {
      "Type": "WaitForEvents",
      "Events": [
        {
          "Event": "PRLODSTWS1_1#FIN_1340_11G-TO-PRLODSTWS1_1#FIN_1340_PARAM"
        },
        {
          "Event": "PRLODSTWS1_1#FIN_JOB_PARAM-TO-PRLODSTWS1_1#FIN_1340_PARAM"
        }
      ]
    },
    "eventsToAdd": {
      "Type": "AddEvents",
      "Events": [
        {
          "Event": "PRLODSTWS1_1#FIN_1340_PARAM-TO-PRLODSTWS1_1#FIN_1340_CR"
        }
      ]
    },
    "eventsToDelete": {
      "Type": "DeleteEvents",
      "Events": [
        {
          "Event": "PRLODSTWS1_1#FIN_1340_11G-TO-PRLODSTWS1_1#FIN_1340_PARAM"
        },
        {
          "Event": "PRLODSTWS1_1#FIN_JOB_PARAM-TO-PRLODSTWS1_1#FIN_1340_PARAM"
        }
      ]
    }
  },
  "PRLODSTWS1_1#FIN_0810_CF": {
    "Type": "Job:Command",
    "DaysKeepActive": "1",
    "SubApplication": "UPCR1",
    "Host": "CTMAG",
    "CreatedBy": "emuser",
    "Description": "archiving file for batch",
    "RunAs": "controlm",
    "Application": "ODS",
    "Command": "/home/tws/ods_batch_home/esp.batch.scripts/archiving.file.sh D_RPT_FIN ${tws.job.name} %%\\\\global\\END_DT_CHAR.",
    "When": {
      "WeekDays": [
        "NONE"
      ],
      "Months": [
        "NONE"
      ],
      "MonthDays": [
        "NONE"
      ],
      "DaysRelation": "OR",
      "RuleBasedCalendars": {
        "Included": [
          "RC1"
        ]
      }
    },
    "eventsToWaitFor": {
      "Type": "WaitForEvents",
      "Events": [
        {
          "Event": "PRLODSTWS1_1#FIN_0810_CR-TO-PRLODSTWS1_1#FIN_0810_CF"
        }
      ]
    },
    "eventsToDelete": {
      "Type": "DeleteEvents",
      "Events": [
        {
          "Event": "PRLODSTWS1_1#FIN_0810_CR-TO-PRLODSTWS1_1#FIN_0810_CF"
        }
      ]
    }
  },
  "PRLODSTWS1_1#FIN_0830_CR": {
    "Type": "Job:Command",
    "DaysKeepActive": "1",
    "SubApplication": "UPCR1",
    "Host": "CTMAG",
    "CreatedBy": "emuser",
    "Description": "generate the report file for batch",
    "RunAs": "controlm",
    "Application": "ODS",
    "Command": "/home/tws/ods_batch_home/esp.batch.scripts/gen.report.sh D_RPT_FIN ${tws.job.name} %%\\\\global\\END_DT_CHAR.",
    "When": {
      "WeekDays": [
        "NONE"
      ],
      "Months": [
        "NONE"
      ],
      "MonthDays": [
        "NONE"
      ],
      "DaysRelation": "OR",
      "RuleBasedCalendars": {
        "Included": [
          "RC1"
        ]
      }
    },
    "eventsToWaitFor": {
      "Type": "WaitForEvents",
      "Events": [
        {
          "Event": "PRLODSTWS1_1#FIN_0830_PARAM-TO-PRLODSTWS1_1#FIN_0830_CR"
        }
      ]
    },
    "eventsToAdd": {
      "Type": "AddEvents",
      "Events": [
        {
          "Event": "PRLODSTWS1_1#FIN_0830_CR-TO-PRLODSTWS1_1#FIN_0830_CF"
        }
      ]
    },
    "eventsToDelete": {
      "Type": "DeleteEvents",
      "Events": [
        {
          "Event": "PRLODSTWS1_1#FIN_0830_PARAM-TO-PRLODSTWS1_1#FIN_0830_CR"
        }
      ]
    }
  },
  "PRLODSTWS1_1#FIN_0830_11G": {
    "Type": "Job:Database:StoredProcedure",
    "ConnectionProfile": "UPCR1",
    "StoredProcedure": "FIN_0830_11G_SP",
    "Schema": "SQLEXT",
    "DaysKeepActive": "1",
    "SubApplication": "UPCR1",
    "Host": "CTMAG",
    "CreatedBy": "emuser",
    "Description": "== Conversion Messages Start ==\\n\\nMessage ID\\t: WRN6031 (640-1036)\\n\\n== Conversion Messages End ==\\nAdded by composer.",
    "RunAs": "controlm",
    "Application": "ODS",
    "When": {
      "WeekDays": [
        "NONE"
      ],
      "Months": [
        "NONE"
      ],
      "MonthDays": [
        "NONE"
      ],
      "DaysRelation": "OR",
      "RuleBasedCalendars": {
        "Included": [
          "RC1"
        ]
      }
    },
    "eventsToWaitFor": {
      "Type": "WaitForEvents",
      "Events": [
        {
          "Event": "PRLODSTWS1_1#O_BANK-TO-PRLODSTWS1_1#FIN_0830_11G"
        },
        {
          "Event": "PRLODSTWS1_1#O_FORM_CERT_DTL-TO-PRLODSTWS1_1#FIN_0830_11G"
        },
        {
          "Event": "PRLODSTWS1_1#O_DEPT-TO-PRLODSTWS1_1#FIN_0830_11G"
        },
        {
          "Event": "PRLODSTWS1_1#O_STRING_RESOURCE-TO-PRLODSTWS1_1#FIN_0830_11G"
        },
        {
          "Event": "PRLODSTWS1_1#SDM_FIN_CHEQUE_PAY_ACCOUNT-TO-PRLODSTWS1_1#FIN_0830_11G"
        },
        {
          "Event": "PRLODSTWS1_1#SDM_CASH-TO-PRLODSTWS1_1#FIN_0830_11G"
        },
        {
          "Event": "PRLODSTWS1_1#SDM_FORM_PRINT_REQ-TO-PRLODSTWS1_1#FIN_0830_11G"
        },
        {
          "Event": "PRLODSTWS1_1#SDM_CHEQUE-TO-PRLODSTWS1_1#FIN_0830_11G"
        },
        {
          "Event": "PRLODSTWS1_1#SDM_USER-TO-PRLODSTWS1_1#FIN_0830_11G"
        },
        {
          "Event": "PRLODSTWS1_1#SDM_CONTRACT_MASTER-TO-PRLODSTWS1_1#FIN_0830_11G"
        }
      ]
    },
    "eventsToAdd": {
      "Type": "AddEvents",
      "Events": [
        {
          "Event": "PRLODSTWS1_1#FIN_0830_11G-TO-PRLODSTWS1_1#FIN_0830_PARAM"
        }
      ]
    },
    "eventsToDelete": {
      "Type": "DeleteEvents",
      "Events": [
        {
          "Event": "PRLODSTWS1_1#O_BANK-TO-PRLODSTWS1_1#FIN_0830_11G"
        },
        {
          "Event": "PRLODSTWS1_1#O_FORM_CERT_DTL-TO-PRLODSTWS1_1#FIN_0830_11G"
        },
        {
          "Event": "PRLODSTWS1_1#O_DEPT-TO-PRLODSTWS1_1#FIN_0830_11G"
        },
        {
          "Event": "PRLODSTWS1_1#O_STRING_RESOURCE-TO-PRLODSTWS1_1#FIN_0830_11G"
        },
        {
          "Event": "PRLODSTWS1_1#SDM_FIN_CHEQUE_PAY_ACCOUNT-TO-PRLODSTWS1_1#FIN_0830_11G"
        },
        {
          "Event": "PRLODSTWS1_1#SDM_CASH-TO-PRLODSTWS1_1#FIN_0830_11G"
        },
        {
          "Event": "PRLODSTWS1_1#SDM_FORM_PRINT_REQ-TO-PRLODSTWS1_1#FIN_0830_11G"
        },
        {
          "Event": "PRLODSTWS1_1#SDM_CHEQUE-TO-PRLODSTWS1_1#FIN_0830_11G"
        },
        {
          "Event": "PRLODSTWS1_1#SDM_USER-TO-PRLODSTWS1_1#FIN_0830_11G"
        },
        {
          "Event": "PRLODSTWS1_1#SDM_CONTRACT_MASTER-TO-PRLODSTWS1_1#FIN_0830_11G"
        }
      ]
    }
  },
  "eventsToAdd": {
    "Type": "AddEvents",
    "Events": [
      {
        "Event": "PRLODSTWS1_1#D_RPT_FIN_20-TO-PRLODSTWS1_1#BDS_STS_RPT_FIN"
      }
    ]
  }
  }
}
