{
  "PRLODSTWS1_1#D_ODS_FIN_G": {
  "Type":  "Folder",
  "ControlmServer": "CTM",
  "Description": "== Conversion Messages Start ==\\n\\nMessage ID\\t: INF6107 (3865-6783)\\n\\nMessage ID\\t: INF6104 (3866-6783)\\n\\n== Conversion Messages End ==\\n",
  "OrderMethod": "Manual",
  "SubApplication": "UPCR1",
  "CreatedBy": "emuser",
  "Application": "ODS",
  "When": {
    "RuleBasedCalendars": {
      "Included": [
        "RC1"
      ],
      "RC1": {
        "Type": "Calendar:RuleBased",
        "When": {
          "MonthDaysCalendar": "RCG-D-NAT",
          "DaysRelation": "OR",
          "DaysKeepActive": "01",
          "WeekDays": [
            "NONE"
          ],
          "MonthDays": [
            "NONE"
          ]
        }
      }
    }
  },
  "PRLODSTWS1_1#FIN_1360_G": {
    "Type": "Job:Database:StoredProcedure",
    "ConnectionProfile": "UPCR1",
    "StoredProcedure": "FIN_1360_G_SP",
    "Schema": "SQLEXT",
    "DaysKeepActive": "1",
    "SubApplication": "UPCR1",
    "Host": "CTMAG",
    "CreatedBy": "emuser",
    "Description": "== Conversion Messages Start ==\\n\\nMessage ID\\t: WRN6031 (3862-6784)\\n\\n== Conversion Messages End ==\\nAdded by composer.",
    "RunAs": "controlm",
    "Application": "ODS",
    "When": {
      "WeekDays": [
        "NONE"
      ],
      "Months": [
        "NONE"
      ],
      "MonthDays": [
        "NONE"
      ],
      "DaysRelation": "OR",
      "RuleBasedCalendars": {
        "Included": [
          "RC1"
        ]
      }
    },
    "eventsToWaitFor": {
      "Type": "WaitForEvents",
      "Events": [
        {
          "Event": "PRLODSTWS1_1#FIN_G_FIN_1360_G_CPD-TO-PRLODSTWS1_1#FIN_1360_G"
        }
      ]
    },
    "eventsToAdd": {
      "Type": "AddEvents",
      "Events": [
        {
          "Event": "PRLODSTWS1_1#FIN_1360_G-TO-PRLODSTWS1_1#FIN_G_FIN_1360_G_LD"
        }
      ]
    },
    "eventsToDelete": {
      "Type": "DeleteEvents",
      "Events": [
        {
          "Event": "PRLODSTWS1_1#FIN_G_FIN_1360_G_CPD-TO-PRLODSTWS1_1#FIN_1360_G"
        }
      ]
    }
  },
  "PRLODSTWS1_1#FIN_G_FIN_1360_G_LD": {
    "Type": "Job:EmbeddedScript",
    "Script": "^DIR_OUTPUT_STG^FIN_G/FIN_1360_G/FIN_1360_G.sh ^ETLUSER^  ^ETLPWD^ ^DW_HOST^ ^END_DT_CHAR^",
    "DaysKeepActive": "1",
    "SubApplication": "UPCR1",
    "FileName": "PRLODSTWS1_1#FIN_G_FIN_1360_G_LD.cmd",
    "Host": "CTMAG",
    "CreatedBy": "emuser",
    "Description": "Common Local Batch Template",
    "RunAs": "controlm",
    "Application": "ODS",
    "When": {
      "WeekDays": [
        "NONE"
      ],
      "Months": [
        "NONE"
      ],
      "MonthDays": [
        "NONE"
      ],
      "DaysRelation": "OR",
      "RuleBasedCalendars": {
        "Included": [
          "RC1"
        ]
      }
    },
    "eventsToWaitFor": {
      "Type": "WaitForEvents",
      "Events": [
        {
          "Event": "PRLODSTWS1_1#FIN_1360_G-TO-PRLODSTWS1_1#FIN_G_FIN_1360_G_LD"
        }
      ]
    },
    "eventsToAdd": {
      "Type": "AddEvents",
      "Events": [
        {
          "Event": "PRLODSTWS1_1#FIN_G_FIN_1360_G_LD-TO-PRLODSTWS1_1#O_FIN_G_FIN_1360_G"
        }
      ]
    },
    "eventsToDelete": {
      "Type": "DeleteEvents",
      "Events": [
        {
          "Event": "PRLODSTWS1_1#FIN_1360_G-TO-PRLODSTWS1_1#FIN_G_FIN_1360_G_LD"
        }
      ]
    }
  },
  "PRLODSTWS1_1#FIN_G_FIN_1360_G_RMH": {
    "Type": "Job:EmbeddedScript",
    "Script": "/usr/bin/rm ^DIR_SOURCE^FIN_G/RQ/CTRL/FIN_1360_G/FIN_1360_G_^END_DT_CHAR^.txt",
    "DaysKeepActive": "1",
    "SubApplication": "UPCR1",
    "FileName": "PRLODSTWS1_1#FIN_G_FIN_1360_G_RMH.cmd",
    "Host": "CTMAG",
    "CreatedBy": "emuser",
    "Description": "Common Local Batch Template",
    "RunAs": "controlm",
    "Application": "ODS",
    "When": {
      "WeekDays": [
        "NONE"
      ],
      "Months": [
        "NONE"
      ],
      "MonthDays": [
        "NONE"
      ],
      "DaysRelation": "OR",
      "RuleBasedCalendars": {
        "Included": [
          "RC1"
        ]
      }
    },
    "eventsToWaitFor": {
      "Type": "WaitForEvents",
      "Events": [
        {
          "Event": "PRLODSTWS1_1#O_FIN_G_FIN_1360_G-TO-PRLODSTWS1_1#FIN_G_FIN_1360_G_RMH"
        }
      ]
    },
    "eventsToAdd": {
      "Type": "AddEvents",
      "Events": [
        {
          "Event": "PRLODSTWS1_1#FIN_G_FIN_1360_G_RMH-TO-PRLODSTWS1_1#FIN_G_FIN_1360_G_RMD"
        }
      ]
    },
    "eventsToDelete": {
      "Type": "DeleteEvents",
      "Events": [
        {
          "Event": "PRLODSTWS1_1#O_FIN_G_FIN_1360_G-TO-PRLODSTWS1_1#FIN_G_FIN_1360_G_RMH"
        }
      ]
    }
  },
  "PRLODSTWS1_1#FIN_G_FIN_1360_G_CPH": {
    "Type": "Job:EmbeddedScript",
    "Script": "/usr/bin/cp ^DIR_SOURCE^FIN_G/RQ/CTRL/FIN_1360_G/FIN_1360_G_^END_DT_CHAR^.txt ^DIR_TEMP^/FIN_G/FIN_1360_G.H",
    "DaysKeepActive": "1",
    "SubApplication": "UPCR1",
    "FileName": "PRLODSTWS1_1#FIN_G_FIN_1360_G_CPH.cmd",
    "Host": "CTMAG",
    "CreatedBy": "emuser",
    "Description": "Common Local Batch Template",
    "RunAs": "controlm",
    "Application": "ODS",
    "When": {
      "WeekDays": [
        "NONE"
      ],
      "Months": [
        "NONE"
      ],
      "MonthDays": [
        "NONE"
      ],
      "DaysRelation": "OR",
      "RuleBasedCalendars": {
        "Included": [
          "RC1"
        ]
      }
    },
    "eventsToWaitFor": {
      "Type": "WaitForEvents",
      "Events": [
        {
          "Event": "PRLODSTWS1_1#FIN_G_FIN_1360_G_WH-TO-PRLODSTWS1_1#FIN_G_FIN_1360_G_CPH"
        }
      ]
    },
    "eventsToAdd": {
      "Type": "AddEvents",
      "Events": [
        {
          "Event": "PRLODSTWS1_1#FIN_G_FIN_1360_G_CPH-TO-PRLODSTWS1_1#FIN_G_FIN_1360_G_CPD"
        }
      ]
    },
    "eventsToDelete": {
      "Type": "DeleteEvents",
      "Events": [
        {
          "Event": "PRLODSTWS1_1#FIN_G_FIN_1360_G_WH-TO-PRLODSTWS1_1#FIN_G_FIN_1360_G_CPH"
        }
      ]
    }
  },
  "PRLODSTWS1_1#O_FIN_G_FIN_1360_G": {
    "Type": "Job:Database:StoredProcedure",
    "ConnectionProfile": "UPCR1",
    "StoredProcedure": "O_FIN_G_FIN_1360_G_SP",
    "Schema": "SQLEXT",
    "DaysKeepActive": "1",
    "SubApplication": "UPCR1",
    "Host": "CTMAG",
    "CreatedBy": "emuser",
    "Description": "== Conversion Messages Start ==\\n\\nMessage ID\\t: WRN6031 (3863-6788)\\n\\n== Conversion Messages End ==\\nAdded by composer.",
    "RunAs": "controlm",
    "Application": "ODS",
    "When": {
      "WeekDays": [
        "NONE"
      ],
      "Months": [
        "NONE"
      ],
      "MonthDays": [
        "NONE"
      ],
      "DaysRelation": "OR",
      "RuleBasedCalendars": {
        "Included": [
          "RC1"
        ]
      }
    },
    "eventsToWaitFor": {
      "Type": "WaitForEvents",
      "Events": [
        {
          "Event": "PRLODSTWS1_1#FIN_G_FIN_1360_G_LD-TO-PRLODSTWS1_1#O_FIN_G_FIN_1360_G"
        }
      ]
    },
    "eventsToAdd": {
      "Type": "AddEvents",
      "Events": [
        {
          "Event": "PRLODSTWS1_1#O_FIN_G_FIN_1360_G-TO-PRLODSTWS1_1#FIN_G_FIN_1360_G_RMH"
        }
      ]
    },
    "eventsToDelete": {
      "Type": "DeleteEvents",
      "Events": [
        {
          "Event": "PRLODSTWS1_1#FIN_G_FIN_1360_G_LD-TO-PRLODSTWS1_1#O_FIN_G_FIN_1360_G"
        }
      ]
    }
  },
  "PRLODSTWS1_1#FIN_G_FIN_1360_G_RMD": {
    "Type": "Job:EmbeddedScript",
    "Script": "/usr/bin/rm ^DIR_SOURCE^FIN_G/RQ/DATA/FIN_1360_G/FIN_1360_G_^END_DT_CHAR^.txt",
    "DaysKeepActive": "1",
    "SubApplication": "UPCR1",
    "FileName": "PRLODSTWS1_1#FIN_G_FIN_1360_G_RMD.cmd",
    "Host": "CTMAG",
    "CreatedBy": "emuser",
    "Description": "Common Local Batch Template",
    "RunAs": "controlm",
    "Application": "ODS",
    "When": {
      "WeekDays": [
        "NONE"
      ],
      "Months": [
        "NONE"
      ],
      "MonthDays": [
        "NONE"
      ],
      "DaysRelation": "OR",
      "RuleBasedCalendars": {
        "Included": [
          "RC1"
        ]
      }
    },
    "eventsToWaitFor": {
      "Type": "WaitForEvents",
      "Events": [
        {
          "Event": "PRLODSTWS1_1#FIN_G_FIN_1360_G_RMH-TO-PRLODSTWS1_1#FIN_G_FIN_1360_G_RMD"
        }
      ]
    },
    "eventsToDelete": {
      "Type": "DeleteEvents",
      "Events": [
        {
          "Event": "PRLODSTWS1_1#FIN_G_FIN_1360_G_RMH-TO-PRLODSTWS1_1#FIN_G_FIN_1360_G_RMD"
        }
      ]
    }
  },
  "PRLODSTWS1_1#FIN_G_FIN_1360_G_CPD": {
    "Type": "Job:EmbeddedScript",
    "Script": "/usr/bin/cp ^DIR_SOURCE^FIN_G/RQ/DATA/FIN_1360_G/FIN_1360_G_^END_DT_CHAR^.txt  ^DIR_TEMP^/FIN_G/FIN_1360_G.D",
    "DaysKeepActive": "1",
    "SubApplication": "UPCR1",
    "FileName": "PRLODSTWS1_1#FIN_G_FIN_1360_G_CPD.cmd",
    "Host": "CTMAG",
    "CreatedBy": "emuser",
    "Description": "Common Local Batch Template",
    "RunAs": "controlm",
    "Application": "ODS",
    "When": {
      "WeekDays": [
        "NONE"
      ],
      "Months": [
        "NONE"
      ],
      "MonthDays": [
        "NONE"
      ],
      "DaysRelation": "OR",
      "RuleBasedCalendars": {
        "Included": [
          "RC1"
        ]
      }
    },
    "eventsToWaitFor": {
      "Type": "WaitForEvents",
      "Events": [
        {
          "Event": "PRLODSTWS1_1#FIN_G_FIN_1360_G_CPH-TO-PRLODSTWS1_1#FIN_G_FIN_1360_G_CPD"
        }
      ]
    },
    "eventsToAdd": {
      "Type": "AddEvents",
      "Events": [
        {
          "Event": "PRLODSTWS1_1#FIN_G_FIN_1360_G_CPD-TO-PRLODSTWS1_1#FIN_1360_G"
        }
      ]
    },
    "eventsToDelete": {
      "Type": "DeleteEvents",
      "Events": [
        {
          "Event": "PRLODSTWS1_1#FIN_G_FIN_1360_G_CPH-TO-PRLODSTWS1_1#FIN_G_FIN_1360_G_CPD"
        }
      ]
    }
  },
  "PRLODSTWS1_1#FIN_G_FIN_1360_G_WH": {
    "Type": "Job:EmbeddedScript",
    "Script": "date",
    "DaysKeepActive": "1",
    "SubApplication": "UPCR1",
    "FileName": "PRLODSTWS1_1#FIN_G_FIN_1360_G_WH.cmd",
    "Host": "CTMAG",
    "CreatedBy": "emuser",
    "Description": "== Conversion Messages Start ==\\n\\nMessage ID\\t: INF6110 (3864-6791)\\n\\n== Conversion Messages End ==\\nCommon Remote Batch Template",
    "RunAs": "controlm",
    "Application": "ODS",
    "When": {
      "WeekDays": [
        "NONE"
      ],
      "Months": [
        "NONE"
      ],
      "MonthDays": [
        "NONE"
      ],
      "DaysRelation": "OR",
      "RuleBasedCalendars": {
        "Included": [
          "RC1"
        ]
      }
    },
    "eventsToWaitFor": {
      "Type": "WaitForEvents",
      "Events": [
        {
          "Event": "PRLODSTWS1_1#SYS_STS_STG-TO-PRLODSTWS1_1#FIN_G_FIN_1360_G_WH"
        },
        {
          "Event": "PRLODSTWS1_1#FIN_G_FIN_1360_G_WH@PRLODSTWS1_1#D_ODS_FIN_G_opens_0"
        }
      ]
    },
    "eventsToAdd": {
      "Type": "AddEvents",
      "Events": [
        {
          "Event": "PRLODSTWS1_1#FIN_G_FIN_1360_G_WH-TO-PRLODSTWS1_1#FIN_G_FIN_1360_G_CPH"
        }
      ]
    },
    "eventsToDelete": {
      "Type": "DeleteEvents",
      "Events": [
        {
          "Event": "PRLODSTWS1_1#SYS_STS_STG-TO-PRLODSTWS1_1#FIN_G_FIN_1360_G_WH"
        },
        {
          "Event": "PRLODSTWS1_1#FIN_G_FIN_1360_G_WH@PRLODSTWS1_1#D_ODS_FIN_G_opens_0"
        }
      ]
    }
  },
  "PRLODSTWS1_1#FIN_G_FIN_1360_G_WH_opens_0": {
    "Type": "Job:FileWatcher:Create",
    "TimeLimit": "1380",
    "Wildcard": true,
    "Path": "%%DIR_SOURCEFIN_G/RQ/CTRL/FIN_1360_G/FIN_1360_G_%%END_DT_CHAR.txt",
    "SubApplication": "UPCR1",
    "FileName": "PRLODSTWS1_1#FIN_G_FIN_1360_G_WH_opens_0",
    "Host": "PRLODSTWS1_1",
    "FilePath": "Not in use for File Watcher jobs",
    "CreatedBy": "emuser",
    "Description": "Assisting job created for PRLODSTWS1_1#FIN_G_FIN_1360_G_WH",
    "RunAs": "controlm",
    "Application": "ODS",
    "Variables": [
      {
        "END_DT_CHAR": "20220609"
      },
      {
        "DIR_SOURCE": "/home/tws/ods_batch_home/etl/SOURCE/"
      },
      {
        "FileWatch-PATH": "Not in use for File Watcher jobs"
      }
    ],
    "When": {
      "WeekDays": [
        "NONE"
      ],
      "Months": [
        "NONE"
      ],
      "MonthDays": [
        "NONE"
      ],
      "DaysRelation": "OR",
      "RuleBasedCalendars": {
        "Included": [
          "RC1"
        ]
      }
    },
    "eventsToAdd": {
      "Type": "AddEvents",
      "Events": [
        {
          "Event": "PRLODSTWS1_1#FIN_G_FIN_1360_G_WH@PRLODSTWS1_1#D_ODS_FIN_G_opens_0"
        }
      ]
    }
  }
  }
}
