{
  "PRLODSTWS1_1#D_SDM_PA_30": {
  "Type":  "Folder",
  "ControlmServer": "CTM",
  "Description": "== Conversion Messages Start ==\\n\\nMessage ID\\t: INF6107 (2723-4806)\\n\\nMessage ID\\t: INF6104 (2724-4806)\\n\\n== Conversion Messages End ==\\n",
  "OrderMethod": "Manual",
  "SubApplication": "UPCR1",
  "CreatedBy": "emuser",
  "Application": "ODS",
  "When": {
    "RuleBasedCalendars": {
      "Included": [
        "RC1"
      ],
      "RC1": {
        "Type": "Calendar:RuleBased",
        "When": {
          "MonthDaysCalendar": "RCG-D-NAT",
          "DaysRelation": "OR",
          "DaysKeepActive": "01",
          "WeekDays": [
            "NONE"
          ],
          "MonthDays": [
            "NONE"
          ]
        }
      }
    }
  },
  "PRLODSTWS1_1#SDM_CONTRACT_MASTER_PA": {
    "Type": "Job:Database:StoredProcedure",
    "ConnectionProfile": "UPCR1",
    "StoredProcedure": "SDM_CONTRACT_MASTER_PA_SP",
    "Schema": "SQLEXT",
    "DaysKeepActive": "1",
    "SubApplication": "UPCR1",
    "Host": "CTMAG",
    "CreatedBy": "emuser",
    "Description": "== Conversion Messages Start ==\\n\\nMessage ID\\t: WRN6031 (2715-4807)\\n\\n== Conversion Messages End ==\\nAdded by composer.",
    "RunAs": "controlm",
    "Application": "ODS",
    "When": {
      "WeekDays": [
        "NONE"
      ],
      "Months": [
        "NONE"
      ],
      "MonthDays": [
        "NONE"
      ],
      "DaysRelation": "OR",
      "RuleBasedCalendars": {
        "Included": [
          "RC1"
        ]
      }
    },
    "eventsToWaitFor": {
      "Type": "WaitForEvents",
      "Events": [
        {
          "Event": "PRLODSTWS1_1#O_CONTRACT_EXTEND-TO-PRLODSTWS1_1#SDM_CONTRACT_MASTER_PA"
        },
        {
          "Event": "PRLODSTWS1_1#O_CONTRACT_MASTER-TO-PRLODSTWS1_1#SDM_CONTRACT_MASTER_PA"
        }
      ]
    },
    "eventsToAdd": {
      "Type": "AddEvents",
      "Events": [
        {
          "Event": "PRLODSTWS1_1#SDM_CONTRACT_MASTER_PA-TO-PRLODSTWS1_1#FDW_CONTRACT_MASTER"
        },
        {
          "Event": "PRLODSTWS1_1#SDM_CONTRACT_MASTER_PA-TO-PRLODSTWS1_1#PA_0510_11G"
        },
        {
          "Event": "PRLODSTWS1_1#SDM_CONTRACT_MASTER_PA-TO-PRLODSTWS1_1#PA_0640_11G"
        },
        {
          "Event": "PRLODSTWS1_1#SDM_CONTRACT_MASTER_PA-TO-PRLODSTWS1_1#PA_0720_11G"
        },
        {
          "Event": "PRLODSTWS1_1#SDM_CONTRACT_MASTER_PA-TO-PRLODSTWS1_1#POS_1410_11G"
        }
      ]
    },
    "eventsToDelete": {
      "Type": "DeleteEvents",
      "Events": [
        {
          "Event": "PRLODSTWS1_1#O_CONTRACT_EXTEND-TO-PRLODSTWS1_1#SDM_CONTRACT_MASTER_PA"
        },
        {
          "Event": "PRLODSTWS1_1#O_CONTRACT_MASTER-TO-PRLODSTWS1_1#SDM_CONTRACT_MASTER_PA"
        }
      ]
    }
  },
  "PRLODSTWS1_1#SDM_PA_RCPT_CONFIRM_RULE": {
    "Type": "Job:Database:StoredProcedure",
    "ConnectionProfile": "UPCR1",
    "StoredProcedure": "SDM_PA_RCPT_CONFIRM_RULE_SP",
    "Schema": "SQLEXT",
    "DaysKeepActive": "1",
    "SubApplication": "UPCR1",
    "Host": "CTMAG",
    "CreatedBy": "emuser",
    "Description": "== Conversion Messages Start ==\\n\\nMessage ID\\t: WRN6031 (2716-4808)\\n\\n== Conversion Messages End ==\\nAdded by composer.",
    "RunAs": "controlm",
    "Application": "ODS",
    "When": {
      "WeekDays": [
        "NONE"
      ],
      "Months": [
        "NONE"
      ],
      "MonthDays": [
        "NONE"
      ],
      "DaysRelation": "OR",
      "RuleBasedCalendars": {
        "Included": [
          "RC1"
        ]
      }
    },
    "eventsToWaitFor": {
      "Type": "WaitForEvents",
      "Events": [
        {
          "Event": "PRLODSTWS1_1#O_PA_RCPT_CONFIRM_RULE-TO-PRLODSTWS1_1#SDM_PA_RCPT_CONFIRM_RULE"
        }
      ]
    },
    "eventsToAdd": {
      "Type": "AddEvents",
      "Events": [
        {
          "Event": "PRLODSTWS1_1#SDM_PA_RCPT_CONFIRM_RULE-TO-PRLODSTWS1_1#PA_0330_11G"
        }
      ]
    },
    "eventsToDelete": {
      "Type": "DeleteEvents",
      "Events": [
        {
          "Event": "PRLODSTWS1_1#O_PA_RCPT_CONFIRM_RULE-TO-PRLODSTWS1_1#SDM_PA_RCPT_CONFIRM_RULE"
        }
      ]
    }
  },
  "PRLODSTWS1_1#SDM_PREM_ARAP": {
    "Type": "Job:Database:StoredProcedure",
    "ConnectionProfile": "UPCR1",
    "StoredProcedure": "SDM_PREM_ARAP_SP",
    "Schema": "SQLEXT",
    "DaysKeepActive": "1",
    "SubApplication": "UPCR1",
    "Host": "CTMAG",
    "CreatedBy": "emuser",
    "Description": "== Conversion Messages Start ==\\n\\nMessage ID\\t: WRN6031 (2717-4809)\\n\\n== Conversion Messages End ==\\nAdded by composer.",
    "RunAs": "controlm",
    "Application": "ODS",
    "When": {
      "WeekDays": [
        "NONE"
      ],
      "Months": [
        "NONE"
      ],
      "MonthDays": [
        "NONE"
      ],
      "DaysRelation": "OR",
      "RuleBasedCalendars": {
        "Included": [
          "RC1"
        ]
      }
    },
    "eventsToWaitFor": {
      "Type": "WaitForEvents",
      "Events": [
        {
          "Event": "PRLODSTWS1_1#O_PREM_ARAP-TO-PRLODSTWS1_1#SDM_PREM_ARAP"
        }
      ]
    },
    "eventsToAdd": {
      "Type": "AddEvents",
      "Events": [
        {
          "Event": "PRLODSTWS1_1#SDM_PREM_ARAP-TO-PRLODSTWS1_1#FDW_POLICY_CHANGE"
        },
        {
          "Event": "PRLODSTWS1_1#SDM_PREM_ARAP-TO-PRLODSTWS1_1#FDW_FUND_TXN_CASH"
        },
        {
          "Event": "PRLODSTWS1_1#SDM_PREM_ARAP-TO-PRLODSTWS1_1#FDW_NOTICE"
        },
        {
          "Event": "PRLODSTWS1_1#SDM_PREM_ARAP-TO-PRLODSTWS1_1#FDW_PREMIUM_CMS_M"
        },
        {
          "Event": "PRLODSTWS1_1#SDM_PREM_ARAP-TO-PRLODSTWS1_1#FDW_PREMIUM_APL_M"
        },
        {
          "Event": "PRLODSTWS1_1#SDM_PREM_ARAP-TO-PRLODSTWS1_1#AYB_UW_POL"
        },
        {
          "Event": "PRLODSTWS1_1#SDM_PREM_ARAP-TO-PRLODSTWS1_1#FDW_BRCCBR_C_ONE_CMBNS"
        },
        {
          "Event": "PRLODSTWS1_1#SDM_PREM_ARAP-TO-PRLODSTWS1_1#FDW_BRCCBR_LAW_CMBNS"
        },
        {
          "Event": "PRLODSTWS1_1#SDM_PREM_ARAP-TO-PRLODSTWS1_1#LEIS_COMM_M"
        },
        {
          "Event": "PRLODSTWS1_1#SDM_PREM_ARAP-TO-PRLODSTWS1_1#FDW_CONTRACT_PROD_PROK"
        },
        {
          "Event": "PRLODSTWS1_1#SDM_PREM_ARAP-TO-PRLODSTWS1_1#SINO_CTPL_I"
        },
        {
          "Event": "PRLODSTWS1_1#SDM_PREM_ARAP-TO-PRLODSTWS1_1#SINO_CTPL_L"
        },
        {
          "Event": "PRLODSTWS1_1#SDM_PREM_ARAP-TO-PRLODSTWS1_1#SINO_NEW_COMM_M"
        },
        {
          "Event": "PRLODSTWS1_1#SDM_PREM_ARAP-TO-PRLODSTWS1_1#FDW_POLICY_CHANGE_1"
        },
        {
          "Event": "PRLODSTWS1_1#SDM_PREM_ARAP-TO-PRLODSTWS1_1#FDW_FUND_TXN_CASH_1"
        },
        {
          "Event": "PRLODSTWS1_1#SDM_PREM_ARAP-TO-PRLODSTWS1_1#FDW_NOTICE_1"
        },
        {
          "Event": "PRLODSTWS1_1#SDM_PREM_ARAP-TO-PRLODSTWS1_1#FDW_COMMISION_Y"
        },
        {
          "Event": "PRLODSTWS1_1#SDM_PREM_ARAP-TO-PRLODSTWS1_1#FDW_BONUS_Y"
        },
        {
          "Event": "PRLODSTWS1_1#SDM_PREM_ARAP-TO-PRLODSTWS1_1#FDW_PREMIUM_CMS_M_1"
        },
        {
          "Event": "PRLODSTWS1_1#SDM_PREM_ARAP-TO-PRLODSTWS1_1#FDW_PREMIUM_APL_M_1"
        },
        {
          "Event": "PRLODSTWS1_1#SDM_PREM_ARAP-TO-PRLODSTWS1_1#CLM_0380_41G"
        },
        {
          "Event": "PRLODSTWS1_1#SDM_PREM_ARAP-TO-PRLODSTWS1_1#PA_0560_11G"
        },
        {
          "Event": "PRLODSTWS1_1#SDM_PREM_ARAP-TO-PRLODSTWS1_1#PA_0600_11G"
        },
        {
          "Event": "PRLODSTWS1_1#SDM_PREM_ARAP-TO-PRLODSTWS1_1#PA_0630_11G"
        },
        {
          "Event": "PRLODSTWS1_1#SDM_PREM_ARAP-TO-PRLODSTWS1_1#PA_0590_11G"
        },
        {
          "Event": "PRLODSTWS1_1#SDM_PREM_ARAP-TO-PRLODSTWS1_1#POS_1000_11G"
        },
        {
          "Event": "PRLODSTWS1_1#SDM_PREM_ARAP-TO-PRLODSTWS1_1#POS_1080_11G"
        },
        {
          "Event": "PRLODSTWS1_1#SDM_PREM_ARAP-TO-PRLODSTWS1_1#POS_1330_11G"
        },
        {
          "Event": "PRLODSTWS1_1#SDM_PREM_ARAP-TO-PRLODSTWS1_1#POS_1390_11G"
        },
        {
          "Event": "PRLODSTWS1_1#SDM_PREM_ARAP-TO-PRLODSTWS1_1#POS_1340_11G"
        },
        {
          "Event": "PRLODSTWS1_1#SDM_PREM_ARAP-TO-PRLODSTWS1_1#SC_6110_11G"
        },
        {
          "Event": "PRLODSTWS1_1#SDM_PREM_ARAP-TO-PRLODSTWS1_1#SC_6170_11G"
        },
        {
          "Event": "PRLODSTWS1_1#SDM_PREM_ARAP-TO-PRLODSTWS1_1#SC_6180_11G"
        },
        {
          "Event": "PRLODSTWS1_1#SDM_PREM_ARAP-TO-PRLODSTWS1_1#SC_6720_11G"
        },
        {
          "Event": "PRLODSTWS1_1#SDM_PREM_ARAP-TO-PRLODSTWS1_1#FDW_PC_M_FEPRO"
        }
      ]
    },
    "eventsToDelete": {
      "Type": "DeleteEvents",
      "Events": [
        {
          "Event": "PRLODSTWS1_1#O_PREM_ARAP-TO-PRLODSTWS1_1#SDM_PREM_ARAP"
        }
      ]
    }
  },
  "PRLODSTWS1_1#SDM_PA_TRADER": {
    "Type": "Job:Database:StoredProcedure",
    "ConnectionProfile": "UPCR1",
    "StoredProcedure": "SDM_PA_TRADER_SP",
    "Schema": "SQLEXT",
    "DaysKeepActive": "1",
    "SubApplication": "UPCR1",
    "Host": "CTMAG",
    "CreatedBy": "emuser",
    "Description": "== Conversion Messages Start ==\\n\\nMessage ID\\t: WRN6031 (2718-4810)\\n\\n== Conversion Messages End ==\\nAdded by composer.",
    "RunAs": "controlm",
    "Application": "ODS",
    "When": {
      "WeekDays": [
        "NONE"
      ],
      "Months": [
        "NONE"
      ],
      "MonthDays": [
        "NONE"
      ],
      "DaysRelation": "OR",
      "RuleBasedCalendars": {
        "Included": [
          "RC1"
        ]
      }
    },
    "eventsToWaitFor": {
      "Type": "WaitForEvents",
      "Events": [
        {
          "Event": "PRLODSTWS1_1#O_PA_TRADER-TO-PRLODSTWS1_1#SDM_PA_TRADER"
        }
      ]
    },
    "eventsToDelete": {
      "Type": "DeleteEvents",
      "Events": [
        {
          "Event": "PRLODSTWS1_1#O_PA_TRADER-TO-PRLODSTWS1_1#SDM_PA_TRADER"
        }
      ]
    }
  },
  "PRLODSTWS1_1#SDM_CHEQUE": {
    "Type": "Job:Database:StoredProcedure",
    "ConnectionProfile": "UPCR1",
    "StoredProcedure": "SDM_CHEQUE_SP",
    "Schema": "SQLEXT",
    "DaysKeepActive": "1",
    "SubApplication": "UPCR1",
    "Host": "CTMAG",
    "CreatedBy": "emuser",
    "Description": "== Conversion Messages Start ==\\n\\nMessage ID\\t: WRN6031 (2719-4811)\\n\\n== Conversion Messages End ==\\nAdded by composer.",
    "RunAs": "controlm",
    "Application": "ODS",
    "When": {
      "WeekDays": [
        "NONE"
      ],
      "Months": [
        "NONE"
      ],
      "MonthDays": [
        "NONE"
      ],
      "DaysRelation": "OR",
      "RuleBasedCalendars": {
        "Included": [
          "RC1"
        ]
      }
    },
    "eventsToWaitFor": {
      "Type": "WaitForEvents",
      "Events": [
        {
          "Event": "PRLODSTWS1_1#O_CHEQUE-TO-PRLODSTWS1_1#SDM_CHEQUE"
        },
        {
          "Event": "PRLODSTWS1_1#O_CHEQUE_STATUS-TO-PRLODSTWS1_1#SDM_CHEQUE"
        }
      ]
    },
    "eventsToAdd": {
      "Type": "AddEvents",
      "Events": [
        {
          "Event": "PRLODSTWS1_1#SDM_CHEQUE-TO-PRLODSTWS1_1#FDW_UNPAYMENT_SIC"
        },
        {
          "Event": "PRLODSTWS1_1#SDM_CHEQUE-TO-PRLODSTWS1_1#FIN_0750_11G"
        },
        {
          "Event": "PRLODSTWS1_1#SDM_CHEQUE-TO-PRLODSTWS1_1#FIN_0810_11G"
        },
        {
          "Event": "PRLODSTWS1_1#SDM_CHEQUE-TO-PRLODSTWS1_1#FIN_0830_11G"
        },
        {
          "Event": "PRLODSTWS1_1#SDM_CHEQUE-TO-PRLODSTWS1_1#SC_6120_11G"
        },
        {
          "Event": "PRLODSTWS1_1#SDM_CHEQUE-TO-PRLODSTWS1_1#SC_6140_11G"
        },
        {
          "Event": "PRLODSTWS1_1#SDM_CHEQUE-TO-PRLODSTWS1_1#UNB_0450_11G"
        }
      ]
    },
    "eventsToDelete": {
      "Type": "DeleteEvents",
      "Events": [
        {
          "Event": "PRLODSTWS1_1#O_CHEQUE-TO-PRLODSTWS1_1#SDM_CHEQUE"
        },
        {
          "Event": "PRLODSTWS1_1#O_CHEQUE_STATUS-TO-PRLODSTWS1_1#SDM_CHEQUE"
        }
      ]
    }
  },
  "PRLODSTWS1_1#SDM_NOTICE_END_TRI": {
    "Type": "Job:Database:StoredProcedure",
    "ConnectionProfile": "UPCR1",
    "StoredProcedure": "SDM_NOTICE_END_TRI_SP",
    "Schema": "SQLEXT",
    "DaysKeepActive": "1",
    "SubApplication": "UPCR1",
    "Host": "CTMAG",
    "CreatedBy": "emuser",
    "Description": "== Conversion Messages Start ==\\n\\nMessage ID\\t: WRN6031 (2720-4812)\\n\\n== Conversion Messages End ==\\nAdded by composer.",
    "RunAs": "controlm",
    "Application": "ODS",
    "When": {
      "WeekDays": [
        "NONE"
      ],
      "Months": [
        "NONE"
      ],
      "MonthDays": [
        "NONE"
      ],
      "DaysRelation": "OR",
      "RuleBasedCalendars": {
        "Included": [
          "RC1"
        ]
      }
    },
    "eventsToWaitFor": {
      "Type": "WaitForEvents",
      "Events": [
        {
          "Event": "PRLODSTWS1_1#SDM_NOTICE_LOG-TO-PRLODSTWS1_1#SDM_NOTICE_END_TRI"
        }
      ]
    },
    "eventsToDelete": {
      "Type": "DeleteEvents",
      "Events": [
        {
          "Event": "PRLODSTWS1_1#SDM_NOTICE_LOG-TO-PRLODSTWS1_1#SDM_NOTICE_END_TRI"
        }
      ]
    }
  },
  "PRLODSTWS1_1#SDM_PA_NOTICE_HISTORY": {
    "Type": "Job:Database:StoredProcedure",
    "ConnectionProfile": "UPCR1",
    "StoredProcedure": "SDM_PA_NOTICE_HISTORY_SP",
    "Schema": "SQLEXT",
    "DaysKeepActive": "1",
    "SubApplication": "UPCR1",
    "Host": "CTMAG",
    "CreatedBy": "emuser",
    "Description": "== Conversion Messages Start ==\\n\\nMessage ID\\t: WRN6031 (2721-4813)\\n\\n== Conversion Messages End ==\\nAdded by composer.",
    "RunAs": "controlm",
    "Application": "ODS",
    "When": {
      "WeekDays": [
        "NONE"
      ],
      "Months": [
        "NONE"
      ],
      "MonthDays": [
        "NONE"
      ],
      "DaysRelation": "OR",
      "RuleBasedCalendars": {
        "Included": [
          "RC1"
        ]
      }
    },
    "eventsToWaitFor": {
      "Type": "WaitForEvents",
      "Events": [
        {
          "Event": "PRLODSTWS1_1#O_PA_NOTICE_HISTORY-TO-PRLODSTWS1_1#SDM_PA_NOTICE_HISTORY"
        },
        {
          "Event": "PRLODSTWS1_1#O_PA_PAY_MODE-TO-PRLODSTWS1_1#SDM_PA_NOTICE_HISTORY"
        },
        {
          "Event": "PRLODSTWS1_1#OV_CONTRACT_MASTER-TO-PRLODSTWS1_1#SDM_PA_NOTICE_HISTORY"
        },
        {
          "Event": "PRLODSTWS1_1#O_CHARGE_MODE-TO-PRLODSTWS1_1#SDM_PA_NOTICE_HISTORY"
        },
        {
          "Event": "PRLODSTWS1_1#SDM_CONTRACT_PRODUCT-TO-PRLODSTWS1_1#SDM_PA_NOTICE_HISTORY"
        }
      ]
    },
    "eventsToAdd": {
      "Type": "AddEvents",
      "Events": [
        {
          "Event": "PRLODSTWS1_1#SDM_PA_NOTICE_HISTORY-TO-PRLODSTWS1_1#FDW_NOTICE"
        },
        {
          "Event": "PRLODSTWS1_1#SDM_PA_NOTICE_HISTORY-TO-PRLODSTWS1_1#FDW_POLICY_LOAN"
        },
        {
          "Event": "PRLODSTWS1_1#SDM_PA_NOTICE_HISTORY-TO-PRLODSTWS1_1#BRPT_PA_RETURN"
        },
        {
          "Event": "PRLODSTWS1_1#SDM_PA_NOTICE_HISTORY-TO-PRLODSTWS1_1#MEGA_NTC_CALL"
        },
        {
          "Event": "PRLODSTWS1_1#SDM_PA_NOTICE_HISTORY-TO-PRLODSTWS1_1#FDW_NOTICE_1"
        },
        {
          "Event": "PRLODSTWS1_1#SDM_PA_NOTICE_HISTORY-TO-PRLODSTWS1_1#FDW_POLICY_LOAN_1"
        },
        {
          "Event": "PRLODSTWS1_1#SDM_PA_NOTICE_HISTORY-TO-PRLODSTWS1_1#PA_1160_11G"
        },
        {
          "Event": "PRLODSTWS1_1#SDM_PA_NOTICE_HISTORY-TO-PRLODSTWS1_1#PA_0660_11G"
        },
        {
          "Event": "PRLODSTWS1_1#SDM_PA_NOTICE_HISTORY-TO-PRLODSTWS1_1#PA_0680_11G"
        },
        {
          "Event": "PRLODSTWS1_1#SDM_PA_NOTICE_HISTORY-TO-PRLODSTWS1_1#PA_0600_11G"
        },
        {
          "Event": "PRLODSTWS1_1#SDM_PA_NOTICE_HISTORY-TO-PRLODSTWS1_1#PA_0630_11G"
        },
        {
          "Event": "PRLODSTWS1_1#SDM_PA_NOTICE_HISTORY-TO-PRLODSTWS1_1#PA_0650_11G"
        },
        {
          "Event": "PRLODSTWS1_1#SDM_PA_NOTICE_HISTORY-TO-PRLODSTWS1_1#PA_0550_11G"
        }
      ]
    },
    "eventsToDelete": {
      "Type": "DeleteEvents",
      "Events": [
        {
          "Event": "PRLODSTWS1_1#O_PA_NOTICE_HISTORY-TO-PRLODSTWS1_1#SDM_PA_NOTICE_HISTORY"
        },
        {
          "Event": "PRLODSTWS1_1#O_PA_PAY_MODE-TO-PRLODSTWS1_1#SDM_PA_NOTICE_HISTORY"
        },
        {
          "Event": "PRLODSTWS1_1#OV_CONTRACT_MASTER-TO-PRLODSTWS1_1#SDM_PA_NOTICE_HISTORY"
        },
        {
          "Event": "PRLODSTWS1_1#O_CHARGE_MODE-TO-PRLODSTWS1_1#SDM_PA_NOTICE_HISTORY"
        },
        {
          "Event": "PRLODSTWS1_1#SDM_CONTRACT_PRODUCT-TO-PRLODSTWS1_1#SDM_PA_NOTICE_HISTORY"
        }
      ]
    }
  },
  "PRLODSTWS1_1#SDM_NOTICE_LOG": {
    "Type": "Job:Database:StoredProcedure",
    "ConnectionProfile": "UPCR1",
    "StoredProcedure": "SDM_NOTICE_LOG_SP",
    "Schema": "SQLEXT",
    "DaysKeepActive": "1",
    "SubApplication": "UPCR1",
    "Host": "CTMAG",
    "CreatedBy": "emuser",
    "Description": "== Conversion Messages Start ==\\n\\nMessage ID\\t: WRN6031 (2722-4814)\\n\\n== Conversion Messages End ==\\nAdded by composer.",
    "RunAs": "controlm",
    "Application": "ODS",
    "When": {
      "WeekDays": [
        "NONE"
      ],
      "Months": [
        "NONE"
      ],
      "MonthDays": [
        "NONE"
      ],
      "DaysRelation": "OR",
      "RuleBasedCalendars": {
        "Included": [
          "RC1"
        ]
      }
    },
    "eventsToWaitFor": {
      "Type": "WaitForEvents",
      "Events": [
        {
          "Event": "PRLODSTWS1_1#O_OMI_OMI_FEED-TO-PRLODSTWS1_1#SDM_NOTICE_LOG"
        },
        {
          "Event": "PRLODSTWS1_1#SDM_CONTRACT_MASTER-TO-PRLODSTWS1_1#SDM_NOTICE_LOG"
        },
        {
          "Event": "PRLODSTWS1_1#SDM_DOCUMENT-TO-PRLODSTWS1_1#SDM_NOTICE_LOG"
        },
        {
          "Event": "PRLODSTWS1_1#SYS_STS_STG-TO-PRLODSTWS1_1#SDM_NOTICE_LOG"
        },
        {
          "Event": "PRLODSTWS1_1#SDM_REJ_NOTICE-TO-PRLODSTWS1_1#SDM_NOTICE_LOG"
        }
      ]
    },
    "eventsToAdd": {
      "Type": "AddEvents",
      "Events": [
        {
          "Event": "PRLODSTWS1_1#SDM_NOTICE_LOG-TO-PRLODSTWS1_1#PA_1170_11G"
        },
        {
          "Event": "PRLODSTWS1_1#SDM_NOTICE_LOG-TO-PRLODSTWS1_1#SDM_NOTICE_END_TRI"
        }
      ]
    },
    "eventsToDelete": {
      "Type": "DeleteEvents",
      "Events": [
        {
          "Event": "PRLODSTWS1_1#O_OMI_OMI_FEED-TO-PRLODSTWS1_1#SDM_NOTICE_LOG"
        },
        {
          "Event": "PRLODSTWS1_1#SDM_CONTRACT_MASTER-TO-PRLODSTWS1_1#SDM_NOTICE_LOG"
        },
        {
          "Event": "PRLODSTWS1_1#SDM_DOCUMENT-TO-PRLODSTWS1_1#SDM_NOTICE_LOG"
        },
        {
          "Event": "PRLODSTWS1_1#SYS_STS_STG-TO-PRLODSTWS1_1#SDM_NOTICE_LOG"
        },
        {
          "Event": "PRLODSTWS1_1#SDM_REJ_NOTICE-TO-PRLODSTWS1_1#SDM_NOTICE_LOG"
        }
      ]
    }
  },
  "eventsToAdd": {
    "Type": "AddEvents",
    "Events": [
      {
        "Event": "PRLODSTWS1_1#D_SDM_PA_30-TO-PRLODSTWS1_1#SYS_BDS_STS_SDM"
      }
    ]
  }
  }
}
