{
  "PRLODSTWS1_1#ADHOC_ROXAN_U480": {
  "Type":  "Folder",
  "ControlmServer": "CTM",
  "Description": "== Conversion Messages Start ==\\n\\nMessage ID\\t: INF6107 (2140-3888)\\n\\nMessage ID\\t: INF6104 (2141-3888)\\n\\n== Conversion Messages End ==\\n",
  "OrderMethod": "Manual",
  "SubApplication": "UPCR1",
  "CreatedBy": "emuser",
  "Application": "ODS",
  "When": {
    "RuleBasedCalendars": {
      "Included": [
        "Manual_order"
      ],
      "Manual_order": {
        "Type": "Calendar:RuleBased",
        "When": {
          "DaysRelation": "OR",
          "DaysKeepActive": "01",
          "WeekDays": [
            "NONE"
          ],
          "Months": [
            "NONE"
          ],
          "MonthDays": [
            "NONE"
          ]
        }
      }
    }
  },
  "PRLODSTWS1_1#UNB_0480_ZP": {
    "Type": "Job:Command",
    "DaysKeepActive": "1",
    "SubApplication": "UPCR1",
    "Host": "CTMAG",
    "CreatedBy": "emuser",
    "Description": "zip files for batch",
    "RunAs": "controlm",
    "Application": "ODS",
    "Command": "/home/tws/ods_batch_home/esp.batch.scripts/zip.files.sh D_RPT_UNB ${tws.job.name} %%\\\\global\\END_DT_CHAR.",
    "When": {
      "WeekDays": [
        "NONE"
      ],
      "Months": [
        "NONE"
      ],
      "MonthDays": [
        "NONE"
      ],
      "DaysRelation": "OR",
      "RuleBasedCalendars": {
        "Included": [
          "Manual_order"
        ]
      }
    },
    "eventsToWaitFor": {
      "Type": "WaitForEvents",
      "Events": [
        {
          "Event": "PRLODSTWS1_1#UNB_0480_CF-TO-PRLODSTWS1_1#UNB_0480_ZP"
        }
      ]
    },
    "eventsToAdd": {
      "Type": "AddEvents",
      "Events": [
        {
          "Event": "PRLODSTWS1_1#UNB_0480_ZP-TO-PRLODSTWS1_1#UNB_0480_ML"
        }
      ]
    },
    "eventsToDelete": {
      "Type": "DeleteEvents",
      "Events": [
        {
          "Event": "PRLODSTWS1_1#UNB_0480_CF-TO-PRLODSTWS1_1#UNB_0480_ZP"
        }
      ]
    }
  },
  "PRLODSTWS1_1#UNB_0480_CF": {
    "Type": "Job:Command",
    "DaysKeepActive": "1",
    "SubApplication": "UPCR1",
    "Host": "CTMAG",
    "CreatedBy": "emuser",
    "Description": "archiving file for batch",
    "RunAs": "controlm",
    "Application": "ODS",
    "Command": "/home/tws/ods_batch_home/esp.batch.scripts/archiving.file.sh D_RPT_UNB ${tws.job.name} %%\\\\global\\END_DT_CHAR.",
    "When": {
      "WeekDays": [
        "NONE"
      ],
      "Months": [
        "NONE"
      ],
      "MonthDays": [
        "NONE"
      ],
      "DaysRelation": "OR",
      "RuleBasedCalendars": {
        "Included": [
          "Manual_order"
        ]
      }
    },
    "eventsToWaitFor": {
      "Type": "WaitForEvents",
      "Events": [
        {
          "Event": "PRLODSTWS1_1#UNB_0480_CR-TO-PRLODSTWS1_1#UNB_0480_CF"
        }
      ]
    },
    "eventsToAdd": {
      "Type": "AddEvents",
      "Events": [
        {
          "Event": "PRLODSTWS1_1#UNB_0480_CF-TO-PRLODSTWS1_1#UNB_0480_ZP"
        }
      ]
    },
    "eventsToDelete": {
      "Type": "DeleteEvents",
      "Events": [
        {
          "Event": "PRLODSTWS1_1#UNB_0480_CR-TO-PRLODSTWS1_1#UNB_0480_CF"
        }
      ]
    }
  },
  "PRLODSTWS1_1#UNB_0480_ML": {
    "Type": "Job:Command",
    "DaysKeepActive": "1",
    "SubApplication": "UPCR1",
    "Host": "CTMAG",
    "CreatedBy": "emuser",
    "Description": "email and attachments for batch",
    "RunAs": "controlm",
    "Application": "ODS",
    "Command": "/home/tws/ods_batch_home/esp.batch.scripts/send.email.sh D_RPT_UNB ${tws.job.name} %%\\\\global\\END_DT_CHAR.",
    "When": {
      "WeekDays": [
        "NONE"
      ],
      "Months": [
        "NONE"
      ],
      "MonthDays": [
        "NONE"
      ],
      "DaysRelation": "OR",
      "RuleBasedCalendars": {
        "Included": [
          "Manual_order"
        ]
      }
    },
    "eventsToWaitFor": {
      "Type": "WaitForEvents",
      "Events": [
        {
          "Event": "PRLODSTWS1_1#UNB_0480_ZP-TO-PRLODSTWS1_1#UNB_0480_ML"
        }
      ]
    },
    "eventsToDelete": {
      "Type": "DeleteEvents",
      "Events": [
        {
          "Event": "PRLODSTWS1_1#UNB_0480_ZP-TO-PRLODSTWS1_1#UNB_0480_ML"
        }
      ]
    }
  },
  "PRLODSTWS1_1#UNB_0480_CR": {
    "Type": "Job:Command",
    "DaysKeepActive": "1",
    "SubApplication": "UPCR1",
    "Host": "CTMAG",
    "CreatedBy": "emuser",
    "Description": "generate the report file for batch",
    "RunAs": "controlm",
    "Application": "ODS",
    "Command": "/home/tws/ods_batch_home/esp.batch.scripts/gen.report.sh D_RPT_UNB ${tws.job.name} %%\\\\global\\END_DT_CHAR.",
    "When": {
      "WeekDays": [
        "NONE"
      ],
      "Months": [
        "NONE"
      ],
      "MonthDays": [
        "NONE"
      ],
      "DaysRelation": "OR",
      "RuleBasedCalendars": {
        "Included": [
          "Manual_order"
        ]
      }
    },
    "eventsToWaitFor": {
      "Type": "WaitForEvents",
      "Events": [
        {
          "Event": "PRLODSTWS1_1#UNB_0480_PARAM-TO-PRLODSTWS1_1#UNB_0480_CR"
        }
      ]
    },
    "eventsToAdd": {
      "Type": "AddEvents",
      "Events": [
        {
          "Event": "PRLODSTWS1_1#UNB_0480_CR-TO-PRLODSTWS1_1#UNB_0480_CF"
        }
      ]
    },
    "eventsToDelete": {
      "Type": "DeleteEvents",
      "Events": [
        {
          "Event": "PRLODSTWS1_1#UNB_0480_PARAM-TO-PRLODSTWS1_1#UNB_0480_CR"
        }
      ]
    }
  },
  "PRLODSTWS1_1#UNB_0480_11G": {
    "Type": "Job:Database:StoredProcedure",
    "ConnectionProfile": "UPCR1",
    "StoredProcedure": "UNB_0480_11G_SP",
    "Schema": "SQLEXT",
    "DaysKeepActive": "1",
    "SubApplication": "UPCR1",
    "Host": "CTMAG",
    "CreatedBy": "emuser",
    "Description": "== Conversion Messages Start ==\\n\\nMessage ID\\t: WRN6031 (2134-3893)\\n\\n== Conversion Messages End ==\\nAdded by composer.",
    "RunAs": "controlm",
    "Application": "ODS",
    "When": {
      "WeekDays": [
        "NONE"
      ],
      "Months": [
        "NONE"
      ],
      "MonthDays": [
        "NONE"
      ],
      "DaysRelation": "OR",
      "RuleBasedCalendars": {
        "Included": [
          "Manual_order"
        ]
      }
    },
    "eventsToWaitFor": {
      "Type": "WaitForEvents",
      "Events": [
        {
          "Event": "PRLODSTWS1_1#UNB_0480_12G-TO-PRLODSTWS1_1#UNB_0480_11G"
        },
        {
          "Event": "PRLODSTWS1_1#UNB_0480_13G-TO-PRLODSTWS1_1#UNB_0480_11G"
        },
        {
          "Event": "PRLODSTWS1_1#SDM_NB_ACCEPTANCE_FILE-TO-PRLODSTWS1_1#UNB_0480_11G"
        }
      ]
    },
    "eventsToAdd": {
      "Type": "AddEvents",
      "Events": [
        {
          "Event": "PRLODSTWS1_1#UNB_0480_11G-TO-PRLODSTWS1_1#UNB_0480_PARAM"
        }
      ]
    },
    "eventsToDelete": {
      "Type": "DeleteEvents",
      "Events": [
        {
          "Event": "PRLODSTWS1_1#UNB_0480_12G-TO-PRLODSTWS1_1#UNB_0480_11G"
        },
        {
          "Event": "PRLODSTWS1_1#UNB_0480_13G-TO-PRLODSTWS1_1#UNB_0480_11G"
        },
        {
          "Event": "PRLODSTWS1_1#SDM_NB_ACCEPTANCE_FILE-TO-PRLODSTWS1_1#UNB_0480_11G"
        }
      ]
    }
  },
  "PRLODSTWS1_1#UNB_0480_13G": {
    "Type": "Job:Database:StoredProcedure",
    "ConnectionProfile": "UPCR1",
    "StoredProcedure": "UNB_0480_13G_SP",
    "Schema": "SQLEXT",
    "DaysKeepActive": "1",
    "SubApplication": "UPCR1",
    "Host": "CTMAG",
    "CreatedBy": "emuser",
    "Description": "== Conversion Messages Start ==\\n\\nMessage ID\\t: WRN6031 (2135-3894)\\n\\n== Conversion Messages End ==\\nAdded by composer.",
    "RunAs": "controlm",
    "Application": "ODS",
    "When": {
      "WeekDays": [
        "NONE"
      ],
      "Months": [
        "NONE"
      ],
      "MonthDays": [
        "NONE"
      ],
      "DaysRelation": "OR",
      "RuleBasedCalendars": {
        "Included": [
          "Manual_order"
        ]
      }
    },
    "eventsToWaitFor": {
      "Type": "WaitForEvents",
      "Events": [
        {
          "Event": "PRLODSTWS1_1#UNB_0480_12G-TO-PRLODSTWS1_1#UNB_0480_13G"
        },
        {
          "Event": "PRLODSTWS1_1#UNB_0480_14G-TO-PRLODSTWS1_1#UNB_0480_13G"
        },
        {
          "Event": "PRLODSTWS1_1#UNB_0480_15G-TO-PRLODSTWS1_1#UNB_0480_13G"
        },
        {
          "Event": "PRLODSTWS1_1#O_BILLCARD-TO-PRLODSTWS1_1#UNB_0480_13G"
        },
        {
          "Event": "PRLODSTWS1_1#O_DIVA_FILE-TO-PRLODSTWS1_1#UNB_0480_13G"
        },
        {
          "Event": "PRLODSTWS1_1#O_NB_ACCEPTANCE_FILE_CARD-TO-PRLODSTWS1_1#UNB_0480_13G"
        }
      ]
    },
    "eventsToAdd": {
      "Type": "AddEvents",
      "Events": [
        {
          "Event": "PRLODSTWS1_1#UNB_0480_13G-TO-PRLODSTWS1_1#UNB_0480_11G"
        }
      ]
    },
    "eventsToDelete": {
      "Type": "DeleteEvents",
      "Events": [
        {
          "Event": "PRLODSTWS1_1#UNB_0480_12G-TO-PRLODSTWS1_1#UNB_0480_13G"
        },
        {
          "Event": "PRLODSTWS1_1#UNB_0480_14G-TO-PRLODSTWS1_1#UNB_0480_13G"
        },
        {
          "Event": "PRLODSTWS1_1#UNB_0480_15G-TO-PRLODSTWS1_1#UNB_0480_13G"
        },
        {
          "Event": "PRLODSTWS1_1#O_BILLCARD-TO-PRLODSTWS1_1#UNB_0480_13G"
        },
        {
          "Event": "PRLODSTWS1_1#O_DIVA_FILE-TO-PRLODSTWS1_1#UNB_0480_13G"
        },
        {
          "Event": "PRLODSTWS1_1#O_NB_ACCEPTANCE_FILE_CARD-TO-PRLODSTWS1_1#UNB_0480_13G"
        }
      ]
    }
  },
  "PRLODSTWS1_1#UNB_0480_12G": {
    "Type": "Job:Database:StoredProcedure",
    "ConnectionProfile": "UPCR1",
    "StoredProcedure": "UNB_0480_12G_SP",
    "Schema": "SQLEXT",
    "DaysKeepActive": "1",
    "SubApplication": "UPCR1",
    "Host": "CTMAG",
    "CreatedBy": "emuser",
    "Description": "== Conversion Messages Start ==\\n\\nMessage ID\\t: WRN6031 (2136-3895)\\n\\n== Conversion Messages End ==\\nAdded by composer.",
    "RunAs": "controlm",
    "Application": "ODS",
    "When": {
      "WeekDays": [
        "NONE"
      ],
      "Months": [
        "NONE"
      ],
      "MonthDays": [
        "NONE"
      ],
      "DaysRelation": "OR",
      "RuleBasedCalendars": {
        "Included": [
          "Manual_order"
        ]
      }
    },
    "eventsToWaitFor": {
      "Type": "WaitForEvents",
      "Events": [
        {
          "Event": "PRLODSTWS1_1#O_BILLCARD-TO-PRLODSTWS1_1#UNB_0480_12G"
        },
        {
          "Event": "PRLODSTWS1_1#SYS_STS_STG-TO-PRLODSTWS1_1#UNB_0480_12G"
        }
      ]
    },
    "eventsToAdd": {
      "Type": "AddEvents",
      "Events": [
        {
          "Event": "PRLODSTWS1_1#UNB_0480_12G-TO-PRLODSTWS1_1#UNB_0480_11G"
        },
        {
          "Event": "PRLODSTWS1_1#UNB_0480_12G-TO-PRLODSTWS1_1#UNB_0480_13G"
        },
        {
          "Event": "PRLODSTWS1_1#UNB_0480_12G-TO-PRLODSTWS1_1#UNB_0480_15G"
        }
      ]
    },
    "eventsToDelete": {
      "Type": "DeleteEvents",
      "Events": [
        {
          "Event": "PRLODSTWS1_1#O_BILLCARD-TO-PRLODSTWS1_1#UNB_0480_12G"
        },
        {
          "Event": "PRLODSTWS1_1#SYS_STS_STG-TO-PRLODSTWS1_1#UNB_0480_12G"
        }
      ]
    }
  },
  "PRLODSTWS1_1#UNB_0480_PARAM": {
    "Type": "Job:Database:StoredProcedure",
    "ConnectionProfile": "UPCR1",
    "StoredProcedure": "UNB_0480_PARAM_SP",
    "Schema": "SQLEXT",
    "DaysKeepActive": "1",
    "SubApplication": "UPCR1",
    "Host": "CTMAG",
    "CreatedBy": "emuser",
    "Description": "== Conversion Messages Start ==\\n\\nMessage ID\\t: WRN6031 (2137-3896)\\n\\n== Conversion Messages End ==\\nAdded by composer.",
    "RunAs": "controlm",
    "Application": "ODS",
    "When": {
      "WeekDays": [
        "NONE"
      ],
      "Months": [
        "NONE"
      ],
      "MonthDays": [
        "NONE"
      ],
      "DaysRelation": "OR",
      "RuleBasedCalendars": {
        "Included": [
          "Manual_order"
        ]
      }
    },
    "eventsToWaitFor": {
      "Type": "WaitForEvents",
      "Events": [
        {
          "Event": "PRLODSTWS1_1#UNB_0480_11G-TO-PRLODSTWS1_1#UNB_0480_PARAM"
        },
        {
          "Event": "PRLODSTWS1_1#UNB_JOB_PARAM-TO-PRLODSTWS1_1#UNB_0480_PARAM"
        }
      ]
    },
    "eventsToAdd": {
      "Type": "AddEvents",
      "Events": [
        {
          "Event": "PRLODSTWS1_1#UNB_0480_PARAM-TO-PRLODSTWS1_1#UNB_0480_CR"
        }
      ]
    },
    "eventsToDelete": {
      "Type": "DeleteEvents",
      "Events": [
        {
          "Event": "PRLODSTWS1_1#UNB_0480_11G-TO-PRLODSTWS1_1#UNB_0480_PARAM"
        },
        {
          "Event": "PRLODSTWS1_1#UNB_JOB_PARAM-TO-PRLODSTWS1_1#UNB_0480_PARAM"
        }
      ]
    }
  },
  "PRLODSTWS1_1#UNB_0480_15G": {
    "Type": "Job:Database:StoredProcedure",
    "ConnectionProfile": "UPCR1",
    "StoredProcedure": "UNB_0480_15G_SP",
    "Schema": "SQLEXT",
    "DaysKeepActive": "1",
    "SubApplication": "UPCR1",
    "Host": "CTMAG",
    "CreatedBy": "emuser",
    "Description": "== Conversion Messages Start ==\\n\\nMessage ID\\t: WRN6031 (2138-3897)\\n\\n== Conversion Messages End ==\\nAdded by composer.",
    "RunAs": "controlm",
    "Application": "ODS",
    "When": {
      "WeekDays": [
        "NONE"
      ],
      "Months": [
        "NONE"
      ],
      "MonthDays": [
        "NONE"
      ],
      "DaysRelation": "OR",
      "RuleBasedCalendars": {
        "Included": [
          "Manual_order"
        ]
      }
    },
    "eventsToWaitFor": {
      "Type": "WaitForEvents",
      "Events": [
        {
          "Event": "PRLODSTWS1_1#UNB_0480_12G-TO-PRLODSTWS1_1#UNB_0480_15G"
        },
        {
          "Event": "PRLODSTWS1_1#O_SC_FOA_UNB_PATCH_CASE-TO-PRLODSTWS1_1#UNB_0480_15G"
        },
        {
          "Event": "PRLODSTWS1_1#SDM_SC_FOA_ACCEPTANCE-TO-PRLODSTWS1_1#UNB_0480_15G"
        },
        {
          "Event": "PRLODSTWS1_1#SDM_CONTRACT_MASTER-TO-PRLODSTWS1_1#UNB_0480_15G"
        },
        {
          "Event": "PRLODSTWS1_1#SDM_NB_ACCEPTANCE_FILE-TO-PRLODSTWS1_1#UNB_0480_15G"
        },
        {
          "Event": "PRLODSTWS1_1#CMN_ODS_STS-TO-PRLODSTWS1_1#UNB_0480_15G"
        }
      ]
    },
    "eventsToAdd": {
      "Type": "AddEvents",
      "Events": [
        {
          "Event": "PRLODSTWS1_1#UNB_0480_15G-TO-PRLODSTWS1_1#UNB_0480_13G"
        },
        {
          "Event": "PRLODSTWS1_1#UNB_0480_15G-TO-PRLODSTWS1_1#UNB_0480_14G"
        }
      ]
    },
    "eventsToDelete": {
      "Type": "DeleteEvents",
      "Events": [
        {
          "Event": "PRLODSTWS1_1#UNB_0480_12G-TO-PRLODSTWS1_1#UNB_0480_15G"
        },
        {
          "Event": "PRLODSTWS1_1#O_SC_FOA_UNB_PATCH_CASE-TO-PRLODSTWS1_1#UNB_0480_15G"
        },
        {
          "Event": "PRLODSTWS1_1#SDM_SC_FOA_ACCEPTANCE-TO-PRLODSTWS1_1#UNB_0480_15G"
        },
        {
          "Event": "PRLODSTWS1_1#SDM_CONTRACT_MASTER-TO-PRLODSTWS1_1#UNB_0480_15G"
        },
        {
          "Event": "PRLODSTWS1_1#SDM_NB_ACCEPTANCE_FILE-TO-PRLODSTWS1_1#UNB_0480_15G"
        },
        {
          "Event": "PRLODSTWS1_1#CMN_ODS_STS-TO-PRLODSTWS1_1#UNB_0480_15G"
        }
      ]
    }
  },
  "PRLODSTWS1_1#UNB_0480_14G": {
    "Type": "Job:Database:StoredProcedure",
    "ConnectionProfile": "UPCR1",
    "StoredProcedure": "UNB_0480_14G_SP",
    "Schema": "SQLEXT",
    "DaysKeepActive": "1",
    "SubApplication": "UPCR1",
    "Host": "CTMAG",
    "CreatedBy": "emuser",
    "Description": "== Conversion Messages Start ==\\n\\nMessage ID\\t: WRN6031 (2139-3898)\\n\\n== Conversion Messages End ==\\nAdded by composer.",
    "RunAs": "controlm",
    "Application": "ODS",
    "When": {
      "WeekDays": [
        "NONE"
      ],
      "Months": [
        "NONE"
      ],
      "MonthDays": [
        "NONE"
      ],
      "DaysRelation": "OR",
      "RuleBasedCalendars": {
        "Included": [
          "Manual_order"
        ]
      }
    },
    "eventsToWaitFor": {
      "Type": "WaitForEvents",
      "Events": [
        {
          "Event": "PRLODSTWS1_1#UNB_0480_15G-TO-PRLODSTWS1_1#UNB_0480_14G"
        },
        {
          "Event": "PRLODSTWS1_1#SDM_IMAGE_UNB-TO-PRLODSTWS1_1#UNB_0480_14G"
        }
      ]
    },
    "eventsToAdd": {
      "Type": "AddEvents",
      "Events": [
        {
          "Event": "PRLODSTWS1_1#UNB_0480_14G-TO-PRLODSTWS1_1#UNB_0480_13G"
        }
      ]
    },
    "eventsToDelete": {
      "Type": "DeleteEvents",
      "Events": [
        {
          "Event": "PRLODSTWS1_1#UNB_0480_15G-TO-PRLODSTWS1_1#UNB_0480_14G"
        },
        {
          "Event": "PRLODSTWS1_1#SDM_IMAGE_UNB-TO-PRLODSTWS1_1#UNB_0480_14G"
        }
      ]
    }
  }
  }
}
