{
  "PRLODSTWS1_1#D_ESP_ESP_PM": {
  "Type":  "Folder",
  "ControlmServer": "CTM",
  "Description": "== Conversion Messages Start ==\\n\\nMessage ID\\t: INF6107 (7535-13307)\\n\\nMessage ID\\t: INF6104 (7536-13307)\\n\\n== Conversion Messages End ==\\n",
  "OrderMethod": "Manual",
  "SubApplication": "UPCR1",
  "CreatedBy": "emuser",
  "Application": "ODS",
  "When": {
    "RuleBasedCalendars": {
      "Included": [
        "RC1"
      ],
      "RC1": {
        "Type": "Calendar:RuleBased",
        "When": {
          "MonthDaysCalendar": "RCG-D-ESP-PM",
          "DaysRelation": "OR",
          "DaysKeepActive": "01",
          "WeekDays": [
            "NONE"
          ],
          "MonthDays": [
            "NONE"
          ]
        }
      }
    }
  },
  "PRLODSTWS1_1#ESP_JOB_PM_BELOTM_2_ESP_BT": {
    "Type": "Job:Command",
    "DaysKeepActive": "1",
    "SubApplication": "UPCR1",
    "Host": "CTMAG",
    "CreatedBy": "emuser",
    "Description": "Common Remote Batch Template",
    "RunAs": "controlm",
    "Application": "ODS",
    "Command": "/home/tws/ods_batch_home/esp.batch.scripts/run.script.wrapper.sh run.esp.batch.sh esp.job.postmail.beltom.2.esp.main dataDate=%%\\\\global\\END_DT_CHAR. from=IWS",
    "When": {
      "WeekDays": [
        "NONE"
      ],
      "Months": [
        "NONE"
      ],
      "MonthDays": [
        "NONE"
      ],
      "DaysRelation": "OR",
      "RuleBasedCalendars": {
        "Included": [
          "RC1"
        ]
      }
    },
    "eventsToWaitFor": {
      "Type": "WaitForEvents",
      "Events": [
        {
          "Event": "PRLODSTWS1_1#ESP_JOB_PM_REQ_2_ESP_BT-TO-PRLODSTWS1_1#ESP_JOB_PM_BELOTM_2_ESP_BT"
        }
      ]
    },
    "eventsToAdd": {
      "Type": "AddEvents",
      "Events": [
        {
          "Event": "PRLODSTWS1_1#ESP_JOB_PM_BELOTM_2_ESP_BT-TO-PRLODSTWS1_1#ESP_JOB_PM_STATUS_2_EBAO_BT"
        }
      ]
    },
    "eventsToDelete": {
      "Type": "DeleteEvents",
      "Events": [
        {
          "Event": "PRLODSTWS1_1#ESP_JOB_PM_REQ_2_ESP_BT-TO-PRLODSTWS1_1#ESP_JOB_PM_BELOTM_2_ESP_BT"
        }
      ]
    }
  },
  "PRLODSTWS1_1#ESP_JOB_PM_STATUS_2_EBAO_BT": {
    "Type": "Job:Command",
    "DaysKeepActive": "1",
    "SubApplication": "UPCR1",
    "Host": "CTMAG",
    "CreatedBy": "emuser",
    "Description": "Common Remote Batch Template",
    "RunAs": "controlm",
    "Application": "ODS",
    "Command": "/home/tws/ods_batch_home/esp.batch.scripts/run.script.wrapper.sh run.esp.batch.sh esp.job.postmail.data.status.update.main dataDate=%%\\\\global\\END_DT_CHAR. from=IWS",
    "When": {
      "WeekDays": [
        "NONE"
      ],
      "Months": [
        "NONE"
      ],
      "MonthDays": [
        "NONE"
      ],
      "DaysRelation": "OR",
      "RuleBasedCalendars": {
        "Included": [
          "RC1"
        ]
      }
    },
    "eventsToWaitFor": {
      "Type": "WaitForEvents",
      "Events": [
        {
          "Event": "PRLODSTWS1_1#ESP_JOB_PM_BELOTM_2_ESP_BT-TO-PRLODSTWS1_1#ESP_JOB_PM_STATUS_2_EBAO_BT"
        },
        {
          "Event": "PRLODSTWS1_1#ESP_JOB_PM_SYSTEX_2_ESP_BT-TO-PRLODSTWS1_1#ESP_JOB_PM_STATUS_2_EBAO_BT"
        }
      ]
    },
    "eventsToDelete": {
      "Type": "DeleteEvents",
      "Events": [
        {
          "Event": "PRLODSTWS1_1#ESP_JOB_PM_BELOTM_2_ESP_BT-TO-PRLODSTWS1_1#ESP_JOB_PM_STATUS_2_EBAO_BT"
        },
        {
          "Event": "PRLODSTWS1_1#ESP_JOB_PM_SYSTEX_2_ESP_BT-TO-PRLODSTWS1_1#ESP_JOB_PM_STATUS_2_EBAO_BT"
        }
      ]
    }
  },
  "PRLODSTWS1_1#ESP_JOB_PM_REQ_2_ESP_BT": {
    "Type": "Job:Command",
    "DaysKeepActive": "1",
    "SubApplication": "UPCR1",
    "Host": "CTMAG",
    "CreatedBy": "emuser",
    "Description": "Common Remote Batch Template",
    "RunAs": "controlm",
    "Application": "ODS",
    "Command": "/home/tws/ods_batch_home/esp.batch.scripts/run.script.wrapper.sh run.esp.batch.sh esp.job.postmail.data.batch.req.main dataDate=%%\\\\global\\END_DT_CHAR. from=IWS",
    "When": {
      "WeekDays": [
        "NONE"
      ],
      "Months": [
        "NONE"
      ],
      "MonthDays": [
        "NONE"
      ],
      "DaysRelation": "OR",
      "RuleBasedCalendars": {
        "Included": [
          "RC1"
        ]
      }
    },
    "eventsToWaitFor": {
      "Type": "WaitForEvents",
      "Events": [
        {
          "Event": "PRLODSTWS1_1#SYS_STS_STG-TO-PRLODSTWS1_1#ESP_JOB_PM_REQ_2_ESP_BT"
        }
      ]
    },
    "eventsToAdd": {
      "Type": "AddEvents",
      "Events": [
        {
          "Event": "PRLODSTWS1_1#ESP_JOB_PM_REQ_2_ESP_BT-TO-PRLODSTWS1_1#ESP_JOB_PM_BELOTM_2_ESP_BT"
        },
        {
          "Event": "PRLODSTWS1_1#ESP_JOB_PM_REQ_2_ESP_BT-TO-PRLODSTWS1_1#ESP_JOB_PM_SYSTEX_2_ESP_BT"
        }
      ]
    },
    "eventsToDelete": {
      "Type": "DeleteEvents",
      "Events": [
        {
          "Event": "PRLODSTWS1_1#SYS_STS_STG-TO-PRLODSTWS1_1#ESP_JOB_PM_REQ_2_ESP_BT"
        }
      ]
    }
  },
  "PRLODSTWS1_1#ESP_JOB_PM_SYSTEX_2_ESP_BT": {
    "Type": "Job:Command",
    "DaysKeepActive": "1",
    "SubApplication": "UPCR1",
    "Host": "CTMAG",
    "CreatedBy": "emuser",
    "Description": "Common Remote Batch Template",
    "RunAs": "controlm",
    "Application": "ODS",
    "Command": "/home/tws/ods_batch_home/esp.batch.scripts/run.script.wrapper.sh run.esp.batch.sh esp.job.postmail.systex.2.esp.main dataDate=%%\\\\global\\END_DT_CHAR. from=IWS",
    "When": {
      "WeekDays": [
        "NONE"
      ],
      "Months": [
        "NONE"
      ],
      "MonthDays": [
        "NONE"
      ],
      "DaysRelation": "OR",
      "RuleBasedCalendars": {
        "Included": [
          "RC1"
        ]
      }
    },
    "eventsToWaitFor": {
      "Type": "WaitForEvents",
      "Events": [
        {
          "Event": "PRLODSTWS1_1#ESP_JOB_PM_REQ_2_ESP_BT-TO-PRLODSTWS1_1#ESP_JOB_PM_SYSTEX_2_ESP_BT"
        }
      ]
    },
    "eventsToAdd": {
      "Type": "AddEvents",
      "Events": [
        {
          "Event": "PRLODSTWS1_1#ESP_JOB_PM_SYSTEX_2_ESP_BT-TO-PRLODSTWS1_1#ESP_JOB_PM_STATUS_2_EBAO_BT"
        }
      ]
    },
    "eventsToDelete": {
      "Type": "DeleteEvents",
      "Events": [
        {
          "Event": "PRLODSTWS1_1#ESP_JOB_PM_REQ_2_ESP_BT-TO-PRLODSTWS1_1#ESP_JOB_PM_SYSTEX_2_ESP_BT"
        }
      ]
    }
  }
  }
}
