{
  "PRLODSTWS1_1#ADHOC_ROX_C510JS": {
  "Type":  "Folder",
  "ControlmServer": "CTM",
  "Description": "== Conversion Messages Start ==\\n\\nMessage ID\\t: INF6107 (2802-4945)\\n\\nMessage ID\\t: INF6104 (2803-4945)\\n\\n== Conversion Messages End ==\\n",
  "OrderMethod": "Manual",
  "SubApplication": "UPCR1",
  "CreatedBy": "emuser",
  "Application": "ODS",
  "When": {
    "RuleBasedCalendars": {
      "Included": [
        "Manual_order"
      ],
      "Manual_order": {
        "Type": "Calendar:RuleBased",
        "When": {
          "DaysRelation": "OR",
          "DaysKeepActive": "01",
          "WeekDays": [
            "NONE"
          ],
          "Months": [
            "NONE"
          ],
          "MonthDays": [
            "NONE"
          ]
        }
      }
    }
  },
  "PRLODSTWS1_1#CLM_0510_11G": {
    "Type": "Job:Database:StoredProcedure",
    "ConnectionProfile": "UPCR1",
    "StoredProcedure": "CLM_0510_11G_SP",
    "Schema": "SQLEXT",
    "DaysKeepActive": "1",
    "SubApplication": "UPCR1",
    "Host": "CTMAG",
    "CreatedBy": "emuser",
    "Description": "== Conversion Messages Start ==\\n\\nMessage ID\\t: WRN6031 (2800-4946)\\n\\n== Conversion Messages End ==\\nAdded by composer.",
    "RunAs": "controlm",
    "Application": "ODS",
    "When": {
      "WeekDays": [
        "NONE"
      ],
      "Months": [
        "NONE"
      ],
      "MonthDays": [
        "NONE"
      ],
      "DaysRelation": "OR",
      "RuleBasedCalendars": {
        "Included": [
          "Manual_order"
        ]
      }
    },
    "eventsToWaitFor": {
      "Type": "WaitForEvents",
      "Events": [
        {
          "Event": "PRLODSTWS1_1#O_PARTY_TAX_SERIAL_NUMBER-TO-PRLODSTWS1_1#CLM_0510_11G"
        },
        {
          "Event": "PRLODSTWS1_1#SDM_CLAIM_ADJUST-TO-PRLODSTWS1_1#CLM_0510_11G"
        },
        {
          "Event": "PRLODSTWS1_1#SDM_CLAIM_PAY-TO-PRLODSTWS1_1#CLM_0510_11G"
        },
        {
          "Event": "PRLODSTWS1_1#SYS_STS_STG-TO-PRLODSTWS1_1#CLM_0510_11G"
        },
        {
          "Event": "PRLODSTWS1_1#CLM_REF_TAX_AGRM-TO-PRLODSTWS1_1#CLM_0510_11G"
        }
      ]
    },
    "eventsToAdd": {
      "Type": "AddEvents",
      "Events": [
        {
          "Event": "PRLODSTWS1_1#CLM_0510_11G-TO-PRLODSTWS1_1#CLM_0510_PARAM"
        }
      ]
    },
    "eventsToDelete": {
      "Type": "DeleteEvents",
      "Events": [
        {
          "Event": "PRLODSTWS1_1#O_PARTY_TAX_SERIAL_NUMBER-TO-PRLODSTWS1_1#CLM_0510_11G"
        },
        {
          "Event": "PRLODSTWS1_1#SDM_CLAIM_ADJUST-TO-PRLODSTWS1_1#CLM_0510_11G"
        },
        {
          "Event": "PRLODSTWS1_1#SDM_CLAIM_PAY-TO-PRLODSTWS1_1#CLM_0510_11G"
        },
        {
          "Event": "PRLODSTWS1_1#SYS_STS_STG-TO-PRLODSTWS1_1#CLM_0510_11G"
        },
        {
          "Event": "PRLODSTWS1_1#CLM_REF_TAX_AGRM-TO-PRLODSTWS1_1#CLM_0510_11G"
        }
      ]
    }
  },
  "PRLODSTWS1_1#CLM_0510_CF": {
    "Type": "Job:Command",
    "DaysKeepActive": "1",
    "SubApplication": "UPCR1",
    "Host": "CTMAG",
    "CreatedBy": "emuser",
    "Description": "archiving file for batch",
    "RunAs": "controlm",
    "Application": "ODS",
    "Command": "/home/tws/ods_batch_home/esp.batch.scripts/archiving.file.sh Y_RPT_CLM ${tws.job.name} %%\\\\global\\END_DT_CHAR.",
    "When": {
      "WeekDays": [
        "NONE"
      ],
      "Months": [
        "NONE"
      ],
      "MonthDays": [
        "NONE"
      ],
      "DaysRelation": "OR",
      "RuleBasedCalendars": {
        "Included": [
          "Manual_order"
        ]
      }
    },
    "eventsToWaitFor": {
      "Type": "WaitForEvents",
      "Events": [
        {
          "Event": "PRLODSTWS1_1#CLM_0510_EX-TO-PRLODSTWS1_1#CLM_0510_CF"
        }
      ]
    },
    "eventsToDelete": {
      "Type": "DeleteEvents",
      "Events": [
        {
          "Event": "PRLODSTWS1_1#CLM_0510_EX-TO-PRLODSTWS1_1#CLM_0510_CF"
        }
      ]
    }
  },
  "PRLODSTWS1_1#CLM_0510_EX": {
    "Type": "Job:Command",
    "DaysKeepActive": "1",
    "SubApplication": "UPCR1",
    "Host": "CTMAG",
    "CreatedBy": "emuser",
    "Description": "CSV Export for batch",
    "RunAs": "controlm",
    "Application": "ODS",
    "Command": "/home/tws/ods_batch_home/esp.batch.scripts/gen.table2File.sh Y_RPT_CLM ${tws.job.name} %%\\\\global\\END_DT_CHAR.",
    "When": {
      "WeekDays": [
        "NONE"
      ],
      "Months": [
        "NONE"
      ],
      "MonthDays": [
        "NONE"
      ],
      "DaysRelation": "OR",
      "RuleBasedCalendars": {
        "Included": [
          "Manual_order"
        ]
      }
    },
    "eventsToWaitFor": {
      "Type": "WaitForEvents",
      "Events": [
        {
          "Event": "PRLODSTWS1_1#CLM_0510_PARAM-TO-PRLODSTWS1_1#CLM_0510_EX"
        }
      ]
    },
    "eventsToAdd": {
      "Type": "AddEvents",
      "Events": [
        {
          "Event": "PRLODSTWS1_1#CLM_0510_EX-TO-PRLODSTWS1_1#CLM_0510_CF"
        }
      ]
    },
    "eventsToDelete": {
      "Type": "DeleteEvents",
      "Events": [
        {
          "Event": "PRLODSTWS1_1#CLM_0510_PARAM-TO-PRLODSTWS1_1#CLM_0510_EX"
        }
      ]
    }
  },
  "PRLODSTWS1_1#CLM_0510_PARAM": {
    "Type": "Job:Database:StoredProcedure",
    "ConnectionProfile": "UPCR1",
    "StoredProcedure": "CLM_0510_PARAM_SP",
    "Schema": "SQLEXT",
    "DaysKeepActive": "1",
    "SubApplication": "UPCR1",
    "Host": "CTMAG",
    "CreatedBy": "emuser",
    "Description": "== Conversion Messages Start ==\\n\\nMessage ID\\t: WRN6031 (2801-4949)\\n\\n== Conversion Messages End ==\\nAdded by composer.",
    "RunAs": "controlm",
    "Application": "ODS",
    "When": {
      "WeekDays": [
        "NONE"
      ],
      "Months": [
        "NONE"
      ],
      "MonthDays": [
        "NONE"
      ],
      "DaysRelation": "OR",
      "RuleBasedCalendars": {
        "Included": [
          "Manual_order"
        ]
      }
    },
    "eventsToWaitFor": {
      "Type": "WaitForEvents",
      "Events": [
        {
          "Event": "PRLODSTWS1_1#CLM_0510_11G-TO-PRLODSTWS1_1#CLM_0510_PARAM"
        },
        {
          "Event": "PRLODSTWS1_1#CLM_JOB_PARAM-TO-PRLODSTWS1_1#CLM_0510_PARAM"
        }
      ]
    },
    "eventsToAdd": {
      "Type": "AddEvents",
      "Events": [
        {
          "Event": "PRLODSTWS1_1#CLM_0510_PARAM-TO-PRLODSTWS1_1#CLM_0510_EX"
        }
      ]
    },
    "eventsToDelete": {
      "Type": "DeleteEvents",
      "Events": [
        {
          "Event": "PRLODSTWS1_1#CLM_0510_11G-TO-PRLODSTWS1_1#CLM_0510_PARAM"
        },
        {
          "Event": "PRLODSTWS1_1#CLM_JOB_PARAM-TO-PRLODSTWS1_1#CLM_0510_PARAM"
        }
      ]
    }
  }
  }
}
