{
  "PRLODSTWS1_1#D_RPT_FIN_10": {
  "Type":  "Folder",
  "ControlmServer": "CTM",
  "Description": "== Conversion Messages Start ==\\n\\nMessage ID\\t: INF6107 (376-622)\\n\\nMessage ID\\t: INF6104 (377-622)\\n\\n== Conversion Messages End ==\\n",
  "OrderMethod": "Manual",
  "SubApplication": "UPCR1",
  "CreatedBy": "emuser",
  "Application": "ODS",
  "When": {
    "RuleBasedCalendars": {
      "Included": [
        "RC1"
      ],
      "RC1": {
        "Type": "Calendar:RuleBased",
        "When": {
          "MonthDaysCalendar": "RCG-D-NAT",
          "DaysRelation": "OR",
          "DaysKeepActive": "01",
          "WeekDays": [
            "NONE"
          ],
          "MonthDays": [
            "NONE"
          ]
        }
      }
    }
  },
  "PRLODSTWS1_1#FIN_0750_PARAM": {
    "Type": "Job:Database:StoredProcedure",
    "ConnectionProfile": "UPCR1",
    "StoredProcedure": "FIN_0750_PARAM_SP",
    "Schema": "SQLEXT",
    "DaysKeepActive": "1",
    "SubApplication": "UPCR1",
    "Host": "CTMAG",
    "CreatedBy": "emuser",
    "Description": "== Conversion Messages Start ==\\n\\nMessage ID\\t: WRN6031 (368-623)\\n\\n== Conversion Messages End ==\\nAdded by composer.",
    "RunAs": "controlm",
    "Application": "ODS",
    "When": {
      "WeekDays": [
        "NONE"
      ],
      "Months": [
        "NONE"
      ],
      "MonthDays": [
        "NONE"
      ],
      "DaysRelation": "OR",
      "RuleBasedCalendars": {
        "Included": [
          "RC1"
        ]
      }
    },
    "eventsToWaitFor": {
      "Type": "WaitForEvents",
      "Events": [
        {
          "Event": "PRLODSTWS1_1#FIN_0750_11G-TO-PRLODSTWS1_1#FIN_0750_PARAM"
        },
        {
          "Event": "PRLODSTWS1_1#FIN_JOB_PARAM-TO-PRLODSTWS1_1#FIN_0750_PARAM"
        }
      ]
    },
    "eventsToAdd": {
      "Type": "AddEvents",
      "Events": [
        {
          "Event": "PRLODSTWS1_1#FIN_0750_PARAM-TO-PRLODSTWS1_1#FIN_0750_CR"
        }
      ]
    },
    "eventsToDelete": {
      "Type": "DeleteEvents",
      "Events": [
        {
          "Event": "PRLODSTWS1_1#FIN_0750_11G-TO-PRLODSTWS1_1#FIN_0750_PARAM"
        },
        {
          "Event": "PRLODSTWS1_1#FIN_JOB_PARAM-TO-PRLODSTWS1_1#FIN_0750_PARAM"
        }
      ]
    }
  },
  "PRLODSTWS1_1#FIN_0730_CR": {
    "Type": "Job:Command",
    "DaysKeepActive": "1",
    "SubApplication": "UPCR1",
    "Host": "CTMAG",
    "CreatedBy": "emuser",
    "Description": "generate the report file for batch",
    "RunAs": "controlm",
    "Application": "ODS",
    "Command": "/home/tws/ods_batch_home/esp.batch.scripts/gen.report.sh D_RPT_FIN ${tws.job.name} %%\\\\global\\END_DT_CHAR.",
    "When": {
      "WeekDays": [
        "NONE"
      ],
      "Months": [
        "NONE"
      ],
      "MonthDays": [
        "NONE"
      ],
      "DaysRelation": "OR",
      "RuleBasedCalendars": {
        "Included": [
          "RC1"
        ]
      }
    },
    "eventsToWaitFor": {
      "Type": "WaitForEvents",
      "Events": [
        {
          "Event": "PRLODSTWS1_1#FIN_0730_PARAM-TO-PRLODSTWS1_1#FIN_0730_CR"
        }
      ]
    },
    "eventsToAdd": {
      "Type": "AddEvents",
      "Events": [
        {
          "Event": "PRLODSTWS1_1#FIN_0730_CR-TO-PRLODSTWS1_1#FIN_0730_CF"
        }
      ]
    },
    "eventsToDelete": {
      "Type": "DeleteEvents",
      "Events": [
        {
          "Event": "PRLODSTWS1_1#FIN_0730_PARAM-TO-PRLODSTWS1_1#FIN_0730_CR"
        }
      ]
    }
  },
  "PRLODSTWS1_1#FIN_0770_CF": {
    "Type": "Job:Command",
    "DaysKeepActive": "1",
    "SubApplication": "UPCR1",
    "Host": "CTMAG",
    "CreatedBy": "emuser",
    "Description": "archiving file for batch",
    "RunAs": "controlm",
    "Application": "ODS",
    "Command": "/home/tws/ods_batch_home/esp.batch.scripts/archiving.file.sh D_RPT_FIN ${tws.job.name} %%\\\\global\\END_DT_CHAR.",
    "When": {
      "WeekDays": [
        "NONE"
      ],
      "Months": [
        "NONE"
      ],
      "MonthDays": [
        "NONE"
      ],
      "DaysRelation": "OR",
      "RuleBasedCalendars": {
        "Included": [
          "RC1"
        ]
      }
    },
    "eventsToWaitFor": {
      "Type": "WaitForEvents",
      "Events": [
        {
          "Event": "PRLODSTWS1_1#FIN_0770_CR-TO-PRLODSTWS1_1#FIN_0770_CF"
        }
      ]
    },
    "eventsToDelete": {
      "Type": "DeleteEvents",
      "Events": [
        {
          "Event": "PRLODSTWS1_1#FIN_0770_CR-TO-PRLODSTWS1_1#FIN_0770_CF"
        }
      ]
    }
  },
  "PRLODSTWS1_1#FIN_0770_11G": {
    "Type": "Job:Database:StoredProcedure",
    "ConnectionProfile": "UPCR1",
    "StoredProcedure": "FIN_0770_11G_SP",
    "Schema": "SQLEXT",
    "DaysKeepActive": "1",
    "SubApplication": "UPCR1",
    "Host": "CTMAG",
    "CreatedBy": "emuser",
    "Description": "== Conversion Messages Start ==\\n\\nMessage ID\\t: WRN6031 (369-626)\\n\\n== Conversion Messages End ==\\nAdded by composer.",
    "RunAs": "controlm",
    "Application": "ODS",
    "When": {
      "WeekDays": [
        "NONE"
      ],
      "Months": [
        "NONE"
      ],
      "MonthDays": [
        "NONE"
      ],
      "DaysRelation": "OR",
      "RuleBasedCalendars": {
        "Included": [
          "RC1"
        ]
      }
    },
    "eventsToWaitFor": {
      "Type": "WaitForEvents",
      "Events": [
        {
          "Event": "PRLODSTWS1_1#OV_FIN_CHARGE_UNIT-TO-PRLODSTWS1_1#FIN_0770_11G"
        },
        {
          "Event": "PRLODSTWS1_1#O_FIN_CHARGE_DEDUCT_MODE-TO-PRLODSTWS1_1#FIN_0770_11G"
        },
        {
          "Event": "PRLODSTWS1_1#O_FIN_CHARGE_DEF-TO-PRLODSTWS1_1#FIN_0770_11G"
        },
        {
          "Event": "PRLODSTWS1_1#O_FIN_CHARGE_ITEM-TO-PRLODSTWS1_1#FIN_0770_11G"
        },
        {
          "Event": "PRLODSTWS1_1#O_FIN_CHARGE_TYPE-TO-PRLODSTWS1_1#FIN_0770_11G"
        },
        {
          "Event": "PRLODSTWS1_1#O_FIN_CON_STORE_TYPE-TO-PRLODSTWS1_1#FIN_0770_11G"
        },
        {
          "Event": "PRLODSTWS1_1#O_BANK-TO-PRLODSTWS1_1#FIN_0770_11G"
        },
        {
          "Event": "PRLODSTWS1_1#O_ACQUIRER-TO-PRLODSTWS1_1#FIN_0770_11G"
        },
        {
          "Event": "PRLODSTWS1_1#SDM_FIN_CHARGE_DETAIL-TO-PRLODSTWS1_1#FIN_0770_11G"
        },
        {
          "Event": "PRLODSTWS1_1#SDM_BANK_ACCOUNT-TO-PRLODSTWS1_1#FIN_0770_11G"
        },
        {
          "Event": "PRLODSTWS1_1#SDM_CASH-TO-PRLODSTWS1_1#FIN_0770_11G"
        },
        {
          "Event": "PRLODSTWS1_1#SDM_USER-TO-PRLODSTWS1_1#FIN_0770_11G"
        },
        {
          "Event": "PRLODSTWS1_1#SDM_MONEY-TO-PRLODSTWS1_1#FIN_0770_11G"
        }
      ]
    },
    "eventsToAdd": {
      "Type": "AddEvents",
      "Events": [
        {
          "Event": "PRLODSTWS1_1#FIN_0770_11G-TO-PRLODSTWS1_1#FIN_0770_PARAM"
        }
      ]
    },
    "eventsToDelete": {
      "Type": "DeleteEvents",
      "Events": [
        {
          "Event": "PRLODSTWS1_1#OV_FIN_CHARGE_UNIT-TO-PRLODSTWS1_1#FIN_0770_11G"
        },
        {
          "Event": "PRLODSTWS1_1#O_FIN_CHARGE_DEDUCT_MODE-TO-PRLODSTWS1_1#FIN_0770_11G"
        },
        {
          "Event": "PRLODSTWS1_1#O_FIN_CHARGE_DEF-TO-PRLODSTWS1_1#FIN_0770_11G"
        },
        {
          "Event": "PRLODSTWS1_1#O_FIN_CHARGE_ITEM-TO-PRLODSTWS1_1#FIN_0770_11G"
        },
        {
          "Event": "PRLODSTWS1_1#O_FIN_CHARGE_TYPE-TO-PRLODSTWS1_1#FIN_0770_11G"
        },
        {
          "Event": "PRLODSTWS1_1#O_FIN_CON_STORE_TYPE-TO-PRLODSTWS1_1#FIN_0770_11G"
        },
        {
          "Event": "PRLODSTWS1_1#O_BANK-TO-PRLODSTWS1_1#FIN_0770_11G"
        },
        {
          "Event": "PRLODSTWS1_1#O_ACQUIRER-TO-PRLODSTWS1_1#FIN_0770_11G"
        },
        {
          "Event": "PRLODSTWS1_1#SDM_FIN_CHARGE_DETAIL-TO-PRLODSTWS1_1#FIN_0770_11G"
        },
        {
          "Event": "PRLODSTWS1_1#SDM_BANK_ACCOUNT-TO-PRLODSTWS1_1#FIN_0770_11G"
        },
        {
          "Event": "PRLODSTWS1_1#SDM_CASH-TO-PRLODSTWS1_1#FIN_0770_11G"
        },
        {
          "Event": "PRLODSTWS1_1#SDM_USER-TO-PRLODSTWS1_1#FIN_0770_11G"
        },
        {
          "Event": "PRLODSTWS1_1#SDM_MONEY-TO-PRLODSTWS1_1#FIN_0770_11G"
        }
      ]
    }
  },
  "PRLODSTWS1_1#FIN_0750_CR": {
    "Type": "Job:Command",
    "DaysKeepActive": "1",
    "SubApplication": "UPCR1",
    "Host": "CTMAG",
    "CreatedBy": "emuser",
    "Description": "generate the report file for batch",
    "RunAs": "controlm",
    "Application": "ODS",
    "Command": "/home/tws/ods_batch_home/esp.batch.scripts/gen.report.sh D_RPT_FIN ${tws.job.name} %%\\\\global\\END_DT_CHAR.",
    "When": {
      "WeekDays": [
        "NONE"
      ],
      "Months": [
        "NONE"
      ],
      "MonthDays": [
        "NONE"
      ],
      "DaysRelation": "OR",
      "RuleBasedCalendars": {
        "Included": [
          "RC1"
        ]
      }
    },
    "eventsToWaitFor": {
      "Type": "WaitForEvents",
      "Events": [
        {
          "Event": "PRLODSTWS1_1#FIN_0750_PARAM-TO-PRLODSTWS1_1#FIN_0750_CR"
        }
      ]
    },
    "eventsToAdd": {
      "Type": "AddEvents",
      "Events": [
        {
          "Event": "PRLODSTWS1_1#FIN_0750_CR-TO-PRLODSTWS1_1#FIN_0750_CF"
        }
      ]
    },
    "eventsToDelete": {
      "Type": "DeleteEvents",
      "Events": [
        {
          "Event": "PRLODSTWS1_1#FIN_0750_PARAM-TO-PRLODSTWS1_1#FIN_0750_CR"
        }
      ]
    }
  },
  "PRLODSTWS1_1#FIN_0790_CF": {
    "Type": "Job:Command",
    "DaysKeepActive": "1",
    "SubApplication": "UPCR1",
    "Host": "CTMAG",
    "CreatedBy": "emuser",
    "Description": "archiving file for batch",
    "RunAs": "controlm",
    "Application": "ODS",
    "Command": "/home/tws/ods_batch_home/esp.batch.scripts/archiving.file.sh D_RPT_FIN ${tws.job.name} %%\\\\global\\END_DT_CHAR.",
    "When": {
      "WeekDays": [
        "NONE"
      ],
      "Months": [
        "NONE"
      ],
      "MonthDays": [
        "NONE"
      ],
      "DaysRelation": "OR",
      "RuleBasedCalendars": {
        "Included": [
          "RC1"
        ]
      }
    },
    "eventsToWaitFor": {
      "Type": "WaitForEvents",
      "Events": [
        {
          "Event": "PRLODSTWS1_1#FIN_0790_CR-TO-PRLODSTWS1_1#FIN_0790_CF"
        }
      ]
    },
    "eventsToDelete": {
      "Type": "DeleteEvents",
      "Events": [
        {
          "Event": "PRLODSTWS1_1#FIN_0790_CR-TO-PRLODSTWS1_1#FIN_0790_CF"
        }
      ]
    }
  },
  "PRLODSTWS1_1#FIN_0770_CR": {
    "Type": "Job:Command",
    "DaysKeepActive": "1",
    "SubApplication": "UPCR1",
    "Host": "CTMAG",
    "CreatedBy": "emuser",
    "Description": "generate the report file for batch",
    "RunAs": "controlm",
    "Application": "ODS",
    "Command": "/home/tws/ods_batch_home/esp.batch.scripts/gen.report.sh D_RPT_FIN ${tws.job.name} %%\\\\global\\END_DT_CHAR.",
    "When": {
      "WeekDays": [
        "NONE"
      ],
      "Months": [
        "NONE"
      ],
      "MonthDays": [
        "NONE"
      ],
      "DaysRelation": "OR",
      "RuleBasedCalendars": {
        "Included": [
          "RC1"
        ]
      }
    },
    "eventsToWaitFor": {
      "Type": "WaitForEvents",
      "Events": [
        {
          "Event": "PRLODSTWS1_1#FIN_0770_PARAM-TO-PRLODSTWS1_1#FIN_0770_CR"
        }
      ]
    },
    "eventsToAdd": {
      "Type": "AddEvents",
      "Events": [
        {
          "Event": "PRLODSTWS1_1#FIN_0770_CR-TO-PRLODSTWS1_1#FIN_0770_CF"
        }
      ]
    },
    "eventsToDelete": {
      "Type": "DeleteEvents",
      "Events": [
        {
          "Event": "PRLODSTWS1_1#FIN_0770_PARAM-TO-PRLODSTWS1_1#FIN_0770_CR"
        }
      ]
    }
  },
  "PRLODSTWS1_1#FIN_0750_CF": {
    "Type": "Job:Command",
    "DaysKeepActive": "1",
    "SubApplication": "UPCR1",
    "Host": "CTMAG",
    "CreatedBy": "emuser",
    "Description": "archiving file for batch",
    "RunAs": "controlm",
    "Application": "ODS",
    "Command": "/home/tws/ods_batch_home/esp.batch.scripts/archiving.file.sh D_RPT_FIN ${tws.job.name} %%\\\\global\\END_DT_CHAR.",
    "When": {
      "WeekDays": [
        "NONE"
      ],
      "Months": [
        "NONE"
      ],
      "MonthDays": [
        "NONE"
      ],
      "DaysRelation": "OR",
      "RuleBasedCalendars": {
        "Included": [
          "RC1"
        ]
      }
    },
    "eventsToWaitFor": {
      "Type": "WaitForEvents",
      "Events": [
        {
          "Event": "PRLODSTWS1_1#FIN_0750_CR-TO-PRLODSTWS1_1#FIN_0750_CF"
        }
      ]
    },
    "eventsToDelete": {
      "Type": "DeleteEvents",
      "Events": [
        {
          "Event": "PRLODSTWS1_1#FIN_0750_CR-TO-PRLODSTWS1_1#FIN_0750_CF"
        }
      ]
    }
  },
  "PRLODSTWS1_1#FIN_0750_11G": {
    "Type": "Job:Database:StoredProcedure",
    "ConnectionProfile": "UPCR1",
    "StoredProcedure": "FIN_0750_11G_SP",
    "Schema": "SQLEXT",
    "DaysKeepActive": "1",
    "SubApplication": "UPCR1",
    "Host": "CTMAG",
    "CreatedBy": "emuser",
    "Description": "== Conversion Messages Start ==\\n\\nMessage ID\\t: WRN6031 (370-631)\\n\\n== Conversion Messages End ==\\nAdded by composer.",
    "RunAs": "controlm",
    "Application": "ODS",
    "When": {
      "WeekDays": [
        "NONE"
      ],
      "Months": [
        "NONE"
      ],
      "MonthDays": [
        "NONE"
      ],
      "DaysRelation": "OR",
      "RuleBasedCalendars": {
        "Included": [
          "RC1"
        ]
      }
    },
    "eventsToWaitFor": {
      "Type": "WaitForEvents",
      "Events": [
        {
          "Event": "PRLODSTWS1_1#O_CASH_FIN-TO-PRLODSTWS1_1#FIN_0750_11G"
        },
        {
          "Event": "PRLODSTWS1_1#O_FIN_CHQSTS_HIST-TO-PRLODSTWS1_1#FIN_0750_11G"
        },
        {
          "Event": "PRLODSTWS1_1#O_FIN_CHQ_COLLECT-TO-PRLODSTWS1_1#FIN_0750_11G"
        },
        {
          "Event": "PRLODSTWS1_1#O_GL_INTERFACE-TO-PRLODSTWS1_1#FIN_0750_11G"
        },
        {
          "Event": "PRLODSTWS1_1#O_BANK-TO-PRLODSTWS1_1#FIN_0750_11G"
        },
        {
          "Event": "PRLODSTWS1_1#O_STRING_RESOURCE-TO-PRLODSTWS1_1#FIN_0750_11G"
        },
        {
          "Event": "PRLODSTWS1_1#SDM_BANK_ACCOUNT-TO-PRLODSTWS1_1#FIN_0750_11G"
        },
        {
          "Event": "PRLODSTWS1_1#SDM_CASH-TO-PRLODSTWS1_1#FIN_0750_11G"
        },
        {
          "Event": "PRLODSTWS1_1#SDM_CHEQUE-TO-PRLODSTWS1_1#FIN_0750_11G"
        }
      ]
    },
    "eventsToAdd": {
      "Type": "AddEvents",
      "Events": [
        {
          "Event": "PRLODSTWS1_1#FIN_0750_11G-TO-PRLODSTWS1_1#FIN_0750_PARAM"
        }
      ]
    },
    "eventsToDelete": {
      "Type": "DeleteEvents",
      "Events": [
        {
          "Event": "PRLODSTWS1_1#O_CASH_FIN-TO-PRLODSTWS1_1#FIN_0750_11G"
        },
        {
          "Event": "PRLODSTWS1_1#O_FIN_CHQSTS_HIST-TO-PRLODSTWS1_1#FIN_0750_11G"
        },
        {
          "Event": "PRLODSTWS1_1#O_FIN_CHQ_COLLECT-TO-PRLODSTWS1_1#FIN_0750_11G"
        },
        {
          "Event": "PRLODSTWS1_1#O_GL_INTERFACE-TO-PRLODSTWS1_1#FIN_0750_11G"
        },
        {
          "Event": "PRLODSTWS1_1#O_BANK-TO-PRLODSTWS1_1#FIN_0750_11G"
        },
        {
          "Event": "PRLODSTWS1_1#O_STRING_RESOURCE-TO-PRLODSTWS1_1#FIN_0750_11G"
        },
        {
          "Event": "PRLODSTWS1_1#SDM_BANK_ACCOUNT-TO-PRLODSTWS1_1#FIN_0750_11G"
        },
        {
          "Event": "PRLODSTWS1_1#SDM_CASH-TO-PRLODSTWS1_1#FIN_0750_11G"
        },
        {
          "Event": "PRLODSTWS1_1#SDM_CHEQUE-TO-PRLODSTWS1_1#FIN_0750_11G"
        }
      ]
    }
  },
  "PRLODSTWS1_1#FIN_0730_CF": {
    "Type": "Job:Command",
    "DaysKeepActive": "1",
    "SubApplication": "UPCR1",
    "Host": "CTMAG",
    "CreatedBy": "emuser",
    "Description": "archiving file for batch",
    "RunAs": "controlm",
    "Application": "ODS",
    "Command": "/home/tws/ods_batch_home/esp.batch.scripts/archiving.file.sh D_RPT_FIN ${tws.job.name} %%\\\\global\\END_DT_CHAR.",
    "When": {
      "WeekDays": [
        "NONE"
      ],
      "Months": [
        "NONE"
      ],
      "MonthDays": [
        "NONE"
      ],
      "DaysRelation": "OR",
      "RuleBasedCalendars": {
        "Included": [
          "RC1"
        ]
      }
    },
    "eventsToWaitFor": {
      "Type": "WaitForEvents",
      "Events": [
        {
          "Event": "PRLODSTWS1_1#FIN_0730_CR-TO-PRLODSTWS1_1#FIN_0730_CF"
        }
      ]
    },
    "eventsToDelete": {
      "Type": "DeleteEvents",
      "Events": [
        {
          "Event": "PRLODSTWS1_1#FIN_0730_CR-TO-PRLODSTWS1_1#FIN_0730_CF"
        }
      ]
    }
  },
  "PRLODSTWS1_1#FIN_0790_11G": {
    "Type": "Job:Database:StoredProcedure",
    "ConnectionProfile": "UPCR1",
    "StoredProcedure": "FIN_0790_11G_SP",
    "Schema": "SQLEXT",
    "DaysKeepActive": "1",
    "SubApplication": "UPCR1",
    "Host": "CTMAG",
    "CreatedBy": "emuser",
    "Description": "== Conversion Messages Start ==\\n\\nMessage ID\\t: WRN6031 (371-633)\\n\\n== Conversion Messages End ==\\nAdded by composer.",
    "RunAs": "controlm",
    "Application": "ODS",
    "When": {
      "WeekDays": [
        "NONE"
      ],
      "Months": [
        "NONE"
      ],
      "MonthDays": [
        "NONE"
      ],
      "DaysRelation": "OR",
      "RuleBasedCalendars": {
        "Included": [
          "RC1"
        ]
      }
    },
    "eventsToWaitFor": {
      "Type": "WaitForEvents",
      "Events": [
        {
          "Event": "PRLODSTWS1_1#O_CONTRACT_INVEST-TO-PRLODSTWS1_1#FIN_0790_11G"
        },
        {
          "Event": "PRLODSTWS1_1#O_FUND-TO-PRLODSTWS1_1#FIN_0790_11G"
        },
        {
          "Event": "PRLODSTWS1_1#O_BANK-TO-PRLODSTWS1_1#FIN_0790_11G"
        },
        {
          "Event": "PRLODSTWS1_1#O_PA_CASH_REFUND-TO-PRLODSTWS1_1#FIN_0790_11G"
        },
        {
          "Event": "PRLODSTWS1_1#O_POLICY_CHANGE-TO-PRLODSTWS1_1#FIN_0790_11G"
        },
        {
          "Event": "PRLODSTWS1_1#O_STRING_RESOURCE-TO-PRLODSTWS1_1#FIN_0790_11G"
        },
        {
          "Event": "PRLODSTWS1_1#SDM_FIN_PAY_CHG_DETAIL-TO-PRLODSTWS1_1#FIN_0790_11G"
        },
        {
          "Event": "PRLODSTWS1_1#SDM_FUND-TO-PRLODSTWS1_1#FIN_0790_11G"
        },
        {
          "Event": "PRLODSTWS1_1#SDM_FUND_COUPON_ALLOC-TO-PRLODSTWS1_1#FIN_0790_11G"
        },
        {
          "Event": "PRLODSTWS1_1#SDM_BANK_ACCOUNT-TO-PRLODSTWS1_1#FIN_0790_11G"
        },
        {
          "Event": "PRLODSTWS1_1#SDM_CASH-TO-PRLODSTWS1_1#FIN_0790_11G"
        },
        {
          "Event": "PRLODSTWS1_1#SDM_USER-TO-PRLODSTWS1_1#FIN_0790_11G"
        },
        {
          "Event": "PRLODSTWS1_1#SDM_CONTRACT_MASTER-TO-PRLODSTWS1_1#FIN_0790_11G"
        }
      ]
    },
    "eventsToAdd": {
      "Type": "AddEvents",
      "Events": [
        {
          "Event": "PRLODSTWS1_1#FIN_0790_11G-TO-PRLODSTWS1_1#FIN_0790_PARAM"
        }
      ]
    },
    "eventsToDelete": {
      "Type": "DeleteEvents",
      "Events": [
        {
          "Event": "PRLODSTWS1_1#O_CONTRACT_INVEST-TO-PRLODSTWS1_1#FIN_0790_11G"
        },
        {
          "Event": "PRLODSTWS1_1#O_FUND-TO-PRLODSTWS1_1#FIN_0790_11G"
        },
        {
          "Event": "PRLODSTWS1_1#O_BANK-TO-PRLODSTWS1_1#FIN_0790_11G"
        },
        {
          "Event": "PRLODSTWS1_1#O_PA_CASH_REFUND-TO-PRLODSTWS1_1#FIN_0790_11G"
        },
        {
          "Event": "PRLODSTWS1_1#O_POLICY_CHANGE-TO-PRLODSTWS1_1#FIN_0790_11G"
        },
        {
          "Event": "PRLODSTWS1_1#O_STRING_RESOURCE-TO-PRLODSTWS1_1#FIN_0790_11G"
        },
        {
          "Event": "PRLODSTWS1_1#SDM_FIN_PAY_CHG_DETAIL-TO-PRLODSTWS1_1#FIN_0790_11G"
        },
        {
          "Event": "PRLODSTWS1_1#SDM_FUND-TO-PRLODSTWS1_1#FIN_0790_11G"
        },
        {
          "Event": "PRLODSTWS1_1#SDM_FUND_COUPON_ALLOC-TO-PRLODSTWS1_1#FIN_0790_11G"
        },
        {
          "Event": "PRLODSTWS1_1#SDM_BANK_ACCOUNT-TO-PRLODSTWS1_1#FIN_0790_11G"
        },
        {
          "Event": "PRLODSTWS1_1#SDM_CASH-TO-PRLODSTWS1_1#FIN_0790_11G"
        },
        {
          "Event": "PRLODSTWS1_1#SDM_USER-TO-PRLODSTWS1_1#FIN_0790_11G"
        },
        {
          "Event": "PRLODSTWS1_1#SDM_CONTRACT_MASTER-TO-PRLODSTWS1_1#FIN_0790_11G"
        }
      ]
    }
  },
  "PRLODSTWS1_1#FIN_0790_CR": {
    "Type": "Job:Command",
    "DaysKeepActive": "1",
    "SubApplication": "UPCR1",
    "Host": "CTMAG",
    "CreatedBy": "emuser",
    "Description": "generate the report file for batch",
    "RunAs": "controlm",
    "Application": "ODS",
    "Command": "/home/tws/ods_batch_home/esp.batch.scripts/gen.report.sh D_RPT_FIN ${tws.job.name} %%\\\\global\\END_DT_CHAR.",
    "When": {
      "WeekDays": [
        "NONE"
      ],
      "Months": [
        "NONE"
      ],
      "MonthDays": [
        "NONE"
      ],
      "DaysRelation": "OR",
      "RuleBasedCalendars": {
        "Included": [
          "RC1"
        ]
      }
    },
    "eventsToWaitFor": {
      "Type": "WaitForEvents",
      "Events": [
        {
          "Event": "PRLODSTWS1_1#FIN_0790_PARAM-TO-PRLODSTWS1_1#FIN_0790_CR"
        }
      ]
    },
    "eventsToAdd": {
      "Type": "AddEvents",
      "Events": [
        {
          "Event": "PRLODSTWS1_1#FIN_0790_CR-TO-PRLODSTWS1_1#FIN_0790_CF"
        }
      ]
    },
    "eventsToDelete": {
      "Type": "DeleteEvents",
      "Events": [
        {
          "Event": "PRLODSTWS1_1#FIN_0790_PARAM-TO-PRLODSTWS1_1#FIN_0790_CR"
        }
      ]
    }
  },
  "PRLODSTWS1_1#FIN_0730_11G": {
    "Type": "Job:Database:StoredProcedure",
    "ConnectionProfile": "UPCR1",
    "StoredProcedure": "FIN_0730_11G_SP",
    "Schema": "SQLEXT",
    "DaysKeepActive": "1",
    "SubApplication": "UPCR1",
    "Host": "CTMAG",
    "CreatedBy": "emuser",
    "Description": "== Conversion Messages Start ==\\n\\nMessage ID\\t: WRN6031 (372-635)\\n\\n== Conversion Messages End ==\\nAdded by composer.",
    "RunAs": "controlm",
    "Application": "ODS",
    "When": {
      "WeekDays": [
        "NONE"
      ],
      "Months": [
        "NONE"
      ],
      "MonthDays": [
        "NONE"
      ],
      "DaysRelation": "OR",
      "RuleBasedCalendars": {
        "Included": [
          "RC1"
        ]
      }
    },
    "eventsToWaitFor": {
      "Type": "WaitForEvents",
      "Events": [
        {
          "Event": "PRLODSTWS1_1#O_FIN_PAYREC-TO-PRLODSTWS1_1#FIN_0730_11G"
        },
        {
          "Event": "PRLODSTWS1_1#O_FIN_PAYREC_DETAIL-TO-PRLODSTWS1_1#FIN_0730_11G"
        },
        {
          "Event": "PRLODSTWS1_1#O_BANK-TO-PRLODSTWS1_1#FIN_0730_11G"
        },
        {
          "Event": "PRLODSTWS1_1#O_WITHDRAW_TYPE-TO-PRLODSTWS1_1#FIN_0730_11G"
        },
        {
          "Event": "PRLODSTWS1_1#O_PA_CASH_REFUND-TO-PRLODSTWS1_1#FIN_0730_11G"
        },
        {
          "Event": "PRLODSTWS1_1#O_STRING_RESOURCE-TO-PRLODSTWS1_1#FIN_0730_11G"
        },
        {
          "Event": "PRLODSTWS1_1#OV_CONTRACT_MASTER-TO-PRLODSTWS1_1#FIN_0730_11G"
        },
        {
          "Event": "PRLODSTWS1_1#SDM_CUSTOMER-TO-PRLODSTWS1_1#FIN_0730_11G"
        },
        {
          "Event": "PRLODSTWS1_1#SDM_BANK_ACCOUNT-TO-PRLODSTWS1_1#FIN_0730_11G"
        },
        {
          "Event": "PRLODSTWS1_1#SDM_CASH_H-TO-PRLODSTWS1_1#FIN_0730_11G"
        },
        {
          "Event": "PRLODSTWS1_1#SDM_USER-TO-PRLODSTWS1_1#FIN_0730_11G"
        },
        {
          "Event": "PRLODSTWS1_1#SDM_MONEY-TO-PRLODSTWS1_1#FIN_0730_11G"
        }
      ]
    },
    "eventsToAdd": {
      "Type": "AddEvents",
      "Events": [
        {
          "Event": "PRLODSTWS1_1#FIN_0730_11G-TO-PRLODSTWS1_1#FIN_0730_PARAM"
        }
      ]
    },
    "eventsToDelete": {
      "Type": "DeleteEvents",
      "Events": [
        {
          "Event": "PRLODSTWS1_1#O_FIN_PAYREC-TO-PRLODSTWS1_1#FIN_0730_11G"
        },
        {
          "Event": "PRLODSTWS1_1#O_FIN_PAYREC_DETAIL-TO-PRLODSTWS1_1#FIN_0730_11G"
        },
        {
          "Event": "PRLODSTWS1_1#O_BANK-TO-PRLODSTWS1_1#FIN_0730_11G"
        },
        {
          "Event": "PRLODSTWS1_1#O_WITHDRAW_TYPE-TO-PRLODSTWS1_1#FIN_0730_11G"
        },
        {
          "Event": "PRLODSTWS1_1#O_PA_CASH_REFUND-TO-PRLODSTWS1_1#FIN_0730_11G"
        },
        {
          "Event": "PRLODSTWS1_1#O_STRING_RESOURCE-TO-PRLODSTWS1_1#FIN_0730_11G"
        },
        {
          "Event": "PRLODSTWS1_1#OV_CONTRACT_MASTER-TO-PRLODSTWS1_1#FIN_0730_11G"
        },
        {
          "Event": "PRLODSTWS1_1#SDM_CUSTOMER-TO-PRLODSTWS1_1#FIN_0730_11G"
        },
        {
          "Event": "PRLODSTWS1_1#SDM_BANK_ACCOUNT-TO-PRLODSTWS1_1#FIN_0730_11G"
        },
        {
          "Event": "PRLODSTWS1_1#SDM_CASH_H-TO-PRLODSTWS1_1#FIN_0730_11G"
        },
        {
          "Event": "PRLODSTWS1_1#SDM_USER-TO-PRLODSTWS1_1#FIN_0730_11G"
        },
        {
          "Event": "PRLODSTWS1_1#SDM_MONEY-TO-PRLODSTWS1_1#FIN_0730_11G"
        }
      ]
    }
  },
  "PRLODSTWS1_1#FIN_0790_PARAM": {
    "Type": "Job:Database:StoredProcedure",
    "ConnectionProfile": "UPCR1",
    "StoredProcedure": "FIN_0790_PARAM_SP",
    "Schema": "SQLEXT",
    "DaysKeepActive": "1",
    "SubApplication": "UPCR1",
    "Host": "CTMAG",
    "CreatedBy": "emuser",
    "Description": "== Conversion Messages Start ==\\n\\nMessage ID\\t: WRN6031 (373-636)\\n\\n== Conversion Messages End ==\\nAdded by composer.",
    "RunAs": "controlm",
    "Application": "ODS",
    "When": {
      "WeekDays": [
        "NONE"
      ],
      "Months": [
        "NONE"
      ],
      "MonthDays": [
        "NONE"
      ],
      "DaysRelation": "OR",
      "RuleBasedCalendars": {
        "Included": [
          "RC1"
        ]
      }
    },
    "eventsToWaitFor": {
      "Type": "WaitForEvents",
      "Events": [
        {
          "Event": "PRLODSTWS1_1#FIN_0790_11G-TO-PRLODSTWS1_1#FIN_0790_PARAM"
        },
        {
          "Event": "PRLODSTWS1_1#FIN_JOB_PARAM-TO-PRLODSTWS1_1#FIN_0790_PARAM"
        }
      ]
    },
    "eventsToAdd": {
      "Type": "AddEvents",
      "Events": [
        {
          "Event": "PRLODSTWS1_1#FIN_0790_PARAM-TO-PRLODSTWS1_1#FIN_0790_CR"
        }
      ]
    },
    "eventsToDelete": {
      "Type": "DeleteEvents",
      "Events": [
        {
          "Event": "PRLODSTWS1_1#FIN_0790_11G-TO-PRLODSTWS1_1#FIN_0790_PARAM"
        },
        {
          "Event": "PRLODSTWS1_1#FIN_JOB_PARAM-TO-PRLODSTWS1_1#FIN_0790_PARAM"
        }
      ]
    }
  },
  "PRLODSTWS1_1#FIN_0730_PARAM": {
    "Type": "Job:Database:StoredProcedure",
    "ConnectionProfile": "UPCR1",
    "StoredProcedure": "FIN_0730_PARAM_SP",
    "Schema": "SQLEXT",
    "DaysKeepActive": "1",
    "SubApplication": "UPCR1",
    "Host": "CTMAG",
    "CreatedBy": "emuser",
    "Description": "== Conversion Messages Start ==\\n\\nMessage ID\\t: WRN6031 (374-637)\\n\\n== Conversion Messages End ==\\nAdded by composer.",
    "RunAs": "controlm",
    "Application": "ODS",
    "When": {
      "WeekDays": [
        "NONE"
      ],
      "Months": [
        "NONE"
      ],
      "MonthDays": [
        "NONE"
      ],
      "DaysRelation": "OR",
      "RuleBasedCalendars": {
        "Included": [
          "RC1"
        ]
      }
    },
    "eventsToWaitFor": {
      "Type": "WaitForEvents",
      "Events": [
        {
          "Event": "PRLODSTWS1_1#FIN_0730_11G-TO-PRLODSTWS1_1#FIN_0730_PARAM"
        },
        {
          "Event": "PRLODSTWS1_1#FIN_JOB_PARAM-TO-PRLODSTWS1_1#FIN_0730_PARAM"
        }
      ]
    },
    "eventsToAdd": {
      "Type": "AddEvents",
      "Events": [
        {
          "Event": "PRLODSTWS1_1#FIN_0730_PARAM-TO-PRLODSTWS1_1#FIN_0730_CR"
        }
      ]
    },
    "eventsToDelete": {
      "Type": "DeleteEvents",
      "Events": [
        {
          "Event": "PRLODSTWS1_1#FIN_0730_11G-TO-PRLODSTWS1_1#FIN_0730_PARAM"
        },
        {
          "Event": "PRLODSTWS1_1#FIN_JOB_PARAM-TO-PRLODSTWS1_1#FIN_0730_PARAM"
        }
      ]
    }
  },
  "PRLODSTWS1_1#FIN_0770_PARAM": {
    "Type": "Job:Database:StoredProcedure",
    "ConnectionProfile": "UPCR1",
    "StoredProcedure": "FIN_0770_PARAM_SP",
    "Schema": "SQLEXT",
    "DaysKeepActive": "1",
    "SubApplication": "UPCR1",
    "Host": "CTMAG",
    "CreatedBy": "emuser",
    "Description": "== Conversion Messages Start ==\\n\\nMessage ID\\t: WRN6031 (375-638)\\n\\n== Conversion Messages End ==\\nAdded by composer.",
    "RunAs": "controlm",
    "Application": "ODS",
    "When": {
      "WeekDays": [
        "NONE"
      ],
      "Months": [
        "NONE"
      ],
      "MonthDays": [
        "NONE"
      ],
      "DaysRelation": "OR",
      "RuleBasedCalendars": {
        "Included": [
          "RC1"
        ]
      }
    },
    "eventsToWaitFor": {
      "Type": "WaitForEvents",
      "Events": [
        {
          "Event": "PRLODSTWS1_1#FIN_0770_11G-TO-PRLODSTWS1_1#FIN_0770_PARAM"
        },
        {
          "Event": "PRLODSTWS1_1#FIN_JOB_PARAM-TO-PRLODSTWS1_1#FIN_0770_PARAM"
        }
      ]
    },
    "eventsToAdd": {
      "Type": "AddEvents",
      "Events": [
        {
          "Event": "PRLODSTWS1_1#FIN_0770_PARAM-TO-PRLODSTWS1_1#FIN_0770_CR"
        }
      ]
    },
    "eventsToDelete": {
      "Type": "DeleteEvents",
      "Events": [
        {
          "Event": "PRLODSTWS1_1#FIN_0770_11G-TO-PRLODSTWS1_1#FIN_0770_PARAM"
        },
        {
          "Event": "PRLODSTWS1_1#FIN_JOB_PARAM-TO-PRLODSTWS1_1#FIN_0770_PARAM"
        }
      ]
    }
  },
  "eventsToAdd": {
    "Type": "AddEvents",
    "Events": [
      {
        "Event": "PRLODSTWS1_1#D_RPT_FIN_10-TO-PRLODSTWS1_1#BDS_STS_RPT_FIN"
      }
    ]
  }
  }
}
