{
  "PRLODSTWS1_1#D_ESP_ESP": {
  "Type":  "Folder",
  "ControlmServer": "CTM",
  "Description": "== Conversion Messages Start ==\\n\\nMessage ID\\t: INF6107 (3879-6805)\\n\\nMessage ID\\t: INF6104 (3880-6805)\\n\\n== Conversion Messages End ==\\n",
  "OrderMethod": "Manual",
  "SubApplication": "UPCR1",
  "CreatedBy": "emuser",
  "Application": "ODS",
  "When": {
    "RuleBasedCalendars": {
      "Included": [
        "RC1"
      ],
      "RC1": {
        "Type": "Calendar:RuleBased",
        "When": {
          "MonthDaysCalendar": "RCG-D-NAT",
          "DaysRelation": "OR",
          "DaysKeepActive": "01",
          "WeekDays": [
            "NONE"
          ],
          "MonthDays": [
            "NONE"
          ]
        }
      }
    }
  },
  "PRLODSTWS1_1#ESP_JOB_NOTE_BATCH_2_WH": {
    "Type": "Job:EmbeddedScript",
    "Script": "date",
    "DaysKeepActive": "1",
    "SubApplication": "UPCR1",
    "FileName": "PRLODSTWS1_1#ESP_JOB_NOTE_BATCH_2_WH.cmd",
    "Host": "CTMAG",
    "CreatedBy": "emuser",
    "Description": "== Conversion Messages Start ==\\n\\nMessage ID\\t: INF6110 (3877-6806)\\n\\n== Conversion Messages End ==\\nCommon Remote Batch Template",
    "RunAs": "controlm",
    "Application": "ODS",
    "When": {
      "WeekDays": [
        "NONE"
      ],
      "Months": [
        "NONE"
      ],
      "MonthDays": [
        "NONE"
      ],
      "DaysRelation": "OR",
      "RuleBasedCalendars": {
        "Included": [
          "RC1"
        ]
      }
    },
    "eventsToWaitFor": {
      "Type": "WaitForEvents",
      "Events": [
        {
          "Event": "PRLODSTWS1_1#SYS_STS_STG-TO-PRLODSTWS1_1#ESP_JOB_NOTE_BATCH_2_WH"
        },
        {
          "Event": "PRLODSTWS1_1#ESP_JOB_NOTE_BATCH_2_WH@PRLODSTWS1_1#D_ESP_ESP_opens_0"
        }
      ]
    },
    "eventsToAdd": {
      "Type": "AddEvents",
      "Events": [
        {
          "Event": "PRLODSTWS1_1#ESP_JOB_NOTE_BATCH_2_WH-TO-PRLODSTWS1_1#ESP_JOB_NOTE_MRG_MAL_BT"
        }
      ]
    },
    "eventsToDelete": {
      "Type": "DeleteEvents",
      "Events": [
        {
          "Event": "PRLODSTWS1_1#SYS_STS_STG-TO-PRLODSTWS1_1#ESP_JOB_NOTE_BATCH_2_WH"
        },
        {
          "Event": "PRLODSTWS1_1#ESP_JOB_NOTE_BATCH_2_WH@PRLODSTWS1_1#D_ESP_ESP_opens_0"
        }
      ]
    }
  },
  "PRLODSTWS1_1#ESP_JOB_NOTE_BATCH_2_WH_opens_0": {
    "Type": "Job:FileWatcher:Create",
    "TimeLimit": "1380",
    "Wildcard": true,
    "Path": "/home/tws/ods_batch_home/etl/SOURCE/SIP/RQ/MRG_MAL_DOC/ADHOC/%%END_DT_CHAR/A*.ctl",
    "SubApplication": "UPCR1",
    "FileName": "PRLODSTWS1_1#ESP_JOB_NOTE_BATCH_2_WH_opens_0",
    "Host": "PRLODSTWS1_1",
    "FilePath": "Not in use for File Watcher jobs",
    "CreatedBy": "emuser",
    "Description": "Assisting job created for PRLODSTWS1_1#ESP_JOB_NOTE_BATCH_2_WH",
    "RunAs": "controlm",
    "Application": "ODS",
    "Variables": [
      {
        "END_DT_CHAR": "20220609"
      },
      {
        "FileWatch-PATH": "Not in use for File Watcher jobs"
      }
    ],
    "When": {
      "WeekDays": [
        "NONE"
      ],
      "Months": [
        "NONE"
      ],
      "MonthDays": [
        "NONE"
      ],
      "DaysRelation": "OR",
      "RuleBasedCalendars": {
        "Included": [
          "RC1"
        ]
      }
    },
    "eventsToAdd": {
      "Type": "AddEvents",
      "Events": [
        {
          "Event": "PRLODSTWS1_1#ESP_JOB_NOTE_BATCH_2_WH@PRLODSTWS1_1#D_ESP_ESP_opens_0"
        }
      ]
    }
  },
  "PRLODSTWS1_1#ESP_JOB_FDW_UP_LOD_BT": {
    "Type": "Job:Command",
    "DaysKeepActive": "1",
    "SubApplication": "UPCR1",
    "Host": "CTMAG",
    "CreatedBy": "emuser",
    "Description": "Common Remote Batch Template",
    "RunAs": "controlm",
    "Application": "ODS",
    "Command": "/home/tws/ods_batch_home/esp.batch.scripts/run.script.wrapper.sh run.esp.batch.sh esp.job.fdw.ftp.upload.main dataDate=%%\\\\global\\END_DT_CHAR. from=IWS",
    "When": {
      "WeekDays": [
        "NONE"
      ],
      "Months": [
        "NONE"
      ],
      "MonthDays": [
        "NONE"
      ],
      "DaysRelation": "OR",
      "RuleBasedCalendars": {
        "Included": [
          "RC1"
        ]
      }
    },
    "eventsToWaitFor": {
      "Type": "WaitForEvents",
      "Events": [
        {
          "Event": "PRLODSTWS1_1#SYS_BDS_STS_FDW-TO-PRLODSTWS1_1#ESP_JOB_FDW_UP_LOD_BT"
        }
      ]
    },
    "eventsToDelete": {
      "Type": "DeleteEvents",
      "Events": [
        {
          "Event": "PRLODSTWS1_1#SYS_BDS_STS_FDW-TO-PRLODSTWS1_1#ESP_JOB_FDW_UP_LOD_BT"
        }
      ]
    }
  },
  "PRLODSTWS1_1#ESP_JOB_NOTE_BATCH_1_WH": {
    "Type": "Job:EmbeddedScript",
    "Script": "date",
    "DaysKeepActive": "1",
    "SubApplication": "UPCR1",
    "FileName": "PRLODSTWS1_1#ESP_JOB_NOTE_BATCH_1_WH.cmd",
    "Host": "CTMAG",
    "CreatedBy": "emuser",
    "Description": "== Conversion Messages Start ==\\n\\nMessage ID\\t: INF6110 (3878-6809)\\n\\n== Conversion Messages End ==\\nCommon Remote Batch Template",
    "RunAs": "controlm",
    "Application": "ODS",
    "When": {
      "WeekDays": [
        "NONE"
      ],
      "Months": [
        "NONE"
      ],
      "MonthDays": [
        "NONE"
      ],
      "DaysRelation": "OR",
      "RuleBasedCalendars": {
        "Included": [
          "RC1"
        ]
      }
    },
    "eventsToWaitFor": {
      "Type": "WaitForEvents",
      "Events": [
        {
          "Event": "PRLODSTWS1_1#SYS_STS_STG-TO-PRLODSTWS1_1#ESP_JOB_NOTE_BATCH_1_WH"
        },
        {
          "Event": "PRLODSTWS1_1#ESP_JOB_NOTE_BATCH_1_WH@PRLODSTWS1_1#D_ESP_ESP_opens_0"
        }
      ]
    },
    "eventsToAdd": {
      "Type": "AddEvents",
      "Events": [
        {
          "Event": "PRLODSTWS1_1#ESP_JOB_NOTE_BATCH_1_WH-TO-PRLODSTWS1_1#ESP_JOB_NOTE_MRG_MAL_BT"
        }
      ]
    },
    "eventsToDelete": {
      "Type": "DeleteEvents",
      "Events": [
        {
          "Event": "PRLODSTWS1_1#SYS_STS_STG-TO-PRLODSTWS1_1#ESP_JOB_NOTE_BATCH_1_WH"
        },
        {
          "Event": "PRLODSTWS1_1#ESP_JOB_NOTE_BATCH_1_WH@PRLODSTWS1_1#D_ESP_ESP_opens_0"
        }
      ]
    }
  },
  "PRLODSTWS1_1#ESP_JOB_NOTE_BATCH_1_WH_opens_0": {
    "Type": "Job:FileWatcher:Create",
    "TimeLimit": "1380",
    "Wildcard": true,
    "Path": "/home/tws/ods_batch_home/etl/SOURCE/SIP/RQ/MRG_MAL_DOC/NB/%%END_DT_CHAR/B*.ctl",
    "SubApplication": "UPCR1",
    "FileName": "PRLODSTWS1_1#ESP_JOB_NOTE_BATCH_1_WH_opens_0",
    "Host": "PRLODSTWS1_1",
    "FilePath": "Not in use for File Watcher jobs",
    "CreatedBy": "emuser",
    "Description": "Assisting job created for PRLODSTWS1_1#ESP_JOB_NOTE_BATCH_1_WH",
    "RunAs": "controlm",
    "Application": "ODS",
    "Variables": [
      {
        "END_DT_CHAR": "20220609"
      },
      {
        "FileWatch-PATH": "Not in use for File Watcher jobs"
      }
    ],
    "When": {
      "WeekDays": [
        "NONE"
      ],
      "Months": [
        "NONE"
      ],
      "MonthDays": [
        "NONE"
      ],
      "DaysRelation": "OR",
      "RuleBasedCalendars": {
        "Included": [
          "RC1"
        ]
      }
    },
    "eventsToAdd": {
      "Type": "AddEvents",
      "Events": [
        {
          "Event": "PRLODSTWS1_1#ESP_JOB_NOTE_BATCH_1_WH@PRLODSTWS1_1#D_ESP_ESP_opens_0"
        }
      ]
    }
  },
  "PRLODSTWS1_1#ESP_JOB_FLUSH_DB_BT": {
    "Type": "Job:Command",
    "DaysKeepActive": "1",
    "SubApplication": "UPCR1",
    "Host": "CTMAG",
    "CreatedBy": "emuser",
    "Description": "Common Remote Batch Template",
    "RunAs": "controlm",
    "Application": "ODS",
    "Command": "/home/tws/ods_batch_home/esp.batch.scripts/run.script.wrapper.sh run.esp.batch.sh esp.job.flush.conn.pool dataDate=%%\\\\global\\END_DT_CHAR. from=IWS",
    "When": {
      "WeekDays": [
        "NONE"
      ],
      "Months": [
        "NONE"
      ],
      "MonthDays": [
        "NONE"
      ],
      "DaysRelation": "OR",
      "RuleBasedCalendars": {
        "Included": [
          "RC1"
        ]
      }
    },
    "eventsToWaitFor": {
      "Type": "WaitForEvents",
      "Events": [
        {
          "Event": "PRLODSTWS1_1#SYS_STS_STG-TO-PRLODSTWS1_1#ESP_JOB_FLUSH_DB_BT"
        }
      ]
    },
    "eventsToAdd": {
      "Type": "AddEvents",
      "Events": [
        {
          "Event": "PRLODSTWS1_1#ESP_JOB_FLUSH_DB_BT-TO-PRLODSTWS1_1#ESP_JOB_HOUS_KEP_BT"
        },
        {
          "Event": "PRLODSTWS1_1#ESP_JOB_FLUSH_DB_BT-TO-PRLODSTWS1_1#ESP_JOB_BULTN_WTACHER_BT"
        },
        {
          "Event": "PRLODSTWS1_1#ESP_JOB_FLUSH_DB_BT-TO-PRLODSTWS1_1#ESP_JOB_BULTN_BT"
        },
        {
          "Event": "PRLODSTWS1_1#ESP_JOB_FLUSH_DB_BT-TO-PRLODSTWS1_1#ESP_JOB_HR_BT"
        }
      ]
    },
    "eventsToDelete": {
      "Type": "DeleteEvents",
      "Events": [
        {
          "Event": "PRLODSTWS1_1#SYS_STS_STG-TO-PRLODSTWS1_1#ESP_JOB_FLUSH_DB_BT"
        }
      ]
    }
  },
  "PRLODSTWS1_1#ESP_JOB_CSIS_SYNC_BT": {
    "Type": "Job:Command",
    "DaysKeepActive": "1",
    "SubApplication": "UPCR1",
    "Host": "CTMAG",
    "CreatedBy": "emuser",
    "Description": "Common Remote Batch Template",
    "RunAs": "controlm",
    "Application": "ODS",
    "Command": "/home/tws/ods_batch_home/esp.batch.scripts/run.script.wrapper.sh call.csis.in.ods.batch.sh dataDate=%%\\\\global\\END_DT_CHAR.",
    "When": {
      "WeekDays": [
        "NONE"
      ],
      "Months": [
        "NONE"
      ],
      "MonthDays": [
        "NONE"
      ],
      "DaysRelation": "OR",
      "RuleBasedCalendars": {
        "Included": [
          "RC1"
        ]
      }
    },
    "eventsToWaitFor": {
      "Type": "WaitForEvents",
      "Events": [
        {
          "Event": "PRLODSTWS1_1#ESP_JOB_HR_BT-TO-PRLODSTWS1_1#ESP_JOB_CSIS_SYNC_BT"
        },
        {
          "Event": "PRLODSTWS1_1#SYS_BDS_STS_SDM-TO-PRLODSTWS1_1#ESP_JOB_CSIS_SYNC_BT"
        }
      ]
    },
    "eventsToDelete": {
      "Type": "DeleteEvents",
      "Events": [
        {
          "Event": "PRLODSTWS1_1#ESP_JOB_HR_BT-TO-PRLODSTWS1_1#ESP_JOB_CSIS_SYNC_BT"
        },
        {
          "Event": "PRLODSTWS1_1#SYS_BDS_STS_SDM-TO-PRLODSTWS1_1#ESP_JOB_CSIS_SYNC_BT"
        }
      ]
    }
  },
  "PRLODSTWS1_1#ESP_JOB_HOUS_KEP_BT": {
    "Type": "Job:Command",
    "DaysKeepActive": "1",
    "SubApplication": "UPCR1",
    "Host": "CTMAG",
    "CreatedBy": "emuser",
    "Description": "Common Remote Batch Template",
    "RunAs": "controlm",
    "Application": "ODS",
    "Command": "/home/tws/ods_batch_home/esp.batch.scripts/run.script.wrapper.sh run.esp.batch.sh esp.job.housekeeping dataDate=%%\\\\global\\END_DT_CHAR. from=IWS",
    "When": {
      "WeekDays": [
        "NONE"
      ],
      "Months": [
        "NONE"
      ],
      "MonthDays": [
        "NONE"
      ],
      "DaysRelation": "OR",
      "RuleBasedCalendars": {
        "Included": [
          "RC1"
        ]
      }
    },
    "eventsToWaitFor": {
      "Type": "WaitForEvents",
      "Events": [
        {
          "Event": "PRLODSTWS1_1#ESP_JOB_FLUSH_DB_BT-TO-PRLODSTWS1_1#ESP_JOB_HOUS_KEP_BT"
        }
      ]
    },
    "eventsToDelete": {
      "Type": "DeleteEvents",
      "Events": [
        {
          "Event": "PRLODSTWS1_1#ESP_JOB_FLUSH_DB_BT-TO-PRLODSTWS1_1#ESP_JOB_HOUS_KEP_BT"
        }
      ]
    }
  },
  "PRLODSTWS1_1#ESP_JOB_NOTE_MRG_MAL_BT": {
    "Type": "Job:Command",
    "DaysKeepActive": "1",
    "SubApplication": "UPCR1",
    "Host": "CTMAG",
    "CreatedBy": "emuser",
    "Description": "Common Remote Batch Template",
    "RunAs": "controlm",
    "Application": "ODS",
    "Command": "/home/tws/ods_batch_home/esp.batch.scripts/run.script.wrapper.sh run.esp.batch.sh esp.job.note.mergemail.main dataDate=%%\\\\global\\END_DT_CHAR. from=IWS",
    "When": {
      "WeekDays": [
        "NONE"
      ],
      "Months": [
        "NONE"
      ],
      "MonthDays": [
        "NONE"
      ],
      "DaysRelation": "OR",
      "RuleBasedCalendars": {
        "Included": [
          "RC1"
        ]
      }
    },
    "eventsToWaitFor": {
      "Type": "WaitForEvents",
      "Events": [
        {
          "Event": "PRLODSTWS1_1#ESP_JOB_NOTE_BATCH_1_WH-TO-PRLODSTWS1_1#ESP_JOB_NOTE_MRG_MAL_BT"
        },
        {
          "Event": "PRLODSTWS1_1#ESP_JOB_NOTE_BATCH_2_WH-TO-PRLODSTWS1_1#ESP_JOB_NOTE_MRG_MAL_BT"
        },
        {
          "Event": "PRLODSTWS1_1#O_AGENT-TO-PRLODSTWS1_1#ESP_JOB_NOTE_MRG_MAL_BT"
        }
      ]
    },
    "eventsToAdd": {
      "Type": "AddEvents",
      "Events": [
        {
          "Event": "PRLODSTWS1_1#ESP_JOB_NOTE_MRG_MAL_BT-TO-PRLODSTWS1_1#FDW_DOCUMENT"
        },
        {
          "Event": "PRLODSTWS1_1#ESP_JOB_NOTE_MRG_MAL_BT-TO-PRLODSTWS1_1#FDW_DOCUMENT_1"
        }
      ]
    },
    "eventsToDelete": {
      "Type": "DeleteEvents",
      "Events": [
        {
          "Event": "PRLODSTWS1_1#ESP_JOB_NOTE_BATCH_1_WH-TO-PRLODSTWS1_1#ESP_JOB_NOTE_MRG_MAL_BT"
        },
        {
          "Event": "PRLODSTWS1_1#ESP_JOB_NOTE_BATCH_2_WH-TO-PRLODSTWS1_1#ESP_JOB_NOTE_MRG_MAL_BT"
        },
        {
          "Event": "PRLODSTWS1_1#O_AGENT-TO-PRLODSTWS1_1#ESP_JOB_NOTE_MRG_MAL_BT"
        }
      ]
    }
  },
  "PRLODSTWS1_1#ESP_JOB_MRG_MAL_BT": {
    "Type": "Job:Command",
    "DaysKeepActive": "1",
    "SubApplication": "UPCR1",
    "Host": "CTMAG",
    "CreatedBy": "emuser",
    "Description": "Common Remote Batch Template",
    "RunAs": "controlm",
    "Application": "ODS",
    "Command": "/home/tws/ods_batch_home/esp.batch.scripts/run.script.wrapper.sh run.esp.batch.sh esp.job.rpt.send.email.main dataDate=%%\\\\global\\END_DT_CHAR. from=IWS",
    "When": {
      "WeekDays": [
        "NONE"
      ],
      "Months": [
        "NONE"
      ],
      "MonthDays": [
        "NONE"
      ],
      "DaysRelation": "OR",
      "RuleBasedCalendars": {
        "Included": [
          "RC1"
        ]
      }
    },
    "eventsToWaitFor": {
      "Type": "WaitForEvents",
      "Events": [
        {
          "Event": "PRLODSTWS1_1#SYS_BDS_STS_FDW-TO-PRLODSTWS1_1#ESP_JOB_MRG_MAL_BT"
        },
        {
          "Event": "PRLODSTWS1_1#SYS_BDS_STS_RPT-TO-PRLODSTWS1_1#ESP_JOB_MRG_MAL_BT"
        }
      ]
    },
    "eventsToDelete": {
      "Type": "DeleteEvents",
      "Events": [
        {
          "Event": "PRLODSTWS1_1#SYS_BDS_STS_FDW-TO-PRLODSTWS1_1#ESP_JOB_MRG_MAL_BT"
        },
        {
          "Event": "PRLODSTWS1_1#SYS_BDS_STS_RPT-TO-PRLODSTWS1_1#ESP_JOB_MRG_MAL_BT"
        }
      ]
    }
  }
  }
}
