{
  "PRLODSTWS1_1#D_RPT_FIN_M65": {
  "Type":  "Folder",
  "ControlmServer": "CTM",
  "Description": "== Conversion Messages Start ==\\n\\nMessage ID\\t: INF6107 (2962-5154)\\n\\nMessage ID\\t: INF6104 (2963-5154)\\n\\n== Conversion Messages End ==\\n",
  "OrderMethod": "Manual",
  "SubApplication": "UPCR1",
  "CreatedBy": "emuser",
  "Application": "ODS",
  "When": {
    "RuleBasedCalendars": {
      "Included": [
        "RC1"
      ],
      "RC1": {
        "Type": "Calendar:RuleBased",
        "When": {
          "MonthDaysCalendar": "RCG-D-NAT",
          "DaysRelation": "OR",
          "DaysKeepActive": "01",
          "WeekDays": [
            "NONE"
          ],
          "MonthDays": [
            "NONE"
          ]
        }
      }
    }
  },
  "PRLODSTWS1_1#FIN_1580_CR": {
    "Type": "Job:Command",
    "DaysKeepActive": "1",
    "SubApplication": "UPCR1",
    "Host": "CTMAG",
    "CreatedBy": "emuser",
    "Description": "generate the report file for batch",
    "RunAs": "controlm",
    "Application": "ODS",
    "Command": "/home/tws/ods_batch_home/esp.batch.scripts/gen.report.sh D_RPT_FIN ${tws.job.name} %%\\\\global\\END_DT_CHAR.",
    "When": {
      "WeekDays": [
        "NONE"
      ],
      "Months": [
        "NONE"
      ],
      "MonthDays": [
        "NONE"
      ],
      "DaysRelation": "OR",
      "RuleBasedCalendars": {
        "Included": [
          "RC1"
        ]
      }
    },
    "eventsToWaitFor": {
      "Type": "WaitForEvents",
      "Events": [
        {
          "Event": "PRLODSTWS1_1#FIN_1580_PARAM-TO-PRLODSTWS1_1#FIN_1580_CR_2"
        }
      ]
    },
    "eventsToAdd": {
      "Type": "AddEvents",
      "Events": [
        {
          "Event": "PRLODSTWS1_1#FIN_1580_CR-TO-PRLODSTWS1_1#FIN_1580_CF_2"
        }
      ]
    },
    "eventsToDelete": {
      "Type": "DeleteEvents",
      "Events": [
        {
          "Event": "PRLODSTWS1_1#FIN_1580_PARAM-TO-PRLODSTWS1_1#FIN_1580_CR_2"
        }
      ]
    }
  },
  "PRLODSTWS1_1#FIN_1530_PARAM": {
    "Type": "Job:Database:StoredProcedure",
    "ConnectionProfile": "UPCR1",
    "StoredProcedure": "FIN_1530_PARAM_SP",
    "Schema": "SQLEXT",
    "DaysKeepActive": "1",
    "SubApplication": "UPCR1",
    "Host": "CTMAG",
    "CreatedBy": "emuser",
    "Description": "== Conversion Messages Start ==\\n\\nMessage ID\\t: WRN6031 (2944-5156)\\n\\n== Conversion Messages End ==\\nAdded by composer.",
    "RunAs": "controlm",
    "Application": "ODS",
    "When": {
      "WeekDays": [
        "NONE"
      ],
      "Months": [
        "NONE"
      ],
      "MonthDays": [
        "NONE"
      ],
      "DaysRelation": "OR",
      "RuleBasedCalendars": {
        "Included": [
          "RC1"
        ]
      }
    },
    "eventsToWaitFor": {
      "Type": "WaitForEvents",
      "Events": [
        {
          "Event": "PRLODSTWS1_1#FIN_1530_11G-TO-PRLODSTWS1_1#FIN_1530_PARAM_1"
        },
        {
          "Event": "PRLODSTWS1_1#FIN_JOB_PARAM-TO-PRLODSTWS1_1#FIN_1530_PARAM"
        }
      ]
    },
    "eventsToAdd": {
      "Type": "AddEvents",
      "Events": [
        {
          "Event": "PRLODSTWS1_1#FIN_1530_PARAM-TO-PRLODSTWS1_1#FIN_1530_CR_1"
        }
      ]
    },
    "eventsToDelete": {
      "Type": "DeleteEvents",
      "Events": [
        {
          "Event": "PRLODSTWS1_1#FIN_1530_11G-TO-PRLODSTWS1_1#FIN_1530_PARAM_1"
        },
        {
          "Event": "PRLODSTWS1_1#FIN_JOB_PARAM-TO-PRLODSTWS1_1#FIN_1530_PARAM"
        }
      ]
    }
  },
  "PRLODSTWS1_1#FIN_1570_CF": {
    "Type": "Job:Command",
    "DaysKeepActive": "1",
    "SubApplication": "UPCR1",
    "Host": "CTMAG",
    "CreatedBy": "emuser",
    "Description": "archiving file for batch",
    "RunAs": "controlm",
    "Application": "ODS",
    "Command": "/home/tws/ods_batch_home/esp.batch.scripts/archiving.file.sh D_RPT_FIN ${tws.job.name} %%\\\\global\\END_DT_CHAR.",
    "When": {
      "WeekDays": [
        "NONE"
      ],
      "Months": [
        "NONE"
      ],
      "MonthDays": [
        "NONE"
      ],
      "DaysRelation": "OR",
      "RuleBasedCalendars": {
        "Included": [
          "RC1"
        ]
      }
    },
    "eventsToWaitFor": {
      "Type": "WaitForEvents",
      "Events": [
        {
          "Event": "PRLODSTWS1_1#FIN_1570_CR-TO-PRLODSTWS1_1#FIN_1570_CF"
        }
      ]
    },
    "eventsToDelete": {
      "Type": "DeleteEvents",
      "Events": [
        {
          "Event": "PRLODSTWS1_1#FIN_1570_CR-TO-PRLODSTWS1_1#FIN_1570_CF"
        }
      ]
    }
  },
  "PRLODSTWS1_1#FIN_1490_CF": {
    "Type": "Job:Command",
    "DaysKeepActive": "1",
    "SubApplication": "UPCR1",
    "Host": "CTMAG",
    "CreatedBy": "emuser",
    "Description": "archiving file for batch",
    "RunAs": "controlm",
    "Application": "ODS",
    "Command": "/home/tws/ods_batch_home/esp.batch.scripts/archiving.file.sh D_RPT_FIN ${tws.job.name} %%\\\\global\\END_DT_CHAR.",
    "When": {
      "WeekDays": [
        "NONE"
      ],
      "Months": [
        "NONE"
      ],
      "MonthDays": [
        "NONE"
      ],
      "DaysRelation": "OR",
      "RuleBasedCalendars": {
        "Included": [
          "RC1"
        ]
      }
    },
    "eventsToWaitFor": {
      "Type": "WaitForEvents",
      "Events": [
        {
          "Event": "PRLODSTWS1_1#FIN_1490_CR-TO-PRLODSTWS1_1#FIN_1490_CF_3"
        }
      ]
    },
    "eventsToDelete": {
      "Type": "DeleteEvents",
      "Events": [
        {
          "Event": "PRLODSTWS1_1#FIN_1490_CR-TO-PRLODSTWS1_1#FIN_1490_CF_3"
        }
      ]
    }
  },
  "PRLODSTWS1_1#FIN_1530_CR": {
    "Type": "Job:Command",
    "DaysKeepActive": "1",
    "SubApplication": "UPCR1",
    "Host": "CTMAG",
    "CreatedBy": "emuser",
    "Description": "generate the report file for batch",
    "RunAs": "controlm",
    "Application": "ODS",
    "Command": "/home/tws/ods_batch_home/esp.batch.scripts/gen.report.sh D_RPT_FIN ${tws.job.name} %%\\\\global\\END_DT_CHAR.",
    "When": {
      "WeekDays": [
        "NONE"
      ],
      "Months": [
        "NONE"
      ],
      "MonthDays": [
        "NONE"
      ],
      "DaysRelation": "OR",
      "RuleBasedCalendars": {
        "Included": [
          "RC1"
        ]
      }
    },
    "eventsToWaitFor": {
      "Type": "WaitForEvents",
      "Events": [
        {
          "Event": "PRLODSTWS1_1#FIN_1530_PARAM-TO-PRLODSTWS1_1#FIN_1530_CR_1"
        }
      ]
    },
    "eventsToAdd": {
      "Type": "AddEvents",
      "Events": [
        {
          "Event": "PRLODSTWS1_1#FIN_1530_CR-TO-PRLODSTWS1_1#FIN_1530_CF_1"
        }
      ]
    },
    "eventsToDelete": {
      "Type": "DeleteEvents",
      "Events": [
        {
          "Event": "PRLODSTWS1_1#FIN_1530_PARAM-TO-PRLODSTWS1_1#FIN_1530_CR_1"
        }
      ]
    }
  },
  "PRLODSTWS1_1#FIN_1490_11G": {
    "Type": "Job:Database:StoredProcedure",
    "ConnectionProfile": "UPCR1",
    "StoredProcedure": "FIN_1490_11G_SP",
    "Schema": "SQLEXT",
    "DaysKeepActive": "1",
    "SubApplication": "UPCR1",
    "Host": "CTMAG",
    "CreatedBy": "emuser",
    "Description": "== Conversion Messages Start ==\\n\\nMessage ID\\t: WRN6031 (2945-5160)\\n\\n== Conversion Messages End ==\\nAdded by composer.",
    "RunAs": "controlm",
    "Application": "ODS",
    "When": {
      "WeekDays": [
        "NONE"
      ],
      "Months": [
        "NONE"
      ],
      "MonthDays": [
        "NONE"
      ],
      "DaysRelation": "OR",
      "RuleBasedCalendars": {
        "Included": [
          "RC1"
        ]
      }
    },
    "eventsToWaitFor": {
      "Type": "WaitForEvents",
      "Events": [
        {
          "Event": "PRLODSTWS1_1#FIN_0430_11G-TO-PRLODSTWS1_1#FIN_1490_11G_1"
        },
        {
          "Event": "PRLODSTWS1_1#FIN_0450_11G-TO-PRLODSTWS1_1#FIN_1490_11G"
        },
        {
          "Event": "PRLODSTWS1_1#FIN_REF_FEE_AC_TYPE-TO-PRLODSTWS1_1#FIN_1490_11G"
        },
        {
          "Event": "PRLODSTWS1_1#FIN_0440_11G-TO-PRLODSTWS1_1#FIN_1490_11G"
        }
      ]
    },
    "eventsToAdd": {
      "Type": "AddEvents",
      "Events": [
        {
          "Event": "PRLODSTWS1_1#FIN_1490_11G-TO-PRLODSTWS1_1#FIN_1490_PARAM_3"
        }
      ]
    },
    "eventsToDelete": {
      "Type": "DeleteEvents",
      "Events": [
        {
          "Event": "PRLODSTWS1_1#FIN_0430_11G-TO-PRLODSTWS1_1#FIN_1490_11G_1"
        },
        {
          "Event": "PRLODSTWS1_1#FIN_0450_11G-TO-PRLODSTWS1_1#FIN_1490_11G"
        },
        {
          "Event": "PRLODSTWS1_1#FIN_REF_FEE_AC_TYPE-TO-PRLODSTWS1_1#FIN_1490_11G"
        },
        {
          "Event": "PRLODSTWS1_1#FIN_0440_11G-TO-PRLODSTWS1_1#FIN_1490_11G"
        }
      ]
    }
  },
  "PRLODSTWS1_1#FIN_1570_11G": {
    "Type": "Job:Database:StoredProcedure",
    "ConnectionProfile": "UPCR1",
    "StoredProcedure": "FIN_1570_11G_SP",
    "Schema": "SQLEXT",
    "DaysKeepActive": "1",
    "SubApplication": "UPCR1",
    "Host": "CTMAG",
    "CreatedBy": "emuser",
    "Description": "== Conversion Messages Start ==\\n\\nMessage ID\\t: WRN6031 (2946-5161)\\n\\n== Conversion Messages End ==\\nAdded by composer.",
    "RunAs": "controlm",
    "Application": "ODS",
    "When": {
      "WeekDays": [
        "NONE"
      ],
      "Months": [
        "NONE"
      ],
      "MonthDays": [
        "NONE"
      ],
      "DaysRelation": "OR",
      "RuleBasedCalendars": {
        "Included": [
          "RC1"
        ]
      }
    },
    "eventsToWaitFor": {
      "Type": "WaitForEvents",
      "Events": [
        {
          "Event": "PRLODSTWS1_1#O_NATIONALITY_CODE-TO-PRLODSTWS1_1#FIN_1570_11G"
        },
        {
          "Event": "PRLODSTWS1_1#FIN_REF_FEE_AC_TYPE-TO-PRLODSTWS1_1#FIN_1570_11G"
        },
        {
          "Event": "PRLODSTWS1_1#FIN_0440_11G-TO-PRLODSTWS1_1#FIN_1570_11G"
        }
      ]
    },
    "eventsToAdd": {
      "Type": "AddEvents",
      "Events": [
        {
          "Event": "PRLODSTWS1_1#FIN_1570_11G-TO-PRLODSTWS1_1#FIN_1570_PARAM"
        }
      ]
    },
    "eventsToDelete": {
      "Type": "DeleteEvents",
      "Events": [
        {
          "Event": "PRLODSTWS1_1#O_NATIONALITY_CODE-TO-PRLODSTWS1_1#FIN_1570_11G"
        },
        {
          "Event": "PRLODSTWS1_1#FIN_REF_FEE_AC_TYPE-TO-PRLODSTWS1_1#FIN_1570_11G"
        },
        {
          "Event": "PRLODSTWS1_1#FIN_0440_11G-TO-PRLODSTWS1_1#FIN_1570_11G"
        }
      ]
    }
  },
  "PRLODSTWS1_1#FIN_1530_CF": {
    "Type": "Job:Command",
    "DaysKeepActive": "1",
    "SubApplication": "UPCR1",
    "Host": "CTMAG",
    "CreatedBy": "emuser",
    "Description": "archiving file for batch",
    "RunAs": "controlm",
    "Application": "ODS",
    "Command": "/home/tws/ods_batch_home/esp.batch.scripts/archiving.file.sh D_RPT_FIN ${tws.job.name} %%\\\\global\\END_DT_CHAR.",
    "When": {
      "WeekDays": [
        "NONE"
      ],
      "Months": [
        "NONE"
      ],
      "MonthDays": [
        "NONE"
      ],
      "DaysRelation": "OR",
      "RuleBasedCalendars": {
        "Included": [
          "RC1"
        ]
      }
    },
    "eventsToWaitFor": {
      "Type": "WaitForEvents",
      "Events": [
        {
          "Event": "PRLODSTWS1_1#FIN_1530_CR-TO-PRLODSTWS1_1#FIN_1530_CF_1"
        }
      ]
    },
    "eventsToDelete": {
      "Type": "DeleteEvents",
      "Events": [
        {
          "Event": "PRLODSTWS1_1#FIN_1530_CR-TO-PRLODSTWS1_1#FIN_1530_CF_1"
        }
      ]
    }
  },
  "PRLODSTWS1_1#FIN_1510_11G": {
    "Type": "Job:Database:StoredProcedure",
    "ConnectionProfile": "UPCR1",
    "StoredProcedure": "FIN_1510_11G_SP",
    "Schema": "SQLEXT",
    "DaysKeepActive": "1",
    "SubApplication": "UPCR1",
    "Host": "CTMAG",
    "CreatedBy": "emuser",
    "Description": "== Conversion Messages Start ==\\n\\nMessage ID\\t: WRN6031 (2947-5163)\\n\\n== Conversion Messages End ==\\nAdded by composer.",
    "RunAs": "controlm",
    "Application": "ODS",
    "When": {
      "WeekDays": [
        "NONE"
      ],
      "Months": [
        "NONE"
      ],
      "MonthDays": [
        "NONE"
      ],
      "DaysRelation": "OR",
      "RuleBasedCalendars": {
        "Included": [
          "RC1"
        ]
      }
    },
    "eventsToWaitFor": {
      "Type": "WaitForEvents",
      "Events": [
        {
          "Event": "PRLODSTWS1_1#FIN_0430_11G-TO-PRLODSTWS1_1#FIN_1510_11G_1"
        },
        {
          "Event": "PRLODSTWS1_1#FIN_REF_FEE_AC_TYPE-TO-PRLODSTWS1_1#FIN_1510_11G"
        }
      ]
    },
    "eventsToAdd": {
      "Type": "AddEvents",
      "Events": [
        {
          "Event": "PRLODSTWS1_1#FIN_1510_11G-TO-PRLODSTWS1_1#FIN_1510_PARAM_1"
        }
      ]
    },
    "eventsToDelete": {
      "Type": "DeleteEvents",
      "Events": [
        {
          "Event": "PRLODSTWS1_1#FIN_0430_11G-TO-PRLODSTWS1_1#FIN_1510_11G_1"
        },
        {
          "Event": "PRLODSTWS1_1#FIN_REF_FEE_AC_TYPE-TO-PRLODSTWS1_1#FIN_1510_11G"
        }
      ]
    }
  },
  "PRLODSTWS1_1#FIN_1520_CR": {
    "Type": "Job:Command",
    "DaysKeepActive": "1",
    "SubApplication": "UPCR1",
    "Host": "CTMAG",
    "CreatedBy": "emuser",
    "Description": "generate the report file for batch",
    "RunAs": "controlm",
    "Application": "ODS",
    "Command": "/home/tws/ods_batch_home/esp.batch.scripts/gen.report.sh D_RPT_FIN ${tws.job.name} %%\\\\global\\END_DT_CHAR.",
    "When": {
      "WeekDays": [
        "NONE"
      ],
      "Months": [
        "NONE"
      ],
      "MonthDays": [
        "NONE"
      ],
      "DaysRelation": "OR",
      "RuleBasedCalendars": {
        "Included": [
          "RC1"
        ]
      }
    },
    "eventsToWaitFor": {
      "Type": "WaitForEvents",
      "Events": [
        {
          "Event": "PRLODSTWS1_1#FIN_1520_PARAM-TO-PRLODSTWS1_1#FIN_1520_CR_1"
        }
      ]
    },
    "eventsToAdd": {
      "Type": "AddEvents",
      "Events": [
        {
          "Event": "PRLODSTWS1_1#FIN_1520_CR-TO-PRLODSTWS1_1#FIN_1520_CF_1"
        }
      ]
    },
    "eventsToDelete": {
      "Type": "DeleteEvents",
      "Events": [
        {
          "Event": "PRLODSTWS1_1#FIN_1520_PARAM-TO-PRLODSTWS1_1#FIN_1520_CR_1"
        }
      ]
    }
  },
  "PRLODSTWS1_1#FIN_1560_CF": {
    "Type": "Job:Command",
    "DaysKeepActive": "1",
    "SubApplication": "UPCR1",
    "Host": "CTMAG",
    "CreatedBy": "emuser",
    "Description": "archiving file for batch",
    "RunAs": "controlm",
    "Application": "ODS",
    "Command": "/home/tws/ods_batch_home/esp.batch.scripts/archiving.file.sh D_RPT_FIN ${tws.job.name} %%\\\\global\\END_DT_CHAR.",
    "When": {
      "WeekDays": [
        "NONE"
      ],
      "Months": [
        "NONE"
      ],
      "MonthDays": [
        "NONE"
      ],
      "DaysRelation": "OR",
      "RuleBasedCalendars": {
        "Included": [
          "RC1"
        ]
      }
    },
    "eventsToWaitFor": {
      "Type": "WaitForEvents",
      "Events": [
        {
          "Event": "PRLODSTWS1_1#FIN_1560_CR-TO-PRLODSTWS1_1#FIN_1560_CF"
        }
      ]
    },
    "eventsToDelete": {
      "Type": "DeleteEvents",
      "Events": [
        {
          "Event": "PRLODSTWS1_1#FIN_1560_CR-TO-PRLODSTWS1_1#FIN_1560_CF"
        }
      ]
    }
  },
  "PRLODSTWS1_1#FIN_1590_CR": {
    "Type": "Job:Command",
    "DaysKeepActive": "1",
    "SubApplication": "UPCR1",
    "Host": "CTMAG",
    "CreatedBy": "emuser",
    "Description": "generate the report file for batch",
    "RunAs": "controlm",
    "Application": "ODS",
    "Command": "/home/tws/ods_batch_home/esp.batch.scripts/gen.report.sh D_RPT_FIN ${tws.job.name} %%\\\\global\\END_DT_CHAR.",
    "When": {
      "WeekDays": [
        "NONE"
      ],
      "Months": [
        "NONE"
      ],
      "MonthDays": [
        "NONE"
      ],
      "DaysRelation": "OR",
      "RuleBasedCalendars": {
        "Included": [
          "RC1"
        ]
      }
    },
    "eventsToWaitFor": {
      "Type": "WaitForEvents",
      "Events": [
        {
          "Event": "PRLODSTWS1_1#FIN_1590_PARAM-TO-PRLODSTWS1_1#FIN_1590_CR"
        }
      ]
    },
    "eventsToAdd": {
      "Type": "AddEvents",
      "Events": [
        {
          "Event": "PRLODSTWS1_1#FIN_1590_CR-TO-PRLODSTWS1_1#FIN_1590_CF"
        }
      ]
    },
    "eventsToDelete": {
      "Type": "DeleteEvents",
      "Events": [
        {
          "Event": "PRLODSTWS1_1#FIN_1590_PARAM-TO-PRLODSTWS1_1#FIN_1590_CR"
        }
      ]
    }
  },
  "PRLODSTWS1_1#FIN_1500_11G": {
    "Type": "Job:Database:StoredProcedure",
    "ConnectionProfile": "UPCR1",
    "StoredProcedure": "FIN_1500_11G_SP",
    "Schema": "SQLEXT",
    "DaysKeepActive": "1",
    "SubApplication": "UPCR1",
    "Host": "CTMAG",
    "CreatedBy": "emuser",
    "Description": "== Conversion Messages Start ==\\n\\nMessage ID\\t: WRN6031 (2948-5167)\\n\\n== Conversion Messages End ==\\nAdded by composer.",
    "RunAs": "controlm",
    "Application": "ODS",
    "When": {
      "WeekDays": [
        "NONE"
      ],
      "Months": [
        "NONE"
      ],
      "MonthDays": [
        "NONE"
      ],
      "DaysRelation": "OR",
      "RuleBasedCalendars": {
        "Included": [
          "RC1"
        ]
      }
    },
    "eventsToWaitFor": {
      "Type": "WaitForEvents",
      "Events": [
        {
          "Event": "PRLODSTWS1_1#FIN_0430_11G-TO-PRLODSTWS1_1#FIN_1500_11G_1"
        },
        {
          "Event": "PRLODSTWS1_1#FIN_REF_FEE_AC_TYPE-TO-PRLODSTWS1_1#FIN_1500_11G"
        }
      ]
    },
    "eventsToAdd": {
      "Type": "AddEvents",
      "Events": [
        {
          "Event": "PRLODSTWS1_1#FIN_1500_11G-TO-PRLODSTWS1_1#FIN_1500_PARAM_1"
        }
      ]
    },
    "eventsToDelete": {
      "Type": "DeleteEvents",
      "Events": [
        {
          "Event": "PRLODSTWS1_1#FIN_0430_11G-TO-PRLODSTWS1_1#FIN_1500_11G_1"
        },
        {
          "Event": "PRLODSTWS1_1#FIN_REF_FEE_AC_TYPE-TO-PRLODSTWS1_1#FIN_1500_11G"
        }
      ]
    }
  },
  "PRLODSTWS1_1#FIN_1520_CF": {
    "Type": "Job:Command",
    "DaysKeepActive": "1",
    "SubApplication": "UPCR1",
    "Host": "CTMAG",
    "CreatedBy": "emuser",
    "Description": "archiving file for batch",
    "RunAs": "controlm",
    "Application": "ODS",
    "Command": "/home/tws/ods_batch_home/esp.batch.scripts/archiving.file.sh D_RPT_FIN ${tws.job.name} %%\\\\global\\END_DT_CHAR.",
    "When": {
      "WeekDays": [
        "NONE"
      ],
      "Months": [
        "NONE"
      ],
      "MonthDays": [
        "NONE"
      ],
      "DaysRelation": "OR",
      "RuleBasedCalendars": {
        "Included": [
          "RC1"
        ]
      }
    },
    "eventsToWaitFor": {
      "Type": "WaitForEvents",
      "Events": [
        {
          "Event": "PRLODSTWS1_1#FIN_1520_CR-TO-PRLODSTWS1_1#FIN_1520_CF_1"
        }
      ]
    },
    "eventsToDelete": {
      "Type": "DeleteEvents",
      "Events": [
        {
          "Event": "PRLODSTWS1_1#FIN_1520_CR-TO-PRLODSTWS1_1#FIN_1520_CF_1"
        }
      ]
    }
  },
  "PRLODSTWS1_1#FIN_1510_CR": {
    "Type": "Job:Command",
    "DaysKeepActive": "1",
    "SubApplication": "UPCR1",
    "Host": "CTMAG",
    "CreatedBy": "emuser",
    "Description": "generate the report file for batch",
    "RunAs": "controlm",
    "Application": "ODS",
    "Command": "/home/tws/ods_batch_home/esp.batch.scripts/gen.report.sh D_RPT_FIN ${tws.job.name} %%\\\\global\\END_DT_CHAR.",
    "When": {
      "WeekDays": [
        "NONE"
      ],
      "Months": [
        "NONE"
      ],
      "MonthDays": [
        "NONE"
      ],
      "DaysRelation": "OR",
      "RuleBasedCalendars": {
        "Included": [
          "RC1"
        ]
      }
    },
    "eventsToWaitFor": {
      "Type": "WaitForEvents",
      "Events": [
        {
          "Event": "PRLODSTWS1_1#FIN_1510_PARAM-TO-PRLODSTWS1_1#FIN_1510_CR_1"
        }
      ]
    },
    "eventsToAdd": {
      "Type": "AddEvents",
      "Events": [
        {
          "Event": "PRLODSTWS1_1#FIN_1510_CR-TO-PRLODSTWS1_1#FIN_1510_CF_1"
        }
      ]
    },
    "eventsToDelete": {
      "Type": "DeleteEvents",
      "Events": [
        {
          "Event": "PRLODSTWS1_1#FIN_1510_PARAM-TO-PRLODSTWS1_1#FIN_1510_CR_1"
        }
      ]
    }
  },
  "PRLODSTWS1_1#FIN_1560_CR": {
    "Type": "Job:Command",
    "DaysKeepActive": "1",
    "SubApplication": "UPCR1",
    "Host": "CTMAG",
    "CreatedBy": "emuser",
    "Description": "generate the report file for batch",
    "RunAs": "controlm",
    "Application": "ODS",
    "Command": "/home/tws/ods_batch_home/esp.batch.scripts/gen.report.sh D_RPT_FIN ${tws.job.name} %%\\\\global\\END_DT_CHAR.",
    "When": {
      "WeekDays": [
        "NONE"
      ],
      "Months": [
        "NONE"
      ],
      "MonthDays": [
        "NONE"
      ],
      "DaysRelation": "OR",
      "RuleBasedCalendars": {
        "Included": [
          "RC1"
        ]
      }
    },
    "eventsToWaitFor": {
      "Type": "WaitForEvents",
      "Events": [
        {
          "Event": "PRLODSTWS1_1#FIN_1560_PARAM-TO-PRLODSTWS1_1#FIN_1560_CR"
        }
      ]
    },
    "eventsToAdd": {
      "Type": "AddEvents",
      "Events": [
        {
          "Event": "PRLODSTWS1_1#FIN_1560_CR-TO-PRLODSTWS1_1#FIN_1560_CF"
        }
      ]
    },
    "eventsToDelete": {
      "Type": "DeleteEvents",
      "Events": [
        {
          "Event": "PRLODSTWS1_1#FIN_1560_PARAM-TO-PRLODSTWS1_1#FIN_1560_CR"
        }
      ]
    }
  },
  "PRLODSTWS1_1#FIN_1530_11G": {
    "Type": "Job:Database:StoredProcedure",
    "ConnectionProfile": "UPCR1",
    "StoredProcedure": "FIN_1530_11G_SP",
    "Schema": "SQLEXT",
    "DaysKeepActive": "1",
    "SubApplication": "UPCR1",
    "Host": "CTMAG",
    "CreatedBy": "emuser",
    "Description": "== Conversion Messages Start ==\\n\\nMessage ID\\t: WRN6031 (2949-5171)\\n\\n== Conversion Messages End ==\\nAdded by composer.",
    "RunAs": "controlm",
    "Application": "ODS",
    "When": {
      "WeekDays": [
        "NONE"
      ],
      "Months": [
        "NONE"
      ],
      "MonthDays": [
        "NONE"
      ],
      "DaysRelation": "OR",
      "RuleBasedCalendars": {
        "Included": [
          "RC1"
        ]
      }
    },
    "eventsToWaitFor": {
      "Type": "WaitForEvents",
      "Events": [
        {
          "Event": "PRLODSTWS1_1#FIN_0430_11G-TO-PRLODSTWS1_1#FIN_1530_11G_1"
        },
        {
          "Event": "PRLODSTWS1_1#FIN_REF_FEE_AC_TYPE-TO-PRLODSTWS1_1#FIN_1530_11G"
        }
      ]
    },
    "eventsToAdd": {
      "Type": "AddEvents",
      "Events": [
        {
          "Event": "PRLODSTWS1_1#FIN_1530_11G-TO-PRLODSTWS1_1#FIN_1530_PARAM_1"
        }
      ]
    },
    "eventsToDelete": {
      "Type": "DeleteEvents",
      "Events": [
        {
          "Event": "PRLODSTWS1_1#FIN_0430_11G-TO-PRLODSTWS1_1#FIN_1530_11G_1"
        },
        {
          "Event": "PRLODSTWS1_1#FIN_REF_FEE_AC_TYPE-TO-PRLODSTWS1_1#FIN_1530_11G"
        }
      ]
    }
  },
  "PRLODSTWS1_1#FIN_1590_CF": {
    "Type": "Job:Command",
    "DaysKeepActive": "1",
    "SubApplication": "UPCR1",
    "Host": "CTMAG",
    "CreatedBy": "emuser",
    "Description": "archiving file for batch",
    "RunAs": "controlm",
    "Application": "ODS",
    "Command": "/home/tws/ods_batch_home/esp.batch.scripts/archiving.file.sh D_RPT_FIN ${tws.job.name} %%\\\\global\\END_DT_CHAR.",
    "When": {
      "WeekDays": [
        "NONE"
      ],
      "Months": [
        "NONE"
      ],
      "MonthDays": [
        "NONE"
      ],
      "DaysRelation": "OR",
      "RuleBasedCalendars": {
        "Included": [
          "RC1"
        ]
      }
    },
    "eventsToWaitFor": {
      "Type": "WaitForEvents",
      "Events": [
        {
          "Event": "PRLODSTWS1_1#FIN_1590_CR-TO-PRLODSTWS1_1#FIN_1590_CF"
        }
      ]
    },
    "eventsToDelete": {
      "Type": "DeleteEvents",
      "Events": [
        {
          "Event": "PRLODSTWS1_1#FIN_1590_CR-TO-PRLODSTWS1_1#FIN_1590_CF"
        }
      ]
    }
  },
  "PRLODSTWS1_1#FIN_1500_CR": {
    "Type": "Job:Command",
    "DaysKeepActive": "1",
    "SubApplication": "UPCR1",
    "Host": "CTMAG",
    "CreatedBy": "emuser",
    "Description": "generate the report file for batch",
    "RunAs": "controlm",
    "Application": "ODS",
    "Command": "/home/tws/ods_batch_home/esp.batch.scripts/gen.report.sh D_RPT_FIN ${tws.job.name} %%\\\\global\\END_DT_CHAR.",
    "When": {
      "WeekDays": [
        "NONE"
      ],
      "Months": [
        "NONE"
      ],
      "MonthDays": [
        "NONE"
      ],
      "DaysRelation": "OR",
      "RuleBasedCalendars": {
        "Included": [
          "RC1"
        ]
      }
    },
    "eventsToWaitFor": {
      "Type": "WaitForEvents",
      "Events": [
        {
          "Event": "PRLODSTWS1_1#FIN_1500_PARAM-TO-PRLODSTWS1_1#FIN_1500_CR_1"
        }
      ]
    },
    "eventsToAdd": {
      "Type": "AddEvents",
      "Events": [
        {
          "Event": "PRLODSTWS1_1#FIN_1500_CR-TO-PRLODSTWS1_1#FIN_1500_CF_1"
        }
      ]
    },
    "eventsToDelete": {
      "Type": "DeleteEvents",
      "Events": [
        {
          "Event": "PRLODSTWS1_1#FIN_1500_PARAM-TO-PRLODSTWS1_1#FIN_1500_CR_1"
        }
      ]
    }
  },
  "PRLODSTWS1_1#FIN_1560_11G": {
    "Type": "Job:Database:StoredProcedure",
    "ConnectionProfile": "UPCR1",
    "StoredProcedure": "FIN_1560_11G_SP",
    "Schema": "SQLEXT",
    "DaysKeepActive": "1",
    "SubApplication": "UPCR1",
    "Host": "CTMAG",
    "CreatedBy": "emuser",
    "Description": "== Conversion Messages Start ==\\n\\nMessage ID\\t: WRN6031 (2950-5174)\\n\\n== Conversion Messages End ==\\nAdded by composer.",
    "RunAs": "controlm",
    "Application": "ODS",
    "When": {
      "WeekDays": [
        "NONE"
      ],
      "Months": [
        "NONE"
      ],
      "MonthDays": [
        "NONE"
      ],
      "DaysRelation": "OR",
      "RuleBasedCalendars": {
        "Included": [
          "RC1"
        ]
      }
    },
    "eventsToWaitFor": {
      "Type": "WaitForEvents",
      "Events": [
        {
          "Event": "PRLODSTWS1_1#FIN_1320_11G-TO-PRLODSTWS1_1#FIN_1560_11G"
        },
        {
          "Event": "PRLODSTWS1_1#FIN_REF_FEE_AC_TYPE-TO-PRLODSTWS1_1#FIN_1560_11G"
        }
      ]
    },
    "eventsToAdd": {
      "Type": "AddEvents",
      "Events": [
        {
          "Event": "PRLODSTWS1_1#FIN_1560_11G-TO-PRLODSTWS1_1#FIN_1560_PARAM"
        }
      ]
    },
    "eventsToDelete": {
      "Type": "DeleteEvents",
      "Events": [
        {
          "Event": "PRLODSTWS1_1#FIN_1320_11G-TO-PRLODSTWS1_1#FIN_1560_11G"
        },
        {
          "Event": "PRLODSTWS1_1#FIN_REF_FEE_AC_TYPE-TO-PRLODSTWS1_1#FIN_1560_11G"
        }
      ]
    }
  },
  "PRLODSTWS1_1#FIN_1590_11G": {
    "Type": "Job:Database:StoredProcedure",
    "ConnectionProfile": "UPCR1",
    "StoredProcedure": "FIN_1590_11G_SP",
    "Schema": "SQLEXT",
    "DaysKeepActive": "1",
    "SubApplication": "UPCR1",
    "Host": "CTMAG",
    "CreatedBy": "emuser",
    "Description": "== Conversion Messages Start ==\\n\\nMessage ID\\t: WRN6031 (2951-5175)\\n\\n== Conversion Messages End ==\\nAdded by composer.",
    "RunAs": "controlm",
    "Application": "ODS",
    "When": {
      "WeekDays": [
        "NONE"
      ],
      "Months": [
        "NONE"
      ],
      "MonthDays": [
        "NONE"
      ],
      "DaysRelation": "OR",
      "RuleBasedCalendars": {
        "Included": [
          "RC1"
        ]
      }
    },
    "eventsToWaitFor": {
      "Type": "WaitForEvents",
      "Events": [
        {
          "Event": "PRLODSTWS1_1#O_CLAIM_POSTAL-TO-PRLODSTWS1_1#FIN_1590_11G"
        },
        {
          "Event": "PRLODSTWS1_1#FIN_1320_11G-TO-PRLODSTWS1_1#FIN_1590_11G"
        },
        {
          "Event": "PRLODSTWS1_1#FIN_0520_11G-TO-PRLODSTWS1_1#FIN_1590_11G"
        }
      ]
    },
    "eventsToAdd": {
      "Type": "AddEvents",
      "Events": [
        {
          "Event": "PRLODSTWS1_1#FIN_1590_11G-TO-PRLODSTWS1_1#FIN_1590_PARAM"
        }
      ]
    },
    "eventsToDelete": {
      "Type": "DeleteEvents",
      "Events": [
        {
          "Event": "PRLODSTWS1_1#O_CLAIM_POSTAL-TO-PRLODSTWS1_1#FIN_1590_11G"
        },
        {
          "Event": "PRLODSTWS1_1#FIN_1320_11G-TO-PRLODSTWS1_1#FIN_1590_11G"
        },
        {
          "Event": "PRLODSTWS1_1#FIN_0520_11G-TO-PRLODSTWS1_1#FIN_1590_11G"
        }
      ]
    }
  },
  "PRLODSTWS1_1#FIN_1510_CF": {
    "Type": "Job:Command",
    "DaysKeepActive": "1",
    "SubApplication": "UPCR1",
    "Host": "CTMAG",
    "CreatedBy": "emuser",
    "Description": "archiving file for batch",
    "RunAs": "controlm",
    "Application": "ODS",
    "Command": "/home/tws/ods_batch_home/esp.batch.scripts/archiving.file.sh D_RPT_FIN ${tws.job.name} %%\\\\global\\END_DT_CHAR.",
    "When": {
      "WeekDays": [
        "NONE"
      ],
      "Months": [
        "NONE"
      ],
      "MonthDays": [
        "NONE"
      ],
      "DaysRelation": "OR",
      "RuleBasedCalendars": {
        "Included": [
          "RC1"
        ]
      }
    },
    "eventsToWaitFor": {
      "Type": "WaitForEvents",
      "Events": [
        {
          "Event": "PRLODSTWS1_1#FIN_1510_CR-TO-PRLODSTWS1_1#FIN_1510_CF_1"
        }
      ]
    },
    "eventsToDelete": {
      "Type": "DeleteEvents",
      "Events": [
        {
          "Event": "PRLODSTWS1_1#FIN_1510_CR-TO-PRLODSTWS1_1#FIN_1510_CF_1"
        }
      ]
    }
  },
  "PRLODSTWS1_1#FIN_1520_11G": {
    "Type": "Job:Database:StoredProcedure",
    "ConnectionProfile": "UPCR1",
    "StoredProcedure": "FIN_1520_11G_SP",
    "Schema": "SQLEXT",
    "DaysKeepActive": "1",
    "SubApplication": "UPCR1",
    "Host": "CTMAG",
    "CreatedBy": "emuser",
    "Description": "== Conversion Messages Start ==\\n\\nMessage ID\\t: WRN6031 (2952-5177)\\n\\n== Conversion Messages End ==\\nAdded by composer.",
    "RunAs": "controlm",
    "Application": "ODS",
    "When": {
      "WeekDays": [
        "NONE"
      ],
      "Months": [
        "NONE"
      ],
      "MonthDays": [
        "NONE"
      ],
      "DaysRelation": "OR",
      "RuleBasedCalendars": {
        "Included": [
          "RC1"
        ]
      }
    },
    "eventsToWaitFor": {
      "Type": "WaitForEvents",
      "Events": [
        {
          "Event": "PRLODSTWS1_1#FIN_0430_11G-TO-PRLODSTWS1_1#FIN_1520_11G_1"
        },
        {
          "Event": "PRLODSTWS1_1#FIN_REF_FEE_AC_TYPE-TO-PRLODSTWS1_1#FIN_1520_11G"
        }
      ]
    },
    "eventsToAdd": {
      "Type": "AddEvents",
      "Events": [
        {
          "Event": "PRLODSTWS1_1#FIN_1520_11G-TO-PRLODSTWS1_1#FIN_1520_PARAM_1"
        }
      ]
    },
    "eventsToDelete": {
      "Type": "DeleteEvents",
      "Events": [
        {
          "Event": "PRLODSTWS1_1#FIN_0430_11G-TO-PRLODSTWS1_1#FIN_1520_11G_1"
        },
        {
          "Event": "PRLODSTWS1_1#FIN_REF_FEE_AC_TYPE-TO-PRLODSTWS1_1#FIN_1520_11G"
        }
      ]
    }
  },
  "PRLODSTWS1_1#FIN_1580_11G": {
    "Type": "Job:Database:StoredProcedure",
    "ConnectionProfile": "UPCR1",
    "StoredProcedure": "FIN_1580_11G_SP",
    "Schema": "SQLEXT",
    "DaysKeepActive": "1",
    "SubApplication": "UPCR1",
    "Host": "CTMAG",
    "CreatedBy": "emuser",
    "Description": "== Conversion Messages Start ==\\n\\nMessage ID\\t: WRN6031 (2953-5178)\\n\\n== Conversion Messages End ==\\nAdded by composer.",
    "RunAs": "controlm",
    "Application": "ODS",
    "When": {
      "WeekDays": [
        "NONE"
      ],
      "Months": [
        "NONE"
      ],
      "MonthDays": [
        "NONE"
      ],
      "DaysRelation": "OR",
      "RuleBasedCalendars": {
        "Included": [
          "RC1"
        ]
      }
    },
    "eventsToWaitFor": {
      "Type": "WaitForEvents",
      "Events": [
        {
          "Event": "PRLODSTWS1_1#O_NATIONALITY_CODE-TO-PRLODSTWS1_1#FIN_1580_11G"
        },
        {
          "Event": "PRLODSTWS1_1#O_COUNTRY-TO-PRLODSTWS1_1#FIN_1580_11G"
        },
        {
          "Event": "PRLODSTWS1_1#FIN_0430_11G-TO-PRLODSTWS1_1#FIN_1580_11G_1"
        },
        {
          "Event": "PRLODSTWS1_1#FIN_0450_11G-TO-PRLODSTWS1_1#FIN_1580_11G"
        },
        {
          "Event": "PRLODSTWS1_1#FIN_REF_FEE_AC_TYPE-TO-PRLODSTWS1_1#FIN_1580_11G"
        }
      ]
    },
    "eventsToAdd": {
      "Type": "AddEvents",
      "Events": [
        {
          "Event": "PRLODSTWS1_1#FIN_1580_11G-TO-PRLODSTWS1_1#FIN_1580_PARAM_2"
        }
      ]
    },
    "eventsToDelete": {
      "Type": "DeleteEvents",
      "Events": [
        {
          "Event": "PRLODSTWS1_1#O_NATIONALITY_CODE-TO-PRLODSTWS1_1#FIN_1580_11G"
        },
        {
          "Event": "PRLODSTWS1_1#O_COUNTRY-TO-PRLODSTWS1_1#FIN_1580_11G"
        },
        {
          "Event": "PRLODSTWS1_1#FIN_0430_11G-TO-PRLODSTWS1_1#FIN_1580_11G_1"
        },
        {
          "Event": "PRLODSTWS1_1#FIN_0450_11G-TO-PRLODSTWS1_1#FIN_1580_11G"
        },
        {
          "Event": "PRLODSTWS1_1#FIN_REF_FEE_AC_TYPE-TO-PRLODSTWS1_1#FIN_1580_11G"
        }
      ]
    }
  },
  "PRLODSTWS1_1#FIN_1580_CF": {
    "Type": "Job:Command",
    "DaysKeepActive": "1",
    "SubApplication": "UPCR1",
    "Host": "CTMAG",
    "CreatedBy": "emuser",
    "Description": "archiving file for batch",
    "RunAs": "controlm",
    "Application": "ODS",
    "Command": "/home/tws/ods_batch_home/esp.batch.scripts/archiving.file.sh D_RPT_FIN ${tws.job.name} %%\\\\global\\END_DT_CHAR.",
    "When": {
      "WeekDays": [
        "NONE"
      ],
      "Months": [
        "NONE"
      ],
      "MonthDays": [
        "NONE"
      ],
      "DaysRelation": "OR",
      "RuleBasedCalendars": {
        "Included": [
          "RC1"
        ]
      }
    },
    "eventsToWaitFor": {
      "Type": "WaitForEvents",
      "Events": [
        {
          "Event": "PRLODSTWS1_1#FIN_1580_CR-TO-PRLODSTWS1_1#FIN_1580_CF_2"
        }
      ]
    },
    "eventsToDelete": {
      "Type": "DeleteEvents",
      "Events": [
        {
          "Event": "PRLODSTWS1_1#FIN_1580_CR-TO-PRLODSTWS1_1#FIN_1580_CF_2"
        }
      ]
    }
  },
  "PRLODSTWS1_1#FIN_1570_CR": {
    "Type": "Job:Command",
    "DaysKeepActive": "1",
    "SubApplication": "UPCR1",
    "Host": "CTMAG",
    "CreatedBy": "emuser",
    "Description": "generate the report file for batch",
    "RunAs": "controlm",
    "Application": "ODS",
    "Command": "/home/tws/ods_batch_home/esp.batch.scripts/gen.report.sh D_RPT_FIN ${tws.job.name} %%\\\\global\\END_DT_CHAR.",
    "When": {
      "WeekDays": [
        "NONE"
      ],
      "Months": [
        "NONE"
      ],
      "MonthDays": [
        "NONE"
      ],
      "DaysRelation": "OR",
      "RuleBasedCalendars": {
        "Included": [
          "RC1"
        ]
      }
    },
    "eventsToWaitFor": {
      "Type": "WaitForEvents",
      "Events": [
        {
          "Event": "PRLODSTWS1_1#FIN_1570_PARAM-TO-PRLODSTWS1_1#FIN_1570_CR"
        }
      ]
    },
    "eventsToAdd": {
      "Type": "AddEvents",
      "Events": [
        {
          "Event": "PRLODSTWS1_1#FIN_1570_CR-TO-PRLODSTWS1_1#FIN_1570_CF"
        }
      ]
    },
    "eventsToDelete": {
      "Type": "DeleteEvents",
      "Events": [
        {
          "Event": "PRLODSTWS1_1#FIN_1570_PARAM-TO-PRLODSTWS1_1#FIN_1570_CR"
        }
      ]
    }
  },
  "PRLODSTWS1_1#FIN_1570_PARAM": {
    "Type": "Job:Database:StoredProcedure",
    "ConnectionProfile": "UPCR1",
    "StoredProcedure": "FIN_1570_PARAM_SP",
    "Schema": "SQLEXT",
    "DaysKeepActive": "1",
    "SubApplication": "UPCR1",
    "Host": "CTMAG",
    "CreatedBy": "emuser",
    "Description": "== Conversion Messages Start ==\\n\\nMessage ID\\t: WRN6031 (2954-5181)\\n\\n== Conversion Messages End ==\\nAdded by composer.",
    "RunAs": "controlm",
    "Application": "ODS",
    "When": {
      "WeekDays": [
        "NONE"
      ],
      "Months": [
        "NONE"
      ],
      "MonthDays": [
        "NONE"
      ],
      "DaysRelation": "OR",
      "RuleBasedCalendars": {
        "Included": [
          "RC1"
        ]
      }
    },
    "eventsToWaitFor": {
      "Type": "WaitForEvents",
      "Events": [
        {
          "Event": "PRLODSTWS1_1#FIN_1570_11G-TO-PRLODSTWS1_1#FIN_1570_PARAM"
        },
        {
          "Event": "PRLODSTWS1_1#FIN_JOB_PARAM-TO-PRLODSTWS1_1#FIN_1570_PARAM"
        }
      ]
    },
    "eventsToAdd": {
      "Type": "AddEvents",
      "Events": [
        {
          "Event": "PRLODSTWS1_1#FIN_1570_PARAM-TO-PRLODSTWS1_1#FIN_1570_CR"
        }
      ]
    },
    "eventsToDelete": {
      "Type": "DeleteEvents",
      "Events": [
        {
          "Event": "PRLODSTWS1_1#FIN_1570_11G-TO-PRLODSTWS1_1#FIN_1570_PARAM"
        },
        {
          "Event": "PRLODSTWS1_1#FIN_JOB_PARAM-TO-PRLODSTWS1_1#FIN_1570_PARAM"
        }
      ]
    }
  },
  "PRLODSTWS1_1#FIN_1490_PARAM": {
    "Type": "Job:Database:StoredProcedure",
    "ConnectionProfile": "UPCR1",
    "StoredProcedure": "FIN_1490_PARAM_SP",
    "Schema": "SQLEXT",
    "DaysKeepActive": "1",
    "SubApplication": "UPCR1",
    "Host": "CTMAG",
    "CreatedBy": "emuser",
    "Description": "== Conversion Messages Start ==\\n\\nMessage ID\\t: WRN6031 (2955-5182)\\n\\n== Conversion Messages End ==\\nAdded by composer.",
    "RunAs": "controlm",
    "Application": "ODS",
    "When": {
      "WeekDays": [
        "NONE"
      ],
      "Months": [
        "NONE"
      ],
      "MonthDays": [
        "NONE"
      ],
      "DaysRelation": "OR",
      "RuleBasedCalendars": {
        "Included": [
          "RC1"
        ]
      }
    },
    "eventsToWaitFor": {
      "Type": "WaitForEvents",
      "Events": [
        {
          "Event": "PRLODSTWS1_1#FIN_1490_11G-TO-PRLODSTWS1_1#FIN_1490_PARAM_3"
        },
        {
          "Event": "PRLODSTWS1_1#FIN_JOB_PARAM-TO-PRLODSTWS1_1#FIN_1490_PARAM"
        }
      ]
    },
    "eventsToAdd": {
      "Type": "AddEvents",
      "Events": [
        {
          "Event": "PRLODSTWS1_1#FIN_1490_PARAM-TO-PRLODSTWS1_1#FIN_1490_CR_3"
        }
      ]
    },
    "eventsToDelete": {
      "Type": "DeleteEvents",
      "Events": [
        {
          "Event": "PRLODSTWS1_1#FIN_1490_11G-TO-PRLODSTWS1_1#FIN_1490_PARAM_3"
        },
        {
          "Event": "PRLODSTWS1_1#FIN_JOB_PARAM-TO-PRLODSTWS1_1#FIN_1490_PARAM"
        }
      ]
    }
  },
  "PRLODSTWS1_1#FIN_1500_PARAM": {
    "Type": "Job:Database:StoredProcedure",
    "ConnectionProfile": "UPCR1",
    "StoredProcedure": "FIN_1500_PARAM_SP",
    "Schema": "SQLEXT",
    "DaysKeepActive": "1",
    "SubApplication": "UPCR1",
    "Host": "CTMAG",
    "CreatedBy": "emuser",
    "Description": "== Conversion Messages Start ==\\n\\nMessage ID\\t: WRN6031 (2956-5183)\\n\\n== Conversion Messages End ==\\nAdded by composer.",
    "RunAs": "controlm",
    "Application": "ODS",
    "When": {
      "WeekDays": [
        "NONE"
      ],
      "Months": [
        "NONE"
      ],
      "MonthDays": [
        "NONE"
      ],
      "DaysRelation": "OR",
      "RuleBasedCalendars": {
        "Included": [
          "RC1"
        ]
      }
    },
    "eventsToWaitFor": {
      "Type": "WaitForEvents",
      "Events": [
        {
          "Event": "PRLODSTWS1_1#FIN_1500_11G-TO-PRLODSTWS1_1#FIN_1500_PARAM_1"
        },
        {
          "Event": "PRLODSTWS1_1#FIN_JOB_PARAM-TO-PRLODSTWS1_1#FIN_1500_PARAM"
        }
      ]
    },
    "eventsToAdd": {
      "Type": "AddEvents",
      "Events": [
        {
          "Event": "PRLODSTWS1_1#FIN_1500_PARAM-TO-PRLODSTWS1_1#FIN_1500_CR_1"
        }
      ]
    },
    "eventsToDelete": {
      "Type": "DeleteEvents",
      "Events": [
        {
          "Event": "PRLODSTWS1_1#FIN_1500_11G-TO-PRLODSTWS1_1#FIN_1500_PARAM_1"
        },
        {
          "Event": "PRLODSTWS1_1#FIN_JOB_PARAM-TO-PRLODSTWS1_1#FIN_1500_PARAM"
        }
      ]
    }
  },
  "PRLODSTWS1_1#FIN_1590_PARAM": {
    "Type": "Job:Database:StoredProcedure",
    "ConnectionProfile": "UPCR1",
    "StoredProcedure": "FIN_1590_PARAM_SP",
    "Schema": "SQLEXT",
    "DaysKeepActive": "1",
    "SubApplication": "UPCR1",
    "Host": "CTMAG",
    "CreatedBy": "emuser",
    "Description": "== Conversion Messages Start ==\\n\\nMessage ID\\t: WRN6031 (2957-5184)\\n\\n== Conversion Messages End ==\\nAdded by composer.",
    "RunAs": "controlm",
    "Application": "ODS",
    "When": {
      "WeekDays": [
        "NONE"
      ],
      "Months": [
        "NONE"
      ],
      "MonthDays": [
        "NONE"
      ],
      "DaysRelation": "OR",
      "RuleBasedCalendars": {
        "Included": [
          "RC1"
        ]
      }
    },
    "eventsToWaitFor": {
      "Type": "WaitForEvents",
      "Events": [
        {
          "Event": "PRLODSTWS1_1#FIN_1590_11G-TO-PRLODSTWS1_1#FIN_1590_PARAM"
        },
        {
          "Event": "PRLODSTWS1_1#FIN_JOB_PARAM-TO-PRLODSTWS1_1#FIN_1590_PARAM"
        }
      ]
    },
    "eventsToAdd": {
      "Type": "AddEvents",
      "Events": [
        {
          "Event": "PRLODSTWS1_1#FIN_1590_PARAM-TO-PRLODSTWS1_1#FIN_1590_CR"
        }
      ]
    },
    "eventsToDelete": {
      "Type": "DeleteEvents",
      "Events": [
        {
          "Event": "PRLODSTWS1_1#FIN_1590_11G-TO-PRLODSTWS1_1#FIN_1590_PARAM"
        },
        {
          "Event": "PRLODSTWS1_1#FIN_JOB_PARAM-TO-PRLODSTWS1_1#FIN_1590_PARAM"
        }
      ]
    }
  },
  "PRLODSTWS1_1#FIN_1510_PARAM": {
    "Type": "Job:Database:StoredProcedure",
    "ConnectionProfile": "UPCR1",
    "StoredProcedure": "FIN_1510_PARAM_SP",
    "Schema": "SQLEXT",
    "DaysKeepActive": "1",
    "SubApplication": "UPCR1",
    "Host": "CTMAG",
    "CreatedBy": "emuser",
    "Description": "== Conversion Messages Start ==\\n\\nMessage ID\\t: WRN6031 (2958-5185)\\n\\n== Conversion Messages End ==\\nAdded by composer.",
    "RunAs": "controlm",
    "Application": "ODS",
    "When": {
      "WeekDays": [
        "NONE"
      ],
      "Months": [
        "NONE"
      ],
      "MonthDays": [
        "NONE"
      ],
      "DaysRelation": "OR",
      "RuleBasedCalendars": {
        "Included": [
          "RC1"
        ]
      }
    },
    "eventsToWaitFor": {
      "Type": "WaitForEvents",
      "Events": [
        {
          "Event": "PRLODSTWS1_1#FIN_1510_11G-TO-PRLODSTWS1_1#FIN_1510_PARAM_1"
        },
        {
          "Event": "PRLODSTWS1_1#FIN_JOB_PARAM-TO-PRLODSTWS1_1#FIN_1510_PARAM"
        }
      ]
    },
    "eventsToAdd": {
      "Type": "AddEvents",
      "Events": [
        {
          "Event": "PRLODSTWS1_1#FIN_1510_PARAM-TO-PRLODSTWS1_1#FIN_1510_CR_1"
        }
      ]
    },
    "eventsToDelete": {
      "Type": "DeleteEvents",
      "Events": [
        {
          "Event": "PRLODSTWS1_1#FIN_1510_11G-TO-PRLODSTWS1_1#FIN_1510_PARAM_1"
        },
        {
          "Event": "PRLODSTWS1_1#FIN_JOB_PARAM-TO-PRLODSTWS1_1#FIN_1510_PARAM"
        }
      ]
    }
  },
  "PRLODSTWS1_1#FIN_1520_PARAM": {
    "Type": "Job:Database:StoredProcedure",
    "ConnectionProfile": "UPCR1",
    "StoredProcedure": "FIN_1520_PARAM_SP",
    "Schema": "SQLEXT",
    "DaysKeepActive": "1",
    "SubApplication": "UPCR1",
    "Host": "CTMAG",
    "CreatedBy": "emuser",
    "Description": "== Conversion Messages Start ==\\n\\nMessage ID\\t: WRN6031 (2959-5186)\\n\\n== Conversion Messages End ==\\nAdded by composer.",
    "RunAs": "controlm",
    "Application": "ODS",
    "When": {
      "WeekDays": [
        "NONE"
      ],
      "Months": [
        "NONE"
      ],
      "MonthDays": [
        "NONE"
      ],
      "DaysRelation": "OR",
      "RuleBasedCalendars": {
        "Included": [
          "RC1"
        ]
      }
    },
    "eventsToWaitFor": {
      "Type": "WaitForEvents",
      "Events": [
        {
          "Event": "PRLODSTWS1_1#FIN_1520_11G-TO-PRLODSTWS1_1#FIN_1520_PARAM_1"
        },
        {
          "Event": "PRLODSTWS1_1#FIN_JOB_PARAM-TO-PRLODSTWS1_1#FIN_1520_PARAM"
        }
      ]
    },
    "eventsToAdd": {
      "Type": "AddEvents",
      "Events": [
        {
          "Event": "PRLODSTWS1_1#FIN_1520_PARAM-TO-PRLODSTWS1_1#FIN_1520_CR_1"
        }
      ]
    },
    "eventsToDelete": {
      "Type": "DeleteEvents",
      "Events": [
        {
          "Event": "PRLODSTWS1_1#FIN_1520_11G-TO-PRLODSTWS1_1#FIN_1520_PARAM_1"
        },
        {
          "Event": "PRLODSTWS1_1#FIN_JOB_PARAM-TO-PRLODSTWS1_1#FIN_1520_PARAM"
        }
      ]
    }
  },
  "PRLODSTWS1_1#FIN_1580_PARAM": {
    "Type": "Job:Database:StoredProcedure",
    "ConnectionProfile": "UPCR1",
    "StoredProcedure": "FIN_1580_PARAM_SP",
    "Schema": "SQLEXT",
    "DaysKeepActive": "1",
    "SubApplication": "UPCR1",
    "Host": "CTMAG",
    "CreatedBy": "emuser",
    "Description": "== Conversion Messages Start ==\\n\\nMessage ID\\t: WRN6031 (2960-5187)\\n\\n== Conversion Messages End ==\\nAdded by composer.",
    "RunAs": "controlm",
    "Application": "ODS",
    "When": {
      "WeekDays": [
        "NONE"
      ],
      "Months": [
        "NONE"
      ],
      "MonthDays": [
        "NONE"
      ],
      "DaysRelation": "OR",
      "RuleBasedCalendars": {
        "Included": [
          "RC1"
        ]
      }
    },
    "eventsToWaitFor": {
      "Type": "WaitForEvents",
      "Events": [
        {
          "Event": "PRLODSTWS1_1#FIN_1580_11G-TO-PRLODSTWS1_1#FIN_1580_PARAM_2"
        },
        {
          "Event": "PRLODSTWS1_1#FIN_JOB_PARAM-TO-PRLODSTWS1_1#FIN_1580_PARAM"
        }
      ]
    },
    "eventsToAdd": {
      "Type": "AddEvents",
      "Events": [
        {
          "Event": "PRLODSTWS1_1#FIN_1580_PARAM-TO-PRLODSTWS1_1#FIN_1580_CR_2"
        }
      ]
    },
    "eventsToDelete": {
      "Type": "DeleteEvents",
      "Events": [
        {
          "Event": "PRLODSTWS1_1#FIN_1580_11G-TO-PRLODSTWS1_1#FIN_1580_PARAM_2"
        },
        {
          "Event": "PRLODSTWS1_1#FIN_JOB_PARAM-TO-PRLODSTWS1_1#FIN_1580_PARAM"
        }
      ]
    }
  },
  "PRLODSTWS1_1#FIN_1560_PARAM": {
    "Type": "Job:Database:StoredProcedure",
    "ConnectionProfile": "UPCR1",
    "StoredProcedure": "FIN_1560_PARAM_SP",
    "Schema": "SQLEXT",
    "DaysKeepActive": "1",
    "SubApplication": "UPCR1",
    "Host": "CTMAG",
    "CreatedBy": "emuser",
    "Description": "== Conversion Messages Start ==\\n\\nMessage ID\\t: WRN6031 (2961-5188)\\n\\n== Conversion Messages End ==\\nAdded by composer.",
    "RunAs": "controlm",
    "Application": "ODS",
    "When": {
      "WeekDays": [
        "NONE"
      ],
      "Months": [
        "NONE"
      ],
      "MonthDays": [
        "NONE"
      ],
      "DaysRelation": "OR",
      "RuleBasedCalendars": {
        "Included": [
          "RC1"
        ]
      }
    },
    "eventsToWaitFor": {
      "Type": "WaitForEvents",
      "Events": [
        {
          "Event": "PRLODSTWS1_1#FIN_1560_11G-TO-PRLODSTWS1_1#FIN_1560_PARAM"
        },
        {
          "Event": "PRLODSTWS1_1#FIN_JOB_PARAM-TO-PRLODSTWS1_1#FIN_1560_PARAM"
        }
      ]
    },
    "eventsToAdd": {
      "Type": "AddEvents",
      "Events": [
        {
          "Event": "PRLODSTWS1_1#FIN_1560_PARAM-TO-PRLODSTWS1_1#FIN_1560_CR"
        }
      ]
    },
    "eventsToDelete": {
      "Type": "DeleteEvents",
      "Events": [
        {
          "Event": "PRLODSTWS1_1#FIN_1560_11G-TO-PRLODSTWS1_1#FIN_1560_PARAM"
        },
        {
          "Event": "PRLODSTWS1_1#FIN_JOB_PARAM-TO-PRLODSTWS1_1#FIN_1560_PARAM"
        }
      ]
    }
  },
  "PRLODSTWS1_1#FIN_1490_CR": {
    "Type": "Job:Command",
    "DaysKeepActive": "1",
    "SubApplication": "UPCR1",
    "Host": "CTMAG",
    "CreatedBy": "emuser",
    "Description": "generate the report file for batch",
    "RunAs": "controlm",
    "Application": "ODS",
    "Command": "/home/tws/ods_batch_home/esp.batch.scripts/gen.report.sh D_RPT_FIN ${tws.job.name} %%\\\\global\\END_DT_CHAR.",
    "When": {
      "WeekDays": [
        "NONE"
      ],
      "Months": [
        "NONE"
      ],
      "MonthDays": [
        "NONE"
      ],
      "DaysRelation": "OR",
      "RuleBasedCalendars": {
        "Included": [
          "RC1"
        ]
      }
    },
    "eventsToWaitFor": {
      "Type": "WaitForEvents",
      "Events": [
        {
          "Event": "PRLODSTWS1_1#FIN_1490_PARAM-TO-PRLODSTWS1_1#FIN_1490_CR_3"
        }
      ]
    },
    "eventsToAdd": {
      "Type": "AddEvents",
      "Events": [
        {
          "Event": "PRLODSTWS1_1#FIN_1490_CR-TO-PRLODSTWS1_1#FIN_1490_CF_3"
        }
      ]
    },
    "eventsToDelete": {
      "Type": "DeleteEvents",
      "Events": [
        {
          "Event": "PRLODSTWS1_1#FIN_1490_PARAM-TO-PRLODSTWS1_1#FIN_1490_CR_3"
        }
      ]
    }
  },
  "PRLODSTWS1_1#FIN_1500_CF": {
    "Type": "Job:Command",
    "DaysKeepActive": "1",
    "SubApplication": "UPCR1",
    "Host": "CTMAG",
    "CreatedBy": "emuser",
    "Description": "archiving file for batch",
    "RunAs": "controlm",
    "Application": "ODS",
    "Command": "/home/tws/ods_batch_home/esp.batch.scripts/archiving.file.sh D_RPT_FIN ${tws.job.name} %%\\\\global\\END_DT_CHAR.",
    "When": {
      "WeekDays": [
        "NONE"
      ],
      "Months": [
        "NONE"
      ],
      "MonthDays": [
        "NONE"
      ],
      "DaysRelation": "OR",
      "RuleBasedCalendars": {
        "Included": [
          "RC1"
        ]
      }
    },
    "eventsToWaitFor": {
      "Type": "WaitForEvents",
      "Events": [
        {
          "Event": "PRLODSTWS1_1#FIN_1500_CR-TO-PRLODSTWS1_1#FIN_1500_CF_1"
        }
      ]
    },
    "eventsToDelete": {
      "Type": "DeleteEvents",
      "Events": [
        {
          "Event": "PRLODSTWS1_1#FIN_1500_CR-TO-PRLODSTWS1_1#FIN_1500_CF_1"
        }
      ]
    }
  },
  "eventsToAdd": {
    "Type": "AddEvents",
    "Events": [
      {
        "Event": "PRLODSTWS1_1#D_RPT_FIN_M65-TO-PRLODSTWS1_1#BDS_STS_RPT_FIN"
      }
    ]
  }
  }
}
