{
  "PRLODSTWS1_1#M_RPT_PA_30": {
  "Type":  "Folder",
  "ControlmServer": "CTM",
  "Description": "== Conversion Messages Start ==\\n\\nMessage ID\\t: INF6107 (1752-2967)\\n\\nMessage ID\\t: INF6104 (1753-2967)\\n\\n== Conversion Messages End ==\\n",
  "OrderMethod": "Manual",
  "SubApplication": "UPCR1",
  "CreatedBy": "emuser",
  "Application": "ODS",
  "When": {
    "RuleBasedCalendars": {
      "Included": [
        "RC1"
      ],
      "RC1": {
        "Type": "Calendar:RuleBased",
        "When": {
          "MonthDaysCalendar": "RCG-M-NAT",
          "DaysRelation": "OR",
          "DaysKeepActive": "01",
          "WeekDays": [
            "NONE"
          ],
          "MonthDays": [
            "NONE"
          ]
        }
      }
    }
  },
  "PRLODSTWS1_1#PA_0390_PARAM": {
    "Type": "Job:Database:StoredProcedure",
    "ConnectionProfile": "UPCR1",
    "StoredProcedure": "PA_0390_PARAM_SP",
    "Schema": "SQLEXT",
    "DaysKeepActive": "1",
    "SubApplication": "UPCR1",
    "Host": "CTMAG",
    "CreatedBy": "emuser",
    "Description": "== Conversion Messages Start ==\\n\\nMessage ID\\t: WRN6031 (1750-2968)\\n\\n== Conversion Messages End ==\\nAdded by composer.",
    "RunAs": "controlm",
    "Application": "ODS",
    "When": {
      "WeekDays": [
        "NONE"
      ],
      "Months": [
        "NONE"
      ],
      "MonthDays": [
        "NONE"
      ],
      "DaysRelation": "OR",
      "RuleBasedCalendars": {
        "Included": [
          "RC1"
        ]
      }
    },
    "eventsToWaitFor": {
      "Type": "WaitForEvents",
      "Events": [
        {
          "Event": "PRLODSTWS1_1#PA_0390_11G-TO-PRLODSTWS1_1#PA_0390_PARAM"
        },
        {
          "Event": "PRLODSTWS1_1#PA_JOB_PARAM-TO-PRLODSTWS1_1#PA_0390_PARAM"
        }
      ]
    },
    "eventsToAdd": {
      "Type": "AddEvents",
      "Events": [
        {
          "Event": "PRLODSTWS1_1#PA_0390_PARAM-TO-PRLODSTWS1_1#PA_0390_CR"
        }
      ]
    },
    "eventsToDelete": {
      "Type": "DeleteEvents",
      "Events": [
        {
          "Event": "PRLODSTWS1_1#PA_0390_11G-TO-PRLODSTWS1_1#PA_0390_PARAM"
        },
        {
          "Event": "PRLODSTWS1_1#PA_JOB_PARAM-TO-PRLODSTWS1_1#PA_0390_PARAM"
        }
      ]
    }
  },
  "PRLODSTWS1_1#PA_0390_11G": {
    "Type": "Job:Database:StoredProcedure",
    "ConnectionProfile": "UPCR1",
    "StoredProcedure": "PA_0390_11G_SP",
    "Schema": "SQLEXT",
    "DaysKeepActive": "1",
    "SubApplication": "UPCR1",
    "Host": "CTMAG",
    "CreatedBy": "emuser",
    "Description": "== Conversion Messages Start ==\\n\\nMessage ID\\t: WRN6031 (1751-2969)\\n\\n== Conversion Messages End ==\\nAdded by composer.",
    "RunAs": "controlm",
    "Application": "ODS",
    "When": {
      "WeekDays": [
        "NONE"
      ],
      "Months": [
        "NONE"
      ],
      "MonthDays": [
        "NONE"
      ],
      "DaysRelation": "OR",
      "RuleBasedCalendars": {
        "Included": [
          "RC1"
        ]
      }
    },
    "eventsToWaitFor": {
      "Type": "WaitForEvents",
      "Events": [
        {
          "Event": "PRLODSTWS1_1#O_FORM_ALLOCATION-TO-PRLODSTWS1_1#PA_0390_11G"
        },
        {
          "Event": "PRLODSTWS1_1#SDM_FORM_APPLY-TO-PRLODSTWS1_1#PA_0390_11G"
        },
        {
          "Event": "PRLODSTWS1_1#SDM_FORM_CERT-TO-PRLODSTWS1_1#PA_0390_11G"
        },
        {
          "Event": "PRLODSTWS1_1#SDM_FORM_CERT_DTL-TO-PRLODSTWS1_1#PA_0390_11G"
        },
        {
          "Event": "PRLODSTWS1_1#SDM_FORM_OUTSTOCK-TO-PRLODSTWS1_1#PA_0390_11G"
        },
        {
          "Event": "PRLODSTWS1_1#SDM_AGENT-TO-PRLODSTWS1_1#PA_0390_11G"
        },
        {
          "Event": "PRLODSTWS1_1#SDM_CHANNEL_ORG_HIR-TO-PRLODSTWS1_1#PA_0390_11G"
        },
        {
          "Event": "PRLODSTWS1_1#SDM_USER-TO-PRLODSTWS1_1#PA_0390_11G"
        },
        {
          "Event": "PRLODSTWS1_1#SDM_CONTRACT_MASTER-TO-PRLODSTWS1_1#PA_0390_11G"
        }
      ]
    },
    "eventsToAdd": {
      "Type": "AddEvents",
      "Events": [
        {
          "Event": "PRLODSTWS1_1#PA_0390_11G-TO-PRLODSTWS1_1#PA_0390_PARAM"
        }
      ]
    },
    "eventsToDelete": {
      "Type": "DeleteEvents",
      "Events": [
        {
          "Event": "PRLODSTWS1_1#O_FORM_ALLOCATION-TO-PRLODSTWS1_1#PA_0390_11G"
        },
        {
          "Event": "PRLODSTWS1_1#SDM_FORM_APPLY-TO-PRLODSTWS1_1#PA_0390_11G"
        },
        {
          "Event": "PRLODSTWS1_1#SDM_FORM_CERT-TO-PRLODSTWS1_1#PA_0390_11G"
        },
        {
          "Event": "PRLODSTWS1_1#SDM_FORM_CERT_DTL-TO-PRLODSTWS1_1#PA_0390_11G"
        },
        {
          "Event": "PRLODSTWS1_1#SDM_FORM_OUTSTOCK-TO-PRLODSTWS1_1#PA_0390_11G"
        },
        {
          "Event": "PRLODSTWS1_1#SDM_AGENT-TO-PRLODSTWS1_1#PA_0390_11G"
        },
        {
          "Event": "PRLODSTWS1_1#SDM_CHANNEL_ORG_HIR-TO-PRLODSTWS1_1#PA_0390_11G"
        },
        {
          "Event": "PRLODSTWS1_1#SDM_USER-TO-PRLODSTWS1_1#PA_0390_11G"
        },
        {
          "Event": "PRLODSTWS1_1#SDM_CONTRACT_MASTER-TO-PRLODSTWS1_1#PA_0390_11G"
        }
      ]
    }
  },
  "PRLODSTWS1_1#PA_0390_ML": {
    "Type": "Job:Command",
    "DaysKeepActive": "1",
    "SubApplication": "UPCR1",
    "Host": "CTMAG",
    "CreatedBy": "emuser",
    "Description": "email and attachments for batch",
    "RunAs": "controlm",
    "Application": "ODS",
    "Command": "/home/tws/ods_batch_home/esp.batch.scripts/send.email.sh M_RPT_PA ${tws.job.name} %%\\\\global\\END_DT_CHAR.",
    "When": {
      "WeekDays": [
        "NONE"
      ],
      "Months": [
        "NONE"
      ],
      "MonthDays": [
        "NONE"
      ],
      "DaysRelation": "OR",
      "RuleBasedCalendars": {
        "Included": [
          "RC1"
        ]
      }
    },
    "eventsToWaitFor": {
      "Type": "WaitForEvents",
      "Events": [
        {
          "Event": "PRLODSTWS1_1#PA_0390_CF-TO-PRLODSTWS1_1#PA_0390_ML"
        }
      ]
    },
    "eventsToDelete": {
      "Type": "DeleteEvents",
      "Events": [
        {
          "Event": "PRLODSTWS1_1#PA_0390_CF-TO-PRLODSTWS1_1#PA_0390_ML"
        }
      ]
    }
  },
  "PRLODSTWS1_1#PA_0390_CR": {
    "Type": "Job:Command",
    "DaysKeepActive": "1",
    "SubApplication": "UPCR1",
    "Host": "CTMAG",
    "CreatedBy": "emuser",
    "Description": "generate the report file for batch",
    "RunAs": "controlm",
    "Application": "ODS",
    "Command": "/home/tws/ods_batch_home/esp.batch.scripts/gen.report.sh M_RPT_PA ${tws.job.name} %%\\\\global\\END_DT_CHAR.",
    "When": {
      "WeekDays": [
        "NONE"
      ],
      "Months": [
        "NONE"
      ],
      "MonthDays": [
        "NONE"
      ],
      "DaysRelation": "OR",
      "RuleBasedCalendars": {
        "Included": [
          "RC1"
        ]
      }
    },
    "eventsToWaitFor": {
      "Type": "WaitForEvents",
      "Events": [
        {
          "Event": "PRLODSTWS1_1#PA_0390_PARAM-TO-PRLODSTWS1_1#PA_0390_CR"
        }
      ]
    },
    "eventsToAdd": {
      "Type": "AddEvents",
      "Events": [
        {
          "Event": "PRLODSTWS1_1#PA_0390_CR-TO-PRLODSTWS1_1#PA_0390_CF"
        }
      ]
    },
    "eventsToDelete": {
      "Type": "DeleteEvents",
      "Events": [
        {
          "Event": "PRLODSTWS1_1#PA_0390_PARAM-TO-PRLODSTWS1_1#PA_0390_CR"
        }
      ]
    }
  },
  "PRLODSTWS1_1#PA_0390_CF": {
    "Type": "Job:Command",
    "DaysKeepActive": "1",
    "SubApplication": "UPCR1",
    "Host": "CTMAG",
    "CreatedBy": "emuser",
    "Description": "archiving file for batch",
    "RunAs": "controlm",
    "Application": "ODS",
    "Command": "/home/tws/ods_batch_home/esp.batch.scripts/archiving.file.sh M_RPT_PA ${tws.job.name} %%\\\\global\\END_DT_CHAR.",
    "When": {
      "WeekDays": [
        "NONE"
      ],
      "Months": [
        "NONE"
      ],
      "MonthDays": [
        "NONE"
      ],
      "DaysRelation": "OR",
      "RuleBasedCalendars": {
        "Included": [
          "RC1"
        ]
      }
    },
    "eventsToWaitFor": {
      "Type": "WaitForEvents",
      "Events": [
        {
          "Event": "PRLODSTWS1_1#PA_0390_CR-TO-PRLODSTWS1_1#PA_0390_CF"
        }
      ]
    },
    "eventsToAdd": {
      "Type": "AddEvents",
      "Events": [
        {
          "Event": "PRLODSTWS1_1#PA_0390_CF-TO-PRLODSTWS1_1#PA_0390_ML"
        }
      ]
    },
    "eventsToDelete": {
      "Type": "DeleteEvents",
      "Events": [
        {
          "Event": "PRLODSTWS1_1#PA_0390_CR-TO-PRLODSTWS1_1#PA_0390_CF"
        }
      ]
    }
  },
  "eventsToAdd": {
    "Type": "AddEvents",
    "Events": [
      {
        "Event": "PRLODSTWS1_1#M_RPT_PA_30-TO-PRLODSTWS1_1#BDS_STS_RPT_PA"
      }
    ]
  }
  }
}
