{
  "PRLODSTWS1_1#D_FDW_TSH_TSA": {
  "Type":  "Folder",
  "ControlmServer": "CTM",
  "Description": "== Conversion Messages Start ==\\n\\nMessage ID\\t: INF6107 (1105-1830)\\n\\nMessage ID\\t: INF6104 (1106-1830)\\n\\n== Conversion Messages End ==\\n",
  "OrderMethod": "Manual",
  "SubApplication": "UPCR1",
  "CreatedBy": "emuser",
  "Application": "ODS",
  "When": {
    "RuleBasedCalendars": {
      "Included": [
        "RC1"
      ],
      "RC1": {
        "Type": "Calendar:RuleBased",
        "When": {
          "MonthDaysCalendar": "RCG-D-NAT",
          "DaysRelation": "OR",
          "DaysKeepActive": "01",
          "WeekDays": [
            "NONE"
          ],
          "MonthDays": [
            "NONE"
          ]
        }
      }
    }
  },
  "PRLODSTWS1_1#FDW_CMST_TSH_TSA_BACKUP": {
    "Type": "Job:Database:StoredProcedure",
    "ConnectionProfile": "UPCR1",
    "StoredProcedure": "FDW_CMST_TSH_TSA_BACKUP_SP",
    "Schema": "SQLEXT",
    "DaysKeepActive": "1",
    "SubApplication": "UPCR1",
    "Host": "CTMAG",
    "CreatedBy": "emuser",
    "Description": "== Conversion Messages Start ==\\n\\nMessage ID\\t: WRN6031 (1104-1831)\\n\\n== Conversion Messages End ==\\nAdded by composer.",
    "RunAs": "controlm",
    "Application": "ODS",
    "When": {
      "WeekDays": [
        "NONE"
      ],
      "Months": [
        "NONE"
      ],
      "MonthDays": [
        "NONE"
      ],
      "DaysRelation": "OR",
      "RuleBasedCalendars": {
        "Included": [
          "RC1"
        ]
      }
    },
    "eventsToWaitFor": {
      "Type": "WaitForEvents",
      "Events": [
        {
          "Event": "PRLODSTWS1_1#FDW_CONTRACT_MASTER_TSA-TO-PRLODSTWS1_1#FDW_CMST_TSH_TSA_BACKUP"
        },
        {
          "Event": "PRLODSTWS1_1#FDW_CONTRACT_MASTER_TSH-TO-PRLODSTWS1_1#FDW_CMST_TSH_TSA_BACKUP"
        }
      ]
    },
    "eventsToAdd": {
      "Type": "AddEvents",
      "Events": [
        {
          "Event": "PRLODSTWS1_1#FDW_CMST_TSH_TSA_BACKUP-TO-PRLODSTWS1_1#TSA_UPDATEBASE"
        },
        {
          "Event": "PRLODSTWS1_1#FDW_CMST_TSH_TSA_BACKUP-TO-PRLODSTWS1_1#TSH_UPDATEBASE"
        }
      ]
    },
    "eventsToDelete": {
      "Type": "DeleteEvents",
      "Events": [
        {
          "Event": "PRLODSTWS1_1#FDW_CONTRACT_MASTER_TSA-TO-PRLODSTWS1_1#FDW_CMST_TSH_TSA_BACKUP"
        },
        {
          "Event": "PRLODSTWS1_1#FDW_CONTRACT_MASTER_TSH-TO-PRLODSTWS1_1#FDW_CMST_TSH_TSA_BACKUP"
        }
      ]
    }
  },
  "eventsToAdd": {
    "Type": "AddEvents",
    "Events": [
      {
        "Event": "PRLODSTWS1_1#D_FDW_TSH_TSA-TO-PRLODSTWS1_1#BDS_STS_FDW_04G"
      }
    ]
  }
  }
}
