{
  "PRLODSTWS1_1#M_STG_ACT": {
  "Type":  "Folder",
  "ControlmServer": "CTM",
  "Description": "== Conversion Messages Start ==\\n\\nMessage ID\\t: INF6104 (2865-5029)\\n\\n== Conversion Messages End ==\\n",
  "OrderMethod": "Manual",
  "SubApplication": "UPCR1",
  "CreatedBy": "emuser",
  "Application": "ODS",
  "When": {
    "RuleBasedCalendars": {
      "Included": [
        "RC1"
      ],
      "RC1": {
        "Type": "Calendar:RuleBased",
        "When": {
          "MonthDaysCalendar": "RCG-M-ACT-STS",
          "DaysRelation": "OR",
          "WeekDays": [
            "NONE"
          ],
          "MonthDays": [
            "NONE"
          ]
        }
      }
    }
  },
  "PRLODSTWS1_1#SYS_STS_STG_ACT": {
    "Type": "Job:EmbeddedScript",
    "Script": "echo ACT\\n^MN_BEG_DT_CHAR^\\ndate",
    "SubApplication": "UPCR1",
    "FileName": "PRLODSTWS1_1#SYS_STS_STG_ACT.cmd",
    "Host": "CTMAG",
    "CreatedBy": "emuser",
    "Description": "== Conversion Messages Start ==\\n\\nMessage ID\\t: INF6110 (2864-5030)\\n\\n== Conversion Messages End ==\\nSet by seeded data",
    "RunAs": "controlm",
    "Application": "ODS",
    "When": {
      "WeekDays": [
        "NONE"
      ],
      "Months": [
        "NONE"
      ],
      "MonthDays": [
        "NONE"
      ],
      "DaysRelation": "OR",
      "RuleBasedCalendars": {
        "Included": [
          "RC1"
        ]
      }
    },
    "eventsToWaitFor": {
      "Type": "WaitForEvents",
      "Events": [
        {
          "Event": "PRLODSTWS1_1#SYS_STS_STG_ACT@PRLODSTWS1_1#M_STG_ACT_opens_0"
        }
      ]
    },
    "eventsToDelete": {
      "Type": "DeleteEvents",
      "Events": [
        {
          "Event": "PRLODSTWS1_1#SYS_STS_STG_ACT@PRLODSTWS1_1#M_STG_ACT_opens_0"
        }
      ]
    }
  },
  "PRLODSTWS1_1#SYS_STS_STG_ACT_opens_0": {
    "Type": "Job:FileWatcher:Create",
    "TimeLimit": "1380",
    "Wildcard": true,
    "Path": "/home/tws/ods_batch_home/etl/SOURCE/EBAO/SYSCTRL/act_%%MN_BEG_DT_CHAR.txt",
    "SubApplication": "UPCR1",
    "FileName": "PRLODSTWS1_1#SYS_STS_STG_ACT_opens_0",
    "Host": "PRLODSTWS1_1",
    "FilePath": "Not in use for File Watcher jobs",
    "CreatedBy": "emuser",
    "Description": "Assisting job created for PRLODSTWS1_1#SYS_STS_STG_ACT",
    "RunAs": "controlm",
    "Application": "ODS",
    "Variables": [
      {
        "MN_BEG_DT_CHAR": "20220601"
      },
      {
        "FileWatch-PATH": "Not in use for File Watcher jobs"
      }
    ],
    "When": {
      "WeekDays": [
        "NONE"
      ],
      "Months": [
        "NONE"
      ],
      "MonthDays": [
        "NONE"
      ],
      "DaysRelation": "OR",
      "RuleBasedCalendars": {
        "Included": [
          "RC1"
        ]
      }
    },
    "eventsToAdd": {
      "Type": "AddEvents",
      "Events": [
        {
          "Event": "PRLODSTWS1_1#SYS_STS_STG_ACT@PRLODSTWS1_1#M_STG_ACT_opens_0"
        }
      ]
    }
  }
  }
}
