{
  "PRLODSTWS1_1#D_ODS_CLM_20": {
  "Type":  "Folder",
  "ControlmServer": "CTM",
  "Description": "== Conversion Messages Start ==\\n\\nMessage ID\\t: INF6107 (5927-10492)\\n\\nMessage ID\\t: INF6104 (5928-10492)\\n\\n== Conversion Messages End ==\\n",
  "OrderMethod": "Manual",
  "SubApplication": "UPCR1",
  "CreatedBy": "emuser",
  "Application": "ODS",
  "When": {
    "RuleBasedCalendars": {
      "Included": [
        "RC1"
      ],
      "RC1": {
        "Type": "Calendar:RuleBased",
        "When": {
          "MonthDaysCalendar": "RCG-D-NAT",
          "DaysRelation": "OR",
          "DaysKeepActive": "01",
          "WeekDays": [
            "NONE"
          ],
          "MonthDays": [
            "NONE"
          ]
        }
      }
    }
  },
  "PRLODSTWS1_1#O_FATCA_SURVEY_PPN": {
    "Type": "Job:Database:StoredProcedure",
    "ConnectionProfile": "UPCR1",
    "StoredProcedure": "O_FATCA_SURVEY_PPN_SP",
    "Schema": "SQLEXT",
    "DaysKeepActive": "1",
    "SubApplication": "UPCR1",
    "Host": "CTMAG",
    "CreatedBy": "emuser",
    "Description": "== Conversion Messages Start ==\\n\\nMessage ID\\t: WRN6031 (5912-10493)\\n\\n== Conversion Messages End ==\\nAdded by composer.",
    "RunAs": "controlm",
    "Application": "ODS",
    "When": {
      "WeekDays": [
        "NONE"
      ],
      "Months": [
        "NONE"
      ],
      "MonthDays": [
        "NONE"
      ],
      "DaysRelation": "OR",
      "RuleBasedCalendars": {
        "Included": [
          "RC1"
        ]
      }
    },
    "eventsToWaitFor": {
      "Type": "WaitForEvents",
      "Events": [
        {
          "Event": "PRLODSTWS1_1#SYS_STS_STG-TO-PRLODSTWS1_1#O_FATCA_SURVEY_PPN"
        }
      ]
    },
    "eventsToDelete": {
      "Type": "DeleteEvents",
      "Events": [
        {
          "Event": "PRLODSTWS1_1#SYS_STS_STG-TO-PRLODSTWS1_1#O_FATCA_SURVEY_PPN"
        }
      ]
    }
  },
  "PRLODSTWS1_1#O_CLAIM_ADJUST_TYPE": {
    "Type": "Job:Database:StoredProcedure",
    "ConnectionProfile": "UPCR1",
    "StoredProcedure": "O_CLAIM_ADJUST_TYPE_SP",
    "Schema": "SQLEXT",
    "DaysKeepActive": "1",
    "SubApplication": "UPCR1",
    "Host": "CTMAG",
    "CreatedBy": "emuser",
    "Description": "== Conversion Messages Start ==\\n\\nMessage ID\\t: WRN6031 (5913-10494)\\n\\n== Conversion Messages End ==\\nAdded by composer.",
    "RunAs": "controlm",
    "Application": "ODS",
    "When": {
      "WeekDays": [
        "NONE"
      ],
      "Months": [
        "NONE"
      ],
      "MonthDays": [
        "NONE"
      ],
      "DaysRelation": "OR",
      "RuleBasedCalendars": {
        "Included": [
          "RC1"
        ]
      }
    },
    "eventsToWaitFor": {
      "Type": "WaitForEvents",
      "Events": [
        {
          "Event": "PRLODSTWS1_1#O_STRING_RESOURCE-TO-PRLODSTWS1_1#O_CLAIM_ADJUST_TYPE"
        },
        {
          "Event": "PRLODSTWS1_1#SYS_STS_STG-TO-PRLODSTWS1_1#O_CLAIM_ADJUST_TYPE"
        }
      ]
    },
    "eventsToAdd": {
      "Type": "AddEvents",
      "Events": [
        {
          "Event": "PRLODSTWS1_1#O_CLAIM_ADJUST_TYPE-TO-PRLODSTWS1_1#CLM_0380_41G"
        }
      ]
    },
    "eventsToDelete": {
      "Type": "DeleteEvents",
      "Events": [
        {
          "Event": "PRLODSTWS1_1#O_STRING_RESOURCE-TO-PRLODSTWS1_1#O_CLAIM_ADJUST_TYPE"
        },
        {
          "Event": "PRLODSTWS1_1#SYS_STS_STG-TO-PRLODSTWS1_1#O_CLAIM_ADJUST_TYPE"
        }
      ]
    }
  },
  "PRLODSTWS1_1#O_CLAIM_DOC_CHKLIST": {
    "Type": "Job:Database:StoredProcedure",
    "ConnectionProfile": "UPCR1",
    "StoredProcedure": "O_CLAIM_DOC_CHKLIST_SP",
    "Schema": "SQLEXT",
    "DaysKeepActive": "1",
    "SubApplication": "UPCR1",
    "Host": "CTMAG",
    "CreatedBy": "emuser",
    "Description": "== Conversion Messages Start ==\\n\\nMessage ID\\t: WRN6031 (5914-10495)\\n\\n== Conversion Messages End ==\\nAdded by composer.",
    "RunAs": "controlm",
    "Application": "ODS",
    "When": {
      "WeekDays": [
        "NONE"
      ],
      "Months": [
        "NONE"
      ],
      "MonthDays": [
        "NONE"
      ],
      "DaysRelation": "OR",
      "RuleBasedCalendars": {
        "Included": [
          "RC1"
        ]
      }
    },
    "eventsToWaitFor": {
      "Type": "WaitForEvents",
      "Events": [
        {
          "Event": "PRLODSTWS1_1#SYS_STS_STG-TO-PRLODSTWS1_1#O_CLAIM_DOC_CHKLIST"
        }
      ]
    },
    "eventsToAdd": {
      "Type": "AddEvents",
      "Events": [
        {
          "Event": "PRLODSTWS1_1#O_CLAIM_DOC_CHKLIST-TO-PRLODSTWS1_1#CLM_0450_11G"
        }
      ]
    },
    "eventsToDelete": {
      "Type": "DeleteEvents",
      "Events": [
        {
          "Event": "PRLODSTWS1_1#SYS_STS_STG-TO-PRLODSTWS1_1#O_CLAIM_DOC_CHKLIST"
        }
      ]
    }
  },
  "PRLODSTWS1_1#O_CLAIM_ADJUST": {
    "Type": "Job:Database:StoredProcedure",
    "ConnectionProfile": "UPCR1",
    "StoredProcedure": "O_CLAIM_ADJUST_SP",
    "Schema": "SQLEXT",
    "DaysKeepActive": "1",
    "SubApplication": "UPCR1",
    "Host": "CTMAG",
    "CreatedBy": "emuser",
    "Description": "== Conversion Messages Start ==\\n\\nMessage ID\\t: WRN6031 (5915-10496)\\n\\n== Conversion Messages End ==\\nAdded by composer.",
    "RunAs": "controlm",
    "Application": "ODS",
    "When": {
      "WeekDays": [
        "NONE"
      ],
      "Months": [
        "NONE"
      ],
      "MonthDays": [
        "NONE"
      ],
      "DaysRelation": "OR",
      "RuleBasedCalendars": {
        "Included": [
          "RC1"
        ]
      }
    },
    "eventsToWaitFor": {
      "Type": "WaitForEvents",
      "Events": [
        {
          "Event": "PRLODSTWS1_1#SYS_STS_STG-TO-PRLODSTWS1_1#O_CLAIM_ADJUST"
        }
      ]
    },
    "eventsToAdd": {
      "Type": "AddEvents",
      "Events": [
        {
          "Event": "PRLODSTWS1_1#O_CLAIM_ADJUST-TO-PRLODSTWS1_1#CLM_0380_41G"
        },
        {
          "Event": "PRLODSTWS1_1#O_CLAIM_ADJUST-TO-PRLODSTWS1_1#SDM_CLAIM_PAY"
        },
        {
          "Event": "PRLODSTWS1_1#O_CLAIM_ADJUST-TO-PRLODSTWS1_1#SDM_CLAIM_PRODUCT"
        },
        {
          "Event": "PRLODSTWS1_1#O_CLAIM_ADJUST-TO-PRLODSTWS1_1#SDM_CLAIM_ADJUST"
        }
      ]
    },
    "eventsToDelete": {
      "Type": "DeleteEvents",
      "Events": [
        {
          "Event": "PRLODSTWS1_1#SYS_STS_STG-TO-PRLODSTWS1_1#O_CLAIM_ADJUST"
        }
      ]
    }
  },
  "PRLODSTWS1_1#O_DIAGNOSIS": {
    "Type": "Job:Database:StoredProcedure",
    "ConnectionProfile": "UPCR1",
    "StoredProcedure": "O_DIAGNOSIS_SP",
    "Schema": "SQLEXT",
    "DaysKeepActive": "1",
    "SubApplication": "UPCR1",
    "Host": "CTMAG",
    "CreatedBy": "emuser",
    "Description": "== Conversion Messages Start ==\\n\\nMessage ID\\t: WRN6031 (5916-10497)\\n\\n== Conversion Messages End ==\\nAdded by composer.",
    "RunAs": "controlm",
    "Application": "ODS",
    "When": {
      "WeekDays": [
        "NONE"
      ],
      "Months": [
        "NONE"
      ],
      "MonthDays": [
        "NONE"
      ],
      "DaysRelation": "OR",
      "RuleBasedCalendars": {
        "Included": [
          "RC1"
        ]
      }
    },
    "eventsToWaitFor": {
      "Type": "WaitForEvents",
      "Events": [
        {
          "Event": "PRLODSTWS1_1#SYS_STS_STG-TO-PRLODSTWS1_1#O_DIAGNOSIS"
        }
      ]
    },
    "eventsToAdd": {
      "Type": "AddEvents",
      "Events": [
        {
          "Event": "PRLODSTWS1_1#O_DIAGNOSIS-TO-PRLODSTWS1_1#SDM_CLAIM_DIAGNOSIS"
        }
      ]
    },
    "eventsToDelete": {
      "Type": "DeleteEvents",
      "Events": [
        {
          "Event": "PRLODSTWS1_1#SYS_STS_STG-TO-PRLODSTWS1_1#O_DIAGNOSIS"
        }
      ]
    }
  },
  "PRLODSTWS1_1#O_CLAIM_MEET": {
    "Type": "Job:Database:StoredProcedure",
    "ConnectionProfile": "UPCR1",
    "StoredProcedure": "O_CLAIM_MEET_SP",
    "Schema": "SQLEXT",
    "DaysKeepActive": "1",
    "SubApplication": "UPCR1",
    "Host": "CTMAG",
    "CreatedBy": "emuser",
    "Description": "== Conversion Messages Start ==\\n\\nMessage ID\\t: WRN6031 (5917-10498)\\n\\n== Conversion Messages End ==\\nAdded by composer.",
    "RunAs": "controlm",
    "Application": "ODS",
    "When": {
      "WeekDays": [
        "NONE"
      ],
      "Months": [
        "NONE"
      ],
      "MonthDays": [
        "NONE"
      ],
      "DaysRelation": "OR",
      "RuleBasedCalendars": {
        "Included": [
          "RC1"
        ]
      }
    },
    "eventsToWaitFor": {
      "Type": "WaitForEvents",
      "Events": [
        {
          "Event": "PRLODSTWS1_1#SYS_STS_STG-TO-PRLODSTWS1_1#O_CLAIM_MEET"
        }
      ]
    },
    "eventsToAdd": {
      "Type": "AddEvents",
      "Events": [
        {
          "Event": "PRLODSTWS1_1#O_CLAIM_MEET-TO-PRLODSTWS1_1#CLM_0320_11G"
        },
        {
          "Event": "PRLODSTWS1_1#O_CLAIM_MEET-TO-PRLODSTWS1_1#CLM_0320_21G"
        },
        {
          "Event": "PRLODSTWS1_1#O_CLAIM_MEET-TO-PRLODSTWS1_1#SDM_CLAIM_CASE"
        }
      ]
    },
    "eventsToDelete": {
      "Type": "DeleteEvents",
      "Events": [
        {
          "Event": "PRLODSTWS1_1#SYS_STS_STG-TO-PRLODSTWS1_1#O_CLAIM_MEET"
        }
      ]
    }
  },
  "PRLODSTWS1_1#O_LIABILITY_CATEGORY": {
    "Type": "Job:Database:StoredProcedure",
    "ConnectionProfile": "UPCR1",
    "StoredProcedure": "O_LIABILITY_CATEGORY_SP",
    "Schema": "SQLEXT",
    "DaysKeepActive": "1",
    "SubApplication": "UPCR1",
    "Host": "CTMAG",
    "CreatedBy": "emuser",
    "Description": "== Conversion Messages Start ==\\n\\nMessage ID\\t: WRN6031 (5918-10499)\\n\\n== Conversion Messages End ==\\nAdded by composer.",
    "RunAs": "controlm",
    "Application": "ODS",
    "When": {
      "WeekDays": [
        "NONE"
      ],
      "Months": [
        "NONE"
      ],
      "MonthDays": [
        "NONE"
      ],
      "DaysRelation": "OR",
      "RuleBasedCalendars": {
        "Included": [
          "RC1"
        ]
      }
    },
    "eventsToWaitFor": {
      "Type": "WaitForEvents",
      "Events": [
        {
          "Event": "PRLODSTWS1_1#SYS_STS_STG-TO-PRLODSTWS1_1#O_LIABILITY_CATEGORY"
        }
      ]
    },
    "eventsToAdd": {
      "Type": "AddEvents",
      "Events": [
        {
          "Event": "PRLODSTWS1_1#O_LIABILITY_CATEGORY-TO-PRLODSTWS1_1#SDM_CLAIM_LIAB"
        },
        {
          "Event": "PRLODSTWS1_1#O_LIABILITY_CATEGORY-TO-PRLODSTWS1_1#SDM_CLAIM_PRODUCT"
        },
        {
          "Event": "PRLODSTWS1_1#O_LIABILITY_CATEGORY-TO-PRLODSTWS1_1#CLM_0360_10G"
        },
        {
          "Event": "PRLODSTWS1_1#O_LIABILITY_CATEGORY-TO-PRLODSTWS1_1#CLM_0440_11G"
        }
      ]
    },
    "eventsToDelete": {
      "Type": "DeleteEvents",
      "Events": [
        {
          "Event": "PRLODSTWS1_1#SYS_STS_STG-TO-PRLODSTWS1_1#O_LIABILITY_CATEGORY"
        }
      ]
    }
  },
  "PRLODSTWS1_1#O_FATCA_TS_TYPE": {
    "Type": "Job:Database:StoredProcedure",
    "ConnectionProfile": "UPCR1",
    "StoredProcedure": "O_FATCA_TS_TYPE_SP",
    "Schema": "SQLEXT",
    "DaysKeepActive": "1",
    "SubApplication": "UPCR1",
    "Host": "CTMAG",
    "CreatedBy": "emuser",
    "Description": "== Conversion Messages Start ==\\n\\nMessage ID\\t: WRN6031 (5919-10500)\\n\\n== Conversion Messages End ==\\nAdded by composer.",
    "RunAs": "controlm",
    "Application": "ODS",
    "When": {
      "WeekDays": [
        "NONE"
      ],
      "Months": [
        "NONE"
      ],
      "MonthDays": [
        "NONE"
      ],
      "DaysRelation": "OR",
      "RuleBasedCalendars": {
        "Included": [
          "RC1"
        ]
      }
    },
    "eventsToWaitFor": {
      "Type": "WaitForEvents",
      "Events": [
        {
          "Event": "PRLODSTWS1_1#SYS_STS_STG-TO-PRLODSTWS1_1#O_FATCA_TS_TYPE"
        }
      ]
    },
    "eventsToAdd": {
      "Type": "AddEvents",
      "Events": [
        {
          "Event": "PRLODSTWS1_1#O_FATCA_TS_TYPE-TO-PRLODSTWS1_1#TSA_FATCA_CRS_DTL"
        },
        {
          "Event": "PRLODSTWS1_1#O_FATCA_TS_TYPE-TO-PRLODSTWS1_1#TSH_FATCA_CRS_DTL"
        },
        {
          "Event": "PRLODSTWS1_1#O_FATCA_TS_TYPE-TO-PRLODSTWS1_1#CLM_0561_11G"
        },
        {
          "Event": "PRLODSTWS1_1#O_FATCA_TS_TYPE-TO-PRLODSTWS1_1#CLM_0560_11G"
        },
        {
          "Event": "PRLODSTWS1_1#O_FATCA_TS_TYPE-TO-PRLODSTWS1_1#POS_0950_11G"
        },
        {
          "Event": "PRLODSTWS1_1#O_FATCA_TS_TYPE-TO-PRLODSTWS1_1#CLM_0571_11G"
        }
      ]
    },
    "eventsToDelete": {
      "Type": "DeleteEvents",
      "Events": [
        {
          "Event": "PRLODSTWS1_1#SYS_STS_STG-TO-PRLODSTWS1_1#O_FATCA_TS_TYPE"
        }
      ]
    }
  },
  "PRLODSTWS1_1#O_CLAIM_LETTER_HIS": {
    "Type": "Job:Database:StoredProcedure",
    "ConnectionProfile": "UPCR1",
    "StoredProcedure": "O_CLAIM_LETTER_HIS_SP",
    "Schema": "SQLEXT",
    "DaysKeepActive": "1",
    "SubApplication": "UPCR1",
    "Host": "CTMAG",
    "CreatedBy": "emuser",
    "Description": "== Conversion Messages Start ==\\n\\nMessage ID\\t: WRN6031 (5920-10501)\\n\\n== Conversion Messages End ==\\nAdded by composer.",
    "RunAs": "controlm",
    "Application": "ODS",
    "When": {
      "WeekDays": [
        "NONE"
      ],
      "Months": [
        "NONE"
      ],
      "MonthDays": [
        "NONE"
      ],
      "DaysRelation": "OR",
      "RuleBasedCalendars": {
        "Included": [
          "RC1"
        ]
      }
    },
    "eventsToWaitFor": {
      "Type": "WaitForEvents",
      "Events": [
        {
          "Event": "PRLODSTWS1_1#SYS_STS_STG-TO-PRLODSTWS1_1#O_CLAIM_LETTER_HIS"
        }
      ]
    },
    "eventsToAdd": {
      "Type": "AddEvents",
      "Events": [
        {
          "Event": "PRLODSTWS1_1#O_CLAIM_LETTER_HIS-TO-PRLODSTWS1_1#FDW_CLAIM_LETTER_HIS"
        },
        {
          "Event": "PRLODSTWS1_1#O_CLAIM_LETTER_HIS-TO-PRLODSTWS1_1#FDW_DOCUMENT"
        },
        {
          "Event": "PRLODSTWS1_1#O_CLAIM_LETTER_HIS-TO-PRLODSTWS1_1#FDW_CLAIM_LETTER_HIS_1"
        },
        {
          "Event": "PRLODSTWS1_1#O_CLAIM_LETTER_HIS-TO-PRLODSTWS1_1#FDW_DOCUMENT_1"
        },
        {
          "Event": "PRLODSTWS1_1#O_CLAIM_LETTER_HIS-TO-PRLODSTWS1_1#CLM_0450_11G"
        }
      ]
    },
    "eventsToDelete": {
      "Type": "DeleteEvents",
      "Events": [
        {
          "Event": "PRLODSTWS1_1#SYS_STS_STG-TO-PRLODSTWS1_1#O_CLAIM_LETTER_HIS"
        }
      ]
    }
  },
  "PRLODSTWS1_1#O_CLAIM_INVESTIGATE": {
    "Type": "Job:Database:StoredProcedure",
    "ConnectionProfile": "UPCR1",
    "StoredProcedure": "O_CLAIM_INVESTIGATE_SP",
    "Schema": "SQLEXT",
    "DaysKeepActive": "1",
    "SubApplication": "UPCR1",
    "Host": "CTMAG",
    "CreatedBy": "emuser",
    "Description": "== Conversion Messages Start ==\\n\\nMessage ID\\t: WRN6031 (5921-10502)\\n\\n== Conversion Messages End ==\\nAdded by composer.",
    "RunAs": "controlm",
    "Application": "ODS",
    "When": {
      "WeekDays": [
        "NONE"
      ],
      "Months": [
        "NONE"
      ],
      "MonthDays": [
        "NONE"
      ],
      "DaysRelation": "OR",
      "RuleBasedCalendars": {
        "Included": [
          "RC1"
        ]
      }
    },
    "eventsToWaitFor": {
      "Type": "WaitForEvents",
      "Events": [
        {
          "Event": "PRLODSTWS1_1#SYS_STS_STG-TO-PRLODSTWS1_1#O_CLAIM_INVESTIGATE"
        }
      ]
    },
    "eventsToAdd": {
      "Type": "AddEvents",
      "Events": [
        {
          "Event": "PRLODSTWS1_1#O_CLAIM_INVESTIGATE-TO-PRLODSTWS1_1#GIB_CLAM_STATUS"
        },
        {
          "Event": "PRLODSTWS1_1#O_CLAIM_INVESTIGATE-TO-PRLODSTWS1_1#KB7_CLAM_STATUS"
        },
        {
          "Event": "PRLODSTWS1_1#O_CLAIM_INVESTIGATE-TO-PRLODSTWS1_1#KB9_CLAM_STATUS"
        },
        {
          "Event": "PRLODSTWS1_1#O_CLAIM_INVESTIGATE-TO-PRLODSTWS1_1#LAW_CLAM_STATUS"
        },
        {
          "Event": "PRLODSTWS1_1#O_CLAIM_INVESTIGATE-TO-PRLODSTWS1_1#CLM_0320_11G"
        },
        {
          "Event": "PRLODSTWS1_1#O_CLAIM_INVESTIGATE-TO-PRLODSTWS1_1#CLM_0320_21G"
        },
        {
          "Event": "PRLODSTWS1_1#O_CLAIM_INVESTIGATE-TO-PRLODSTWS1_1#SDM_CLAIM_CASE"
        }
      ]
    },
    "eventsToDelete": {
      "Type": "DeleteEvents",
      "Events": [
        {
          "Event": "PRLODSTWS1_1#SYS_STS_STG-TO-PRLODSTWS1_1#O_CLAIM_INVESTIGATE"
        }
      ]
    }
  },
  "PRLODSTWS1_1#O_CLAIM_CHECKLIST": {
    "Type": "Job:Database:StoredProcedure",
    "ConnectionProfile": "UPCR1",
    "StoredProcedure": "O_CLAIM_CHECKLIST_SP",
    "Schema": "SQLEXT",
    "DaysKeepActive": "1",
    "SubApplication": "UPCR1",
    "Host": "CTMAG",
    "CreatedBy": "emuser",
    "Description": "== Conversion Messages Start ==\\n\\nMessage ID\\t: WRN6031 (5922-10503)\\n\\n== Conversion Messages End ==\\nAdded by composer.",
    "RunAs": "controlm",
    "Application": "ODS",
    "When": {
      "WeekDays": [
        "NONE"
      ],
      "Months": [
        "NONE"
      ],
      "MonthDays": [
        "NONE"
      ],
      "DaysRelation": "OR",
      "RuleBasedCalendars": {
        "Included": [
          "RC1"
        ]
      }
    },
    "eventsToWaitFor": {
      "Type": "WaitForEvents",
      "Events": [
        {
          "Event": "PRLODSTWS1_1#SYS_STS_STG-TO-PRLODSTWS1_1#O_CLAIM_CHECKLIST"
        }
      ]
    },
    "eventsToAdd": {
      "Type": "AddEvents",
      "Events": [
        {
          "Event": "PRLODSTWS1_1#O_CLAIM_CHECKLIST-TO-PRLODSTWS1_1#GIB_CLAM"
        },
        {
          "Event": "PRLODSTWS1_1#O_CLAIM_CHECKLIST-TO-PRLODSTWS1_1#GIB_NTC_DOC_CLAM"
        },
        {
          "Event": "PRLODSTWS1_1#O_CLAIM_CHECKLIST-TO-PRLODSTWS1_1#KB7_CLAM"
        },
        {
          "Event": "PRLODSTWS1_1#O_CLAIM_CHECKLIST-TO-PRLODSTWS1_1#KB7_NTC_DOC_CLAM"
        },
        {
          "Event": "PRLODSTWS1_1#O_CLAIM_CHECKLIST-TO-PRLODSTWS1_1#KB9_CLAM"
        },
        {
          "Event": "PRLODSTWS1_1#O_CLAIM_CHECKLIST-TO-PRLODSTWS1_1#KB9_NTC_DOC_CLAM"
        },
        {
          "Event": "PRLODSTWS1_1#O_CLAIM_CHECKLIST-TO-PRLODSTWS1_1#LAW_CLAM"
        },
        {
          "Event": "PRLODSTWS1_1#O_CLAIM_CHECKLIST-TO-PRLODSTWS1_1#LAW_NTC_DOC_CLAM"
        },
        {
          "Event": "PRLODSTWS1_1#O_CLAIM_CHECKLIST-TO-PRLODSTWS1_1#SDM_CLAIM_CHECKLIST"
        }
      ]
    },
    "eventsToDelete": {
      "Type": "DeleteEvents",
      "Events": [
        {
          "Event": "PRLODSTWS1_1#SYS_STS_STG-TO-PRLODSTWS1_1#O_CLAIM_CHECKLIST"
        }
      ]
    }
  },
  "PRLODSTWS1_1#O_FATCA_DD_LIST": {
    "Type": "Job:Database:StoredProcedure",
    "ConnectionProfile": "UPCR1",
    "StoredProcedure": "O_FATCA_DD_LIST_SP",
    "Schema": "SQLEXT",
    "DaysKeepActive": "1",
    "SubApplication": "UPCR1",
    "Host": "CTMAG",
    "CreatedBy": "emuser",
    "Description": "== Conversion Messages Start ==\\n\\nMessage ID\\t: WRN6031 (5923-10504)\\n\\n== Conversion Messages End ==\\nAdded by composer.",
    "RunAs": "controlm",
    "Application": "ODS",
    "When": {
      "WeekDays": [
        "NONE"
      ],
      "Months": [
        "NONE"
      ],
      "MonthDays": [
        "NONE"
      ],
      "DaysRelation": "OR",
      "RuleBasedCalendars": {
        "Included": [
          "RC1"
        ]
      }
    },
    "eventsToWaitFor": {
      "Type": "WaitForEvents",
      "Events": [
        {
          "Event": "PRLODSTWS1_1#SYS_STS_STG-TO-PRLODSTWS1_1#O_FATCA_DD_LIST"
        }
      ]
    },
    "eventsToAdd": {
      "Type": "AddEvents",
      "Events": [
        {
          "Event": "PRLODSTWS1_1#O_FATCA_DD_LIST-TO-PRLODSTWS1_1#TSA_FATCA_CRS_DTL"
        },
        {
          "Event": "PRLODSTWS1_1#O_FATCA_DD_LIST-TO-PRLODSTWS1_1#TSH_FATCA_CRS_DTL"
        },
        {
          "Event": "PRLODSTWS1_1#O_FATCA_DD_LIST-TO-PRLODSTWS1_1#CLM_0650_11G"
        },
        {
          "Event": "PRLODSTWS1_1#O_FATCA_DD_LIST-TO-PRLODSTWS1_1#CLM_0651_11G"
        },
        {
          "Event": "PRLODSTWS1_1#O_FATCA_DD_LIST-TO-PRLODSTWS1_1#CLM_0561_11G"
        },
        {
          "Event": "PRLODSTWS1_1#O_FATCA_DD_LIST-TO-PRLODSTWS1_1#CLM_0560_11G"
        },
        {
          "Event": "PRLODSTWS1_1#O_FATCA_DD_LIST-TO-PRLODSTWS1_1#CLM_0580_11G"
        },
        {
          "Event": "PRLODSTWS1_1#O_FATCA_DD_LIST-TO-PRLODSTWS1_1#POS_0930_11G"
        },
        {
          "Event": "PRLODSTWS1_1#O_FATCA_DD_LIST-TO-PRLODSTWS1_1#POS_0950_11G"
        },
        {
          "Event": "PRLODSTWS1_1#O_FATCA_DD_LIST-TO-PRLODSTWS1_1#POS_0970_11G"
        },
        {
          "Event": "PRLODSTWS1_1#O_FATCA_DD_LIST-TO-PRLODSTWS1_1#CLM_0571_11G"
        },
        {
          "Event": "PRLODSTWS1_1#O_FATCA_DD_LIST-TO-PRLODSTWS1_1#CLM_0570_11G"
        }
      ]
    },
    "eventsToDelete": {
      "Type": "DeleteEvents",
      "Events": [
        {
          "Event": "PRLODSTWS1_1#SYS_STS_STG-TO-PRLODSTWS1_1#O_FATCA_DD_LIST"
        }
      ]
    }
  },
  "PRLODSTWS1_1#O_CLAIM_CHECKLIST_DTL": {
    "Type": "Job:Database:StoredProcedure",
    "ConnectionProfile": "UPCR1",
    "StoredProcedure": "O_CLAIM_CHECKLIST_DTL_SP",
    "Schema": "SQLEXT",
    "DaysKeepActive": "1",
    "SubApplication": "UPCR1",
    "Host": "CTMAG",
    "CreatedBy": "emuser",
    "Description": "== Conversion Messages Start ==\\n\\nMessage ID\\t: WRN6031 (5924-10505)\\n\\n== Conversion Messages End ==\\nAdded by composer.",
    "RunAs": "controlm",
    "Application": "ODS",
    "When": {
      "WeekDays": [
        "NONE"
      ],
      "Months": [
        "NONE"
      ],
      "MonthDays": [
        "NONE"
      ],
      "DaysRelation": "OR",
      "RuleBasedCalendars": {
        "Included": [
          "RC1"
        ]
      }
    },
    "eventsToWaitFor": {
      "Type": "WaitForEvents",
      "Events": [
        {
          "Event": "PRLODSTWS1_1#SYS_STS_STG-TO-PRLODSTWS1_1#O_CLAIM_CHECKLIST_DTL"
        }
      ]
    },
    "eventsToAdd": {
      "Type": "AddEvents",
      "Events": [
        {
          "Event": "PRLODSTWS1_1#O_CLAIM_CHECKLIST_DTL-TO-PRLODSTWS1_1#GIB_CLAM"
        },
        {
          "Event": "PRLODSTWS1_1#O_CLAIM_CHECKLIST_DTL-TO-PRLODSTWS1_1#GIB_NTC_DOC_CLAM"
        },
        {
          "Event": "PRLODSTWS1_1#O_CLAIM_CHECKLIST_DTL-TO-PRLODSTWS1_1#KB7_CLAM"
        },
        {
          "Event": "PRLODSTWS1_1#O_CLAIM_CHECKLIST_DTL-TO-PRLODSTWS1_1#KB7_NTC_DOC_CLAM"
        },
        {
          "Event": "PRLODSTWS1_1#O_CLAIM_CHECKLIST_DTL-TO-PRLODSTWS1_1#KB9_CLAM"
        },
        {
          "Event": "PRLODSTWS1_1#O_CLAIM_CHECKLIST_DTL-TO-PRLODSTWS1_1#KB9_NTC_DOC_CLAM"
        },
        {
          "Event": "PRLODSTWS1_1#O_CLAIM_CHECKLIST_DTL-TO-PRLODSTWS1_1#LAW_CLAM"
        },
        {
          "Event": "PRLODSTWS1_1#O_CLAIM_CHECKLIST_DTL-TO-PRLODSTWS1_1#LAW_NTC_DOC_CLAM"
        },
        {
          "Event": "PRLODSTWS1_1#O_CLAIM_CHECKLIST_DTL-TO-PRLODSTWS1_1#SDM_CLAIM_CHECKLIST"
        }
      ]
    },
    "eventsToDelete": {
      "Type": "DeleteEvents",
      "Events": [
        {
          "Event": "PRLODSTWS1_1#SYS_STS_STG-TO-PRLODSTWS1_1#O_CLAIM_CHECKLIST_DTL"
        }
      ]
    }
  },
  "PRLODSTWS1_1#O_CLAIM_DIAGNOSIS": {
    "Type": "Job:Database:StoredProcedure",
    "ConnectionProfile": "UPCR1",
    "StoredProcedure": "O_CLAIM_DIAGNOSIS_SP",
    "Schema": "SQLEXT",
    "DaysKeepActive": "1",
    "SubApplication": "UPCR1",
    "Host": "CTMAG",
    "CreatedBy": "emuser",
    "Description": "== Conversion Messages Start ==\\n\\nMessage ID\\t: WRN6031 (5925-10506)\\n\\n== Conversion Messages End ==\\nAdded by composer.",
    "RunAs": "controlm",
    "Application": "ODS",
    "When": {
      "WeekDays": [
        "NONE"
      ],
      "Months": [
        "NONE"
      ],
      "MonthDays": [
        "NONE"
      ],
      "DaysRelation": "OR",
      "RuleBasedCalendars": {
        "Included": [
          "RC1"
        ]
      }
    },
    "eventsToWaitFor": {
      "Type": "WaitForEvents",
      "Events": [
        {
          "Event": "PRLODSTWS1_1#SYS_STS_STG-TO-PRLODSTWS1_1#O_CLAIM_DIAGNOSIS"
        }
      ]
    },
    "eventsToAdd": {
      "Type": "AddEvents",
      "Events": [
        {
          "Event": "PRLODSTWS1_1#O_CLAIM_DIAGNOSIS-TO-PRLODSTWS1_1#SDM_CLAIM_DIAGNOSIS"
        }
      ]
    },
    "eventsToDelete": {
      "Type": "DeleteEvents",
      "Events": [
        {
          "Event": "PRLODSTWS1_1#SYS_STS_STG-TO-PRLODSTWS1_1#O_CLAIM_DIAGNOSIS"
        }
      ]
    }
  },
  "PRLODSTWS1_1#O_DIAGNOSIS_CATEGORY": {
    "Type": "Job:Database:StoredProcedure",
    "ConnectionProfile": "UPCR1",
    "StoredProcedure": "O_DIAGNOSIS_CATEGORY_SP",
    "Schema": "SQLEXT",
    "DaysKeepActive": "1",
    "SubApplication": "UPCR1",
    "Host": "CTMAG",
    "CreatedBy": "emuser",
    "Description": "== Conversion Messages Start ==\\n\\nMessage ID\\t: WRN6031 (5926-10507)\\n\\n== Conversion Messages End ==\\nAdded by composer.",
    "RunAs": "controlm",
    "Application": "ODS",
    "When": {
      "WeekDays": [
        "NONE"
      ],
      "Months": [
        "NONE"
      ],
      "MonthDays": [
        "NONE"
      ],
      "DaysRelation": "OR",
      "RuleBasedCalendars": {
        "Included": [
          "RC1"
        ]
      }
    },
    "eventsToWaitFor": {
      "Type": "WaitForEvents",
      "Events": [
        {
          "Event": "PRLODSTWS1_1#SYS_STS_STG-TO-PRLODSTWS1_1#O_DIAGNOSIS_CATEGORY"
        }
      ]
    },
    "eventsToDelete": {
      "Type": "DeleteEvents",
      "Events": [
        {
          "Event": "PRLODSTWS1_1#SYS_STS_STG-TO-PRLODSTWS1_1#O_DIAGNOSIS_CATEGORY"
        }
      ]
    }
  },
  "eventsToAdd": {
    "Type": "AddEvents",
    "Events": [
      {
        "Event": "PRLODSTWS1_1#D_ODS_CLM_20-TO-PRLODSTWS1_1#SYS_BDS_STS_ODS"
      }
    ]
  }
  }
}
