{
  "PRLODSTWS1_1#D_RPT_SC_7": {
  "Type":  "Folder",
  "ControlmServer": "CTM",
  "Description": "== Conversion Messages Start ==\\n\\nMessage ID\\t: INF6107 (181-328)\\n\\nMessage ID\\t: INF6104 (182-328)\\n\\n== Conversion Messages End ==\\n",
  "OrderMethod": "Manual",
  "SubApplication": "UPCR1",
  "CreatedBy": "emuser",
  "Application": "ODS",
  "When": {
    "RuleBasedCalendars": {
      "Included": [
        "RC1"
      ],
      "RC1": {
        "Type": "Calendar:RuleBased",
        "When": {
          "MonthDaysCalendar": "RCG-D-NAT",
          "DaysRelation": "OR",
          "DaysKeepActive": "01",
          "WeekDays": [
            "NONE"
          ],
          "MonthDays": [
            "NONE"
          ]
        }
      }
    }
  },
  "PRLODSTWS1_1#SC_6720_11G": {
    "Type": "Job:Database:StoredProcedure",
    "ConnectionProfile": "UPCR1",
    "StoredProcedure": "SC_6720_11G_SP",
    "Schema": "SQLEXT",
    "DaysKeepActive": "1",
    "SubApplication": "UPCR1",
    "Host": "CTMAG",
    "CreatedBy": "emuser",
    "Description": "== Conversion Messages Start ==\\n\\nMessage ID\\t: WRN6031 (177-329)\\n\\n== Conversion Messages End ==\\nAdded by composer.",
    "RunAs": "controlm",
    "Application": "ODS",
    "When": {
      "WeekDays": [
        "NONE"
      ],
      "Months": [
        "NONE"
      ],
      "MonthDays": [
        "NONE"
      ],
      "DaysRelation": "OR",
      "RuleBasedCalendars": {
        "Included": [
          "RC1"
        ]
      }
    },
    "eventsToWaitFor": {
      "Type": "WaitForEvents",
      "Events": [
        {
          "Event": "PRLODSTWS1_1#O_COMM_AGGREGATION-TO-PRLODSTWS1_1#SC_6720_11G"
        },
        {
          "Event": "PRLODSTWS1_1#SDM_PRODUCT_COMMISION-TO-PRLODSTWS1_1#SC_6720_11G"
        },
        {
          "Event": "PRLODSTWS1_1#SDM_PREM_ARAP-TO-PRLODSTWS1_1#SC_6720_11G"
        },
        {
          "Event": "PRLODSTWS1_1#SDM_PRODUCTION_ADJUST-TO-PRLODSTWS1_1#SC_6720_11G"
        },
        {
          "Event": "PRLODSTWS1_1#SDM_PRODUCTION_DETAIL-TO-PRLODSTWS1_1#SC_6720_11G"
        },
        {
          "Event": "PRLODSTWS1_1#SDM_PRODUCTION_UPD_YM-TO-PRLODSTWS1_1#SC_6720_11G"
        },
        {
          "Event": "PRLODSTWS1_1#SDM_SC_APE_AGENT-TO-PRLODSTWS1_1#SC_6720_11G"
        },
        {
          "Event": "PRLODSTWS1_1#SDM_SC_GROUP_DETAIL-TO-PRLODSTWS1_1#SC_6720_11G"
        },
        {
          "Event": "PRLODSTWS1_1#SDM_AGENT-TO-PRLODSTWS1_1#SC_6720_11G"
        },
        {
          "Event": "PRLODSTWS1_1#SDM_AGENT_SNAP-TO-PRLODSTWS1_1#SC_6720_11G"
        },
        {
          "Event": "PRLODSTWS1_1#SDM_CONTRACT_PRODUCT-TO-PRLODSTWS1_1#SC_6720_11G"
        }
      ]
    },
    "eventsToDelete": {
      "Type": "DeleteEvents",
      "Events": [
        {
          "Event": "PRLODSTWS1_1#O_COMM_AGGREGATION-TO-PRLODSTWS1_1#SC_6720_11G"
        },
        {
          "Event": "PRLODSTWS1_1#SDM_PRODUCT_COMMISION-TO-PRLODSTWS1_1#SC_6720_11G"
        },
        {
          "Event": "PRLODSTWS1_1#SDM_PREM_ARAP-TO-PRLODSTWS1_1#SC_6720_11G"
        },
        {
          "Event": "PRLODSTWS1_1#SDM_PRODUCTION_ADJUST-TO-PRLODSTWS1_1#SC_6720_11G"
        },
        {
          "Event": "PRLODSTWS1_1#SDM_PRODUCTION_DETAIL-TO-PRLODSTWS1_1#SC_6720_11G"
        },
        {
          "Event": "PRLODSTWS1_1#SDM_PRODUCTION_UPD_YM-TO-PRLODSTWS1_1#SC_6720_11G"
        },
        {
          "Event": "PRLODSTWS1_1#SDM_SC_APE_AGENT-TO-PRLODSTWS1_1#SC_6720_11G"
        },
        {
          "Event": "PRLODSTWS1_1#SDM_SC_GROUP_DETAIL-TO-PRLODSTWS1_1#SC_6720_11G"
        },
        {
          "Event": "PRLODSTWS1_1#SDM_AGENT-TO-PRLODSTWS1_1#SC_6720_11G"
        },
        {
          "Event": "PRLODSTWS1_1#SDM_AGENT_SNAP-TO-PRLODSTWS1_1#SC_6720_11G"
        },
        {
          "Event": "PRLODSTWS1_1#SDM_CONTRACT_PRODUCT-TO-PRLODSTWS1_1#SC_6720_11G"
        }
      ]
    }
  },
  "PRLODSTWS1_1#SC_6710_11G": {
    "Type": "Job:Database:StoredProcedure",
    "ConnectionProfile": "UPCR1",
    "StoredProcedure": "SC_6710_11G_SP",
    "Schema": "SQLEXT",
    "DaysKeepActive": "1",
    "SubApplication": "UPCR1",
    "Host": "CTMAG",
    "CreatedBy": "emuser",
    "Description": "== Conversion Messages Start ==\\n\\nMessage ID\\t: WRN6031 (178-330)\\n\\n== Conversion Messages End ==\\nAdded by composer.",
    "RunAs": "controlm",
    "Application": "ODS",
    "When": {
      "WeekDays": [
        "NONE"
      ],
      "Months": [
        "NONE"
      ],
      "MonthDays": [
        "NONE"
      ],
      "DaysRelation": "OR",
      "RuleBasedCalendars": {
        "Included": [
          "RC1"
        ]
      }
    },
    "eventsToWaitFor": {
      "Type": "WaitForEvents",
      "Events": [
        {
          "Event": "PRLODSTWS1_1#O_STRING_RESOURCE-TO-PRLODSTWS1_1#SC_6710_11G"
        },
        {
          "Event": "PRLODSTWS1_1#SDM_PRODUCTION_DETAIL-TO-PRLODSTWS1_1#SC_6710_11G"
        },
        {
          "Event": "PRLODSTWS1_1#SDM_PRODUCTION_UPD_YM-TO-PRLODSTWS1_1#SC_6710_11G"
        },
        {
          "Event": "PRLODSTWS1_1#SDM_AGENT_SNAP-TO-PRLODSTWS1_1#SC_6710_11G"
        },
        {
          "Event": "PRLODSTWS1_1#SYS_STS_STG-TO-PRLODSTWS1_1#SC_6710_11G"
        }
      ]
    },
    "eventsToDelete": {
      "Type": "DeleteEvents",
      "Events": [
        {
          "Event": "PRLODSTWS1_1#O_STRING_RESOURCE-TO-PRLODSTWS1_1#SC_6710_11G"
        },
        {
          "Event": "PRLODSTWS1_1#SDM_PRODUCTION_DETAIL-TO-PRLODSTWS1_1#SC_6710_11G"
        },
        {
          "Event": "PRLODSTWS1_1#SDM_PRODUCTION_UPD_YM-TO-PRLODSTWS1_1#SC_6710_11G"
        },
        {
          "Event": "PRLODSTWS1_1#SDM_AGENT_SNAP-TO-PRLODSTWS1_1#SC_6710_11G"
        },
        {
          "Event": "PRLODSTWS1_1#SYS_STS_STG-TO-PRLODSTWS1_1#SC_6710_11G"
        }
      ]
    }
  },
  "PRLODSTWS1_1#SC_6740_11G": {
    "Type": "Job:Database:StoredProcedure",
    "ConnectionProfile": "UPCR1",
    "StoredProcedure": "SC_6740_11G_SP",
    "Schema": "SQLEXT",
    "DaysKeepActive": "1",
    "SubApplication": "UPCR1",
    "Host": "CTMAG",
    "CreatedBy": "emuser",
    "Description": "== Conversion Messages Start ==\\n\\nMessage ID\\t: WRN6031 (179-331)\\n\\n== Conversion Messages End ==\\nAdded by composer.",
    "RunAs": "controlm",
    "Application": "ODS",
    "When": {
      "WeekDays": [
        "NONE"
      ],
      "Months": [
        "NONE"
      ],
      "MonthDays": [
        "NONE"
      ],
      "DaysRelation": "OR",
      "RuleBasedCalendars": {
        "Included": [
          "RC1"
        ]
      }
    },
    "eventsToWaitFor": {
      "Type": "WaitForEvents",
      "Events": [
        {
          "Event": "PRLODSTWS1_1#SDM_PRODUCTION_INFO-TO-PRLODSTWS1_1#SC_6740_11G"
        },
        {
          "Event": "PRLODSTWS1_1#SDM_PRODUCTION_UPD_YM-TO-PRLODSTWS1_1#SC_6740_11G"
        },
        {
          "Event": "PRLODSTWS1_1#SDM_AGENT-TO-PRLODSTWS1_1#SC_6740_11G"
        },
        {
          "Event": "PRLODSTWS1_1#SDM_CHANNEL_ORG-TO-PRLODSTWS1_1#SC_6740_11G"
        },
        {
          "Event": "PRLODSTWS1_1#SDM_CHNL_ORG_HIR_SNAP-TO-PRLODSTWS1_1#SC_6740_11G"
        }
      ]
    },
    "eventsToDelete": {
      "Type": "DeleteEvents",
      "Events": [
        {
          "Event": "PRLODSTWS1_1#SDM_PRODUCTION_INFO-TO-PRLODSTWS1_1#SC_6740_11G"
        },
        {
          "Event": "PRLODSTWS1_1#SDM_PRODUCTION_UPD_YM-TO-PRLODSTWS1_1#SC_6740_11G"
        },
        {
          "Event": "PRLODSTWS1_1#SDM_AGENT-TO-PRLODSTWS1_1#SC_6740_11G"
        },
        {
          "Event": "PRLODSTWS1_1#SDM_CHANNEL_ORG-TO-PRLODSTWS1_1#SC_6740_11G"
        },
        {
          "Event": "PRLODSTWS1_1#SDM_CHNL_ORG_HIR_SNAP-TO-PRLODSTWS1_1#SC_6740_11G"
        }
      ]
    }
  },
  "PRLODSTWS1_1#SC_6700_11G": {
    "Type": "Job:Database:StoredProcedure",
    "ConnectionProfile": "UPCR1",
    "StoredProcedure": "SC_6700_11G_SP",
    "Schema": "SQLEXT",
    "DaysKeepActive": "1",
    "SubApplication": "UPCR1",
    "Host": "CTMAG",
    "CreatedBy": "emuser",
    "Description": "== Conversion Messages Start ==\\n\\nMessage ID\\t: WRN6031 (180-332)\\n\\n== Conversion Messages End ==\\nAdded by composer.",
    "RunAs": "controlm",
    "Application": "ODS",
    "When": {
      "WeekDays": [
        "NONE"
      ],
      "Months": [
        "NONE"
      ],
      "MonthDays": [
        "NONE"
      ],
      "DaysRelation": "OR",
      "RuleBasedCalendars": {
        "Included": [
          "RC1"
        ]
      }
    },
    "eventsToWaitFor": {
      "Type": "WaitForEvents",
      "Events": [
        {
          "Event": "PRLODSTWS1_1#O_SC_EFFECTIVE_RATE_INFO-TO-PRLODSTWS1_1#SC_6700_11G"
        },
        {
          "Event": "PRLODSTWS1_1#O_SC_HEALTH_INSURANCE-TO-PRLODSTWS1_1#SC_6700_11G"
        },
        {
          "Event": "PRLODSTWS1_1#O_SC_LABOR_INSURANCE-TO-PRLODSTWS1_1#SC_6700_11G"
        },
        {
          "Event": "PRLODSTWS1_1#O_SC_RETIRE_CONTRI-TO-PRLODSTWS1_1#SC_6700_11G"
        },
        {
          "Event": "PRLODSTWS1_1#SDM_PRODUCTION_ADJUST-TO-PRLODSTWS1_1#SC_6700_11G"
        },
        {
          "Event": "PRLODSTWS1_1#SDM_PRODUCTION_DETAIL-TO-PRLODSTWS1_1#SC_6700_11G"
        },
        {
          "Event": "PRLODSTWS1_1#SDM_PRODUCTION_INFO-TO-PRLODSTWS1_1#SC_6700_11G"
        },
        {
          "Event": "PRLODSTWS1_1#SDM_PRODUCTION_UPD_YM-TO-PRLODSTWS1_1#SC_6700_11G"
        },
        {
          "Event": "PRLODSTWS1_1#SDM_SC_AGNT_GRP_INS-TO-PRLODSTWS1_1#SC_6700_11G"
        },
        {
          "Event": "PRLODSTWS1_1#SDM_SC_APE_AGENT-TO-PRLODSTWS1_1#SC_6700_11G"
        },
        {
          "Event": "PRLODSTWS1_1#SDM_SC_CHANNEL_AOICIA-TO-PRLODSTWS1_1#SC_6700_11G"
        },
        {
          "Event": "PRLODSTWS1_1#SDM_AGENT-TO-PRLODSTWS1_1#SC_6700_11G"
        },
        {
          "Event": "PRLODSTWS1_1#SDM_AGENT_SNAP-TO-PRLODSTWS1_1#SC_6700_11G"
        },
        {
          "Event": "PRLODSTWS1_1#SDM_CHANNEL_ORG-TO-PRLODSTWS1_1#SC_6700_11G"
        },
        {
          "Event": "PRLODSTWS1_1#SDM_COMMISION_INFO-TO-PRLODSTWS1_1#SC_6700_11G"
        }
      ]
    },
    "eventsToDelete": {
      "Type": "DeleteEvents",
      "Events": [
        {
          "Event": "PRLODSTWS1_1#O_SC_EFFECTIVE_RATE_INFO-TO-PRLODSTWS1_1#SC_6700_11G"
        },
        {
          "Event": "PRLODSTWS1_1#O_SC_HEALTH_INSURANCE-TO-PRLODSTWS1_1#SC_6700_11G"
        },
        {
          "Event": "PRLODSTWS1_1#O_SC_LABOR_INSURANCE-TO-PRLODSTWS1_1#SC_6700_11G"
        },
        {
          "Event": "PRLODSTWS1_1#O_SC_RETIRE_CONTRI-TO-PRLODSTWS1_1#SC_6700_11G"
        },
        {
          "Event": "PRLODSTWS1_1#SDM_PRODUCTION_ADJUST-TO-PRLODSTWS1_1#SC_6700_11G"
        },
        {
          "Event": "PRLODSTWS1_1#SDM_PRODUCTION_DETAIL-TO-PRLODSTWS1_1#SC_6700_11G"
        },
        {
          "Event": "PRLODSTWS1_1#SDM_PRODUCTION_INFO-TO-PRLODSTWS1_1#SC_6700_11G"
        },
        {
          "Event": "PRLODSTWS1_1#SDM_PRODUCTION_UPD_YM-TO-PRLODSTWS1_1#SC_6700_11G"
        },
        {
          "Event": "PRLODSTWS1_1#SDM_SC_AGNT_GRP_INS-TO-PRLODSTWS1_1#SC_6700_11G"
        },
        {
          "Event": "PRLODSTWS1_1#SDM_SC_APE_AGENT-TO-PRLODSTWS1_1#SC_6700_11G"
        },
        {
          "Event": "PRLODSTWS1_1#SDM_SC_CHANNEL_AOICIA-TO-PRLODSTWS1_1#SC_6700_11G"
        },
        {
          "Event": "PRLODSTWS1_1#SDM_AGENT-TO-PRLODSTWS1_1#SC_6700_11G"
        },
        {
          "Event": "PRLODSTWS1_1#SDM_AGENT_SNAP-TO-PRLODSTWS1_1#SC_6700_11G"
        },
        {
          "Event": "PRLODSTWS1_1#SDM_CHANNEL_ORG-TO-PRLODSTWS1_1#SC_6700_11G"
        },
        {
          "Event": "PRLODSTWS1_1#SDM_COMMISION_INFO-TO-PRLODSTWS1_1#SC_6700_11G"
        }
      ]
    }
  },
  "eventsToAdd": {
    "Type": "AddEvents",
    "Events": [
      {
        "Event": "PRLODSTWS1_1#D_RPT_SC_7-TO-PRLODSTWS1_1#BDS_STS_RPT_SC"
      }
    ]
  }
  }
}
