{
  "PRLODSTWS1_1#I_RPT_INV": {
  "Type":  "Folder",
  "ControlmServer": "CTM",
  "Description": "== Conversion Messages Start ==\\n\\nMessage ID\\t: INF6107 (4588-8043)\\n\\nMessage ID\\t: INF6104 (4589-8043)\\n\\n== Conversion Messages End ==\\n",
  "OrderMethod": "Manual",
  "SubApplication": "UPCR1",
  "CreatedBy": "emuser",
  "Application": "ODS",
  "When": {
    "RuleBasedCalendars": {
      "Included": [
        "RC1"
      ],
      "RC1": {
        "Type": "Calendar:RuleBased",
        "When": {
          "MonthDaysCalendar": "RCG-D-NAT",
          "DaysRelation": "OR",
          "DaysKeepActive": "01",
          "WeekDays": [
            "NONE"
          ],
          "MonthDays": [
            "NONE"
          ]
        }
      }
    }
  },
  "PRLODSTWS1_1#INV_REF_INV_PLAN_CODE": {
    "Type": "Job:Database:StoredProcedure",
    "ConnectionProfile": "UPCR1",
    "StoredProcedure": "INV_REF_INV_PLAN_CODE_SP",
    "Schema": "SQLEXT",
    "DaysKeepActive": "1",
    "SubApplication": "UPCR1",
    "Host": "CTMAG",
    "CreatedBy": "emuser",
    "Description": "== Conversion Messages Start ==\\n\\nMessage ID\\t: WRN6031 (4586-8044)\\n\\n== Conversion Messages End ==\\nAdded by composer.",
    "RunAs": "controlm",
    "Application": "ODS",
    "When": {
      "WeekDays": [
        "NONE"
      ],
      "Months": [
        "NONE"
      ],
      "MonthDays": [
        "NONE"
      ],
      "DaysRelation": "OR",
      "RuleBasedCalendars": {
        "Included": [
          "RC1"
        ]
      }
    },
    "eventsToWaitFor": {
      "Type": "WaitForEvents",
      "Events": [
        {
          "Event": "PRLODSTWS1_1#OV_PRODUCT_RATETABLE-TO-PRLODSTWS1_1#INV_REF_INV_PLAN_CODE"
        },
        {
          "Event": "PRLODSTWS1_1#O_FMS_RATETABLE-TO-PRLODSTWS1_1#INV_REF_INV_PLAN_CODE"
        }
      ]
    },
    "eventsToAdd": {
      "Type": "AddEvents",
      "Events": [
        {
          "Event": "PRLODSTWS1_1#INV_REF_INV_PLAN_CODE-TO-PRLODSTWS1_1#INV_7160_11G"
        },
        {
          "Event": "PRLODSTWS1_1#INV_REF_INV_PLAN_CODE-TO-PRLODSTWS1_1#INV_7190_11G"
        },
        {
          "Event": "PRLODSTWS1_1#INV_REF_INV_PLAN_CODE-TO-PRLODSTWS1_1#INV_7020_11G"
        },
        {
          "Event": "PRLODSTWS1_1#INV_REF_INV_PLAN_CODE-TO-PRLODSTWS1_1#INV_7040_11G"
        },
        {
          "Event": "PRLODSTWS1_1#INV_REF_INV_PLAN_CODE-TO-PRLODSTWS1_1#INV_7260_11G"
        },
        {
          "Event": "PRLODSTWS1_1#INV_REF_INV_PLAN_CODE-TO-PRLODSTWS1_1#INV_7200_11G"
        },
        {
          "Event": "PRLODSTWS1_1#INV_REF_INV_PLAN_CODE-TO-PRLODSTWS1_1#INV_7250_11G"
        },
        {
          "Event": "PRLODSTWS1_1#INV_REF_INV_PLAN_CODE-TO-PRLODSTWS1_1#INV_7090_11G"
        }
      ]
    },
    "eventsToDelete": {
      "Type": "DeleteEvents",
      "Events": [
        {
          "Event": "PRLODSTWS1_1#OV_PRODUCT_RATETABLE-TO-PRLODSTWS1_1#INV_REF_INV_PLAN_CODE"
        },
        {
          "Event": "PRLODSTWS1_1#O_FMS_RATETABLE-TO-PRLODSTWS1_1#INV_REF_INV_PLAN_CODE"
        }
      ]
    }
  },
  "PRLODSTWS1_1#INV_JOB_PARAM": {
    "Type": "Job:Database:StoredProcedure",
    "ConnectionProfile": "UPCR1",
    "StoredProcedure": "INV_JOB_PARAM_SP",
    "Schema": "SQLEXT",
    "DaysKeepActive": "1",
    "SubApplication": "UPCR1",
    "Host": "CTMAG",
    "CreatedBy": "emuser",
    "Description": "== Conversion Messages Start ==\\n\\nMessage ID\\t: WRN6031 (4587-8045)\\n\\n== Conversion Messages End ==\\nAdded by composer.",
    "RunAs": "controlm",
    "Application": "ODS",
    "When": {
      "WeekDays": [
        "NONE"
      ],
      "Months": [
        "NONE"
      ],
      "MonthDays": [
        "NONE"
      ],
      "DaysRelation": "OR",
      "RuleBasedCalendars": {
        "Included": [
          "RC1"
        ]
      }
    },
    "eventsToWaitFor": {
      "Type": "WaitForEvents",
      "Events": [
        {
          "Event": "PRLODSTWS1_1#SYS_STS_STG-TO-PRLODSTWS1_1#INV_JOB_PARAM"
        }
      ]
    },
    "eventsToAdd": {
      "Type": "AddEvents",
      "Events": [
        {
          "Event": "PRLODSTWS1_1#INV_JOB_PARAM-TO-PRLODSTWS1_1#INV_7150_PARAM"
        },
        {
          "Event": "PRLODSTWS1_1#INV_JOB_PARAM-TO-PRLODSTWS1_1#INV_7160_PARAM"
        },
        {
          "Event": "PRLODSTWS1_1#INV_JOB_PARAM-TO-PRLODSTWS1_1#INV_7170_PARAM"
        },
        {
          "Event": "PRLODSTWS1_1#INV_JOB_PARAM-TO-PRLODSTWS1_1#INV_7171_PARAM"
        },
        {
          "Event": "PRLODSTWS1_1#INV_JOB_PARAM-TO-PRLODSTWS1_1#INV_7180_PARAM"
        },
        {
          "Event": "PRLODSTWS1_1#INV_JOB_PARAM-TO-PRLODSTWS1_1#INV_7190_PARAM"
        },
        {
          "Event": "PRLODSTWS1_1#INV_JOB_PARAM-TO-PRLODSTWS1_1#INV_7320_PARAM"
        },
        {
          "Event": "PRLODSTWS1_1#INV_JOB_PARAM-TO-PRLODSTWS1_1#INV_7010_PARAM"
        },
        {
          "Event": "PRLODSTWS1_1#INV_JOB_PARAM-TO-PRLODSTWS1_1#INV_7011_PARAM"
        },
        {
          "Event": "PRLODSTWS1_1#INV_JOB_PARAM-TO-PRLODSTWS1_1#INV_7020_PARAM"
        },
        {
          "Event": "PRLODSTWS1_1#INV_JOB_PARAM-TO-PRLODSTWS1_1#INV_7040_PARAM"
        },
        {
          "Event": "PRLODSTWS1_1#INV_JOB_PARAM-TO-PRLODSTWS1_1#INV_7260_PARAM"
        },
        {
          "Event": "PRLODSTWS1_1#INV_JOB_PARAM-TO-PRLODSTWS1_1#INV_7200_PARAM"
        },
        {
          "Event": "PRLODSTWS1_1#INV_JOB_PARAM-TO-PRLODSTWS1_1#INV_7210_PARAM"
        },
        {
          "Event": "PRLODSTWS1_1#INV_JOB_PARAM-TO-PRLODSTWS1_1#INV_7230_PARAM"
        },
        {
          "Event": "PRLODSTWS1_1#INV_JOB_PARAM-TO-PRLODSTWS1_1#INV_7250_PARAM"
        },
        {
          "Event": "PRLODSTWS1_1#INV_JOB_PARAM-TO-PRLODSTWS1_1#INV_7100_PARAM"
        },
        {
          "Event": "PRLODSTWS1_1#INV_JOB_PARAM-TO-PRLODSTWS1_1#INV_7110_PARAM"
        },
        {
          "Event": "PRLODSTWS1_1#INV_JOB_PARAM-TO-PRLODSTWS1_1#INV_7130_PARAM"
        },
        {
          "Event": "PRLODSTWS1_1#INV_JOB_PARAM-TO-PRLODSTWS1_1#INV_7140_PARAM"
        },
        {
          "Event": "PRLODSTWS1_1#INV_JOB_PARAM-TO-PRLODSTWS1_1#INV_7220_PARAM"
        },
        {
          "Event": "PRLODSTWS1_1#INV_JOB_PARAM-TO-PRLODSTWS1_1#INV_7240_PARAM"
        },
        {
          "Event": "PRLODSTWS1_1#INV_JOB_PARAM-TO-PRLODSTWS1_1#INV_7290_PARAM"
        },
        {
          "Event": "PRLODSTWS1_1#INV_JOB_PARAM-TO-PRLODSTWS1_1#INV_7300_PARAM"
        }
      ]
    },
    "eventsToDelete": {
      "Type": "DeleteEvents",
      "Events": [
        {
          "Event": "PRLODSTWS1_1#SYS_STS_STG-TO-PRLODSTWS1_1#INV_JOB_PARAM"
        }
      ]
    }
  },
  "eventsToAdd": {
    "Type": "AddEvents",
    "Events": [
      {
        "Event": "PRLODSTWS1_1#I_RPT_INV-TO-PRLODSTWS1_1#BDS_STS_RPT_INV"
      }
    ]
  }
  }
}
