{
  "PRLODSTWS1_1#D_FDW_ROCKS": {
  "Type":  "Folder",
  "ControlmServer": "CTM",
  "Description": "== Conversion Messages Start ==\\n\\nMessage ID\\t: INF6107 (7139-12610)\\n\\nMessage ID\\t: INF6104 (7140-12610)\\n\\n== Conversion Messages End ==\\n",
  "OrderMethod": "Manual",
  "SubApplication": "UPCR1",
  "CreatedBy": "emuser",
  "Application": "ODS",
  "When": {
    "RuleBasedCalendars": {
      "Included": [
        "RC1"
      ],
      "RC1": {
        "Type": "Calendar:RuleBased",
        "When": {
          "MonthDaysCalendar": "RCG-D-NAT",
          "DaysRelation": "OR",
          "DaysKeepActive": "01",
          "WeekDays": [
            "NONE"
          ],
          "MonthDays": [
            "NONE"
          ]
        }
      }
    }
  },
  "PRLODSTWS1_1#ROCKS_FFAL_CM": {
    "Type": "Job:Command",
    "DaysKeepActive": "1",
    "SubApplication": "UPCR1",
    "Host": "CTMAG",
    "CreatedBy": "emuser",
    "Description": "Common Shell Template",
    "RunAs": "controlm",
    "Application": "ODS",
    "Command": "/home/tws/ods_batch_home/esp.batch.scripts/run.cmd.sh D_FDW_ROCKS ${tws.job.name} %%\\\\global\\END_DT_CHAR.",
    "When": {
      "WeekDays": [
        "NONE"
      ],
      "Months": [
        "NONE"
      ],
      "MonthDays": [
        "NONE"
      ],
      "DaysRelation": "OR",
      "RuleBasedCalendars": {
        "Included": [
          "RC1"
        ]
      }
    },
    "eventsToWaitFor": {
      "Type": "WaitForEvents",
      "Events": [
        {
          "Event": "PRLODSTWS1_1#ROCKS_FFAL_EX-TO-PRLODSTWS1_1#ROCKS_FFAL_CM"
        }
      ]
    },
    "eventsToAdd": {
      "Type": "AddEvents",
      "Events": [
        {
          "Event": "PRLODSTWS1_1#ROCKS_FFAL_CM-TO-PRLODSTWS1_1#ROCKS_FFAL_FP"
        }
      ]
    },
    "eventsToDelete": {
      "Type": "DeleteEvents",
      "Events": [
        {
          "Event": "PRLODSTWS1_1#ROCKS_FFAL_EX-TO-PRLODSTWS1_1#ROCKS_FFAL_CM"
        }
      ]
    }
  },
  "PRLODSTWS1_1#ROCKS_COMM_PAYD_EX": {
    "Type": "Job:Command",
    "DaysKeepActive": "1",
    "SubApplication": "UPCR1",
    "Host": "CTMAG",
    "CreatedBy": "emuser",
    "Description": "CSV Export for batch",
    "RunAs": "controlm",
    "Application": "ODS",
    "Command": "/home/tws/ods_batch_home/esp.batch.scripts/gen.table2File.sh D_FDW_ROCKS ${tws.job.name} %%\\\\global\\END_DT_CHAR.",
    "When": {
      "WeekDays": [
        "NONE"
      ],
      "Months": [
        "NONE"
      ],
      "MonthDays": [
        "NONE"
      ],
      "DaysRelation": "OR",
      "RuleBasedCalendars": {
        "Included": [
          "RC1"
        ]
      }
    },
    "eventsToWaitFor": {
      "Type": "WaitForEvents",
      "Events": [
        {
          "Event": "PRLODSTWS1_1#ROCKS_COMM_PAYD_PARAM-TO-PRLODSTWS1_1#ROCKS_COMM_PAYD_EX"
        }
      ]
    },
    "eventsToAdd": {
      "Type": "AddEvents",
      "Events": [
        {
          "Event": "PRLODSTWS1_1#ROCKS_COMM_PAYD_EX-TO-PRLODSTWS1_1#ROCKS_COMM_PAYD_CM"
        }
      ]
    },
    "eventsToDelete": {
      "Type": "DeleteEvents",
      "Events": [
        {
          "Event": "PRLODSTWS1_1#ROCKS_COMM_PAYD_PARAM-TO-PRLODSTWS1_1#ROCKS_COMM_PAYD_EX"
        }
      ]
    }
  },
  "PRLODSTWS1_1#ROCKS_CPOD_XML_PARAM": {
    "Type": "Job:Database:StoredProcedure",
    "ConnectionProfile": "UPCR1",
    "StoredProcedure": "ROCKS_CPOD_XML_PARAM_SP",
    "Schema": "SQLEXT",
    "DaysKeepActive": "1",
    "SubApplication": "UPCR1",
    "Host": "CTMAG",
    "CreatedBy": "emuser",
    "Description": "== Conversion Messages Start ==\\n\\nMessage ID\\t: WRN6031 (7122-12613)\\n\\n== Conversion Messages End ==\\nAdded by composer.",
    "RunAs": "controlm",
    "Application": "ODS",
    "When": {
      "WeekDays": [
        "NONE"
      ],
      "Months": [
        "NONE"
      ],
      "MonthDays": [
        "NONE"
      ],
      "DaysRelation": "OR",
      "RuleBasedCalendars": {
        "Included": [
          "RC1"
        ]
      }
    },
    "eventsToWaitFor": {
      "Type": "WaitForEvents",
      "Events": [
        {
          "Event": "PRLODSTWS1_1#ROCKS_CPOD_XML-TO-PRLODSTWS1_1#ROCKS_CPOD_XML_PARAM"
        }
      ]
    },
    "eventsToAdd": {
      "Type": "AddEvents",
      "Events": [
        {
          "Event": "PRLODSTWS1_1#ROCKS_CPOD_XML_PARAM-TO-PRLODSTWS1_1#ROCKS_CPOD_XML_EX"
        }
      ]
    },
    "eventsToDelete": {
      "Type": "DeleteEvents",
      "Events": [
        {
          "Event": "PRLODSTWS1_1#ROCKS_CPOD_XML-TO-PRLODSTWS1_1#ROCKS_CPOD_XML_PARAM"
        }
      ]
    }
  },
  "PRLODSTWS1_1#FDW_CONTRACT_PROD_ROCKS": {
    "Type": "Job:Database:StoredProcedure",
    "ConnectionProfile": "UPCR1",
    "StoredProcedure": "FDW_CONTRACT_PROD_ROCKS_SP",
    "Schema": "SQLEXT",
    "DaysKeepActive": "1",
    "SubApplication": "UPCR1",
    "Host": "CTMAG",
    "CreatedBy": "emuser",
    "Description": "== Conversion Messages Start ==\\n\\nMessage ID\\t: WRN6031 (7123-12614)\\n\\n== Conversion Messages End ==\\nAdded by composer.",
    "RunAs": "controlm",
    "Application": "ODS",
    "When": {
      "WeekDays": [
        "NONE"
      ],
      "Months": [
        "NONE"
      ],
      "MonthDays": [
        "NONE"
      ],
      "DaysRelation": "OR",
      "RuleBasedCalendars": {
        "Included": [
          "RC1"
        ]
      }
    },
    "eventsToWaitFor": {
      "Type": "WaitForEvents",
      "Events": [
        {
          "Event": "PRLODSTWS1_1#FDW_CODE_MAP-TO-PRLODSTWS1_1#FDW_CONTRACT_PROD_ROCKS"
        },
        {
          "Event": "PRLODSTWS1_1#FDW_CODE_POLICY_STATUS-TO-PRLODSTWS1_1#FDW_CONTRACT_PROD_ROCKS"
        },
        {
          "Event": "PRLODSTWS1_1#FDW_CONTRACT_PRODUCT-TO-PRLODSTWS1_1#FDW_CONTRACT_PROD_ROCKS"
        }
      ]
    },
    "eventsToAdd": {
      "Type": "AddEvents",
      "Events": [
        {
          "Event": "PRLODSTWS1_1#FDW_CONTRACT_PROD_ROCKS-TO-PRLODSTWS1_1#ROCKS_CCOD_XML"
        },
        {
          "Event": "PRLODSTWS1_1#FDW_CONTRACT_PROD_ROCKS-TO-PRLODSTWS1_1#ROCKS_COMM_PAYD"
        }
      ]
    },
    "eventsToDelete": {
      "Type": "DeleteEvents",
      "Events": [
        {
          "Event": "PRLODSTWS1_1#FDW_CODE_MAP-TO-PRLODSTWS1_1#FDW_CONTRACT_PROD_ROCKS"
        },
        {
          "Event": "PRLODSTWS1_1#FDW_CODE_POLICY_STATUS-TO-PRLODSTWS1_1#FDW_CONTRACT_PROD_ROCKS"
        },
        {
          "Event": "PRLODSTWS1_1#FDW_CONTRACT_PRODUCT-TO-PRLODSTWS1_1#FDW_CONTRACT_PROD_ROCKS"
        }
      ]
    }
  },
  "PRLODSTWS1_1#ROCKS_COMM_PAYD_PARAM": {
    "Type": "Job:Database:StoredProcedure",
    "ConnectionProfile": "UPCR1",
    "StoredProcedure": "ROCKS_COMM_PAYD_PARAM_SP",
    "Schema": "SQLEXT",
    "DaysKeepActive": "1",
    "SubApplication": "UPCR1",
    "Host": "CTMAG",
    "CreatedBy": "emuser",
    "Description": "== Conversion Messages Start ==\\n\\nMessage ID\\t: WRN6031 (7124-12615)\\n\\n== Conversion Messages End ==\\nAdded by composer.",
    "RunAs": "controlm",
    "Application": "ODS",
    "When": {
      "WeekDays": [
        "NONE"
      ],
      "Months": [
        "NONE"
      ],
      "MonthDays": [
        "NONE"
      ],
      "DaysRelation": "OR",
      "RuleBasedCalendars": {
        "Included": [
          "RC1"
        ]
      }
    },
    "eventsToWaitFor": {
      "Type": "WaitForEvents",
      "Events": [
        {
          "Event": "PRLODSTWS1_1#ROCKS_COMM_PAYD-TO-PRLODSTWS1_1#ROCKS_COMM_PAYD_PARAM"
        }
      ]
    },
    "eventsToAdd": {
      "Type": "AddEvents",
      "Events": [
        {
          "Event": "PRLODSTWS1_1#ROCKS_COMM_PAYD_PARAM-TO-PRLODSTWS1_1#ROCKS_COMM_PAYD_EX"
        }
      ]
    },
    "eventsToDelete": {
      "Type": "DeleteEvents",
      "Events": [
        {
          "Event": "PRLODSTWS1_1#ROCKS_COMM_PAYD-TO-PRLODSTWS1_1#ROCKS_COMM_PAYD_PARAM"
        }
      ]
    }
  },
  "PRLODSTWS1_1#ROCKS_FFAL_EX": {
    "Type": "Job:Command",
    "DaysKeepActive": "1",
    "SubApplication": "UPCR1",
    "Host": "CTMAG",
    "CreatedBy": "emuser",
    "Description": "CSV Export for batch",
    "RunAs": "controlm",
    "Application": "ODS",
    "Command": "/home/tws/ods_batch_home/esp.batch.scripts/gen.table2File.sh D_FDW_ROCKS ${tws.job.name} %%\\\\global\\END_DT_CHAR.",
    "When": {
      "WeekDays": [
        "NONE"
      ],
      "Months": [
        "NONE"
      ],
      "MonthDays": [
        "NONE"
      ],
      "DaysRelation": "OR",
      "RuleBasedCalendars": {
        "Included": [
          "RC1"
        ]
      }
    },
    "eventsToWaitFor": {
      "Type": "WaitForEvents",
      "Events": [
        {
          "Event": "PRLODSTWS1_1#ROCKS_FFAL_PARAM-TO-PRLODSTWS1_1#ROCKS_FFAL_EX"
        }
      ]
    },
    "eventsToAdd": {
      "Type": "AddEvents",
      "Events": [
        {
          "Event": "PRLODSTWS1_1#ROCKS_FFAL_EX-TO-PRLODSTWS1_1#ROCKS_FFAL_CM"
        }
      ]
    },
    "eventsToDelete": {
      "Type": "DeleteEvents",
      "Events": [
        {
          "Event": "PRLODSTWS1_1#ROCKS_FFAL_PARAM-TO-PRLODSTWS1_1#ROCKS_FFAL_EX"
        }
      ]
    }
  },
  "PRLODSTWS1_1#ROCKS_CCOD_XML": {
    "Type": "Job:Database:StoredProcedure",
    "ConnectionProfile": "UPCR1",
    "StoredProcedure": "ROCKS_CCOD_XML_SP",
    "Schema": "SQLEXT",
    "DaysKeepActive": "1",
    "SubApplication": "UPCR1",
    "Host": "CTMAG",
    "CreatedBy": "emuser",
    "Description": "== Conversion Messages Start ==\\n\\nMessage ID\\t: WRN6031 (7125-12617)\\n\\n== Conversion Messages End ==\\nAdded by composer.",
    "RunAs": "controlm",
    "Application": "ODS",
    "When": {
      "WeekDays": [
        "NONE"
      ],
      "Months": [
        "NONE"
      ],
      "MonthDays": [
        "NONE"
      ],
      "DaysRelation": "OR",
      "RuleBasedCalendars": {
        "Included": [
          "RC1"
        ]
      }
    },
    "eventsToWaitFor": {
      "Type": "WaitForEvents",
      "Events": [
        {
          "Event": "PRLODSTWS1_1#FDW_CONTRACT_PROD_ROCKS-TO-PRLODSTWS1_1#ROCKS_CCOD_XML"
        },
        {
          "Event": "PRLODSTWS1_1#FDW_EVENT_D-TO-PRLODSTWS1_1#ROCKS_CCOD_XML"
        }
      ]
    },
    "eventsToAdd": {
      "Type": "AddEvents",
      "Events": [
        {
          "Event": "PRLODSTWS1_1#ROCKS_CCOD_XML-TO-PRLODSTWS1_1#ROCKS_CCOD_XML_PARAM"
        }
      ]
    },
    "eventsToDelete": {
      "Type": "DeleteEvents",
      "Events": [
        {
          "Event": "PRLODSTWS1_1#FDW_CONTRACT_PROD_ROCKS-TO-PRLODSTWS1_1#ROCKS_CCOD_XML"
        },
        {
          "Event": "PRLODSTWS1_1#FDW_EVENT_D-TO-PRLODSTWS1_1#ROCKS_CCOD_XML"
        }
      ]
    }
  },
  "PRLODSTWS1_1#ROCKS_NTC_RENEW": {
    "Type": "Job:Database:StoredProcedure",
    "ConnectionProfile": "UPCR1",
    "StoredProcedure": "ROCKS_NTC_RENEW_SP",
    "Schema": "SQLEXT",
    "DaysKeepActive": "1",
    "SubApplication": "UPCR1",
    "Host": "CTMAG",
    "CreatedBy": "emuser",
    "Description": "== Conversion Messages Start ==\\n\\nMessage ID\\t: WRN6031 (7126-12618)\\n\\n== Conversion Messages End ==\\nAdded by composer.",
    "RunAs": "controlm",
    "Application": "ODS",
    "When": {
      "WeekDays": [
        "NONE"
      ],
      "Months": [
        "NONE"
      ],
      "MonthDays": [
        "NONE"
      ],
      "DaysRelation": "OR",
      "RuleBasedCalendars": {
        "Included": [
          "RC1"
        ]
      }
    },
    "eventsToWaitFor": {
      "Type": "WaitForEvents",
      "Events": [
        {
          "Event": "PRLODSTWS1_1#FDW_RENEW_NOTICE_ROCKS-TO-PRLODSTWS1_1#ROCKS_NTC_RENEW"
        }
      ]
    },
    "eventsToAdd": {
      "Type": "AddEvents",
      "Events": [
        {
          "Event": "PRLODSTWS1_1#ROCKS_NTC_RENEW-TO-PRLODSTWS1_1#ROCKS_NTC_RENEW_PARAM"
        }
      ]
    },
    "eventsToDelete": {
      "Type": "DeleteEvents",
      "Events": [
        {
          "Event": "PRLODSTWS1_1#FDW_RENEW_NOTICE_ROCKS-TO-PRLODSTWS1_1#ROCKS_NTC_RENEW"
        }
      ]
    }
  },
  "PRLODSTWS1_1#ROCKS_NTC_RENEW_CM": {
    "Type": "Job:Command",
    "DaysKeepActive": "1",
    "SubApplication": "UPCR1",
    "Host": "CTMAG",
    "CreatedBy": "emuser",
    "Description": "Common Shell Template",
    "RunAs": "controlm",
    "Application": "ODS",
    "Command": "/home/tws/ods_batch_home/esp.batch.scripts/run.cmd.sh D_FDW_ROCKS ${tws.job.name} %%\\\\global\\END_DT_CHAR.",
    "When": {
      "WeekDays": [
        "NONE"
      ],
      "Months": [
        "NONE"
      ],
      "MonthDays": [
        "NONE"
      ],
      "DaysRelation": "OR",
      "RuleBasedCalendars": {
        "Included": [
          "RC1"
        ]
      }
    },
    "eventsToWaitFor": {
      "Type": "WaitForEvents",
      "Events": [
        {
          "Event": "PRLODSTWS1_1#ROCKS_NTC_RENEW_EX-TO-PRLODSTWS1_1#ROCKS_NTC_RENEW_CM"
        }
      ]
    },
    "eventsToAdd": {
      "Type": "AddEvents",
      "Events": [
        {
          "Event": "PRLODSTWS1_1#ROCKS_NTC_RENEW_CM-TO-PRLODSTWS1_1#ROCKS_NTC_RENEW_FP"
        }
      ]
    },
    "eventsToDelete": {
      "Type": "DeleteEvents",
      "Events": [
        {
          "Event": "PRLODSTWS1_1#ROCKS_NTC_RENEW_EX-TO-PRLODSTWS1_1#ROCKS_NTC_RENEW_CM"
        }
      ]
    }
  },
  "PRLODSTWS1_1#ROCKS_CCOD_XML_EX": {
    "Type": "Job:Command",
    "DaysKeepActive": "1",
    "SubApplication": "UPCR1",
    "Host": "CTMAG",
    "CreatedBy": "emuser",
    "Description": "CSV Export for batch",
    "RunAs": "controlm",
    "Application": "ODS",
    "Command": "/home/tws/ods_batch_home/esp.batch.scripts/gen.table2File.sh D_FDW_ROCKS ${tws.job.name} %%\\\\global\\END_DT_CHAR.",
    "When": {
      "WeekDays": [
        "NONE"
      ],
      "Months": [
        "NONE"
      ],
      "MonthDays": [
        "NONE"
      ],
      "DaysRelation": "OR",
      "RuleBasedCalendars": {
        "Included": [
          "RC1"
        ]
      }
    },
    "eventsToWaitFor": {
      "Type": "WaitForEvents",
      "Events": [
        {
          "Event": "PRLODSTWS1_1#ROCKS_CCOD_XML_PARAM-TO-PRLODSTWS1_1#ROCKS_CCOD_XML_EX"
        }
      ]
    },
    "eventsToAdd": {
      "Type": "AddEvents",
      "Events": [
        {
          "Event": "PRLODSTWS1_1#ROCKS_CCOD_XML_EX-TO-PRLODSTWS1_1#ROCKS_CCOD_XML_CM"
        }
      ]
    },
    "eventsToDelete": {
      "Type": "DeleteEvents",
      "Events": [
        {
          "Event": "PRLODSTWS1_1#ROCKS_CCOD_XML_PARAM-TO-PRLODSTWS1_1#ROCKS_CCOD_XML_EX"
        }
      ]
    }
  },
  "PRLODSTWS1_1#ROCKS_CPOD_XML_FP": {
    "Type": "Job:Command",
    "DaysKeepActive": "1",
    "SubApplication": "UPCR1",
    "Host": "CTMAG",
    "CreatedBy": "emuser",
    "Description": "Ftp files for batch",
    "RunAs": "controlm",
    "Application": "ODS",
    "Command": "/home/tws/ods_batch_home/esp.batch.scripts/ftp.files.sh D_FDW_ROCKS ${tws.job.name} %%\\\\global\\END_DT_CHAR.",
    "When": {
      "WeekDays": [
        "NONE"
      ],
      "Months": [
        "NONE"
      ],
      "MonthDays": [
        "NONE"
      ],
      "DaysRelation": "OR",
      "RuleBasedCalendars": {
        "Included": [
          "RC1"
        ]
      }
    },
    "eventsToWaitFor": {
      "Type": "WaitForEvents",
      "Events": [
        {
          "Event": "PRLODSTWS1_1#ROCKS_CPOD_XML_CM-TO-PRLODSTWS1_1#ROCKS_CPOD_XML_FP"
        }
      ]
    },
    "eventsToDelete": {
      "Type": "DeleteEvents",
      "Events": [
        {
          "Event": "PRLODSTWS1_1#ROCKS_CPOD_XML_CM-TO-PRLODSTWS1_1#ROCKS_CPOD_XML_FP"
        }
      ]
    }
  },
  "PRLODSTWS1_1#ROCKS_NTC_RENEW_EX": {
    "Type": "Job:Command",
    "DaysKeepActive": "1",
    "SubApplication": "UPCR1",
    "Host": "CTMAG",
    "CreatedBy": "emuser",
    "Description": "CSV Export for batch",
    "RunAs": "controlm",
    "Application": "ODS",
    "Command": "/home/tws/ods_batch_home/esp.batch.scripts/gen.table2File.sh D_FDW_ROCKS ${tws.job.name} %%\\\\global\\END_DT_CHAR.",
    "When": {
      "WeekDays": [
        "NONE"
      ],
      "Months": [
        "NONE"
      ],
      "MonthDays": [
        "NONE"
      ],
      "DaysRelation": "OR",
      "RuleBasedCalendars": {
        "Included": [
          "RC1"
        ]
      }
    },
    "eventsToWaitFor": {
      "Type": "WaitForEvents",
      "Events": [
        {
          "Event": "PRLODSTWS1_1#ROCKS_NTC_RENEW_PARAM-TO-PRLODSTWS1_1#ROCKS_NTC_RENEW_EX"
        }
      ]
    },
    "eventsToAdd": {
      "Type": "AddEvents",
      "Events": [
        {
          "Event": "PRLODSTWS1_1#ROCKS_NTC_RENEW_EX-TO-PRLODSTWS1_1#ROCKS_NTC_RENEW_CM"
        }
      ]
    },
    "eventsToDelete": {
      "Type": "DeleteEvents",
      "Events": [
        {
          "Event": "PRLODSTWS1_1#ROCKS_NTC_RENEW_PARAM-TO-PRLODSTWS1_1#ROCKS_NTC_RENEW_EX"
        }
      ]
    }
  },
  "PRLODSTWS1_1#FDW_PREMIUM_CMS_ROCKS": {
    "Type": "Job:Database:StoredProcedure",
    "ConnectionProfile": "UPCR1",
    "StoredProcedure": "FDW_PREMIUM_CMS_ROCKS_SP",
    "Schema": "SQLEXT",
    "DaysKeepActive": "1",
    "SubApplication": "UPCR1",
    "Host": "CTMAG",
    "CreatedBy": "emuser",
    "Description": "== Conversion Messages Start ==\\n\\nMessage ID\\t: WRN6031 (7127-12623)\\n\\n== Conversion Messages End ==\\nAdded by composer.",
    "RunAs": "controlm",
    "Application": "ODS",
    "When": {
      "WeekDays": [
        "NONE"
      ],
      "Months": [
        "NONE"
      ],
      "MonthDays": [
        "NONE"
      ],
      "DaysRelation": "OR",
      "RuleBasedCalendars": {
        "Included": [
          "RC1"
        ]
      }
    },
    "eventsToWaitFor": {
      "Type": "WaitForEvents",
      "Events": [
        {
          "Event": "PRLODSTWS1_1#FDW_CODE_MAP-TO-PRLODSTWS1_1#FDW_PREMIUM_CMS_ROCKS"
        },
        {
          "Event": "PRLODSTWS1_1#FDW_PREMIUM_CMS-TO-PRLODSTWS1_1#FDW_PREMIUM_CMS_ROCKS"
        }
      ]
    },
    "eventsToAdd": {
      "Type": "AddEvents",
      "Events": [
        {
          "Event": "PRLODSTWS1_1#FDW_PREMIUM_CMS_ROCKS-TO-PRLODSTWS1_1#ROCKS_COMM_PAYD"
        }
      ]
    },
    "eventsToDelete": {
      "Type": "DeleteEvents",
      "Events": [
        {
          "Event": "PRLODSTWS1_1#FDW_CODE_MAP-TO-PRLODSTWS1_1#FDW_PREMIUM_CMS_ROCKS"
        },
        {
          "Event": "PRLODSTWS1_1#FDW_PREMIUM_CMS-TO-PRLODSTWS1_1#FDW_PREMIUM_CMS_ROCKS"
        }
      ]
    }
  },
  "PRLODSTWS1_1#FDW_DOCUMENT_ROCKS": {
    "Type": "Job:Database:StoredProcedure",
    "ConnectionProfile": "UPCR1",
    "StoredProcedure": "FDW_DOCUMENT_ROCKS_SP",
    "Schema": "SQLEXT",
    "DaysKeepActive": "1",
    "SubApplication": "UPCR1",
    "Host": "CTMAG",
    "CreatedBy": "emuser",
    "Description": "== Conversion Messages Start ==\\n\\nMessage ID\\t: WRN6031 (7128-12624)\\n\\n== Conversion Messages End ==\\nAdded by composer.",
    "RunAs": "controlm",
    "Application": "ODS",
    "When": {
      "WeekDays": [
        "NONE"
      ],
      "Months": [
        "NONE"
      ],
      "MonthDays": [
        "NONE"
      ],
      "DaysRelation": "OR",
      "RuleBasedCalendars": {
        "Included": [
          "RC1"
        ]
      }
    },
    "eventsToWaitFor": {
      "Type": "WaitForEvents",
      "Events": [
        {
          "Event": "PRLODSTWS1_1#FDW_CODE_MAP-TO-PRLODSTWS1_1#FDW_DOCUMENT_ROCKS"
        },
        {
          "Event": "PRLODSTWS1_1#FDW_DOCUMENT-TO-PRLODSTWS1_1#FDW_DOCUMENT_ROCKS"
        }
      ]
    },
    "eventsToAdd": {
      "Type": "AddEvents",
      "Events": [
        {
          "Event": "PRLODSTWS1_1#FDW_DOCUMENT_ROCKS-TO-PRLODSTWS1_1#ROCKS_NTC_DOC_A"
        }
      ]
    },
    "eventsToDelete": {
      "Type": "DeleteEvents",
      "Events": [
        {
          "Event": "PRLODSTWS1_1#FDW_CODE_MAP-TO-PRLODSTWS1_1#FDW_DOCUMENT_ROCKS"
        },
        {
          "Event": "PRLODSTWS1_1#FDW_DOCUMENT-TO-PRLODSTWS1_1#FDW_DOCUMENT_ROCKS"
        }
      ]
    }
  },
  "PRLODSTWS1_1#ROCKS_COMM_PAYD_CM": {
    "Type": "Job:Command",
    "DaysKeepActive": "1",
    "SubApplication": "UPCR1",
    "Host": "CTMAG",
    "CreatedBy": "emuser",
    "Description": "Common Shell Template",
    "RunAs": "controlm",
    "Application": "ODS",
    "Command": "/home/tws/ods_batch_home/esp.batch.scripts/run.cmd.sh D_FDW_ROCKS ${tws.job.name} %%\\\\global\\END_DT_CHAR.",
    "When": {
      "WeekDays": [
        "NONE"
      ],
      "Months": [
        "NONE"
      ],
      "MonthDays": [
        "NONE"
      ],
      "DaysRelation": "OR",
      "RuleBasedCalendars": {
        "Included": [
          "RC1"
        ]
      }
    },
    "eventsToWaitFor": {
      "Type": "WaitForEvents",
      "Events": [
        {
          "Event": "PRLODSTWS1_1#ROCKS_COMM_PAYD_EX-TO-PRLODSTWS1_1#ROCKS_COMM_PAYD_CM"
        }
      ]
    },
    "eventsToAdd": {
      "Type": "AddEvents",
      "Events": [
        {
          "Event": "PRLODSTWS1_1#ROCKS_COMM_PAYD_CM-TO-PRLODSTWS1_1#ROCKS_COMM_PAYD_FP"
        }
      ]
    },
    "eventsToDelete": {
      "Type": "DeleteEvents",
      "Events": [
        {
          "Event": "PRLODSTWS1_1#ROCKS_COMM_PAYD_EX-TO-PRLODSTWS1_1#ROCKS_COMM_PAYD_CM"
        }
      ]
    }
  },
  "PRLODSTWS1_1#FDW_DEDUCT_DETAIL_ROCKS": {
    "Type": "Job:Database:StoredProcedure",
    "ConnectionProfile": "UPCR1",
    "StoredProcedure": "FDW_DEDUCT_DETAIL_ROCKS_SP",
    "Schema": "SQLEXT",
    "DaysKeepActive": "1",
    "SubApplication": "UPCR1",
    "Host": "CTMAG",
    "CreatedBy": "emuser",
    "Description": "== Conversion Messages Start ==\\n\\nMessage ID\\t: WRN6031 (7129-12626)\\n\\n== Conversion Messages End ==\\nAdded by composer.",
    "RunAs": "controlm",
    "Application": "ODS",
    "When": {
      "WeekDays": [
        "NONE"
      ],
      "Months": [
        "NONE"
      ],
      "MonthDays": [
        "NONE"
      ],
      "DaysRelation": "OR",
      "RuleBasedCalendars": {
        "Included": [
          "RC1"
        ]
      }
    },
    "eventsToWaitFor": {
      "Type": "WaitForEvents",
      "Events": [
        {
          "Event": "PRLODSTWS1_1#FDW_CODE_MAP-TO-PRLODSTWS1_1#FDW_DEDUCT_DETAIL_ROCKS"
        },
        {
          "Event": "PRLODSTWS1_1#FDW_CODE_POLICY_STATUS-TO-PRLODSTWS1_1#FDW_DEDUCT_DETAIL_ROCKS"
        },
        {
          "Event": "PRLODSTWS1_1#FDW_DEDUCT_DETAIL-TO-PRLODSTWS1_1#FDW_DEDUCT_DETAIL_ROCKS"
        },
        {
          "Event": "PRLODSTWS1_1#SYS_STS_STG-TO-PRLODSTWS1_1#FDW_DEDUCT_DETAIL_ROCKS"
        }
      ]
    },
    "eventsToAdd": {
      "Type": "AddEvents",
      "Events": [
        {
          "Event": "PRLODSTWS1_1#FDW_DEDUCT_DETAIL_ROCKS-TO-PRLODSTWS1_1#ROCKS_FFAL"
        }
      ]
    },
    "eventsToDelete": {
      "Type": "DeleteEvents",
      "Events": [
        {
          "Event": "PRLODSTWS1_1#FDW_CODE_MAP-TO-PRLODSTWS1_1#FDW_DEDUCT_DETAIL_ROCKS"
        },
        {
          "Event": "PRLODSTWS1_1#FDW_CODE_POLICY_STATUS-TO-PRLODSTWS1_1#FDW_DEDUCT_DETAIL_ROCKS"
        },
        {
          "Event": "PRLODSTWS1_1#FDW_DEDUCT_DETAIL-TO-PRLODSTWS1_1#FDW_DEDUCT_DETAIL_ROCKS"
        },
        {
          "Event": "PRLODSTWS1_1#SYS_STS_STG-TO-PRLODSTWS1_1#FDW_DEDUCT_DETAIL_ROCKS"
        }
      ]
    }
  },
  "PRLODSTWS1_1#ROCKS_CCOD_XML_CM": {
    "Type": "Job:Command",
    "DaysKeepActive": "1",
    "SubApplication": "UPCR1",
    "Host": "CTMAG",
    "CreatedBy": "emuser",
    "Description": "Common Shell Template",
    "RunAs": "controlm",
    "Application": "ODS",
    "Command": "/home/tws/ods_batch_home/esp.batch.scripts/run.cmd.sh D_FDW_ROCKS ${tws.job.name} %%\\\\global\\END_DT_CHAR.",
    "When": {
      "WeekDays": [
        "NONE"
      ],
      "Months": [
        "NONE"
      ],
      "MonthDays": [
        "NONE"
      ],
      "DaysRelation": "OR",
      "RuleBasedCalendars": {
        "Included": [
          "RC1"
        ]
      }
    },
    "eventsToWaitFor": {
      "Type": "WaitForEvents",
      "Events": [
        {
          "Event": "PRLODSTWS1_1#ROCKS_CCOD_XML_EX-TO-PRLODSTWS1_1#ROCKS_CCOD_XML_CM"
        }
      ]
    },
    "eventsToAdd": {
      "Type": "AddEvents",
      "Events": [
        {
          "Event": "PRLODSTWS1_1#ROCKS_CCOD_XML_CM-TO-PRLODSTWS1_1#ROCKS_CCOD_XML_FP"
        }
      ]
    },
    "eventsToDelete": {
      "Type": "DeleteEvents",
      "Events": [
        {
          "Event": "PRLODSTWS1_1#ROCKS_CCOD_XML_EX-TO-PRLODSTWS1_1#ROCKS_CCOD_XML_CM"
        }
      ]
    }
  },
  "PRLODSTWS1_1#ROCKS_NTC_RENEW_PARAM": {
    "Type": "Job:Database:StoredProcedure",
    "ConnectionProfile": "UPCR1",
    "StoredProcedure": "ROCKS_NTC_RENEW_PARAM_SP",
    "Schema": "SQLEXT",
    "DaysKeepActive": "1",
    "SubApplication": "UPCR1",
    "Host": "CTMAG",
    "CreatedBy": "emuser",
    "Description": "== Conversion Messages Start ==\\n\\nMessage ID\\t: WRN6031 (7130-12628)\\n\\n== Conversion Messages End ==\\nAdded by composer.",
    "RunAs": "controlm",
    "Application": "ODS",
    "When": {
      "WeekDays": [
        "NONE"
      ],
      "Months": [
        "NONE"
      ],
      "MonthDays": [
        "NONE"
      ],
      "DaysRelation": "OR",
      "RuleBasedCalendars": {
        "Included": [
          "RC1"
        ]
      }
    },
    "eventsToWaitFor": {
      "Type": "WaitForEvents",
      "Events": [
        {
          "Event": "PRLODSTWS1_1#ROCKS_NTC_RENEW-TO-PRLODSTWS1_1#ROCKS_NTC_RENEW_PARAM"
        }
      ]
    },
    "eventsToAdd": {
      "Type": "AddEvents",
      "Events": [
        {
          "Event": "PRLODSTWS1_1#ROCKS_NTC_RENEW_PARAM-TO-PRLODSTWS1_1#ROCKS_NTC_RENEW_EX"
        }
      ]
    },
    "eventsToDelete": {
      "Type": "DeleteEvents",
      "Events": [
        {
          "Event": "PRLODSTWS1_1#ROCKS_NTC_RENEW-TO-PRLODSTWS1_1#ROCKS_NTC_RENEW_PARAM"
        }
      ]
    }
  },
  "PRLODSTWS1_1#ROCKS_FFAL_FP": {
    "Type": "Job:Command",
    "DaysKeepActive": "1",
    "SubApplication": "UPCR1",
    "Host": "CTMAG",
    "CreatedBy": "emuser",
    "Description": "Ftp files for batch",
    "RunAs": "controlm",
    "Application": "ODS",
    "Command": "/home/tws/ods_batch_home/esp.batch.scripts/ftp.files.sh D_FDW_ROCKS ${tws.job.name} %%\\\\global\\END_DT_CHAR.",
    "When": {
      "WeekDays": [
        "NONE"
      ],
      "Months": [
        "NONE"
      ],
      "MonthDays": [
        "NONE"
      ],
      "DaysRelation": "OR",
      "RuleBasedCalendars": {
        "Included": [
          "RC1"
        ]
      }
    },
    "eventsToWaitFor": {
      "Type": "WaitForEvents",
      "Events": [
        {
          "Event": "PRLODSTWS1_1#ROCKS_FFAL_CM-TO-PRLODSTWS1_1#ROCKS_FFAL_FP"
        }
      ]
    },
    "eventsToDelete": {
      "Type": "DeleteEvents",
      "Events": [
        {
          "Event": "PRLODSTWS1_1#ROCKS_FFAL_CM-TO-PRLODSTWS1_1#ROCKS_FFAL_FP"
        }
      ]
    }
  },
  "PRLODSTWS1_1#ROCKS_CPOD_XML": {
    "Type": "Job:Database:StoredProcedure",
    "ConnectionProfile": "UPCR1",
    "StoredProcedure": "ROCKS_CPOD_XML_SP",
    "Schema": "SQLEXT",
    "DaysKeepActive": "1",
    "SubApplication": "UPCR1",
    "Host": "CTMAG",
    "CreatedBy": "emuser",
    "Description": "== Conversion Messages Start ==\\n\\nMessage ID\\t: WRN6031 (7131-12630)\\n\\n== Conversion Messages End ==\\nAdded by composer.",
    "RunAs": "controlm",
    "Application": "ODS",
    "When": {
      "WeekDays": [
        "NONE"
      ],
      "Months": [
        "NONE"
      ],
      "MonthDays": [
        "NONE"
      ],
      "DaysRelation": "OR",
      "RuleBasedCalendars": {
        "Included": [
          "RC1"
        ]
      }
    },
    "eventsToWaitFor": {
      "Type": "WaitForEvents",
      "Events": [
        {
          "Event": "PRLODSTWS1_1#FDW_CONTRACT_MAST_ROCKS-TO-PRLODSTWS1_1#ROCKS_CPOD_XML"
        },
        {
          "Event": "PRLODSTWS1_1#FDW_EVENT_D-TO-PRLODSTWS1_1#ROCKS_CPOD_XML"
        }
      ]
    },
    "eventsToAdd": {
      "Type": "AddEvents",
      "Events": [
        {
          "Event": "PRLODSTWS1_1#ROCKS_CPOD_XML-TO-PRLODSTWS1_1#ROCKS_CPOD_XML_PARAM"
        }
      ]
    },
    "eventsToDelete": {
      "Type": "DeleteEvents",
      "Events": [
        {
          "Event": "PRLODSTWS1_1#FDW_CONTRACT_MAST_ROCKS-TO-PRLODSTWS1_1#ROCKS_CPOD_XML"
        },
        {
          "Event": "PRLODSTWS1_1#FDW_EVENT_D-TO-PRLODSTWS1_1#ROCKS_CPOD_XML"
        }
      ]
    }
  },
  "PRLODSTWS1_1#FDW_COMMISION_ROCKS": {
    "Type": "Job:Database:StoredProcedure",
    "ConnectionProfile": "UPCR1",
    "StoredProcedure": "FDW_COMMISION_ROCKS_SP",
    "Schema": "SQLEXT",
    "DaysKeepActive": "1",
    "SubApplication": "UPCR1",
    "Host": "CTMAG",
    "CreatedBy": "emuser",
    "Description": "== Conversion Messages Start ==\\n\\nMessage ID\\t: WRN6031 (7132-12631)\\n\\n== Conversion Messages End ==\\nAdded by composer.",
    "RunAs": "controlm",
    "Application": "ODS",
    "When": {
      "WeekDays": [
        "NONE"
      ],
      "Months": [
        "NONE"
      ],
      "MonthDays": [
        "NONE"
      ],
      "DaysRelation": "OR",
      "RuleBasedCalendars": {
        "Included": [
          "RC1"
        ]
      }
    },
    "eventsToWaitFor": {
      "Type": "WaitForEvents",
      "Events": [
        {
          "Event": "PRLODSTWS1_1#FDW_CODE_MAP-TO-PRLODSTWS1_1#FDW_COMMISION_ROCKS"
        },
        {
          "Event": "PRLODSTWS1_1#FDW_COMMISION-TO-PRLODSTWS1_1#FDW_COMMISION_ROCKS"
        }
      ]
    },
    "eventsToDelete": {
      "Type": "DeleteEvents",
      "Events": [
        {
          "Event": "PRLODSTWS1_1#FDW_CODE_MAP-TO-PRLODSTWS1_1#FDW_COMMISION_ROCKS"
        },
        {
          "Event": "PRLODSTWS1_1#FDW_COMMISION-TO-PRLODSTWS1_1#FDW_COMMISION_ROCKS"
        }
      ]
    }
  },
  "PRLODSTWS1_1#ROCKS_NTC_RENEW_FP": {
    "Type": "Job:Command",
    "DaysKeepActive": "1",
    "SubApplication": "UPCR1",
    "Host": "CTMAG",
    "CreatedBy": "emuser",
    "Description": "Ftp files for batch",
    "RunAs": "controlm",
    "Application": "ODS",
    "Command": "/home/tws/ods_batch_home/esp.batch.scripts/ftp.files.sh D_FDW_ROCKS ${tws.job.name} %%\\\\global\\END_DT_CHAR.",
    "When": {
      "WeekDays": [
        "NONE"
      ],
      "Months": [
        "NONE"
      ],
      "MonthDays": [
        "NONE"
      ],
      "DaysRelation": "OR",
      "RuleBasedCalendars": {
        "Included": [
          "RC1"
        ]
      }
    },
    "eventsToWaitFor": {
      "Type": "WaitForEvents",
      "Events": [
        {
          "Event": "PRLODSTWS1_1#ROCKS_NTC_RENEW_CM-TO-PRLODSTWS1_1#ROCKS_NTC_RENEW_FP"
        }
      ]
    },
    "eventsToDelete": {
      "Type": "DeleteEvents",
      "Events": [
        {
          "Event": "PRLODSTWS1_1#ROCKS_NTC_RENEW_CM-TO-PRLODSTWS1_1#ROCKS_NTC_RENEW_FP"
        }
      ]
    }
  },
  "PRLODSTWS1_1#ROCKS_CPOD_XML_CM": {
    "Type": "Job:Command",
    "DaysKeepActive": "1",
    "SubApplication": "UPCR1",
    "Host": "CTMAG",
    "CreatedBy": "emuser",
    "Description": "Common Shell Template",
    "RunAs": "controlm",
    "Application": "ODS",
    "Command": "/home/tws/ods_batch_home/esp.batch.scripts/run.cmd.sh D_FDW_ROCKS ${tws.job.name} %%\\\\global\\END_DT_CHAR.",
    "When": {
      "WeekDays": [
        "NONE"
      ],
      "Months": [
        "NONE"
      ],
      "MonthDays": [
        "NONE"
      ],
      "DaysRelation": "OR",
      "RuleBasedCalendars": {
        "Included": [
          "RC1"
        ]
      }
    },
    "eventsToWaitFor": {
      "Type": "WaitForEvents",
      "Events": [
        {
          "Event": "PRLODSTWS1_1#ROCKS_CPOD_XML_EX-TO-PRLODSTWS1_1#ROCKS_CPOD_XML_CM"
        }
      ]
    },
    "eventsToAdd": {
      "Type": "AddEvents",
      "Events": [
        {
          "Event": "PRLODSTWS1_1#ROCKS_CPOD_XML_CM-TO-PRLODSTWS1_1#ROCKS_CPOD_XML_FP"
        }
      ]
    },
    "eventsToDelete": {
      "Type": "DeleteEvents",
      "Events": [
        {
          "Event": "PRLODSTWS1_1#ROCKS_CPOD_XML_EX-TO-PRLODSTWS1_1#ROCKS_CPOD_XML_CM"
        }
      ]
    }
  },
  "PRLODSTWS1_1#ROCKS_FFAL_PARAM": {
    "Type": "Job:Database:StoredProcedure",
    "ConnectionProfile": "UPCR1",
    "StoredProcedure": "ROCKS_FFAL_PARAM_SP",
    "Schema": "SQLEXT",
    "DaysKeepActive": "1",
    "SubApplication": "UPCR1",
    "Host": "CTMAG",
    "CreatedBy": "emuser",
    "Description": "== Conversion Messages Start ==\\n\\nMessage ID\\t: WRN6031 (7133-12634)\\n\\n== Conversion Messages End ==\\nAdded by composer.",
    "RunAs": "controlm",
    "Application": "ODS",
    "When": {
      "WeekDays": [
        "NONE"
      ],
      "Months": [
        "NONE"
      ],
      "MonthDays": [
        "NONE"
      ],
      "DaysRelation": "OR",
      "RuleBasedCalendars": {
        "Included": [
          "RC1"
        ]
      }
    },
    "eventsToWaitFor": {
      "Type": "WaitForEvents",
      "Events": [
        {
          "Event": "PRLODSTWS1_1#ROCKS_FFAL-TO-PRLODSTWS1_1#ROCKS_FFAL_PARAM"
        }
      ]
    },
    "eventsToAdd": {
      "Type": "AddEvents",
      "Events": [
        {
          "Event": "PRLODSTWS1_1#ROCKS_FFAL_PARAM-TO-PRLODSTWS1_1#ROCKS_FFAL_EX"
        }
      ]
    },
    "eventsToDelete": {
      "Type": "DeleteEvents",
      "Events": [
        {
          "Event": "PRLODSTWS1_1#ROCKS_FFAL-TO-PRLODSTWS1_1#ROCKS_FFAL_PARAM"
        }
      ]
    }
  },
  "PRLODSTWS1_1#FDW_CONTRACT_MAST_ROCKS": {
    "Type": "Job:Database:StoredProcedure",
    "ConnectionProfile": "UPCR1",
    "StoredProcedure": "FDW_CONTRACT_MAST_ROCKS_SP",
    "Schema": "SQLEXT",
    "DaysKeepActive": "1",
    "SubApplication": "UPCR1",
    "Host": "CTMAG",
    "CreatedBy": "emuser",
    "Description": "== Conversion Messages Start ==\\n\\nMessage ID\\t: WRN6031 (7134-12635)\\n\\n== Conversion Messages End ==\\nAdded by composer.",
    "RunAs": "controlm",
    "Application": "ODS",
    "When": {
      "WeekDays": [
        "NONE"
      ],
      "Months": [
        "NONE"
      ],
      "MonthDays": [
        "NONE"
      ],
      "DaysRelation": "OR",
      "RuleBasedCalendars": {
        "Included": [
          "RC1"
        ]
      }
    },
    "eventsToWaitFor": {
      "Type": "WaitForEvents",
      "Events": [
        {
          "Event": "PRLODSTWS1_1#FDW_MASTER_TOTAL_PREM-TO-PRLODSTWS1_1#FDW_CONTRACT_MAST_ROCKS"
        },
        {
          "Event": "PRLODSTWS1_1#FDW_CODE_MAP-TO-PRLODSTWS1_1#FDW_CONTRACT_MAST_ROCKS"
        },
        {
          "Event": "PRLODSTWS1_1#FDW_CODE_POLICY_STATUS-TO-PRLODSTWS1_1#FDW_CONTRACT_MAST_ROCKS"
        },
        {
          "Event": "PRLODSTWS1_1#FDW_CONTRACT_MASTER-TO-PRLODSTWS1_1#FDW_CONTRACT_MAST_ROCKS"
        }
      ]
    },
    "eventsToAdd": {
      "Type": "AddEvents",
      "Events": [
        {
          "Event": "PRLODSTWS1_1#FDW_CONTRACT_MAST_ROCKS-TO-PRLODSTWS1_1#ROCKS_FFAL"
        },
        {
          "Event": "PRLODSTWS1_1#FDW_CONTRACT_MAST_ROCKS-TO-PRLODSTWS1_1#ROCKS_CPOD_XML"
        }
      ]
    },
    "eventsToDelete": {
      "Type": "DeleteEvents",
      "Events": [
        {
          "Event": "PRLODSTWS1_1#FDW_MASTER_TOTAL_PREM-TO-PRLODSTWS1_1#FDW_CONTRACT_MAST_ROCKS"
        },
        {
          "Event": "PRLODSTWS1_1#FDW_CODE_MAP-TO-PRLODSTWS1_1#FDW_CONTRACT_MAST_ROCKS"
        },
        {
          "Event": "PRLODSTWS1_1#FDW_CODE_POLICY_STATUS-TO-PRLODSTWS1_1#FDW_CONTRACT_MAST_ROCKS"
        },
        {
          "Event": "PRLODSTWS1_1#FDW_CONTRACT_MASTER-TO-PRLODSTWS1_1#FDW_CONTRACT_MAST_ROCKS"
        }
      ]
    }
  },
  "PRLODSTWS1_1#ROCKS_FFAL": {
    "Type": "Job:Database:StoredProcedure",
    "ConnectionProfile": "UPCR1",
    "StoredProcedure": "ROCKS_FFAL_SP",
    "Schema": "SQLEXT",
    "DaysKeepActive": "1",
    "SubApplication": "UPCR1",
    "Host": "CTMAG",
    "CreatedBy": "emuser",
    "Description": "== Conversion Messages Start ==\\n\\nMessage ID\\t: WRN6031 (7135-12636)\\n\\n== Conversion Messages End ==\\nAdded by composer.",
    "RunAs": "controlm",
    "Application": "ODS",
    "When": {
      "WeekDays": [
        "NONE"
      ],
      "Months": [
        "NONE"
      ],
      "MonthDays": [
        "NONE"
      ],
      "DaysRelation": "OR",
      "RuleBasedCalendars": {
        "Included": [
          "RC1"
        ]
      }
    },
    "eventsToWaitFor": {
      "Type": "WaitForEvents",
      "Events": [
        {
          "Event": "PRLODSTWS1_1#FDW_CONTRACT_MAST_ROCKS-TO-PRLODSTWS1_1#ROCKS_FFAL"
        },
        {
          "Event": "PRLODSTWS1_1#FDW_DEDUCT_DETAIL_ROCKS-TO-PRLODSTWS1_1#ROCKS_FFAL"
        }
      ]
    },
    "eventsToAdd": {
      "Type": "AddEvents",
      "Events": [
        {
          "Event": "PRLODSTWS1_1#ROCKS_FFAL-TO-PRLODSTWS1_1#ROCKS_FFAL_PARAM"
        }
      ]
    },
    "eventsToDelete": {
      "Type": "DeleteEvents",
      "Events": [
        {
          "Event": "PRLODSTWS1_1#FDW_CONTRACT_MAST_ROCKS-TO-PRLODSTWS1_1#ROCKS_FFAL"
        },
        {
          "Event": "PRLODSTWS1_1#FDW_DEDUCT_DETAIL_ROCKS-TO-PRLODSTWS1_1#ROCKS_FFAL"
        }
      ]
    }
  },
  "PRLODSTWS1_1#ROCKS_COMM_PAYD_FP": {
    "Type": "Job:Command",
    "DaysKeepActive": "1",
    "SubApplication": "UPCR1",
    "Host": "CTMAG",
    "CreatedBy": "emuser",
    "Description": "Ftp files for batch",
    "RunAs": "controlm",
    "Application": "ODS",
    "Command": "/home/tws/ods_batch_home/esp.batch.scripts/ftp.files.sh D_FDW_ROCKS ${tws.job.name} %%\\\\global\\END_DT_CHAR.",
    "When": {
      "WeekDays": [
        "NONE"
      ],
      "Months": [
        "NONE"
      ],
      "MonthDays": [
        "NONE"
      ],
      "DaysRelation": "OR",
      "RuleBasedCalendars": {
        "Included": [
          "RC1"
        ]
      }
    },
    "eventsToWaitFor": {
      "Type": "WaitForEvents",
      "Events": [
        {
          "Event": "PRLODSTWS1_1#ROCKS_COMM_PAYD_CM-TO-PRLODSTWS1_1#ROCKS_COMM_PAYD_FP"
        }
      ]
    },
    "eventsToDelete": {
      "Type": "DeleteEvents",
      "Events": [
        {
          "Event": "PRLODSTWS1_1#ROCKS_COMM_PAYD_CM-TO-PRLODSTWS1_1#ROCKS_COMM_PAYD_FP"
        }
      ]
    }
  },
  "PRLODSTWS1_1#ROCKS_CCOD_XML_PARAM": {
    "Type": "Job:Database:StoredProcedure",
    "ConnectionProfile": "UPCR1",
    "StoredProcedure": "ROCKS_CCOD_XML_PARAM_SP",
    "Schema": "SQLEXT",
    "DaysKeepActive": "1",
    "SubApplication": "UPCR1",
    "Host": "CTMAG",
    "CreatedBy": "emuser",
    "Description": "== Conversion Messages Start ==\\n\\nMessage ID\\t: WRN6031 (7136-12638)\\n\\n== Conversion Messages End ==\\nAdded by composer.",
    "RunAs": "controlm",
    "Application": "ODS",
    "When": {
      "WeekDays": [
        "NONE"
      ],
      "Months": [
        "NONE"
      ],
      "MonthDays": [
        "NONE"
      ],
      "DaysRelation": "OR",
      "RuleBasedCalendars": {
        "Included": [
          "RC1"
        ]
      }
    },
    "eventsToWaitFor": {
      "Type": "WaitForEvents",
      "Events": [
        {
          "Event": "PRLODSTWS1_1#ROCKS_CCOD_XML-TO-PRLODSTWS1_1#ROCKS_CCOD_XML_PARAM"
        }
      ]
    },
    "eventsToAdd": {
      "Type": "AddEvents",
      "Events": [
        {
          "Event": "PRLODSTWS1_1#ROCKS_CCOD_XML_PARAM-TO-PRLODSTWS1_1#ROCKS_CCOD_XML_EX"
        }
      ]
    },
    "eventsToDelete": {
      "Type": "DeleteEvents",
      "Events": [
        {
          "Event": "PRLODSTWS1_1#ROCKS_CCOD_XML-TO-PRLODSTWS1_1#ROCKS_CCOD_XML_PARAM"
        }
      ]
    }
  },
  "PRLODSTWS1_1#ROCKS_CCOD_XML_FP": {
    "Type": "Job:Command",
    "DaysKeepActive": "1",
    "SubApplication": "UPCR1",
    "Host": "CTMAG",
    "CreatedBy": "emuser",
    "Description": "Ftp files for batch",
    "RunAs": "controlm",
    "Application": "ODS",
    "Command": "/home/tws/ods_batch_home/esp.batch.scripts/ftp.files.sh D_FDW_ROCKS ${tws.job.name} %%\\\\global\\END_DT_CHAR.",
    "When": {
      "WeekDays": [
        "NONE"
      ],
      "Months": [
        "NONE"
      ],
      "MonthDays": [
        "NONE"
      ],
      "DaysRelation": "OR",
      "RuleBasedCalendars": {
        "Included": [
          "RC1"
        ]
      }
    },
    "eventsToWaitFor": {
      "Type": "WaitForEvents",
      "Events": [
        {
          "Event": "PRLODSTWS1_1#ROCKS_CCOD_XML_CM-TO-PRLODSTWS1_1#ROCKS_CCOD_XML_FP"
        }
      ]
    },
    "eventsToDelete": {
      "Type": "DeleteEvents",
      "Events": [
        {
          "Event": "PRLODSTWS1_1#ROCKS_CCOD_XML_CM-TO-PRLODSTWS1_1#ROCKS_CCOD_XML_FP"
        }
      ]
    }
  },
  "PRLODSTWS1_1#ROCKS_CPOD_XML_EX": {
    "Type": "Job:Command",
    "DaysKeepActive": "1",
    "SubApplication": "UPCR1",
    "Host": "CTMAG",
    "CreatedBy": "emuser",
    "Description": "CSV Export for batch",
    "RunAs": "controlm",
    "Application": "ODS",
    "Command": "/home/tws/ods_batch_home/esp.batch.scripts/gen.table2File.sh D_FDW_ROCKS ${tws.job.name} %%\\\\global\\END_DT_CHAR.",
    "When": {
      "WeekDays": [
        "NONE"
      ],
      "Months": [
        "NONE"
      ],
      "MonthDays": [
        "NONE"
      ],
      "DaysRelation": "OR",
      "RuleBasedCalendars": {
        "Included": [
          "RC1"
        ]
      }
    },
    "eventsToWaitFor": {
      "Type": "WaitForEvents",
      "Events": [
        {
          "Event": "PRLODSTWS1_1#ROCKS_CPOD_XML_PARAM-TO-PRLODSTWS1_1#ROCKS_CPOD_XML_EX"
        }
      ]
    },
    "eventsToAdd": {
      "Type": "AddEvents",
      "Events": [
        {
          "Event": "PRLODSTWS1_1#ROCKS_CPOD_XML_EX-TO-PRLODSTWS1_1#ROCKS_CPOD_XML_CM"
        }
      ]
    },
    "eventsToDelete": {
      "Type": "DeleteEvents",
      "Events": [
        {
          "Event": "PRLODSTWS1_1#ROCKS_CPOD_XML_PARAM-TO-PRLODSTWS1_1#ROCKS_CPOD_XML_EX"
        }
      ]
    }
  },
  "PRLODSTWS1_1#FDW_RENEW_NOTICE_ROCKS": {
    "Type": "Job:Database:StoredProcedure",
    "ConnectionProfile": "UPCR1",
    "StoredProcedure": "FDW_RENEW_NOTICE_ROCKS_SP",
    "Schema": "SQLEXT",
    "DaysKeepActive": "1",
    "SubApplication": "UPCR1",
    "Host": "CTMAG",
    "CreatedBy": "emuser",
    "Description": "== Conversion Messages Start ==\\n\\nMessage ID\\t: WRN6031 (7137-12641)\\n\\n== Conversion Messages End ==\\nAdded by composer.",
    "RunAs": "controlm",
    "Application": "ODS",
    "When": {
      "WeekDays": [
        "NONE"
      ],
      "Months": [
        "NONE"
      ],
      "MonthDays": [
        "NONE"
      ],
      "DaysRelation": "OR",
      "RuleBasedCalendars": {
        "Included": [
          "RC1"
        ]
      }
    },
    "eventsToWaitFor": {
      "Type": "WaitForEvents",
      "Events": [
        {
          "Event": "PRLODSTWS1_1#FDW_CODE_MAP-TO-PRLODSTWS1_1#FDW_RENEW_NOTICE_ROCKS"
        },
        {
          "Event": "PRLODSTWS1_1#FDW_RENEW_NOTICE-TO-PRLODSTWS1_1#FDW_RENEW_NOTICE_ROCKS"
        }
      ]
    },
    "eventsToAdd": {
      "Type": "AddEvents",
      "Events": [
        {
          "Event": "PRLODSTWS1_1#FDW_RENEW_NOTICE_ROCKS-TO-PRLODSTWS1_1#ROCKS_NTC_RENEW"
        }
      ]
    },
    "eventsToDelete": {
      "Type": "DeleteEvents",
      "Events": [
        {
          "Event": "PRLODSTWS1_1#FDW_CODE_MAP-TO-PRLODSTWS1_1#FDW_RENEW_NOTICE_ROCKS"
        },
        {
          "Event": "PRLODSTWS1_1#FDW_RENEW_NOTICE-TO-PRLODSTWS1_1#FDW_RENEW_NOTICE_ROCKS"
        }
      ]
    }
  },
  "PRLODSTWS1_1#ROCKS_COMM_PAYD": {
    "Type": "Job:Database:StoredProcedure",
    "ConnectionProfile": "UPCR1",
    "StoredProcedure": "ROCKS_COMM_PAYD_SP",
    "Schema": "SQLEXT",
    "DaysKeepActive": "1",
    "SubApplication": "UPCR1",
    "Host": "CTMAG",
    "CreatedBy": "emuser",
    "Description": "== Conversion Messages Start ==\\n\\nMessage ID\\t: WRN6031 (7138-12642)\\n\\n== Conversion Messages End ==\\nAdded by composer.",
    "RunAs": "controlm",
    "Application": "ODS",
    "When": {
      "WeekDays": [
        "NONE"
      ],
      "Months": [
        "NONE"
      ],
      "MonthDays": [
        "NONE"
      ],
      "DaysRelation": "OR",
      "RuleBasedCalendars": {
        "Included": [
          "RC1"
        ]
      }
    },
    "eventsToWaitFor": {
      "Type": "WaitForEvents",
      "Events": [
        {
          "Event": "PRLODSTWS1_1#FDW_CONTRACT_PROD_ROCKS-TO-PRLODSTWS1_1#ROCKS_COMM_PAYD"
        },
        {
          "Event": "PRLODSTWS1_1#FDW_PREMIUM_CMS_ROCKS-TO-PRLODSTWS1_1#ROCKS_COMM_PAYD"
        },
        {
          "Event": "PRLODSTWS1_1#FDW_CONTRACT_MAST_MEGA-TO-PRLODSTWS1_1#ROCKS_COMM_PAYD"
        }
      ]
    },
    "eventsToAdd": {
      "Type": "AddEvents",
      "Events": [
        {
          "Event": "PRLODSTWS1_1#ROCKS_COMM_PAYD-TO-PRLODSTWS1_1#ROCKS_COMM_PAYD_PARAM"
        }
      ]
    },
    "eventsToDelete": {
      "Type": "DeleteEvents",
      "Events": [
        {
          "Event": "PRLODSTWS1_1#FDW_CONTRACT_PROD_ROCKS-TO-PRLODSTWS1_1#ROCKS_COMM_PAYD"
        },
        {
          "Event": "PRLODSTWS1_1#FDW_PREMIUM_CMS_ROCKS-TO-PRLODSTWS1_1#ROCKS_COMM_PAYD"
        },
        {
          "Event": "PRLODSTWS1_1#FDW_CONTRACT_MAST_MEGA-TO-PRLODSTWS1_1#ROCKS_COMM_PAYD"
        }
      ]
    }
  },
  "eventsToAdd": {
    "Type": "AddEvents",
    "Events": [
      {
        "Event": "PRLODSTWS1_1#D_FDW_ROCKS-TO-PRLODSTWS1_1#BDS_STS_FDW_04G"
      }
    ]
  }
  }
}
