{
  "PRLODSTWS1_1#D_FDW_BRWEB": {
  "Type":  "Folder",
  "ControlmServer": "CTM",
  "Description": "== Conversion Messages Start ==\\n\\nMessage ID\\t: INF6107 (2434-4283)\\n\\nMessage ID\\t: INF6104 (2435-4283)\\n\\n== Conversion Messages End ==\\n",
  "OrderMethod": "Manual",
  "SubApplication": "UPCR1",
  "CreatedBy": "emuser",
  "Application": "ODS",
  "When": {
    "RuleBasedCalendars": {
      "Included": [
        "RC1"
      ],
      "RC1": {
        "Type": "Calendar:RuleBased",
        "When": {
          "MonthDaysCalendar": "RCG-D-NAT",
          "DaysRelation": "OR",
          "DaysKeepActive": "01",
          "WeekDays": [
            "NONE"
          ],
          "MonthDays": [
            "NONE"
          ]
        }
      }
    }
  },
  "PRLODSTWS1_1#BRCCBR_BR_GP": {
    "Type": "Job:Database:StoredProcedure",
    "ConnectionProfile": "UPCR1",
    "StoredProcedure": "BRCCBR_BR_GP_SP",
    "Schema": "SQLEXT",
    "DaysKeepActive": "1",
    "SubApplication": "UPCR1",
    "Host": "CTMAG",
    "CreatedBy": "emuser",
    "Description": "== Conversion Messages Start ==\\n\\nMessage ID\\t: WRN6031 (2430-4284)\\n\\n== Conversion Messages End ==\\nAdded by composer.",
    "RunAs": "controlm",
    "Application": "ODS",
    "When": {
      "WeekDays": [
        "NONE"
      ],
      "Months": [
        "NONE"
      ],
      "MonthDays": [
        "NONE"
      ],
      "DaysRelation": "OR",
      "RuleBasedCalendars": {
        "Included": [
          "RC1"
        ]
      }
    },
    "eventsToWaitFor": {
      "Type": "WaitForEvents",
      "Events": [
        {
          "Event": "PRLODSTWS1_1#FDW_CHANNEL_CODE-TO-PRLODSTWS1_1#BRCCBR_BR_GP"
        },
        {
          "Event": "PRLODSTWS1_1#O_AGENT-TO-PRLODSTWS1_1#BRCCBR_BR_GP"
        },
        {
          "Event": "PRLODSTWS1_1#O_COMM_AGGREGATION-TO-PRLODSTWS1_1#BRCCBR_BR_GP"
        },
        {
          "Event": "PRLODSTWS1_1#O_SC_DEADLINE_COMPLETION-TO-PRLODSTWS1_1#BRCCBR_BR_GP"
        },
        {
          "Event": "PRLODSTWS1_1#O_SC_GROUP_COMMISION-TO-PRLODSTWS1_1#BRCCBR_BR_GP"
        }
      ]
    },
    "eventsToDelete": {
      "Type": "DeleteEvents",
      "Events": [
        {
          "Event": "PRLODSTWS1_1#FDW_CHANNEL_CODE-TO-PRLODSTWS1_1#BRCCBR_BR_GP"
        },
        {
          "Event": "PRLODSTWS1_1#O_AGENT-TO-PRLODSTWS1_1#BRCCBR_BR_GP"
        },
        {
          "Event": "PRLODSTWS1_1#O_COMM_AGGREGATION-TO-PRLODSTWS1_1#BRCCBR_BR_GP"
        },
        {
          "Event": "PRLODSTWS1_1#O_SC_DEADLINE_COMPLETION-TO-PRLODSTWS1_1#BRCCBR_BR_GP"
        },
        {
          "Event": "PRLODSTWS1_1#O_SC_GROUP_COMMISION-TO-PRLODSTWS1_1#BRCCBR_BR_GP"
        }
      ]
    }
  },
  "PRLODSTWS1_1#BRPOLICY": {
    "Type": "Job:Database:StoredProcedure",
    "ConnectionProfile": "UPCR1",
    "StoredProcedure": "BRPOLICY_SP",
    "Schema": "SQLEXT",
    "DaysKeepActive": "1",
    "SubApplication": "UPCR1",
    "Host": "CTMAG",
    "CreatedBy": "emuser",
    "Description": "== Conversion Messages Start ==\\n\\nMessage ID\\t: WRN6031 (2431-4285)\\n\\n== Conversion Messages End ==\\nAdded by composer.",
    "RunAs": "controlm",
    "Application": "ODS",
    "When": {
      "WeekDays": [
        "NONE"
      ],
      "Months": [
        "NONE"
      ],
      "MonthDays": [
        "NONE"
      ],
      "DaysRelation": "OR",
      "RuleBasedCalendars": {
        "Included": [
          "RC1"
        ]
      }
    },
    "eventsToWaitFor": {
      "Type": "WaitForEvents",
      "Events": [
        {
          "Event": "PRLODSTWS1_1#FDW_CODE_MAP-TO-PRLODSTWS1_1#BRPOLICY"
        },
        {
          "Event": "PRLODSTWS1_1#FDW_CONTRACT_PRODUCT-TO-PRLODSTWS1_1#BRPOLICY"
        },
        {
          "Event": "PRLODSTWS1_1#FDW_POLICY_X_PARTY-TO-PRLODSTWS1_1#BRPOLICY"
        },
        {
          "Event": "PRLODSTWS1_1#SDM_CONTRACT_MASTER-TO-PRLODSTWS1_1#BRPOLICY"
        }
      ]
    },
    "eventsToDelete": {
      "Type": "DeleteEvents",
      "Events": [
        {
          "Event": "PRLODSTWS1_1#FDW_CODE_MAP-TO-PRLODSTWS1_1#BRPOLICY"
        },
        {
          "Event": "PRLODSTWS1_1#FDW_CONTRACT_PRODUCT-TO-PRLODSTWS1_1#BRPOLICY"
        },
        {
          "Event": "PRLODSTWS1_1#FDW_POLICY_X_PARTY-TO-PRLODSTWS1_1#BRPOLICY"
        },
        {
          "Event": "PRLODSTWS1_1#SDM_CONTRACT_MASTER-TO-PRLODSTWS1_1#BRPOLICY"
        }
      ]
    }
  },
  "PRLODSTWS1_1#BRCCBR_BR_N1E": {
    "Type": "Job:Database:StoredProcedure",
    "ConnectionProfile": "UPCR1",
    "StoredProcedure": "BRCCBR_BR_N1E_SP",
    "Schema": "SQLEXT",
    "DaysKeepActive": "1",
    "SubApplication": "UPCR1",
    "Host": "CTMAG",
    "CreatedBy": "emuser",
    "Description": "== Conversion Messages Start ==\\n\\nMessage ID\\t: WRN6031 (2432-4286)\\n\\n== Conversion Messages End ==\\nAdded by composer.",
    "RunAs": "controlm",
    "Application": "ODS",
    "When": {
      "WeekDays": [
        "NONE"
      ],
      "Months": [
        "NONE"
      ],
      "MonthDays": [
        "NONE"
      ],
      "DaysRelation": "OR",
      "RuleBasedCalendars": {
        "Included": [
          "RC1"
        ]
      }
    },
    "eventsToWaitFor": {
      "Type": "WaitForEvents",
      "Events": [
        {
          "Event": "PRLODSTWS1_1#FDW_BONUS_Y-TO-PRLODSTWS1_1#BRCCBR_BR_N1E"
        },
        {
          "Event": "PRLODSTWS1_1#FDW_CODE_MAP-TO-PRLODSTWS1_1#BRCCBR_BR_N1E"
        },
        {
          "Event": "PRLODSTWS1_1#FDW_COMMISION_PROD_CODE-TO-PRLODSTWS1_1#BRCCBR_BR_N1E"
        },
        {
          "Event": "PRLODSTWS1_1#FDW_COMMISION_Y-TO-PRLODSTWS1_1#BRCCBR_BR_N1E"
        },
        {
          "Event": "PRLODSTWS1_1#FDW_CONTRACT_MASTER-TO-PRLODSTWS1_1#BRCCBR_BR_N1E"
        },
        {
          "Event": "PRLODSTWS1_1#O_SC_POLICY_KBRAGENT-TO-PRLODSTWS1_1#BRCCBR_BR_N1E"
        },
        {
          "Event": "PRLODSTWS1_1#SDM_CONTRACT_MASTER-TO-PRLODSTWS1_1#BRCCBR_BR_N1E"
        }
      ]
    },
    "eventsToAdd": {
      "Type": "AddEvents",
      "Events": [
        {
          "Event": "PRLODSTWS1_1#BRCCBR_BR_N1E-TO-PRLODSTWS1_1#EVER_COMM_M_ONE"
        },
        {
          "Event": "PRLODSTWS1_1#BRCCBR_BR_N1E-TO-PRLODSTWS1_1#EVER_COMM_M_TWO"
        }
      ]
    },
    "eventsToDelete": {
      "Type": "DeleteEvents",
      "Events": [
        {
          "Event": "PRLODSTWS1_1#FDW_BONUS_Y-TO-PRLODSTWS1_1#BRCCBR_BR_N1E"
        },
        {
          "Event": "PRLODSTWS1_1#FDW_CODE_MAP-TO-PRLODSTWS1_1#BRCCBR_BR_N1E"
        },
        {
          "Event": "PRLODSTWS1_1#FDW_COMMISION_PROD_CODE-TO-PRLODSTWS1_1#BRCCBR_BR_N1E"
        },
        {
          "Event": "PRLODSTWS1_1#FDW_COMMISION_Y-TO-PRLODSTWS1_1#BRCCBR_BR_N1E"
        },
        {
          "Event": "PRLODSTWS1_1#FDW_CONTRACT_MASTER-TO-PRLODSTWS1_1#BRCCBR_BR_N1E"
        },
        {
          "Event": "PRLODSTWS1_1#O_SC_POLICY_KBRAGENT-TO-PRLODSTWS1_1#BRCCBR_BR_N1E"
        },
        {
          "Event": "PRLODSTWS1_1#SDM_CONTRACT_MASTER-TO-PRLODSTWS1_1#BRCCBR_BR_N1E"
        }
      ]
    }
  },
  "PRLODSTWS1_1#PRESTENCETRACK": {
    "Type": "Job:Database:StoredProcedure",
    "ConnectionProfile": "UPCR1",
    "StoredProcedure": "PRESTENCETRACK_SP",
    "Schema": "SQLEXT",
    "DaysKeepActive": "1",
    "SubApplication": "UPCR1",
    "Host": "CTMAG",
    "CreatedBy": "emuser",
    "Description": "== Conversion Messages Start ==\\n\\nMessage ID\\t: WRN6031 (2433-4287)\\n\\n== Conversion Messages End ==\\nAdded by composer.",
    "RunAs": "controlm",
    "Application": "ODS",
    "When": {
      "WeekDays": [
        "NONE"
      ],
      "Months": [
        "NONE"
      ],
      "MonthDays": [
        "NONE"
      ],
      "DaysRelation": "OR",
      "RuleBasedCalendars": {
        "Included": [
          "RC1"
        ]
      }
    },
    "eventsToWaitFor": {
      "Type": "WaitForEvents",
      "Events": [
        {
          "Event": "PRLODSTWS1_1#FDW_CHANNEL_CODE-TO-PRLODSTWS1_1#PRESTENCETRACK"
        },
        {
          "Event": "PRLODSTWS1_1#FDW_CONTRACT_MASTER-TO-PRLODSTWS1_1#PRESTENCETRACK"
        },
        {
          "Event": "PRLODSTWS1_1#FDW_CONTRACT_PRODUCT-TO-PRLODSTWS1_1#PRESTENCETRACK"
        },
        {
          "Event": "PRLODSTWS1_1#O_PREM_ARAP-TO-PRLODSTWS1_1#PRESTENCETRACK"
        },
        {
          "Event": "PRLODSTWS1_1#O_PREM_INFO_HIS-TO-PRLODSTWS1_1#PRESTENCETRACK"
        }
      ]
    },
    "eventsToDelete": {
      "Type": "DeleteEvents",
      "Events": [
        {
          "Event": "PRLODSTWS1_1#FDW_CHANNEL_CODE-TO-PRLODSTWS1_1#PRESTENCETRACK"
        },
        {
          "Event": "PRLODSTWS1_1#FDW_CONTRACT_MASTER-TO-PRLODSTWS1_1#PRESTENCETRACK"
        },
        {
          "Event": "PRLODSTWS1_1#FDW_CONTRACT_PRODUCT-TO-PRLODSTWS1_1#PRESTENCETRACK"
        },
        {
          "Event": "PRLODSTWS1_1#O_PREM_ARAP-TO-PRLODSTWS1_1#PRESTENCETRACK"
        },
        {
          "Event": "PRLODSTWS1_1#O_PREM_INFO_HIS-TO-PRLODSTWS1_1#PRESTENCETRACK"
        }
      ]
    }
  },
  "eventsToAdd": {
    "Type": "AddEvents",
    "Events": [
      {
        "Event": "PRLODSTWS1_1#D_FDW_BRWEB-TO-PRLODSTWS1_1#BDS_STS_FDW_01G"
      }
    ]
  }
  }
}
