{
  "PRLODSTWS1_1#M_FDW_TCBB": {
  "Type":  "Folder",
  "ControlmServer": "CTM",
  "Description": "== Conversion Messages Start ==\\n\\nMessage ID\\t: INF6107 (2065-3716)\\n\\nMessage ID\\t: INF6104 (2066-3716)\\n\\n== Conversion Messages End ==\\n",
  "OrderMethod": "Manual",
  "SubApplication": "UPCR1",
  "CreatedBy": "emuser",
  "Application": "ODS",
  "When": {
    "RuleBasedCalendars": {
      "Included": [
        "RC1"
      ],
      "RC1": {
        "Type": "Calendar:RuleBased",
        "When": {
          "MonthDaysCalendar": "RCG-M-NAT",
          "DaysRelation": "OR",
          "DaysKeepActive": "01",
          "WeekDays": [
            "NONE"
          ],
          "MonthDays": [
            "NONE"
          ]
        }
      }
    }
  },
  "PRLODSTWS1_1#TCBB_WRK1195F2D40E_EX": {
    "Type": "Job:Command",
    "DaysKeepActive": "1",
    "SubApplication": "UPCR1",
    "Host": "CTMAG",
    "CreatedBy": "emuser",
    "Description": "CSV Export for batch",
    "RunAs": "controlm",
    "Application": "ODS",
    "Command": "/home/tws/ods_batch_home/esp.batch.scripts/gen.table2File.sh M_FDW_TCBB ${tws.job.name} %%\\\\global\\END_DT_CHAR.",
    "When": {
      "WeekDays": [
        "NONE"
      ],
      "Months": [
        "NONE"
      ],
      "MonthDays": [
        "NONE"
      ],
      "DaysRelation": "OR",
      "RuleBasedCalendars": {
        "Included": [
          "RC1"
        ]
      }
    },
    "eventsToWaitFor": {
      "Type": "WaitForEvents",
      "Events": [
        {
          "Event": "PRLODSTWS1_1#TCBB_WRK1195F2D40E_PARAM-TO-PRLODSTWS1_1#TCBB_WRK1195F2D40E_EX"
        }
      ]
    },
    "eventsToAdd": {
      "Type": "AddEvents",
      "Events": [
        {
          "Event": "PRLODSTWS1_1#TCBB_WRK1195F2D40E_EX-TO-PRLODSTWS1_1#TCBB_WRK1195F2D40E_CM"
        }
      ]
    },
    "eventsToDelete": {
      "Type": "DeleteEvents",
      "Events": [
        {
          "Event": "PRLODSTWS1_1#TCBB_WRK1195F2D40E_PARAM-TO-PRLODSTWS1_1#TCBB_WRK1195F2D40E_EX"
        }
      ]
    }
  },
  "PRLODSTWS1_1#TCBB_WRK1195F1D40E_EX": {
    "Type": "Job:Command",
    "DaysKeepActive": "1",
    "SubApplication": "UPCR1",
    "Host": "CTMAG",
    "CreatedBy": "emuser",
    "Description": "CSV Export for batch",
    "RunAs": "controlm",
    "Application": "ODS",
    "Command": "/home/tws/ods_batch_home/esp.batch.scripts/gen.table2File.sh M_FDW_TCBB ${tws.job.name} %%\\\\global\\END_DT_CHAR.",
    "When": {
      "WeekDays": [
        "NONE"
      ],
      "Months": [
        "NONE"
      ],
      "MonthDays": [
        "NONE"
      ],
      "DaysRelation": "OR",
      "RuleBasedCalendars": {
        "Included": [
          "RC1"
        ]
      }
    },
    "eventsToWaitFor": {
      "Type": "WaitForEvents",
      "Events": [
        {
          "Event": "PRLODSTWS1_1#TCBB_WRK1195F1D40E_PARAM-TO-PRLODSTWS1_1#TCBB_WRK1195F1D40E_EX"
        }
      ]
    },
    "eventsToAdd": {
      "Type": "AddEvents",
      "Events": [
        {
          "Event": "PRLODSTWS1_1#TCBB_WRK1195F1D40E_EX-TO-PRLODSTWS1_1#TCBB_WRK1195F1D40E_CM"
        }
      ]
    },
    "eventsToDelete": {
      "Type": "DeleteEvents",
      "Events": [
        {
          "Event": "PRLODSTWS1_1#TCBB_WRK1195F1D40E_PARAM-TO-PRLODSTWS1_1#TCBB_WRK1195F1D40E_EX"
        }
      ]
    }
  },
  "PRLODSTWS1_1#TCBB_WRK1195F2D40E": {
    "Type": "Job:Database:StoredProcedure",
    "ConnectionProfile": "UPCR1",
    "StoredProcedure": "TCBB_WRK1195F2D40E_SP",
    "Schema": "SQLEXT",
    "DaysKeepActive": "1",
    "SubApplication": "UPCR1",
    "Host": "CTMAG",
    "CreatedBy": "emuser",
    "Description": "== Conversion Messages Start ==\\n\\nMessage ID\\t: WRN6031 (2057-3719)\\n\\n== Conversion Messages End ==\\nAdded by composer.",
    "RunAs": "controlm",
    "Application": "ODS",
    "When": {
      "WeekDays": [
        "NONE"
      ],
      "Months": [
        "NONE"
      ],
      "MonthDays": [
        "NONE"
      ],
      "DaysRelation": "OR",
      "RuleBasedCalendars": {
        "Included": [
          "RC1"
        ]
      }
    },
    "eventsToWaitFor": {
      "Type": "WaitForEvents",
      "Events": [
        {
          "Event": "PRLODSTWS1_1#FDW_CONTRACT_MAST_TCBB-TO-PRLODSTWS1_1#TCBB_WRK1195F2D40E"
        },
        {
          "Event": "PRLODSTWS1_1#FDW_CONTRACT_PROD_TCBB-TO-PRLODSTWS1_1#TCBB_WRK1195F2D40E"
        },
        {
          "Event": "PRLODSTWS1_1#FDW_POLICY_VALUE_TCBB-TO-PRLODSTWS1_1#TCBB_WRK1195F2D40E"
        }
      ]
    },
    "eventsToAdd": {
      "Type": "AddEvents",
      "Events": [
        {
          "Event": "PRLODSTWS1_1#TCBB_WRK1195F2D40E-TO-PRLODSTWS1_1#TCBB_WRK1195F2D40E_PARAM"
        }
      ]
    },
    "eventsToDelete": {
      "Type": "DeleteEvents",
      "Events": [
        {
          "Event": "PRLODSTWS1_1#FDW_CONTRACT_MAST_TCBB-TO-PRLODSTWS1_1#TCBB_WRK1195F2D40E"
        },
        {
          "Event": "PRLODSTWS1_1#FDW_CONTRACT_PROD_TCBB-TO-PRLODSTWS1_1#TCBB_WRK1195F2D40E"
        },
        {
          "Event": "PRLODSTWS1_1#FDW_POLICY_VALUE_TCBB-TO-PRLODSTWS1_1#TCBB_WRK1195F2D40E"
        }
      ]
    }
  },
  "PRLODSTWS1_1#TCBB_WRK1195F2D40E_CM": {
    "Type": "Job:Command",
    "DaysKeepActive": "1",
    "SubApplication": "UPCR1",
    "Host": "CTMAG",
    "CreatedBy": "emuser",
    "Description": "Common Shell Template",
    "RunAs": "controlm",
    "Application": "ODS",
    "Command": "/home/tws/ods_batch_home/esp.batch.scripts/run.cmd.sh M_FDW_TCBB ${tws.job.name} %%\\\\global\\END_DT_CHAR.",
    "When": {
      "WeekDays": [
        "NONE"
      ],
      "Months": [
        "NONE"
      ],
      "MonthDays": [
        "NONE"
      ],
      "DaysRelation": "OR",
      "RuleBasedCalendars": {
        "Included": [
          "RC1"
        ]
      }
    },
    "eventsToWaitFor": {
      "Type": "WaitForEvents",
      "Events": [
        {
          "Event": "PRLODSTWS1_1#TCBB_WRK1195F2D40E_EX-TO-PRLODSTWS1_1#TCBB_WRK1195F2D40E_CM"
        }
      ]
    },
    "eventsToAdd": {
      "Type": "AddEvents",
      "Events": [
        {
          "Event": "PRLODSTWS1_1#TCBB_WRK1195F2D40E_CM-TO-PRLODSTWS1_1#TCBB_WRK1195F2D40E_FP"
        }
      ]
    },
    "eventsToDelete": {
      "Type": "DeleteEvents",
      "Events": [
        {
          "Event": "PRLODSTWS1_1#TCBB_WRK1195F2D40E_EX-TO-PRLODSTWS1_1#TCBB_WRK1195F2D40E_CM"
        }
      ]
    }
  },
  "PRLODSTWS1_1#TCBB_WRK1195F2D40E_FP": {
    "Type": "Job:Command",
    "DaysKeepActive": "1",
    "SubApplication": "UPCR1",
    "Host": "CTMAG",
    "CreatedBy": "emuser",
    "Description": "Ftp files for batch",
    "RunAs": "controlm",
    "Application": "ODS",
    "Command": "/home/tws/ods_batch_home/esp.batch.scripts/ftp.files.sh M_FDW_TCBB ${tws.job.name} %%\\\\global\\END_DT_CHAR.",
    "When": {
      "WeekDays": [
        "NONE"
      ],
      "Months": [
        "NONE"
      ],
      "MonthDays": [
        "NONE"
      ],
      "DaysRelation": "OR",
      "RuleBasedCalendars": {
        "Included": [
          "RC1"
        ]
      }
    },
    "eventsToWaitFor": {
      "Type": "WaitForEvents",
      "Events": [
        {
          "Event": "PRLODSTWS1_1#TCBB_WRK1195F2D40E_CM-TO-PRLODSTWS1_1#TCBB_WRK1195F2D40E_FP"
        }
      ]
    },
    "eventsToDelete": {
      "Type": "DeleteEvents",
      "Events": [
        {
          "Event": "PRLODSTWS1_1#TCBB_WRK1195F2D40E_CM-TO-PRLODSTWS1_1#TCBB_WRK1195F2D40E_FP"
        }
      ]
    }
  },
  "PRLODSTWS1_1#TCBB_WRK1195F1D40E_CM": {
    "Type": "Job:Command",
    "DaysKeepActive": "1",
    "SubApplication": "UPCR1",
    "Host": "CTMAG",
    "CreatedBy": "emuser",
    "Description": "Common Shell Template",
    "RunAs": "controlm",
    "Application": "ODS",
    "Command": "/home/tws/ods_batch_home/esp.batch.scripts/run.cmd.sh M_FDW_TCBB ${tws.job.name} %%\\\\global\\END_DT_CHAR.",
    "When": {
      "WeekDays": [
        "NONE"
      ],
      "Months": [
        "NONE"
      ],
      "MonthDays": [
        "NONE"
      ],
      "DaysRelation": "OR",
      "RuleBasedCalendars": {
        "Included": [
          "RC1"
        ]
      }
    },
    "eventsToWaitFor": {
      "Type": "WaitForEvents",
      "Events": [
        {
          "Event": "PRLODSTWS1_1#TCBB_WRK1195F1D40E_EX-TO-PRLODSTWS1_1#TCBB_WRK1195F1D40E_CM"
        }
      ]
    },
    "eventsToAdd": {
      "Type": "AddEvents",
      "Events": [
        {
          "Event": "PRLODSTWS1_1#TCBB_WRK1195F1D40E_CM-TO-PRLODSTWS1_1#TCBB_WRK1195F1D40E_FP"
        }
      ]
    },
    "eventsToDelete": {
      "Type": "DeleteEvents",
      "Events": [
        {
          "Event": "PRLODSTWS1_1#TCBB_WRK1195F1D40E_EX-TO-PRLODSTWS1_1#TCBB_WRK1195F1D40E_CM"
        }
      ]
    }
  },
  "PRLODSTWS1_1#TCBB_WRK1195F1D40E_FP": {
    "Type": "Job:Command",
    "DaysKeepActive": "1",
    "SubApplication": "UPCR1",
    "Host": "CTMAG",
    "CreatedBy": "emuser",
    "Description": "Ftp files for batch",
    "RunAs": "controlm",
    "Application": "ODS",
    "Command": "/home/tws/ods_batch_home/esp.batch.scripts/ftp.files.sh M_FDW_TCBB ${tws.job.name} %%\\\\global\\END_DT_CHAR.",
    "When": {
      "WeekDays": [
        "NONE"
      ],
      "Months": [
        "NONE"
      ],
      "MonthDays": [
        "NONE"
      ],
      "DaysRelation": "OR",
      "RuleBasedCalendars": {
        "Included": [
          "RC1"
        ]
      }
    },
    "eventsToWaitFor": {
      "Type": "WaitForEvents",
      "Events": [
        {
          "Event": "PRLODSTWS1_1#TCBB_WRK1195F1D40E_CM-TO-PRLODSTWS1_1#TCBB_WRK1195F1D40E_FP"
        }
      ]
    },
    "eventsToDelete": {
      "Type": "DeleteEvents",
      "Events": [
        {
          "Event": "PRLODSTWS1_1#TCBB_WRK1195F1D40E_CM-TO-PRLODSTWS1_1#TCBB_WRK1195F1D40E_FP"
        }
      ]
    }
  },
  "PRLODSTWS1_1#TCBB_WRK1195F4D40E_EX": {
    "Type": "Job:Command",
    "DaysKeepActive": "1",
    "SubApplication": "UPCR1",
    "Host": "CTMAG",
    "CreatedBy": "emuser",
    "Description": "CSV Export for batch",
    "RunAs": "controlm",
    "Application": "ODS",
    "Command": "/home/tws/ods_batch_home/esp.batch.scripts/gen.table2File.sh M_FDW_TCBB ${tws.job.name} %%\\\\global\\END_DT_CHAR.",
    "When": {
      "WeekDays": [
        "NONE"
      ],
      "Months": [
        "NONE"
      ],
      "MonthDays": [
        "NONE"
      ],
      "DaysRelation": "OR",
      "RuleBasedCalendars": {
        "Included": [
          "RC1"
        ]
      }
    },
    "eventsToWaitFor": {
      "Type": "WaitForEvents",
      "Events": [
        {
          "Event": "PRLODSTWS1_1#TCBB_WRK1195F4D40E_PARAM-TO-PRLODSTWS1_1#TCBB_WRK1195F4D40E_EX"
        }
      ]
    },
    "eventsToAdd": {
      "Type": "AddEvents",
      "Events": [
        {
          "Event": "PRLODSTWS1_1#TCBB_WRK1195F4D40E_EX-TO-PRLODSTWS1_1#TCBB_WRK1195F4D40E_CM"
        }
      ]
    },
    "eventsToDelete": {
      "Type": "DeleteEvents",
      "Events": [
        {
          "Event": "PRLODSTWS1_1#TCBB_WRK1195F4D40E_PARAM-TO-PRLODSTWS1_1#TCBB_WRK1195F4D40E_EX"
        }
      ]
    }
  },
  "PRLODSTWS1_1#TCBB_CAP1270F1D40E": {
    "Type": "Job:Database:StoredProcedure",
    "ConnectionProfile": "UPCR1",
    "StoredProcedure": "TCBB_CAP1270F1D40E_SP",
    "Schema": "SQLEXT",
    "DaysKeepActive": "1",
    "SubApplication": "UPCR1",
    "Host": "CTMAG",
    "CreatedBy": "emuser",
    "Description": "== Conversion Messages Start ==\\n\\nMessage ID\\t: WRN6031 (2058-3725)\\n\\n== Conversion Messages End ==\\nAdded by composer.",
    "RunAs": "controlm",
    "Application": "ODS",
    "When": {
      "WeekDays": [
        "NONE"
      ],
      "Months": [
        "NONE"
      ],
      "MonthDays": [
        "NONE"
      ],
      "DaysRelation": "OR",
      "RuleBasedCalendars": {
        "Included": [
          "RC1"
        ]
      }
    },
    "eventsToWaitFor": {
      "Type": "WaitForEvents",
      "Events": [
        {
          "Event": "PRLODSTWS1_1#FDW_CONTRACT_MAST_TCBB-TO-PRLODSTWS1_1#TCBB_CAP1270F1D40E"
        },
        {
          "Event": "PRLODSTWS1_1#FDW_CONTRACT_PROD_TCBB-TO-PRLODSTWS1_1#TCBB_CAP1270F1D40E"
        }
      ]
    },
    "eventsToAdd": {
      "Type": "AddEvents",
      "Events": [
        {
          "Event": "PRLODSTWS1_1#TCBB_CAP1270F1D40E-TO-PRLODSTWS1_1#TCBB_CAP1270F1D40E_PARAM"
        }
      ]
    },
    "eventsToDelete": {
      "Type": "DeleteEvents",
      "Events": [
        {
          "Event": "PRLODSTWS1_1#FDW_CONTRACT_MAST_TCBB-TO-PRLODSTWS1_1#TCBB_CAP1270F1D40E"
        },
        {
          "Event": "PRLODSTWS1_1#FDW_CONTRACT_PROD_TCBB-TO-PRLODSTWS1_1#TCBB_CAP1270F1D40E"
        }
      ]
    }
  },
  "PRLODSTWS1_1#TCBB_WRK1195F2D40E_PARAM": {
    "Type": "Job:Database:StoredProcedure",
    "ConnectionProfile": "UPCR1",
    "StoredProcedure": "TCBB_WRK1195F2D40E_PARAM_SP",
    "Schema": "SQLEXT",
    "DaysKeepActive": "1",
    "SubApplication": "UPCR1",
    "Host": "CTMAG",
    "CreatedBy": "emuser",
    "Description": "== Conversion Messages Start ==\\n\\nMessage ID\\t: WRN6031 (2059-3726)\\n\\n== Conversion Messages End ==\\nAdded by composer.",
    "RunAs": "controlm",
    "Application": "ODS",
    "When": {
      "WeekDays": [
        "NONE"
      ],
      "Months": [
        "NONE"
      ],
      "MonthDays": [
        "NONE"
      ],
      "DaysRelation": "OR",
      "RuleBasedCalendars": {
        "Included": [
          "RC1"
        ]
      }
    },
    "eventsToWaitFor": {
      "Type": "WaitForEvents",
      "Events": [
        {
          "Event": "PRLODSTWS1_1#TCBB_WRK1195F2D40E-TO-PRLODSTWS1_1#TCBB_WRK1195F2D40E_PARAM"
        }
      ]
    },
    "eventsToAdd": {
      "Type": "AddEvents",
      "Events": [
        {
          "Event": "PRLODSTWS1_1#TCBB_WRK1195F2D40E_PARAM-TO-PRLODSTWS1_1#TCBB_WRK1195F2D40E_EX"
        }
      ]
    },
    "eventsToDelete": {
      "Type": "DeleteEvents",
      "Events": [
        {
          "Event": "PRLODSTWS1_1#TCBB_WRK1195F2D40E-TO-PRLODSTWS1_1#TCBB_WRK1195F2D40E_PARAM"
        }
      ]
    }
  },
  "PRLODSTWS1_1#TCBB_WRK1195F4D40E_CM": {
    "Type": "Job:Command",
    "DaysKeepActive": "1",
    "SubApplication": "UPCR1",
    "Host": "CTMAG",
    "CreatedBy": "emuser",
    "Description": "Common Shell Template",
    "RunAs": "controlm",
    "Application": "ODS",
    "Command": "/home/tws/ods_batch_home/esp.batch.scripts/run.cmd.sh M_FDW_TCBB ${tws.job.name} %%\\\\global\\END_DT_CHAR.",
    "When": {
      "WeekDays": [
        "NONE"
      ],
      "Months": [
        "NONE"
      ],
      "MonthDays": [
        "NONE"
      ],
      "DaysRelation": "OR",
      "RuleBasedCalendars": {
        "Included": [
          "RC1"
        ]
      }
    },
    "eventsToWaitFor": {
      "Type": "WaitForEvents",
      "Events": [
        {
          "Event": "PRLODSTWS1_1#TCBB_WRK1195F4D40E_EX-TO-PRLODSTWS1_1#TCBB_WRK1195F4D40E_CM"
        }
      ]
    },
    "eventsToAdd": {
      "Type": "AddEvents",
      "Events": [
        {
          "Event": "PRLODSTWS1_1#TCBB_WRK1195F4D40E_CM-TO-PRLODSTWS1_1#TCBB_WRK1195F4D40E_FP"
        }
      ]
    },
    "eventsToDelete": {
      "Type": "DeleteEvents",
      "Events": [
        {
          "Event": "PRLODSTWS1_1#TCBB_WRK1195F4D40E_EX-TO-PRLODSTWS1_1#TCBB_WRK1195F4D40E_CM"
        }
      ]
    }
  },
  "PRLODSTWS1_1#TCBB_WRK1195F4D40E_FP": {
    "Type": "Job:Command",
    "DaysKeepActive": "1",
    "SubApplication": "UPCR1",
    "Host": "CTMAG",
    "CreatedBy": "emuser",
    "Description": "Ftp files for batch",
    "RunAs": "controlm",
    "Application": "ODS",
    "Command": "/home/tws/ods_batch_home/esp.batch.scripts/ftp.files.sh M_FDW_TCBB ${tws.job.name} %%\\\\global\\END_DT_CHAR.",
    "When": {
      "WeekDays": [
        "NONE"
      ],
      "Months": [
        "NONE"
      ],
      "MonthDays": [
        "NONE"
      ],
      "DaysRelation": "OR",
      "RuleBasedCalendars": {
        "Included": [
          "RC1"
        ]
      }
    },
    "eventsToWaitFor": {
      "Type": "WaitForEvents",
      "Events": [
        {
          "Event": "PRLODSTWS1_1#TCBB_WRK1195F4D40E_CM-TO-PRLODSTWS1_1#TCBB_WRK1195F4D40E_FP"
        }
      ]
    },
    "eventsToDelete": {
      "Type": "DeleteEvents",
      "Events": [
        {
          "Event": "PRLODSTWS1_1#TCBB_WRK1195F4D40E_CM-TO-PRLODSTWS1_1#TCBB_WRK1195F4D40E_FP"
        }
      ]
    }
  },
  "PRLODSTWS1_1#TCBB_CAP1270F1D40E_PARAM": {
    "Type": "Job:Database:StoredProcedure",
    "ConnectionProfile": "UPCR1",
    "StoredProcedure": "TCBB_CAP1270F1D40E_PARAM_SP",
    "Schema": "SQLEXT",
    "DaysKeepActive": "1",
    "SubApplication": "UPCR1",
    "Host": "CTMAG",
    "CreatedBy": "emuser",
    "Description": "== Conversion Messages Start ==\\n\\nMessage ID\\t: WRN6031 (2060-3729)\\n\\n== Conversion Messages End ==\\nAdded by composer.",
    "RunAs": "controlm",
    "Application": "ODS",
    "When": {
      "WeekDays": [
        "NONE"
      ],
      "Months": [
        "NONE"
      ],
      "MonthDays": [
        "NONE"
      ],
      "DaysRelation": "OR",
      "RuleBasedCalendars": {
        "Included": [
          "RC1"
        ]
      }
    },
    "eventsToWaitFor": {
      "Type": "WaitForEvents",
      "Events": [
        {
          "Event": "PRLODSTWS1_1#TCBB_CAP1270F1D40E-TO-PRLODSTWS1_1#TCBB_CAP1270F1D40E_PARAM"
        }
      ]
    },
    "eventsToAdd": {
      "Type": "AddEvents",
      "Events": [
        {
          "Event": "PRLODSTWS1_1#TCBB_CAP1270F1D40E_PARAM-TO-PRLODSTWS1_1#TCBB_CAP1270F1D40E_EX"
        }
      ]
    },
    "eventsToDelete": {
      "Type": "DeleteEvents",
      "Events": [
        {
          "Event": "PRLODSTWS1_1#TCBB_CAP1270F1D40E-TO-PRLODSTWS1_1#TCBB_CAP1270F1D40E_PARAM"
        }
      ]
    }
  },
  "PRLODSTWS1_1#TCBB_CAP1270F1D40E_EX": {
    "Type": "Job:Command",
    "DaysKeepActive": "1",
    "SubApplication": "UPCR1",
    "Host": "CTMAG",
    "CreatedBy": "emuser",
    "Description": "CSV Export for batch",
    "RunAs": "controlm",
    "Application": "ODS",
    "Command": "/home/tws/ods_batch_home/esp.batch.scripts/gen.table2File.sh M_FDW_TCBB ${tws.job.name} %%\\\\global\\END_DT_CHAR.",
    "When": {
      "WeekDays": [
        "NONE"
      ],
      "Months": [
        "NONE"
      ],
      "MonthDays": [
        "NONE"
      ],
      "DaysRelation": "OR",
      "RuleBasedCalendars": {
        "Included": [
          "RC1"
        ]
      }
    },
    "eventsToWaitFor": {
      "Type": "WaitForEvents",
      "Events": [
        {
          "Event": "PRLODSTWS1_1#TCBB_CAP1270F1D40E_PARAM-TO-PRLODSTWS1_1#TCBB_CAP1270F1D40E_EX"
        }
      ]
    },
    "eventsToAdd": {
      "Type": "AddEvents",
      "Events": [
        {
          "Event": "PRLODSTWS1_1#TCBB_CAP1270F1D40E_EX-TO-PRLODSTWS1_1#TCBB_CAP1270F1D40E_CM"
        }
      ]
    },
    "eventsToDelete": {
      "Type": "DeleteEvents",
      "Events": [
        {
          "Event": "PRLODSTWS1_1#TCBB_CAP1270F1D40E_PARAM-TO-PRLODSTWS1_1#TCBB_CAP1270F1D40E_EX"
        }
      ]
    }
  },
  "PRLODSTWS1_1#TCBB_WRK1195F4D40E_PARAM": {
    "Type": "Job:Database:StoredProcedure",
    "ConnectionProfile": "UPCR1",
    "StoredProcedure": "TCBB_WRK1195F4D40E_PARAM_SP",
    "Schema": "SQLEXT",
    "DaysKeepActive": "1",
    "SubApplication": "UPCR1",
    "Host": "CTMAG",
    "CreatedBy": "emuser",
    "Description": "== Conversion Messages Start ==\\n\\nMessage ID\\t: WRN6031 (2061-3731)\\n\\n== Conversion Messages End ==\\nAdded by composer.",
    "RunAs": "controlm",
    "Application": "ODS",
    "When": {
      "WeekDays": [
        "NONE"
      ],
      "Months": [
        "NONE"
      ],
      "MonthDays": [
        "NONE"
      ],
      "DaysRelation": "OR",
      "RuleBasedCalendars": {
        "Included": [
          "RC1"
        ]
      }
    },
    "eventsToWaitFor": {
      "Type": "WaitForEvents",
      "Events": [
        {
          "Event": "PRLODSTWS1_1#TCBB_WRK1195F4D40E-TO-PRLODSTWS1_1#TCBB_WRK1195F4D40E_PARAM"
        }
      ]
    },
    "eventsToAdd": {
      "Type": "AddEvents",
      "Events": [
        {
          "Event": "PRLODSTWS1_1#TCBB_WRK1195F4D40E_PARAM-TO-PRLODSTWS1_1#TCBB_WRK1195F4D40E_EX"
        }
      ]
    },
    "eventsToDelete": {
      "Type": "DeleteEvents",
      "Events": [
        {
          "Event": "PRLODSTWS1_1#TCBB_WRK1195F4D40E-TO-PRLODSTWS1_1#TCBB_WRK1195F4D40E_PARAM"
        }
      ]
    }
  },
  "PRLODSTWS1_1#TCBB_WRK1195F1D40E_PARAM": {
    "Type": "Job:Database:StoredProcedure",
    "ConnectionProfile": "UPCR1",
    "StoredProcedure": "TCBB_WRK1195F1D40E_PARAM_SP",
    "Schema": "SQLEXT",
    "DaysKeepActive": "1",
    "SubApplication": "UPCR1",
    "Host": "CTMAG",
    "CreatedBy": "emuser",
    "Description": "== Conversion Messages Start ==\\n\\nMessage ID\\t: WRN6031 (2062-3732)\\n\\n== Conversion Messages End ==\\nAdded by composer.",
    "RunAs": "controlm",
    "Application": "ODS",
    "When": {
      "WeekDays": [
        "NONE"
      ],
      "Months": [
        "NONE"
      ],
      "MonthDays": [
        "NONE"
      ],
      "DaysRelation": "OR",
      "RuleBasedCalendars": {
        "Included": [
          "RC1"
        ]
      }
    },
    "eventsToWaitFor": {
      "Type": "WaitForEvents",
      "Events": [
        {
          "Event": "PRLODSTWS1_1#TCBB_WRK1195F1D40E-TO-PRLODSTWS1_1#TCBB_WRK1195F1D40E_PARAM"
        }
      ]
    },
    "eventsToAdd": {
      "Type": "AddEvents",
      "Events": [
        {
          "Event": "PRLODSTWS1_1#TCBB_WRK1195F1D40E_PARAM-TO-PRLODSTWS1_1#TCBB_WRK1195F1D40E_EX"
        }
      ]
    },
    "eventsToDelete": {
      "Type": "DeleteEvents",
      "Events": [
        {
          "Event": "PRLODSTWS1_1#TCBB_WRK1195F1D40E-TO-PRLODSTWS1_1#TCBB_WRK1195F1D40E_PARAM"
        }
      ]
    }
  },
  "PRLODSTWS1_1#TCBB_WRK1195F4D40E": {
    "Type": "Job:Database:StoredProcedure",
    "ConnectionProfile": "UPCR1",
    "StoredProcedure": "TCBB_WRK1195F4D40E_SP",
    "Schema": "SQLEXT",
    "DaysKeepActive": "1",
    "SubApplication": "UPCR1",
    "Host": "CTMAG",
    "CreatedBy": "emuser",
    "Description": "== Conversion Messages Start ==\\n\\nMessage ID\\t: WRN6031 (2063-3733)\\n\\n== Conversion Messages End ==\\nAdded by composer.",
    "RunAs": "controlm",
    "Application": "ODS",
    "When": {
      "WeekDays": [
        "NONE"
      ],
      "Months": [
        "NONE"
      ],
      "MonthDays": [
        "NONE"
      ],
      "DaysRelation": "OR",
      "RuleBasedCalendars": {
        "Included": [
          "RC1"
        ]
      }
    },
    "eventsToWaitFor": {
      "Type": "WaitForEvents",
      "Events": [
        {
          "Event": "PRLODSTWS1_1#FDW_CODE_MAP-TO-PRLODSTWS1_1#TCBB_WRK1195F4D40E"
        },
        {
          "Event": "PRLODSTWS1_1#FDW_CONTRACT_PROD_TCBB-TO-PRLODSTWS1_1#TCBB_WRK1195F4D40E"
        },
        {
          "Event": "PRLODSTWS1_1#FDW_POLICY_X_PARTY_TCBB-TO-PRLODSTWS1_1#TCBB_WRK1195F4D40E"
        }
      ]
    },
    "eventsToAdd": {
      "Type": "AddEvents",
      "Events": [
        {
          "Event": "PRLODSTWS1_1#TCBB_WRK1195F4D40E-TO-PRLODSTWS1_1#TCBB_WRK1195F4D40E_PARAM"
        }
      ]
    },
    "eventsToDelete": {
      "Type": "DeleteEvents",
      "Events": [
        {
          "Event": "PRLODSTWS1_1#FDW_CODE_MAP-TO-PRLODSTWS1_1#TCBB_WRK1195F4D40E"
        },
        {
          "Event": "PRLODSTWS1_1#FDW_CONTRACT_PROD_TCBB-TO-PRLODSTWS1_1#TCBB_WRK1195F4D40E"
        },
        {
          "Event": "PRLODSTWS1_1#FDW_POLICY_X_PARTY_TCBB-TO-PRLODSTWS1_1#TCBB_WRK1195F4D40E"
        }
      ]
    }
  },
  "PRLODSTWS1_1#TCBB_WRK1195F1D40E": {
    "Type": "Job:Database:StoredProcedure",
    "ConnectionProfile": "UPCR1",
    "StoredProcedure": "TCBB_WRK1195F1D40E_SP",
    "Schema": "SQLEXT",
    "DaysKeepActive": "1",
    "SubApplication": "UPCR1",
    "Host": "CTMAG",
    "CreatedBy": "emuser",
    "Description": "== Conversion Messages Start ==\\n\\nMessage ID\\t: WRN6031 (2064-3734)\\n\\n== Conversion Messages End ==\\nAdded by composer.",
    "RunAs": "controlm",
    "Application": "ODS",
    "When": {
      "WeekDays": [
        "NONE"
      ],
      "Months": [
        "NONE"
      ],
      "MonthDays": [
        "NONE"
      ],
      "DaysRelation": "OR",
      "RuleBasedCalendars": {
        "Included": [
          "RC1"
        ]
      }
    },
    "eventsToWaitFor": {
      "Type": "WaitForEvents",
      "Events": [
        {
          "Event": "PRLODSTWS1_1#FDW_CONTRACT_MAST_TCBB-TO-PRLODSTWS1_1#TCBB_WRK1195F1D40E"
        },
        {
          "Event": "PRLODSTWS1_1#FDW_CONTRACT_PROD_TCBB-TO-PRLODSTWS1_1#TCBB_WRK1195F1D40E"
        }
      ]
    },
    "eventsToAdd": {
      "Type": "AddEvents",
      "Events": [
        {
          "Event": "PRLODSTWS1_1#TCBB_WRK1195F1D40E-TO-PRLODSTWS1_1#TCBB_WRK1195F1D40E_PARAM"
        }
      ]
    },
    "eventsToDelete": {
      "Type": "DeleteEvents",
      "Events": [
        {
          "Event": "PRLODSTWS1_1#FDW_CONTRACT_MAST_TCBB-TO-PRLODSTWS1_1#TCBB_WRK1195F1D40E"
        },
        {
          "Event": "PRLODSTWS1_1#FDW_CONTRACT_PROD_TCBB-TO-PRLODSTWS1_1#TCBB_WRK1195F1D40E"
        }
      ]
    }
  },
  "PRLODSTWS1_1#TCBB_CAP1270F1D40E_CM": {
    "Type": "Job:Command",
    "DaysKeepActive": "1",
    "SubApplication": "UPCR1",
    "Host": "CTMAG",
    "CreatedBy": "emuser",
    "Description": "Common Shell Template",
    "RunAs": "controlm",
    "Application": "ODS",
    "Command": "/home/tws/ods_batch_home/esp.batch.scripts/run.cmd.sh M_FDW_TCBB ${tws.job.name} %%\\\\global\\END_DT_CHAR.",
    "When": {
      "WeekDays": [
        "NONE"
      ],
      "Months": [
        "NONE"
      ],
      "MonthDays": [
        "NONE"
      ],
      "DaysRelation": "OR",
      "RuleBasedCalendars": {
        "Included": [
          "RC1"
        ]
      }
    },
    "eventsToWaitFor": {
      "Type": "WaitForEvents",
      "Events": [
        {
          "Event": "PRLODSTWS1_1#TCBB_CAP1270F1D40E_EX-TO-PRLODSTWS1_1#TCBB_CAP1270F1D40E_CM"
        }
      ]
    },
    "eventsToAdd": {
      "Type": "AddEvents",
      "Events": [
        {
          "Event": "PRLODSTWS1_1#TCBB_CAP1270F1D40E_CM-TO-PRLODSTWS1_1#TCBB_CAP1270F1D40E_FP"
        }
      ]
    },
    "eventsToDelete": {
      "Type": "DeleteEvents",
      "Events": [
        {
          "Event": "PRLODSTWS1_1#TCBB_CAP1270F1D40E_EX-TO-PRLODSTWS1_1#TCBB_CAP1270F1D40E_CM"
        }
      ]
    }
  },
  "PRLODSTWS1_1#TCBB_CAP1270F1D40E_FP": {
    "Type": "Job:Command",
    "DaysKeepActive": "1",
    "SubApplication": "UPCR1",
    "Host": "CTMAG",
    "CreatedBy": "emuser",
    "Description": "Ftp files for batch",
    "RunAs": "controlm",
    "Application": "ODS",
    "Command": "/home/tws/ods_batch_home/esp.batch.scripts/ftp.files.sh M_FDW_TCBB ${tws.job.name} %%\\\\global\\END_DT_CHAR.",
    "When": {
      "WeekDays": [
        "NONE"
      ],
      "Months": [
        "NONE"
      ],
      "MonthDays": [
        "NONE"
      ],
      "DaysRelation": "OR",
      "RuleBasedCalendars": {
        "Included": [
          "RC1"
        ]
      }
    },
    "eventsToWaitFor": {
      "Type": "WaitForEvents",
      "Events": [
        {
          "Event": "PRLODSTWS1_1#TCBB_CAP1270F1D40E_CM-TO-PRLODSTWS1_1#TCBB_CAP1270F1D40E_FP"
        }
      ]
    },
    "eventsToDelete": {
      "Type": "DeleteEvents",
      "Events": [
        {
          "Event": "PRLODSTWS1_1#TCBB_CAP1270F1D40E_CM-TO-PRLODSTWS1_1#TCBB_CAP1270F1D40E_FP"
        }
      ]
    }
  },
  "eventsToAdd": {
    "Type": "AddEvents",
    "Events": [
      {
        "Event": "PRLODSTWS1_1#M_FDW_TCBB-TO-PRLODSTWS1_1#BDS_STS_FDW_05G"
      }
    ]
  }
  }
}
