{
  "PRLODSTWS1_1#D_ODS_CLAIM_J": {
  "Type":  "Folder",
  "ControlmServer": "CTM",
  "Description": "== Conversion Messages Start ==\\n\\nMessage ID\\t: INF6107 (6115-10996)\\n\\nMessage ID\\t: INF6104 (6116-10996)\\n\\n== Conversion Messages End ==\\n",
  "OrderMethod": "Manual",
  "SubApplication": "UPCR1",
  "CreatedBy": "emuser",
  "Application": "ODS",
  "When": {
    "RuleBasedCalendars": {
      "Included": [
        "RC1"
      ],
      "RC1": {
        "Type": "Calendar:RuleBased",
        "When": {
          "MonthDaysCalendar": "RCG-D-NAT",
          "DaysRelation": "OR",
          "DaysKeepActive": "01",
          "WeekDays": [
            "NONE"
          ],
          "MonthDays": [
            "NONE"
          ]
        }
      }
    }
  },
  "PRLODSTWS1_1#CLAIM_J_FIN_1360_J_CPH": {
    "Type": "Job:EmbeddedScript",
    "Script": "/usr/bin/cp ^DIR_SOURCE^CLAIM_J/RQ/CTRL/FIN_1360_J/FIN_1360_J_^END_DT_CHAR^.txt ^DIR_TEMP^/CLAIM_J/FIN_1360_J.H",
    "DaysKeepActive": "1",
    "SubApplication": "UPCR1",
    "FileName": "PRLODSTWS1_1#CLAIM_J_FIN_1360_J_CPH.cmd",
    "Host": "CTMAG",
    "CreatedBy": "emuser",
    "Description": "Common Local Batch Template",
    "RunAs": "controlm",
    "Application": "ODS",
    "When": {
      "WeekDays": [
        "NONE"
      ],
      "Months": [
        "NONE"
      ],
      "MonthDays": [
        "NONE"
      ],
      "DaysRelation": "OR",
      "RuleBasedCalendars": {
        "Included": [
          "RC1"
        ]
      }
    },
    "eventsToWaitFor": {
      "Type": "WaitForEvents",
      "Events": [
        {
          "Event": "PRLODSTWS1_1#CLAIM_J_FIN_1360_J_WH-TO-PRLODSTWS1_1#CLAIM_J_FIN_1360_J_CPH"
        }
      ]
    },
    "eventsToAdd": {
      "Type": "AddEvents",
      "Events": [
        {
          "Event": "PRLODSTWS1_1#CLAIM_J_FIN_1360_J_CPH-TO-PRLODSTWS1_1#CLAIM_J_FIN_1360_J_CPD"
        }
      ]
    },
    "eventsToDelete": {
      "Type": "DeleteEvents",
      "Events": [
        {
          "Event": "PRLODSTWS1_1#CLAIM_J_FIN_1360_J_WH-TO-PRLODSTWS1_1#CLAIM_J_FIN_1360_J_CPH"
        }
      ]
    }
  },
  "PRLODSTWS1_1#O_CLAIM_J_FIN_1360_J": {
    "Type": "Job:Database:StoredProcedure",
    "ConnectionProfile": "UPCR1",
    "StoredProcedure": "O_CLAIM_J_FIN_1360_J_SP",
    "Schema": "SQLEXT",
    "DaysKeepActive": "1",
    "SubApplication": "UPCR1",
    "Host": "CTMAG",
    "CreatedBy": "emuser",
    "Description": "== Conversion Messages Start ==\\n\\nMessage ID\\t: WRN6031 (6112-10998)\\n\\n== Conversion Messages End ==\\nAdded by composer.",
    "RunAs": "controlm",
    "Application": "ODS",
    "When": {
      "WeekDays": [
        "NONE"
      ],
      "Months": [
        "NONE"
      ],
      "MonthDays": [
        "NONE"
      ],
      "DaysRelation": "OR",
      "RuleBasedCalendars": {
        "Included": [
          "RC1"
        ]
      }
    },
    "eventsToWaitFor": {
      "Type": "WaitForEvents",
      "Events": [
        {
          "Event": "PRLODSTWS1_1#CLAIM_J_FIN_1360_J_LD-TO-PRLODSTWS1_1#O_CLAIM_J_FIN_1360_J"
        }
      ]
    },
    "eventsToAdd": {
      "Type": "AddEvents",
      "Events": [
        {
          "Event": "PRLODSTWS1_1#O_CLAIM_J_FIN_1360_J-TO-PRLODSTWS1_1#CLAIM_J_FIN_1360_J_RMH"
        }
      ]
    },
    "eventsToDelete": {
      "Type": "DeleteEvents",
      "Events": [
        {
          "Event": "PRLODSTWS1_1#CLAIM_J_FIN_1360_J_LD-TO-PRLODSTWS1_1#O_CLAIM_J_FIN_1360_J"
        }
      ]
    }
  },
  "PRLODSTWS1_1#CLAIM_J_FIN_1360_J_WH": {
    "Type": "Job:EmbeddedScript",
    "Script": "date",
    "DaysKeepActive": "1",
    "SubApplication": "UPCR1",
    "FileName": "PRLODSTWS1_1#CLAIM_J_FIN_1360_J_WH.cmd",
    "Host": "CTMAG",
    "CreatedBy": "emuser",
    "Description": "== Conversion Messages Start ==\\n\\nMessage ID\\t: INF6110 (6113-10999)\\n\\n== Conversion Messages End ==\\nCommon Remote Batch Template",
    "RunAs": "controlm",
    "Application": "ODS",
    "When": {
      "WeekDays": [
        "NONE"
      ],
      "Months": [
        "NONE"
      ],
      "MonthDays": [
        "NONE"
      ],
      "DaysRelation": "OR",
      "RuleBasedCalendars": {
        "Included": [
          "RC1"
        ]
      }
    },
    "eventsToWaitFor": {
      "Type": "WaitForEvents",
      "Events": [
        {
          "Event": "PRLODSTWS1_1#SYS_STS_STG-TO-PRLODSTWS1_1#CLAIM_J_FIN_1360_J_WH"
        },
        {
          "Event": "PRLODSTWS1_1#CLAIM_J_FIN_1360_J_WH@PRLODSTWS1_1#D_ODS_CLAIM_J_opens_0"
        }
      ]
    },
    "eventsToAdd": {
      "Type": "AddEvents",
      "Events": [
        {
          "Event": "PRLODSTWS1_1#CLAIM_J_FIN_1360_J_WH-TO-PRLODSTWS1_1#CLAIM_J_FIN_1360_J_CPH"
        }
      ]
    },
    "eventsToDelete": {
      "Type": "DeleteEvents",
      "Events": [
        {
          "Event": "PRLODSTWS1_1#SYS_STS_STG-TO-PRLODSTWS1_1#CLAIM_J_FIN_1360_J_WH"
        },
        {
          "Event": "PRLODSTWS1_1#CLAIM_J_FIN_1360_J_WH@PRLODSTWS1_1#D_ODS_CLAIM_J_opens_0"
        }
      ]
    }
  },
  "PRLODSTWS1_1#CLAIM_J_FIN_1360_J_WH_opens_0": {
    "Type": "Job:FileWatcher:Create",
    "TimeLimit": "1380",
    "Wildcard": true,
    "Path": "%%DIR_SOURCECLAIM_J/RQ/CTRL/FIN_1360_J/FIN_1360_J_%%END_DT_CHAR.txt",
    "SubApplication": "UPCR1",
    "FileName": "PRLODSTWS1_1#CLAIM_J_FIN_1360_J_WH_opens_0",
    "Host": "PRLODSTWS1_1",
    "FilePath": "Not in use for File Watcher jobs",
    "CreatedBy": "emuser",
    "Description": "Assisting job created for PRLODSTWS1_1#CLAIM_J_FIN_1360_J_WH",
    "RunAs": "controlm",
    "Application": "ODS",
    "Variables": [
      {
        "END_DT_CHAR": "20220609"
      },
      {
        "DIR_SOURCE": "/home/tws/ods_batch_home/etl/SOURCE/"
      },
      {
        "FileWatch-PATH": "Not in use for File Watcher jobs"
      }
    ],
    "When": {
      "WeekDays": [
        "NONE"
      ],
      "Months": [
        "NONE"
      ],
      "MonthDays": [
        "NONE"
      ],
      "DaysRelation": "OR",
      "RuleBasedCalendars": {
        "Included": [
          "RC1"
        ]
      }
    },
    "eventsToAdd": {
      "Type": "AddEvents",
      "Events": [
        {
          "Event": "PRLODSTWS1_1#CLAIM_J_FIN_1360_J_WH@PRLODSTWS1_1#D_ODS_CLAIM_J_opens_0"
        }
      ]
    }
  },
  "PRLODSTWS1_1#CLAIM_J_FIN_1360_J_RMD": {
    "Type": "Job:EmbeddedScript",
    "Script": "/usr/bin/rm ^DIR_SOURCE^CLAIM_J/RQ/DATA/FIN_1360_J/FIN_1360_J_^END_DT_CHAR^.txt",
    "DaysKeepActive": "1",
    "SubApplication": "UPCR1",
    "FileName": "PRLODSTWS1_1#CLAIM_J_FIN_1360_J_RMD.cmd",
    "Host": "CTMAG",
    "CreatedBy": "emuser",
    "Description": "Common Local Batch Template",
    "RunAs": "controlm",
    "Application": "ODS",
    "When": {
      "WeekDays": [
        "NONE"
      ],
      "Months": [
        "NONE"
      ],
      "MonthDays": [
        "NONE"
      ],
      "DaysRelation": "OR",
      "RuleBasedCalendars": {
        "Included": [
          "RC1"
        ]
      }
    },
    "eventsToWaitFor": {
      "Type": "WaitForEvents",
      "Events": [
        {
          "Event": "PRLODSTWS1_1#CLAIM_J_FIN_1360_J_RMH-TO-PRLODSTWS1_1#CLAIM_J_FIN_1360_J_RMD"
        }
      ]
    },
    "eventsToDelete": {
      "Type": "DeleteEvents",
      "Events": [
        {
          "Event": "PRLODSTWS1_1#CLAIM_J_FIN_1360_J_RMH-TO-PRLODSTWS1_1#CLAIM_J_FIN_1360_J_RMD"
        }
      ]
    }
  },
  "PRLODSTWS1_1#FIN_1360_J": {
    "Type": "Job:Database:StoredProcedure",
    "ConnectionProfile": "UPCR1",
    "StoredProcedure": "FIN_1360_J_SP",
    "Schema": "SQLEXT",
    "DaysKeepActive": "1",
    "SubApplication": "UPCR1",
    "Host": "CTMAG",
    "CreatedBy": "emuser",
    "Description": "== Conversion Messages Start ==\\n\\nMessage ID\\t: WRN6031 (6114-11002)\\n\\n== Conversion Messages End ==\\nAdded by composer.",
    "RunAs": "controlm",
    "Application": "ODS",
    "When": {
      "WeekDays": [
        "NONE"
      ],
      "Months": [
        "NONE"
      ],
      "MonthDays": [
        "NONE"
      ],
      "DaysRelation": "OR",
      "RuleBasedCalendars": {
        "Included": [
          "RC1"
        ]
      }
    },
    "eventsToWaitFor": {
      "Type": "WaitForEvents",
      "Events": [
        {
          "Event": "PRLODSTWS1_1#CLAIM_J_FIN_1360_J_CPD-TO-PRLODSTWS1_1#FIN_1360_J"
        }
      ]
    },
    "eventsToAdd": {
      "Type": "AddEvents",
      "Events": [
        {
          "Event": "PRLODSTWS1_1#FIN_1360_J-TO-PRLODSTWS1_1#CLAIM_J_FIN_1360_J_LD"
        }
      ]
    },
    "eventsToDelete": {
      "Type": "DeleteEvents",
      "Events": [
        {
          "Event": "PRLODSTWS1_1#CLAIM_J_FIN_1360_J_CPD-TO-PRLODSTWS1_1#FIN_1360_J"
        }
      ]
    }
  },
  "PRLODSTWS1_1#CLAIM_J_FIN_1360_J_RMH": {
    "Type": "Job:EmbeddedScript",
    "Script": "/usr/bin/rm ^DIR_SOURCE^CLAIM_J/RQ/CTRL/FIN_1360_J/FIN_1360_J_^END_DT_CHAR^.txt",
    "DaysKeepActive": "1",
    "SubApplication": "UPCR1",
    "FileName": "PRLODSTWS1_1#CLAIM_J_FIN_1360_J_RMH.cmd",
    "Host": "CTMAG",
    "CreatedBy": "emuser",
    "Description": "Common Local Batch Template",
    "RunAs": "controlm",
    "Application": "ODS",
    "When": {
      "WeekDays": [
        "NONE"
      ],
      "Months": [
        "NONE"
      ],
      "MonthDays": [
        "NONE"
      ],
      "DaysRelation": "OR",
      "RuleBasedCalendars": {
        "Included": [
          "RC1"
        ]
      }
    },
    "eventsToWaitFor": {
      "Type": "WaitForEvents",
      "Events": [
        {
          "Event": "PRLODSTWS1_1#O_CLAIM_J_FIN_1360_J-TO-PRLODSTWS1_1#CLAIM_J_FIN_1360_J_RMH"
        }
      ]
    },
    "eventsToAdd": {
      "Type": "AddEvents",
      "Events": [
        {
          "Event": "PRLODSTWS1_1#CLAIM_J_FIN_1360_J_RMH-TO-PRLODSTWS1_1#CLAIM_J_FIN_1360_J_RMD"
        }
      ]
    },
    "eventsToDelete": {
      "Type": "DeleteEvents",
      "Events": [
        {
          "Event": "PRLODSTWS1_1#O_CLAIM_J_FIN_1360_J-TO-PRLODSTWS1_1#CLAIM_J_FIN_1360_J_RMH"
        }
      ]
    }
  },
  "PRLODSTWS1_1#CLAIM_J_FIN_1360_J_LD": {
    "Type": "Job:EmbeddedScript",
    "Script": "^DIR_OUTPUT_STG^CLAIM_J/FIN_1360_J/FIN_1360_J.sh ^ETLUSER^  ^ETLPWD^ ^DW_HOST^ ^END_DT_CHAR^",
    "DaysKeepActive": "1",
    "SubApplication": "UPCR1",
    "FileName": "PRLODSTWS1_1#CLAIM_J_FIN_1360_J_LD.cmd",
    "Host": "CTMAG",
    "CreatedBy": "emuser",
    "Description": "Common Local Batch Template",
    "RunAs": "controlm",
    "Application": "ODS",
    "When": {
      "WeekDays": [
        "NONE"
      ],
      "Months": [
        "NONE"
      ],
      "MonthDays": [
        "NONE"
      ],
      "DaysRelation": "OR",
      "RuleBasedCalendars": {
        "Included": [
          "RC1"
        ]
      }
    },
    "eventsToWaitFor": {
      "Type": "WaitForEvents",
      "Events": [
        {
          "Event": "PRLODSTWS1_1#FIN_1360_J-TO-PRLODSTWS1_1#CLAIM_J_FIN_1360_J_LD"
        }
      ]
    },
    "eventsToAdd": {
      "Type": "AddEvents",
      "Events": [
        {
          "Event": "PRLODSTWS1_1#CLAIM_J_FIN_1360_J_LD-TO-PRLODSTWS1_1#O_CLAIM_J_FIN_1360_J"
        }
      ]
    },
    "eventsToDelete": {
      "Type": "DeleteEvents",
      "Events": [
        {
          "Event": "PRLODSTWS1_1#FIN_1360_J-TO-PRLODSTWS1_1#CLAIM_J_FIN_1360_J_LD"
        }
      ]
    }
  },
  "PRLODSTWS1_1#CLAIM_J_FIN_1360_J_CPD": {
    "Type": "Job:EmbeddedScript",
    "Script": "/usr/bin/cp ^DIR_SOURCE^CLAIM_J/RQ/DATA/FIN_1360_J/FIN_1360_J_^END_DT_CHAR^.txt  ^DIR_TEMP^/CLAIM_J/FIN_1360_J.D",
    "DaysKeepActive": "1",
    "SubApplication": "UPCR1",
    "FileName": "PRLODSTWS1_1#CLAIM_J_FIN_1360_J_CPD.cmd",
    "Host": "CTMAG",
    "CreatedBy": "emuser",
    "Description": "Common Local Batch Template",
    "RunAs": "controlm",
    "Application": "ODS",
    "When": {
      "WeekDays": [
        "NONE"
      ],
      "Months": [
        "NONE"
      ],
      "MonthDays": [
        "NONE"
      ],
      "DaysRelation": "OR",
      "RuleBasedCalendars": {
        "Included": [
          "RC1"
        ]
      }
    },
    "eventsToWaitFor": {
      "Type": "WaitForEvents",
      "Events": [
        {
          "Event": "PRLODSTWS1_1#CLAIM_J_FIN_1360_J_CPH-TO-PRLODSTWS1_1#CLAIM_J_FIN_1360_J_CPD"
        }
      ]
    },
    "eventsToAdd": {
      "Type": "AddEvents",
      "Events": [
        {
          "Event": "PRLODSTWS1_1#CLAIM_J_FIN_1360_J_CPD-TO-PRLODSTWS1_1#FIN_1360_J"
        }
      ]
    },
    "eventsToDelete": {
      "Type": "DeleteEvents",
      "Events": [
        {
          "Event": "PRLODSTWS1_1#CLAIM_J_FIN_1360_J_CPH-TO-PRLODSTWS1_1#CLAIM_J_FIN_1360_J_CPD"
        }
      ]
    }
  }
  }
}
