{
  "PRLODSTWS1_1#D_RPT_SC_8": {
  "Type":  "Folder",
  "ControlmServer": "CTM",
  "Description": "== Conversion Messages Start ==\\n\\nMessage ID\\t: INF6107 (175-325)\\n\\nMessage ID\\t: INF6104 (176-325)\\n\\n== Conversion Messages End ==\\n",
  "OrderMethod": "Manual",
  "SubApplication": "UPCR1",
  "CreatedBy": "emuser",
  "Application": "ODS",
  "When": {
    "RuleBasedCalendars": {
      "Included": [
        "RC1"
      ],
      "RC1": {
        "Type": "Calendar:RuleBased",
        "When": {
          "MonthDaysCalendar": "RCG-D-NAT",
          "DaysRelation": "OR",
          "DaysKeepActive": "01",
          "WeekDays": [
            "NONE"
          ],
          "MonthDays": [
            "NONE"
          ]
        }
      }
    }
  },
  "PRLODSTWS1_1#SC_6810_11G": {
    "Type": "Job:Database:StoredProcedure",
    "ConnectionProfile": "UPCR1",
    "StoredProcedure": "SC_6810_11G_SP",
    "Schema": "SQLEXT",
    "DaysKeepActive": "1",
    "SubApplication": "UPCR1",
    "Host": "CTMAG",
    "CreatedBy": "emuser",
    "Description": "== Conversion Messages Start ==\\n\\nMessage ID\\t: WRN6031 (173-326)\\n\\n== Conversion Messages End ==\\nAdded by composer.",
    "RunAs": "controlm",
    "Application": "ODS",
    "When": {
      "WeekDays": [
        "NONE"
      ],
      "Months": [
        "NONE"
      ],
      "MonthDays": [
        "NONE"
      ],
      "DaysRelation": "OR",
      "RuleBasedCalendars": {
        "Included": [
          "RC1"
        ]
      }
    },
    "eventsToWaitFor": {
      "Type": "WaitForEvents",
      "Events": [
        {
          "Event": "PRLODSTWS1_1#SDM_CHANNEL_ORG-TO-PRLODSTWS1_1#SC_6810_11G"
        },
        {
          "Event": "PRLODSTWS1_1#SDM_ADDRESS-TO-PRLODSTWS1_1#SC_6810_11G"
        }
      ]
    },
    "eventsToDelete": {
      "Type": "DeleteEvents",
      "Events": [
        {
          "Event": "PRLODSTWS1_1#SDM_CHANNEL_ORG-TO-PRLODSTWS1_1#SC_6810_11G"
        },
        {
          "Event": "PRLODSTWS1_1#SDM_ADDRESS-TO-PRLODSTWS1_1#SC_6810_11G"
        }
      ]
    }
  },
  "PRLODSTWS1_1#SC_6820_11G": {
    "Type": "Job:Database:StoredProcedure",
    "ConnectionProfile": "UPCR1",
    "StoredProcedure": "SC_6820_11G_SP",
    "Schema": "SQLEXT",
    "DaysKeepActive": "1",
    "SubApplication": "UPCR1",
    "Host": "CTMAG",
    "CreatedBy": "emuser",
    "Description": "== Conversion Messages Start ==\\n\\nMessage ID\\t: WRN6031 (174-327)\\n\\n== Conversion Messages End ==\\nAdded by composer.",
    "RunAs": "controlm",
    "Application": "ODS",
    "When": {
      "WeekDays": [
        "NONE"
      ],
      "Months": [
        "NONE"
      ],
      "MonthDays": [
        "NONE"
      ],
      "DaysRelation": "OR",
      "RuleBasedCalendars": {
        "Included": [
          "RC1"
        ]
      }
    },
    "eventsToWaitFor": {
      "Type": "WaitForEvents",
      "Events": [
        {
          "Event": "PRLODSTWS1_1#SDM_CHANNEL_ORG-TO-PRLODSTWS1_1#SC_6820_11G"
        },
        {
          "Event": "PRLODSTWS1_1#SDM_ADDRESS-TO-PRLODSTWS1_1#SC_6820_11G"
        }
      ]
    },
    "eventsToDelete": {
      "Type": "DeleteEvents",
      "Events": [
        {
          "Event": "PRLODSTWS1_1#SDM_CHANNEL_ORG-TO-PRLODSTWS1_1#SC_6820_11G"
        },
        {
          "Event": "PRLODSTWS1_1#SDM_ADDRESS-TO-PRLODSTWS1_1#SC_6820_11G"
        }
      ]
    }
  },
  "eventsToAdd": {
    "Type": "AddEvents",
    "Events": [
      {
        "Event": "PRLODSTWS1_1#D_RPT_SC_8-TO-PRLODSTWS1_1#BDS_STS_RPT_SC"
      }
    ]
  }
  }
}
