{
  "PRLODSTWS1_1#ADHOC_ROXANF890": {
  "Type":  "Folder",
  "ControlmServer": "CTM",
  "Description": "== Conversion Messages Start ==\\n\\nMessage ID\\t: INF6107 (5001-8793)\\n\\nMessage ID\\t: INF6104 (5002-8793)\\n\\n== Conversion Messages End ==\\n",
  "OrderMethod": "Manual",
  "SubApplication": "UPCR1",
  "CreatedBy": "emuser",
  "Application": "ODS",
  "When": {
    "RuleBasedCalendars": {
      "Included": [
        "Manual_order"
      ],
      "Manual_order": {
        "Type": "Calendar:RuleBased",
        "When": {
          "DaysRelation": "OR",
          "DaysKeepActive": "01",
          "WeekDays": [
            "NONE"
          ],
          "Months": [
            "NONE"
          ],
          "MonthDays": [
            "NONE"
          ]
        }
      }
    }
  },
  "PRLODSTWS1_1#FIN_0892_11G": {
    "Type": "Job:Database:StoredProcedure",
    "ConnectionProfile": "UPCR1",
    "StoredProcedure": "FIN_0892_11G_SP",
    "Schema": "SQLEXT",
    "DaysKeepActive": "1",
    "SubApplication": "UPCR1",
    "Host": "CTMAG",
    "CreatedBy": "emuser",
    "Description": "== Conversion Messages Start ==\\n\\nMessage ID\\t: WRN6031 (4995-8794)\\n\\n== Conversion Messages End ==\\nAdded by composer.",
    "RunAs": "controlm",
    "Application": "ODS",
    "When": {
      "WeekDays": [
        "NONE"
      ],
      "Months": [
        "NONE"
      ],
      "MonthDays": [
        "NONE"
      ],
      "DaysRelation": "OR",
      "RuleBasedCalendars": {
        "Included": [
          "Manual_order"
        ]
      }
    },
    "eventsToWaitFor": {
      "Type": "WaitForEvents",
      "Events": [
        {
          "Event": "PRLODSTWS1_1#O_GL_TRIAL_BALANCE-TO-PRLODSTWS1_1#FIN_0892_11G_1"
        },
        {
          "Event": "PRLODSTWS1_1#SYS_STS_STG-TO-PRLODSTWS1_1#FIN_0892_11G"
        }
      ]
    },
    "eventsToAdd": {
      "Type": "AddEvents",
      "Events": [
        {
          "Event": "PRLODSTWS1_1#FIN_0892_11G-TO-PRLODSTWS1_1#FIN_0891_11G_1"
        },
        {
          "Event": "PRLODSTWS1_1#FIN_0892_11G-TO-PRLODSTWS1_1#FIN_0892_PARAM_1"
        }
      ]
    },
    "eventsToDelete": {
      "Type": "DeleteEvents",
      "Events": [
        {
          "Event": "PRLODSTWS1_1#O_GL_TRIAL_BALANCE-TO-PRLODSTWS1_1#FIN_0892_11G_1"
        },
        {
          "Event": "PRLODSTWS1_1#SYS_STS_STG-TO-PRLODSTWS1_1#FIN_0892_11G"
        }
      ]
    }
  },
  "PRLODSTWS1_1#FIN_0891_PARAM": {
    "Type": "Job:Database:StoredProcedure",
    "ConnectionProfile": "UPCR1",
    "StoredProcedure": "FIN_0891_PARAM_SP",
    "Schema": "SQLEXT",
    "DaysKeepActive": "1",
    "SubApplication": "UPCR1",
    "Host": "CTMAG",
    "CreatedBy": "emuser",
    "Description": "== Conversion Messages Start ==\\n\\nMessage ID\\t: WRN6031 (4996-8795)\\n\\n== Conversion Messages End ==\\nAdded by composer.",
    "RunAs": "controlm",
    "Application": "ODS",
    "When": {
      "WeekDays": [
        "NONE"
      ],
      "Months": [
        "NONE"
      ],
      "MonthDays": [
        "NONE"
      ],
      "DaysRelation": "OR",
      "RuleBasedCalendars": {
        "Included": [
          "Manual_order"
        ]
      }
    },
    "eventsToWaitFor": {
      "Type": "WaitForEvents",
      "Events": [
        {
          "Event": "PRLODSTWS1_1#FIN_0891_11G-TO-PRLODSTWS1_1#FIN_0891_PARAM_1"
        },
        {
          "Event": "PRLODSTWS1_1#FIN_JOB_PARAM-TO-PRLODSTWS1_1#FIN_0891_PARAM_1"
        }
      ]
    },
    "eventsToAdd": {
      "Type": "AddEvents",
      "Events": [
        {
          "Event": "PRLODSTWS1_1#FIN_0891_PARAM-TO-PRLODSTWS1_1#FIN_0891_CR_1"
        }
      ]
    },
    "eventsToDelete": {
      "Type": "DeleteEvents",
      "Events": [
        {
          "Event": "PRLODSTWS1_1#FIN_0891_11G-TO-PRLODSTWS1_1#FIN_0891_PARAM_1"
        },
        {
          "Event": "PRLODSTWS1_1#FIN_JOB_PARAM-TO-PRLODSTWS1_1#FIN_0891_PARAM_1"
        }
      ]
    }
  },
  "PRLODSTWS1_1#FIN_0891_11G": {
    "Type": "Job:Database:StoredProcedure",
    "ConnectionProfile": "UPCR1",
    "StoredProcedure": "FIN_0891_11G_SP",
    "Schema": "SQLEXT",
    "DaysKeepActive": "1",
    "SubApplication": "UPCR1",
    "Host": "CTMAG",
    "CreatedBy": "emuser",
    "Description": "== Conversion Messages Start ==\\n\\nMessage ID\\t: WRN6031 (4997-8796)\\n\\n== Conversion Messages End ==\\nAdded by composer.",
    "RunAs": "controlm",
    "Application": "ODS",
    "When": {
      "WeekDays": [
        "NONE"
      ],
      "Months": [
        "NONE"
      ],
      "MonthDays": [
        "NONE"
      ],
      "DaysRelation": "OR",
      "RuleBasedCalendars": {
        "Included": [
          "Manual_order"
        ]
      }
    },
    "eventsToWaitFor": {
      "Type": "WaitForEvents",
      "Events": [
        {
          "Event": "PRLODSTWS1_1#FIN_0892_11G-TO-PRLODSTWS1_1#FIN_0891_11G_1"
        }
      ]
    },
    "eventsToAdd": {
      "Type": "AddEvents",
      "Events": [
        {
          "Event": "PRLODSTWS1_1#FIN_0891_11G-TO-PRLODSTWS1_1#FIN_0891_PARAM_1"
        },
        {
          "Event": "PRLODSTWS1_1#FIN_0891_11G-TO-PRLODSTWS1_1#FIN_0890_11G_1"
        }
      ]
    },
    "eventsToDelete": {
      "Type": "DeleteEvents",
      "Events": [
        {
          "Event": "PRLODSTWS1_1#FIN_0892_11G-TO-PRLODSTWS1_1#FIN_0891_11G_1"
        }
      ]
    }
  },
  "PRLODSTWS1_1#FIN_0890_PARAM": {
    "Type": "Job:Database:StoredProcedure",
    "ConnectionProfile": "UPCR1",
    "StoredProcedure": "FIN_0890_PARAM_SP",
    "Schema": "SQLEXT",
    "DaysKeepActive": "1",
    "SubApplication": "UPCR1",
    "Host": "CTMAG",
    "CreatedBy": "emuser",
    "Description": "== Conversion Messages Start ==\\n\\nMessage ID\\t: WRN6031 (4998-8797)\\n\\n== Conversion Messages End ==\\nAdded by composer.",
    "RunAs": "controlm",
    "Application": "ODS",
    "When": {
      "WeekDays": [
        "NONE"
      ],
      "Months": [
        "NONE"
      ],
      "MonthDays": [
        "NONE"
      ],
      "DaysRelation": "OR",
      "RuleBasedCalendars": {
        "Included": [
          "Manual_order"
        ]
      }
    },
    "eventsToWaitFor": {
      "Type": "WaitForEvents",
      "Events": [
        {
          "Event": "PRLODSTWS1_1#FIN_0890_11G-TO-PRLODSTWS1_1#FIN_0890_PARAM_1"
        },
        {
          "Event": "PRLODSTWS1_1#FIN_JOB_PARAM-TO-PRLODSTWS1_1#FIN_0890_PARAM_1"
        }
      ]
    },
    "eventsToAdd": {
      "Type": "AddEvents",
      "Events": [
        {
          "Event": "PRLODSTWS1_1#FIN_0890_PARAM-TO-PRLODSTWS1_1#FIN_0890_CR_1"
        }
      ]
    },
    "eventsToDelete": {
      "Type": "DeleteEvents",
      "Events": [
        {
          "Event": "PRLODSTWS1_1#FIN_0890_11G-TO-PRLODSTWS1_1#FIN_0890_PARAM_1"
        },
        {
          "Event": "PRLODSTWS1_1#FIN_JOB_PARAM-TO-PRLODSTWS1_1#FIN_0890_PARAM_1"
        }
      ]
    }
  },
  "PRLODSTWS1_1#FIN_0892_CR": {
    "Type": "Job:Command",
    "DaysKeepActive": "1",
    "SubApplication": "UPCR1",
    "Host": "CTMAG",
    "CreatedBy": "emuser",
    "Description": "generate the report file for batch",
    "RunAs": "controlm",
    "Application": "ODS",
    "Command": "/home/tws/ods_batch_home/esp.batch.scripts/gen.report.sh D_RPT_FIN ${tws.job.name} %%\\\\global\\END_DT_CHAR.",
    "When": {
      "WeekDays": [
        "NONE"
      ],
      "Months": [
        "NONE"
      ],
      "MonthDays": [
        "NONE"
      ],
      "DaysRelation": "OR",
      "RuleBasedCalendars": {
        "Included": [
          "Manual_order"
        ]
      }
    },
    "eventsToWaitFor": {
      "Type": "WaitForEvents",
      "Events": [
        {
          "Event": "PRLODSTWS1_1#FIN_0892_PARAM-TO-PRLODSTWS1_1#FIN_0892_CR_1"
        }
      ]
    },
    "eventsToAdd": {
      "Type": "AddEvents",
      "Events": [
        {
          "Event": "PRLODSTWS1_1#FIN_0892_CR-TO-PRLODSTWS1_1#FIN_0892_CF_1"
        }
      ]
    },
    "eventsToDelete": {
      "Type": "DeleteEvents",
      "Events": [
        {
          "Event": "PRLODSTWS1_1#FIN_0892_PARAM-TO-PRLODSTWS1_1#FIN_0892_CR_1"
        }
      ]
    }
  },
  "PRLODSTWS1_1#FIN_0890_CR": {
    "Type": "Job:Command",
    "DaysKeepActive": "1",
    "SubApplication": "UPCR1",
    "Host": "CTMAG",
    "CreatedBy": "emuser",
    "Description": "generate the report file for batch",
    "RunAs": "controlm",
    "Application": "ODS",
    "Command": "/home/tws/ods_batch_home/esp.batch.scripts/gen.report.sh D_RPT_FIN ${tws.job.name} %%\\\\global\\END_DT_CHAR.",
    "When": {
      "WeekDays": [
        "NONE"
      ],
      "Months": [
        "NONE"
      ],
      "MonthDays": [
        "NONE"
      ],
      "DaysRelation": "OR",
      "RuleBasedCalendars": {
        "Included": [
          "Manual_order"
        ]
      }
    },
    "eventsToWaitFor": {
      "Type": "WaitForEvents",
      "Events": [
        {
          "Event": "PRLODSTWS1_1#FIN_0890_PARAM-TO-PRLODSTWS1_1#FIN_0890_CR_1"
        }
      ]
    },
    "eventsToAdd": {
      "Type": "AddEvents",
      "Events": [
        {
          "Event": "PRLODSTWS1_1#FIN_0890_CR-TO-PRLODSTWS1_1#FIN_0890_CF_1"
        }
      ]
    },
    "eventsToDelete": {
      "Type": "DeleteEvents",
      "Events": [
        {
          "Event": "PRLODSTWS1_1#FIN_0890_PARAM-TO-PRLODSTWS1_1#FIN_0890_CR_1"
        }
      ]
    }
  },
  "PRLODSTWS1_1#FIN_0891_CR": {
    "Type": "Job:Command",
    "DaysKeepActive": "1",
    "SubApplication": "UPCR1",
    "Host": "CTMAG",
    "CreatedBy": "emuser",
    "Description": "generate the report file for batch",
    "RunAs": "controlm",
    "Application": "ODS",
    "Command": "/home/tws/ods_batch_home/esp.batch.scripts/gen.report.sh D_RPT_FIN ${tws.job.name} %%\\\\global\\END_DT_CHAR.",
    "When": {
      "WeekDays": [
        "NONE"
      ],
      "Months": [
        "NONE"
      ],
      "MonthDays": [
        "NONE"
      ],
      "DaysRelation": "OR",
      "RuleBasedCalendars": {
        "Included": [
          "Manual_order"
        ]
      }
    },
    "eventsToWaitFor": {
      "Type": "WaitForEvents",
      "Events": [
        {
          "Event": "PRLODSTWS1_1#FIN_0891_PARAM-TO-PRLODSTWS1_1#FIN_0891_CR_1"
        }
      ]
    },
    "eventsToAdd": {
      "Type": "AddEvents",
      "Events": [
        {
          "Event": "PRLODSTWS1_1#FIN_0891_CR-TO-PRLODSTWS1_1#FIN_0891_CF_1"
        }
      ]
    },
    "eventsToDelete": {
      "Type": "DeleteEvents",
      "Events": [
        {
          "Event": "PRLODSTWS1_1#FIN_0891_PARAM-TO-PRLODSTWS1_1#FIN_0891_CR_1"
        }
      ]
    }
  },
  "PRLODSTWS1_1#FIN_0892_CF": {
    "Type": "Job:Command",
    "DaysKeepActive": "1",
    "SubApplication": "UPCR1",
    "Host": "CTMAG",
    "CreatedBy": "emuser",
    "Description": "archiving file for batch",
    "RunAs": "controlm",
    "Application": "ODS",
    "Command": "/home/tws/ods_batch_home/esp.batch.scripts/archiving.file.sh D_RPT_FIN ${tws.job.name} %%\\\\global\\END_DT_CHAR.",
    "When": {
      "WeekDays": [
        "NONE"
      ],
      "Months": [
        "NONE"
      ],
      "MonthDays": [
        "NONE"
      ],
      "DaysRelation": "OR",
      "RuleBasedCalendars": {
        "Included": [
          "Manual_order"
        ]
      }
    },
    "eventsToWaitFor": {
      "Type": "WaitForEvents",
      "Events": [
        {
          "Event": "PRLODSTWS1_1#FIN_0892_CR-TO-PRLODSTWS1_1#FIN_0892_CF_1"
        }
      ]
    },
    "eventsToDelete": {
      "Type": "DeleteEvents",
      "Events": [
        {
          "Event": "PRLODSTWS1_1#FIN_0892_CR-TO-PRLODSTWS1_1#FIN_0892_CF_1"
        }
      ]
    }
  },
  "PRLODSTWS1_1#FIN_0892_PARAM": {
    "Type": "Job:Database:StoredProcedure",
    "ConnectionProfile": "UPCR1",
    "StoredProcedure": "FIN_0892_PARAM_SP",
    "Schema": "SQLEXT",
    "DaysKeepActive": "1",
    "SubApplication": "UPCR1",
    "Host": "CTMAG",
    "CreatedBy": "emuser",
    "Description": "== Conversion Messages Start ==\\n\\nMessage ID\\t: WRN6031 (4999-8802)\\n\\n== Conversion Messages End ==\\nAdded by composer.",
    "RunAs": "controlm",
    "Application": "ODS",
    "When": {
      "WeekDays": [
        "NONE"
      ],
      "Months": [
        "NONE"
      ],
      "MonthDays": [
        "NONE"
      ],
      "DaysRelation": "OR",
      "RuleBasedCalendars": {
        "Included": [
          "Manual_order"
        ]
      }
    },
    "eventsToWaitFor": {
      "Type": "WaitForEvents",
      "Events": [
        {
          "Event": "PRLODSTWS1_1#FIN_0892_11G-TO-PRLODSTWS1_1#FIN_0892_PARAM_1"
        }
      ]
    },
    "eventsToAdd": {
      "Type": "AddEvents",
      "Events": [
        {
          "Event": "PRLODSTWS1_1#FIN_0892_PARAM-TO-PRLODSTWS1_1#FIN_0892_CR_1"
        }
      ]
    },
    "eventsToDelete": {
      "Type": "DeleteEvents",
      "Events": [
        {
          "Event": "PRLODSTWS1_1#FIN_0892_11G-TO-PRLODSTWS1_1#FIN_0892_PARAM_1"
        }
      ]
    }
  },
  "PRLODSTWS1_1#FIN_0890_11G": {
    "Type": "Job:Database:StoredProcedure",
    "ConnectionProfile": "UPCR1",
    "StoredProcedure": "FIN_0890_11G_SP",
    "Schema": "SQLEXT",
    "DaysKeepActive": "1",
    "SubApplication": "UPCR1",
    "Host": "CTMAG",
    "CreatedBy": "emuser",
    "Description": "== Conversion Messages Start ==\\n\\nMessage ID\\t: WRN6031 (5000-8803)\\n\\n== Conversion Messages End ==\\nAdded by composer.",
    "RunAs": "controlm",
    "Application": "ODS",
    "When": {
      "WeekDays": [
        "NONE"
      ],
      "Months": [
        "NONE"
      ],
      "MonthDays": [
        "NONE"
      ],
      "DaysRelation": "OR",
      "RuleBasedCalendars": {
        "Included": [
          "Manual_order"
        ]
      }
    },
    "eventsToWaitFor": {
      "Type": "WaitForEvents",
      "Events": [
        {
          "Event": "PRLODSTWS1_1#FIN_0891_11G-TO-PRLODSTWS1_1#FIN_0890_11G_1"
        }
      ]
    },
    "eventsToAdd": {
      "Type": "AddEvents",
      "Events": [
        {
          "Event": "PRLODSTWS1_1#FIN_0890_11G-TO-PRLODSTWS1_1#FIN_0890_PARAM_1"
        }
      ]
    },
    "eventsToDelete": {
      "Type": "DeleteEvents",
      "Events": [
        {
          "Event": "PRLODSTWS1_1#FIN_0891_11G-TO-PRLODSTWS1_1#FIN_0890_11G_1"
        }
      ]
    }
  },
  "PRLODSTWS1_1#FIN_0890_CF": {
    "Type": "Job:Command",
    "DaysKeepActive": "1",
    "SubApplication": "UPCR1",
    "Host": "CTMAG",
    "CreatedBy": "emuser",
    "Description": "archiving file for batch",
    "RunAs": "controlm",
    "Application": "ODS",
    "Command": "/home/tws/ods_batch_home/esp.batch.scripts/archiving.file.sh D_RPT_FIN ${tws.job.name} %%\\\\global\\END_DT_CHAR.",
    "When": {
      "WeekDays": [
        "NONE"
      ],
      "Months": [
        "NONE"
      ],
      "MonthDays": [
        "NONE"
      ],
      "DaysRelation": "OR",
      "RuleBasedCalendars": {
        "Included": [
          "Manual_order"
        ]
      }
    },
    "eventsToWaitFor": {
      "Type": "WaitForEvents",
      "Events": [
        {
          "Event": "PRLODSTWS1_1#FIN_0890_CR-TO-PRLODSTWS1_1#FIN_0890_CF_1"
        }
      ]
    },
    "eventsToDelete": {
      "Type": "DeleteEvents",
      "Events": [
        {
          "Event": "PRLODSTWS1_1#FIN_0890_CR-TO-PRLODSTWS1_1#FIN_0890_CF_1"
        }
      ]
    }
  },
  "PRLODSTWS1_1#FIN_0891_CF": {
    "Type": "Job:Command",
    "DaysKeepActive": "1",
    "SubApplication": "UPCR1",
    "Host": "CTMAG",
    "CreatedBy": "emuser",
    "Description": "archiving file for batch",
    "RunAs": "controlm",
    "Application": "ODS",
    "Command": "/home/tws/ods_batch_home/esp.batch.scripts/archiving.file.sh D_RPT_FIN ${tws.job.name} %%\\\\global\\END_DT_CHAR.",
    "When": {
      "WeekDays": [
        "NONE"
      ],
      "Months": [
        "NONE"
      ],
      "MonthDays": [
        "NONE"
      ],
      "DaysRelation": "OR",
      "RuleBasedCalendars": {
        "Included": [
          "Manual_order"
        ]
      }
    },
    "eventsToWaitFor": {
      "Type": "WaitForEvents",
      "Events": [
        {
          "Event": "PRLODSTWS1_1#FIN_0891_CR-TO-PRLODSTWS1_1#FIN_0891_CF_1"
        }
      ]
    },
    "eventsToDelete": {
      "Type": "DeleteEvents",
      "Events": [
        {
          "Event": "PRLODSTWS1_1#FIN_0891_CR-TO-PRLODSTWS1_1#FIN_0891_CF_1"
        }
      ]
    }
  }
  }
}
