{
  "PRLODSTWS1_1#D_RPT_POS_2": {
  "Type":  "Folder",
  "ControlmServer": "CTM",
  "Description": "== Conversion Messages Start ==\\n\\nMessage ID\\t: INF6107 (1346-2308)\\n\\nMessage ID\\t: INF6104 (1347-2308)\\n\\n== Conversion Messages End ==\\n",
  "OrderMethod": "Manual",
  "SubApplication": "UPCR1",
  "CreatedBy": "emuser",
  "Application": "ODS",
  "When": {
    "RuleBasedCalendars": {
      "Included": [
        "RC1"
      ],
      "RC1": {
        "Type": "Calendar:RuleBased",
        "When": {
          "MonthDaysCalendar": "RCG-D-NAT",
          "DaysRelation": "OR",
          "DaysKeepActive": "01",
          "WeekDays": [
            "NONE"
          ],
          "MonthDays": [
            "NONE"
          ]
        }
      }
    }
  },
  "PRLODSTWS1_1#POS_1610_ML": {
    "Type": "Job:Command",
    "DaysKeepActive": "1",
    "SubApplication": "UPCR1",
    "Host": "CTMAG",
    "CreatedBy": "emuser",
    "Description": "email and attachments for batch",
    "RunAs": "controlm",
    "Application": "ODS",
    "Command": "/home/tws/ods_batch_home/esp.batch.scripts/send.email.sh D_RPT_POS ${tws.job.name} %%\\\\global\\END_DT_CHAR.",
    "When": {
      "WeekDays": [
        "NONE"
      ],
      "Months": [
        "NONE"
      ],
      "MonthDays": [
        "NONE"
      ],
      "DaysRelation": "OR",
      "RuleBasedCalendars": {
        "Included": [
          "RC1"
        ]
      }
    },
    "eventsToWaitFor": {
      "Type": "WaitForEvents",
      "Events": [
        {
          "Event": "PRLODSTWS1_1#POS_1610_ZP-TO-PRLODSTWS1_1#POS_1610_ML"
        }
      ]
    },
    "eventsToDelete": {
      "Type": "DeleteEvents",
      "Events": [
        {
          "Event": "PRLODSTWS1_1#POS_1610_ZP-TO-PRLODSTWS1_1#POS_1610_ML"
        }
      ]
    }
  },
  "PRLODSTWS1_1#POS_1530_CF": {
    "Type": "Job:Command",
    "DaysKeepActive": "1",
    "SubApplication": "UPCR1",
    "Host": "CTMAG",
    "CreatedBy": "emuser",
    "Description": "archiving file for batch",
    "RunAs": "controlm",
    "Application": "ODS",
    "Command": "/home/tws/ods_batch_home/esp.batch.scripts/archiving.file.sh D_RPT_POS ${tws.job.name} %%\\\\global\\END_DT_CHAR.",
    "When": {
      "WeekDays": [
        "NONE"
      ],
      "Months": [
        "NONE"
      ],
      "MonthDays": [
        "NONE"
      ],
      "DaysRelation": "OR",
      "RuleBasedCalendars": {
        "Included": [
          "RC1"
        ]
      }
    },
    "eventsToWaitFor": {
      "Type": "WaitForEvents",
      "Events": [
        {
          "Event": "PRLODSTWS1_1#POS_1530_CR-TO-PRLODSTWS1_1#POS_1530_CF"
        }
      ]
    },
    "eventsToAdd": {
      "Type": "AddEvents",
      "Events": [
        {
          "Event": "PRLODSTWS1_1#POS_1530_CF-TO-PRLODSTWS1_1#POS_1530_ZP"
        }
      ]
    },
    "eventsToDelete": {
      "Type": "DeleteEvents",
      "Events": [
        {
          "Event": "PRLODSTWS1_1#POS_1530_CR-TO-PRLODSTWS1_1#POS_1530_CF"
        }
      ]
    }
  },
  "PRLODSTWS1_1#POS_1650_12G": {
    "Type": "Job:Database:StoredProcedure",
    "ConnectionProfile": "UPCR1",
    "StoredProcedure": "POS_1650_12G_SP",
    "Schema": "SQLEXT",
    "DaysKeepActive": "1",
    "SubApplication": "UPCR1",
    "Host": "CTMAG",
    "CreatedBy": "emuser",
    "Description": "== Conversion Messages Start ==\\n\\nMessage ID\\t: WRN6031 (1336-2311)\\n\\n== Conversion Messages End ==\\nAdded by composer.",
    "RunAs": "controlm",
    "Application": "ODS",
    "When": {
      "WeekDays": [
        "NONE"
      ],
      "Months": [
        "NONE"
      ],
      "MonthDays": [
        "NONE"
      ],
      "DaysRelation": "OR",
      "RuleBasedCalendars": {
        "Included": [
          "RC1"
        ]
      }
    },
    "eventsToWaitFor": {
      "Type": "WaitForEvents",
      "Events": [
        {
          "Event": "PRLODSTWS1_1#POS_1650_11G-TO-PRLODSTWS1_1#POS_1650_12G"
        },
        {
          "Event": "PRLODSTWS1_1#POS_REF_KPI-TO-PRLODSTWS1_1#POS_1650_12G"
        }
      ]
    },
    "eventsToDelete": {
      "Type": "DeleteEvents",
      "Events": [
        {
          "Event": "PRLODSTWS1_1#POS_1650_11G-TO-PRLODSTWS1_1#POS_1650_12G"
        },
        {
          "Event": "PRLODSTWS1_1#POS_REF_KPI-TO-PRLODSTWS1_1#POS_1650_12G"
        }
      ]
    }
  },
  "PRLODSTWS1_1#POS_1610_11G": {
    "Type": "Job:Database:StoredProcedure",
    "ConnectionProfile": "UPCR1",
    "StoredProcedure": "POS_1610_11G_SP",
    "Schema": "SQLEXT",
    "DaysKeepActive": "1",
    "SubApplication": "UPCR1",
    "Host": "CTMAG",
    "CreatedBy": "emuser",
    "Description": "== Conversion Messages Start ==\\n\\nMessage ID\\t: WRN6031 (1337-2312)\\n\\n== Conversion Messages End ==\\nAdded by composer.",
    "RunAs": "controlm",
    "Application": "ODS",
    "When": {
      "WeekDays": [
        "NONE"
      ],
      "Months": [
        "NONE"
      ],
      "MonthDays": [
        "NONE"
      ],
      "DaysRelation": "OR",
      "RuleBasedCalendars": {
        "Included": [
          "RC1"
        ]
      }
    },
    "eventsToWaitFor": {
      "Type": "WaitForEvents",
      "Events": [
        {
          "Event": "PRLODSTWS1_1#O_FUND_COUPON_INDI-TO-PRLODSTWS1_1#POS_1610_11G"
        },
        {
          "Event": "PRLODSTWS1_1#O_FUND_TRANS-TO-PRLODSTWS1_1#POS_1610_11G"
        },
        {
          "Event": "PRLODSTWS1_1#O_FUND_TRANS_APPLY-TO-PRLODSTWS1_1#POS_1610_11G"
        },
        {
          "Event": "PRLODSTWS1_1#O_CONTRACT_MASTER-TO-PRLODSTWS1_1#POS_1610_11G"
        },
        {
          "Event": "PRLODSTWS1_1#SDM_FUND-TO-PRLODSTWS1_1#POS_1610_11G"
        },
        {
          "Event": "PRLODSTWS1_1#SDM_FUND_COUPON-TO-PRLODSTWS1_1#POS_1610_11G"
        },
        {
          "Event": "PRLODSTWS1_1#SDM_FUND_COUPON_ALLOC-TO-PRLODSTWS1_1#POS_1610_11G"
        },
        {
          "Event": "PRLODSTWS1_1#SDM_POLICY_CHANGE-TO-PRLODSTWS1_1#POS_1610_11G"
        },
        {
          "Event": "PRLODSTWS1_1#SDM_REVERSAL-TO-PRLODSTWS1_1#POS_1610_11G"
        },
        {
          "Event": "PRLODSTWS1_1#SDM_PRODUCT_LIFE-TO-PRLODSTWS1_1#POS_1610_11G"
        }
      ]
    },
    "eventsToAdd": {
      "Type": "AddEvents",
      "Events": [
        {
          "Event": "PRLODSTWS1_1#POS_1610_11G-TO-PRLODSTWS1_1#POS_1610_PARAM"
        }
      ]
    },
    "eventsToDelete": {
      "Type": "DeleteEvents",
      "Events": [
        {
          "Event": "PRLODSTWS1_1#O_FUND_COUPON_INDI-TO-PRLODSTWS1_1#POS_1610_11G"
        },
        {
          "Event": "PRLODSTWS1_1#O_FUND_TRANS-TO-PRLODSTWS1_1#POS_1610_11G"
        },
        {
          "Event": "PRLODSTWS1_1#O_FUND_TRANS_APPLY-TO-PRLODSTWS1_1#POS_1610_11G"
        },
        {
          "Event": "PRLODSTWS1_1#O_CONTRACT_MASTER-TO-PRLODSTWS1_1#POS_1610_11G"
        },
        {
          "Event": "PRLODSTWS1_1#SDM_FUND-TO-PRLODSTWS1_1#POS_1610_11G"
        },
        {
          "Event": "PRLODSTWS1_1#SDM_FUND_COUPON-TO-PRLODSTWS1_1#POS_1610_11G"
        },
        {
          "Event": "PRLODSTWS1_1#SDM_FUND_COUPON_ALLOC-TO-PRLODSTWS1_1#POS_1610_11G"
        },
        {
          "Event": "PRLODSTWS1_1#SDM_POLICY_CHANGE-TO-PRLODSTWS1_1#POS_1610_11G"
        },
        {
          "Event": "PRLODSTWS1_1#SDM_REVERSAL-TO-PRLODSTWS1_1#POS_1610_11G"
        },
        {
          "Event": "PRLODSTWS1_1#SDM_PRODUCT_LIFE-TO-PRLODSTWS1_1#POS_1610_11G"
        }
      ]
    }
  },
  "PRLODSTWS1_1#POS_1610_CF": {
    "Type": "Job:Command",
    "DaysKeepActive": "1",
    "SubApplication": "UPCR1",
    "Host": "CTMAG",
    "CreatedBy": "emuser",
    "Description": "archiving file for batch",
    "RunAs": "controlm",
    "Application": "ODS",
    "Command": "/home/tws/ods_batch_home/esp.batch.scripts/archiving.file.sh D_RPT_POS ${tws.job.name} %%\\\\global\\END_DT_CHAR.",
    "When": {
      "WeekDays": [
        "NONE"
      ],
      "Months": [
        "NONE"
      ],
      "MonthDays": [
        "NONE"
      ],
      "DaysRelation": "OR",
      "RuleBasedCalendars": {
        "Included": [
          "RC1"
        ]
      }
    },
    "eventsToWaitFor": {
      "Type": "WaitForEvents",
      "Events": [
        {
          "Event": "PRLODSTWS1_1#POS_1610_CR-TO-PRLODSTWS1_1#POS_1610_CF"
        }
      ]
    },
    "eventsToAdd": {
      "Type": "AddEvents",
      "Events": [
        {
          "Event": "PRLODSTWS1_1#POS_1610_CF-TO-PRLODSTWS1_1#POS_1610_ZP"
        }
      ]
    },
    "eventsToDelete": {
      "Type": "DeleteEvents",
      "Events": [
        {
          "Event": "PRLODSTWS1_1#POS_1610_CR-TO-PRLODSTWS1_1#POS_1610_CF"
        }
      ]
    }
  },
  "PRLODSTWS1_1#POS_1010_CF": {
    "Type": "Job:Command",
    "DaysKeepActive": "1",
    "SubApplication": "UPCR1",
    "Host": "CTMAG",
    "CreatedBy": "emuser",
    "Description": "archiving file for batch",
    "RunAs": "controlm",
    "Application": "ODS",
    "Command": "/home/tws/ods_batch_home/esp.batch.scripts/archiving.file.sh D_RPT_POS ${tws.job.name} %%\\\\global\\END_DT_CHAR.",
    "When": {
      "WeekDays": [
        "NONE"
      ],
      "Months": [
        "NONE"
      ],
      "MonthDays": [
        "NONE"
      ],
      "DaysRelation": "OR",
      "RuleBasedCalendars": {
        "Included": [
          "RC1"
        ]
      }
    },
    "eventsToWaitFor": {
      "Type": "WaitForEvents",
      "Events": [
        {
          "Event": "PRLODSTWS1_1#POS_1010_CR-TO-PRLODSTWS1_1#POS_1010_CF"
        }
      ]
    },
    "eventsToAdd": {
      "Type": "AddEvents",
      "Events": [
        {
          "Event": "PRLODSTWS1_1#POS_1010_CF-TO-PRLODSTWS1_1#POS_1010_ZP"
        }
      ]
    },
    "eventsToDelete": {
      "Type": "DeleteEvents",
      "Events": [
        {
          "Event": "PRLODSTWS1_1#POS_1010_CR-TO-PRLODSTWS1_1#POS_1010_CF"
        }
      ]
    }
  },
  "PRLODSTWS1_1#POS_1010_PARAM": {
    "Type": "Job:Database:StoredProcedure",
    "ConnectionProfile": "UPCR1",
    "StoredProcedure": "POS_1010_PARAM_SP",
    "Schema": "SQLEXT",
    "DaysKeepActive": "1",
    "SubApplication": "UPCR1",
    "Host": "CTMAG",
    "CreatedBy": "emuser",
    "Description": "== Conversion Messages Start ==\\n\\nMessage ID\\t: WRN6031 (1338-2315)\\n\\n== Conversion Messages End ==\\nAdded by composer.",
    "RunAs": "controlm",
    "Application": "ODS",
    "When": {
      "WeekDays": [
        "NONE"
      ],
      "Months": [
        "NONE"
      ],
      "MonthDays": [
        "NONE"
      ],
      "DaysRelation": "OR",
      "RuleBasedCalendars": {
        "Included": [
          "RC1"
        ]
      }
    },
    "eventsToWaitFor": {
      "Type": "WaitForEvents",
      "Events": [
        {
          "Event": "PRLODSTWS1_1#POS_1010_11G-TO-PRLODSTWS1_1#POS_1010_PARAM"
        },
        {
          "Event": "PRLODSTWS1_1#POS_JOB_PARAM-TO-PRLODSTWS1_1#POS_1010_PARAM"
        }
      ]
    },
    "eventsToAdd": {
      "Type": "AddEvents",
      "Events": [
        {
          "Event": "PRLODSTWS1_1#POS_1010_PARAM-TO-PRLODSTWS1_1#POS_1010_CR"
        }
      ]
    },
    "eventsToDelete": {
      "Type": "DeleteEvents",
      "Events": [
        {
          "Event": "PRLODSTWS1_1#POS_1010_11G-TO-PRLODSTWS1_1#POS_1010_PARAM"
        },
        {
          "Event": "PRLODSTWS1_1#POS_JOB_PARAM-TO-PRLODSTWS1_1#POS_1010_PARAM"
        }
      ]
    }
  },
  "PRLODSTWS1_1#POS_1530_11G": {
    "Type": "Job:Database:StoredProcedure",
    "ConnectionProfile": "UPCR1",
    "StoredProcedure": "POS_1530_11G_SP",
    "Schema": "SQLEXT",
    "DaysKeepActive": "1",
    "SubApplication": "UPCR1",
    "Host": "CTMAG",
    "CreatedBy": "emuser",
    "Description": "== Conversion Messages Start ==\\n\\nMessage ID\\t: WRN6031 (1339-2316)\\n\\n== Conversion Messages End ==\\nAdded by composer.",
    "RunAs": "controlm",
    "Application": "ODS",
    "When": {
      "WeekDays": [
        "NONE"
      ],
      "Months": [
        "NONE"
      ],
      "MonthDays": [
        "NONE"
      ],
      "DaysRelation": "OR",
      "RuleBasedCalendars": {
        "Included": [
          "RC1"
        ]
      }
    },
    "eventsToWaitFor": {
      "Type": "WaitForEvents",
      "Events": [
        {
          "Event": "PRLODSTWS1_1#O_BIZ_FEE_TYPE-TO-PRLODSTWS1_1#POS_1530_11G"
        },
        {
          "Event": "PRLODSTWS1_1#O_CS_PREM-TO-PRLODSTWS1_1#POS_1530_11G"
        },
        {
          "Event": "PRLODSTWS1_1#SDM_CS_APPLICATION-TO-PRLODSTWS1_1#POS_1530_11G"
        },
        {
          "Event": "PRLODSTWS1_1#SDM_CS_APP_REJECT_RCRD-TO-PRLODSTWS1_1#POS_1530_11G"
        },
        {
          "Event": "PRLODSTWS1_1#SDM_POLICY_CHANGE-TO-PRLODSTWS1_1#POS_1530_11G"
        },
        {
          "Event": "PRLODSTWS1_1#SDM_DOCUMENT-TO-PRLODSTWS1_1#POS_1530_11G"
        },
        {
          "Event": "PRLODSTWS1_1#SDM_PROPOSAL_RULE_RESULT-TO-PRLODSTWS1_1#POS_1530_11G"
        }
      ]
    },
    "eventsToAdd": {
      "Type": "AddEvents",
      "Events": [
        {
          "Event": "PRLODSTWS1_1#POS_1530_11G-TO-PRLODSTWS1_1#POS_1530_PARAM"
        }
      ]
    },
    "eventsToDelete": {
      "Type": "DeleteEvents",
      "Events": [
        {
          "Event": "PRLODSTWS1_1#O_BIZ_FEE_TYPE-TO-PRLODSTWS1_1#POS_1530_11G"
        },
        {
          "Event": "PRLODSTWS1_1#O_CS_PREM-TO-PRLODSTWS1_1#POS_1530_11G"
        },
        {
          "Event": "PRLODSTWS1_1#SDM_CS_APPLICATION-TO-PRLODSTWS1_1#POS_1530_11G"
        },
        {
          "Event": "PRLODSTWS1_1#SDM_CS_APP_REJECT_RCRD-TO-PRLODSTWS1_1#POS_1530_11G"
        },
        {
          "Event": "PRLODSTWS1_1#SDM_POLICY_CHANGE-TO-PRLODSTWS1_1#POS_1530_11G"
        },
        {
          "Event": "PRLODSTWS1_1#SDM_DOCUMENT-TO-PRLODSTWS1_1#POS_1530_11G"
        },
        {
          "Event": "PRLODSTWS1_1#SDM_PROPOSAL_RULE_RESULT-TO-PRLODSTWS1_1#POS_1530_11G"
        }
      ]
    }
  },
  "PRLODSTWS1_1#POS_1010_ML": {
    "Type": "Job:Command",
    "DaysKeepActive": "1",
    "SubApplication": "UPCR1",
    "Host": "CTMAG",
    "CreatedBy": "emuser",
    "Description": "email and attachments for batch",
    "RunAs": "controlm",
    "Application": "ODS",
    "Command": "/home/tws/ods_batch_home/esp.batch.scripts/send.email.sh D_RPT_POS ${tws.job.name} %%\\\\global\\END_DT_CHAR.",
    "When": {
      "WeekDays": [
        "NONE"
      ],
      "Months": [
        "NONE"
      ],
      "MonthDays": [
        "NONE"
      ],
      "DaysRelation": "OR",
      "RuleBasedCalendars": {
        "Included": [
          "RC1"
        ]
      }
    },
    "eventsToWaitFor": {
      "Type": "WaitForEvents",
      "Events": [
        {
          "Event": "PRLODSTWS1_1#POS_1010_ZP-TO-PRLODSTWS1_1#POS_1010_ML"
        }
      ]
    },
    "eventsToDelete": {
      "Type": "DeleteEvents",
      "Events": [
        {
          "Event": "PRLODSTWS1_1#POS_1010_ZP-TO-PRLODSTWS1_1#POS_1010_ML"
        }
      ]
    }
  },
  "PRLODSTWS1_1#POS_1410_CR": {
    "Type": "Job:Command",
    "DaysKeepActive": "1",
    "SubApplication": "UPCR1",
    "Host": "CTMAG",
    "CreatedBy": "emuser",
    "Description": "generate the report file for batch",
    "RunAs": "controlm",
    "Application": "ODS",
    "Command": "/home/tws/ods_batch_home/esp.batch.scripts/gen.report.sh D_RPT_POS ${tws.job.name} %%\\\\global\\END_DT_CHAR.",
    "When": {
      "WeekDays": [
        "NONE"
      ],
      "Months": [
        "NONE"
      ],
      "MonthDays": [
        "NONE"
      ],
      "DaysRelation": "OR",
      "RuleBasedCalendars": {
        "Included": [
          "RC1"
        ]
      }
    },
    "eventsToWaitFor": {
      "Type": "WaitForEvents",
      "Events": [
        {
          "Event": "PRLODSTWS1_1#POS_1410_PARAM-TO-PRLODSTWS1_1#POS_1410_CR"
        }
      ]
    },
    "eventsToAdd": {
      "Type": "AddEvents",
      "Events": [
        {
          "Event": "PRLODSTWS1_1#POS_1410_CR-TO-PRLODSTWS1_1#POS_1410_CF"
        }
      ]
    },
    "eventsToDelete": {
      "Type": "DeleteEvents",
      "Events": [
        {
          "Event": "PRLODSTWS1_1#POS_1410_PARAM-TO-PRLODSTWS1_1#POS_1410_CR"
        }
      ]
    }
  },
  "PRLODSTWS1_1#POS_1530_ML": {
    "Type": "Job:Command",
    "DaysKeepActive": "1",
    "SubApplication": "UPCR1",
    "Host": "CTMAG",
    "CreatedBy": "emuser",
    "Description": "email and attachments for batch",
    "RunAs": "controlm",
    "Application": "ODS",
    "Command": "/home/tws/ods_batch_home/esp.batch.scripts/send.email.sh D_RPT_POS ${tws.job.name} %%\\\\global\\END_DT_CHAR.",
    "When": {
      "WeekDays": [
        "NONE"
      ],
      "Months": [
        "NONE"
      ],
      "MonthDays": [
        "NONE"
      ],
      "DaysRelation": "OR",
      "RuleBasedCalendars": {
        "Included": [
          "RC1"
        ]
      }
    },
    "eventsToWaitFor": {
      "Type": "WaitForEvents",
      "Events": [
        {
          "Event": "PRLODSTWS1_1#POS_1530_ZP-TO-PRLODSTWS1_1#POS_1530_ML"
        }
      ]
    },
    "eventsToDelete": {
      "Type": "DeleteEvents",
      "Events": [
        {
          "Event": "PRLODSTWS1_1#POS_1530_ZP-TO-PRLODSTWS1_1#POS_1530_ML"
        }
      ]
    }
  },
  "PRLODSTWS1_1#POS_1410_11G": {
    "Type": "Job:Database:StoredProcedure",
    "ConnectionProfile": "UPCR1",
    "StoredProcedure": "POS_1410_11G_SP",
    "Schema": "SQLEXT",
    "DaysKeepActive": "1",
    "SubApplication": "UPCR1",
    "Host": "CTMAG",
    "CreatedBy": "emuser",
    "Description": "== Conversion Messages Start ==\\n\\nMessage ID\\t: WRN6031 (1340-2320)\\n\\n== Conversion Messages End ==\\nAdded by composer.",
    "RunAs": "controlm",
    "Application": "ODS",
    "When": {
      "WeekDays": [
        "NONE"
      ],
      "Months": [
        "NONE"
      ],
      "MonthDays": [
        "NONE"
      ],
      "DaysRelation": "OR",
      "RuleBasedCalendars": {
        "Included": [
          "RC1"
        ]
      }
    },
    "eventsToWaitFor": {
      "Type": "WaitForEvents",
      "Events": [
        {
          "Event": "PRLODSTWS1_1#O_PA_NOTICE_HISTORY-TO-PRLODSTWS1_1#POS_1410_11G"
        },
        {
          "Event": "PRLODSTWS1_1#O_PA_DEDUCT_CONFIG-TO-PRLODSTWS1_1#POS_1410_11G"
        },
        {
          "Event": "PRLODSTWS1_1#O_PA_PREM_RMNDR_TYPE-TO-PRLODSTWS1_1#POS_1410_11G"
        },
        {
          "Event": "PRLODSTWS1_1#SDM_CONTRACT_MASTER_PA-TO-PRLODSTWS1_1#POS_1410_11G"
        },
        {
          "Event": "PRLODSTWS1_1#SDM_POLICY_ACCOUNT-TO-PRLODSTWS1_1#POS_1410_11G"
        },
        {
          "Event": "PRLODSTWS1_1#SDM_CONTRACT_EXTEND-TO-PRLODSTWS1_1#POS_1410_11G"
        },
        {
          "Event": "PRLODSTWS1_1#SDM_CONTRACT_MASTER-TO-PRLODSTWS1_1#POS_1410_11G"
        },
        {
          "Event": "PRLODSTWS1_1#SDM_MONEY-TO-PRLODSTWS1_1#POS_1410_11G"
        }
      ]
    },
    "eventsToAdd": {
      "Type": "AddEvents",
      "Events": [
        {
          "Event": "PRLODSTWS1_1#POS_1410_11G-TO-PRLODSTWS1_1#POS_1410_PARAM"
        }
      ]
    },
    "eventsToDelete": {
      "Type": "DeleteEvents",
      "Events": [
        {
          "Event": "PRLODSTWS1_1#O_PA_NOTICE_HISTORY-TO-PRLODSTWS1_1#POS_1410_11G"
        },
        {
          "Event": "PRLODSTWS1_1#O_PA_DEDUCT_CONFIG-TO-PRLODSTWS1_1#POS_1410_11G"
        },
        {
          "Event": "PRLODSTWS1_1#O_PA_PREM_RMNDR_TYPE-TO-PRLODSTWS1_1#POS_1410_11G"
        },
        {
          "Event": "PRLODSTWS1_1#SDM_CONTRACT_MASTER_PA-TO-PRLODSTWS1_1#POS_1410_11G"
        },
        {
          "Event": "PRLODSTWS1_1#SDM_POLICY_ACCOUNT-TO-PRLODSTWS1_1#POS_1410_11G"
        },
        {
          "Event": "PRLODSTWS1_1#SDM_CONTRACT_EXTEND-TO-PRLODSTWS1_1#POS_1410_11G"
        },
        {
          "Event": "PRLODSTWS1_1#SDM_CONTRACT_MASTER-TO-PRLODSTWS1_1#POS_1410_11G"
        },
        {
          "Event": "PRLODSTWS1_1#SDM_MONEY-TO-PRLODSTWS1_1#POS_1410_11G"
        }
      ]
    }
  },
  "PRLODSTWS1_1#POS_1530_PARAM": {
    "Type": "Job:Database:StoredProcedure",
    "ConnectionProfile": "UPCR1",
    "StoredProcedure": "POS_1530_PARAM_SP",
    "Schema": "SQLEXT",
    "DaysKeepActive": "1",
    "SubApplication": "UPCR1",
    "Host": "CTMAG",
    "CreatedBy": "emuser",
    "Description": "== Conversion Messages Start ==\\n\\nMessage ID\\t: WRN6031 (1341-2321)\\n\\n== Conversion Messages End ==\\nAdded by composer.",
    "RunAs": "controlm",
    "Application": "ODS",
    "When": {
      "WeekDays": [
        "NONE"
      ],
      "Months": [
        "NONE"
      ],
      "MonthDays": [
        "NONE"
      ],
      "DaysRelation": "OR",
      "RuleBasedCalendars": {
        "Included": [
          "RC1"
        ]
      }
    },
    "eventsToWaitFor": {
      "Type": "WaitForEvents",
      "Events": [
        {
          "Event": "PRLODSTWS1_1#POS_1530_11G-TO-PRLODSTWS1_1#POS_1530_PARAM"
        },
        {
          "Event": "PRLODSTWS1_1#POS_JOB_PARAM-TO-PRLODSTWS1_1#POS_1530_PARAM"
        }
      ]
    },
    "eventsToAdd": {
      "Type": "AddEvents",
      "Events": [
        {
          "Event": "PRLODSTWS1_1#POS_1530_PARAM-TO-PRLODSTWS1_1#POS_1530_CR"
        }
      ]
    },
    "eventsToDelete": {
      "Type": "DeleteEvents",
      "Events": [
        {
          "Event": "PRLODSTWS1_1#POS_1530_11G-TO-PRLODSTWS1_1#POS_1530_PARAM"
        },
        {
          "Event": "PRLODSTWS1_1#POS_JOB_PARAM-TO-PRLODSTWS1_1#POS_1530_PARAM"
        }
      ]
    }
  },
  "PRLODSTWS1_1#POS_1650_11G": {
    "Type": "Job:Database:StoredProcedure",
    "ConnectionProfile": "UPCR1",
    "StoredProcedure": "POS_1650_11G_SP",
    "Schema": "SQLEXT",
    "DaysKeepActive": "1",
    "SubApplication": "UPCR1",
    "Host": "CTMAG",
    "CreatedBy": "emuser",
    "Description": "== Conversion Messages Start ==\\n\\nMessage ID\\t: WRN6031 (1342-2322)\\n\\n== Conversion Messages End ==\\nAdded by composer.",
    "RunAs": "controlm",
    "Application": "ODS",
    "When": {
      "WeekDays": [
        "NONE"
      ],
      "Months": [
        "NONE"
      ],
      "MonthDays": [
        "NONE"
      ],
      "DaysRelation": "OR",
      "RuleBasedCalendars": {
        "Included": [
          "RC1"
        ]
      }
    },
    "eventsToWaitFor": {
      "Type": "WaitForEvents",
      "Events": [
        {
          "Event": "PRLODSTWS1_1#SDM_CONTRACT_MASTER-TO-PRLODSTWS1_1#POS_1650_11G"
        }
      ]
    },
    "eventsToAdd": {
      "Type": "AddEvents",
      "Events": [
        {
          "Event": "PRLODSTWS1_1#POS_1650_11G-TO-PRLODSTWS1_1#POS_1650_12G"
        }
      ]
    },
    "eventsToDelete": {
      "Type": "DeleteEvents",
      "Events": [
        {
          "Event": "PRLODSTWS1_1#SDM_CONTRACT_MASTER-TO-PRLODSTWS1_1#POS_1650_11G"
        }
      ]
    }
  },
  "PRLODSTWS1_1#POS_1010_ZP": {
    "Type": "Job:Command",
    "DaysKeepActive": "1",
    "SubApplication": "UPCR1",
    "Host": "CTMAG",
    "CreatedBy": "emuser",
    "Description": "zip files for batch",
    "RunAs": "controlm",
    "Application": "ODS",
    "Command": "/home/tws/ods_batch_home/esp.batch.scripts/zip.files.sh D_RPT_POS ${tws.job.name} %%\\\\global\\END_DT_CHAR.",
    "When": {
      "WeekDays": [
        "NONE"
      ],
      "Months": [
        "NONE"
      ],
      "MonthDays": [
        "NONE"
      ],
      "DaysRelation": "OR",
      "RuleBasedCalendars": {
        "Included": [
          "RC1"
        ]
      }
    },
    "eventsToWaitFor": {
      "Type": "WaitForEvents",
      "Events": [
        {
          "Event": "PRLODSTWS1_1#POS_1010_CF-TO-PRLODSTWS1_1#POS_1010_ZP"
        }
      ]
    },
    "eventsToAdd": {
      "Type": "AddEvents",
      "Events": [
        {
          "Event": "PRLODSTWS1_1#POS_1010_ZP-TO-PRLODSTWS1_1#POS_1010_ML"
        }
      ]
    },
    "eventsToDelete": {
      "Type": "DeleteEvents",
      "Events": [
        {
          "Event": "PRLODSTWS1_1#POS_1010_CF-TO-PRLODSTWS1_1#POS_1010_ZP"
        }
      ]
    }
  },
  "PRLODSTWS1_1#POS_1610_PARAM": {
    "Type": "Job:Database:StoredProcedure",
    "ConnectionProfile": "UPCR1",
    "StoredProcedure": "POS_1610_PARAM_SP",
    "Schema": "SQLEXT",
    "DaysKeepActive": "1",
    "SubApplication": "UPCR1",
    "Host": "CTMAG",
    "CreatedBy": "emuser",
    "Description": "== Conversion Messages Start ==\\n\\nMessage ID\\t: WRN6031 (1343-2324)\\n\\n== Conversion Messages End ==\\nAdded by composer.",
    "RunAs": "controlm",
    "Application": "ODS",
    "When": {
      "WeekDays": [
        "NONE"
      ],
      "Months": [
        "NONE"
      ],
      "MonthDays": [
        "NONE"
      ],
      "DaysRelation": "OR",
      "RuleBasedCalendars": {
        "Included": [
          "RC1"
        ]
      }
    },
    "eventsToWaitFor": {
      "Type": "WaitForEvents",
      "Events": [
        {
          "Event": "PRLODSTWS1_1#POS_1610_11G-TO-PRLODSTWS1_1#POS_1610_PARAM"
        },
        {
          "Event": "PRLODSTWS1_1#POS_JOB_PARAM-TO-PRLODSTWS1_1#POS_1610_PARAM"
        }
      ]
    },
    "eventsToAdd": {
      "Type": "AddEvents",
      "Events": [
        {
          "Event": "PRLODSTWS1_1#POS_1610_PARAM-TO-PRLODSTWS1_1#POS_1610_CR"
        }
      ]
    },
    "eventsToDelete": {
      "Type": "DeleteEvents",
      "Events": [
        {
          "Event": "PRLODSTWS1_1#POS_1610_11G-TO-PRLODSTWS1_1#POS_1610_PARAM"
        },
        {
          "Event": "PRLODSTWS1_1#POS_JOB_PARAM-TO-PRLODSTWS1_1#POS_1610_PARAM"
        }
      ]
    }
  },
  "PRLODSTWS1_1#POS_1410_CF": {
    "Type": "Job:Command",
    "DaysKeepActive": "1",
    "SubApplication": "UPCR1",
    "Host": "CTMAG",
    "CreatedBy": "emuser",
    "Description": "archiving file for batch",
    "RunAs": "controlm",
    "Application": "ODS",
    "Command": "/home/tws/ods_batch_home/esp.batch.scripts/archiving.file.sh D_RPT_POS ${tws.job.name} %%\\\\global\\END_DT_CHAR.",
    "When": {
      "WeekDays": [
        "NONE"
      ],
      "Months": [
        "NONE"
      ],
      "MonthDays": [
        "NONE"
      ],
      "DaysRelation": "OR",
      "RuleBasedCalendars": {
        "Included": [
          "RC1"
        ]
      }
    },
    "eventsToWaitFor": {
      "Type": "WaitForEvents",
      "Events": [
        {
          "Event": "PRLODSTWS1_1#POS_1410_CR-TO-PRLODSTWS1_1#POS_1410_CF"
        }
      ]
    },
    "eventsToAdd": {
      "Type": "AddEvents",
      "Events": [
        {
          "Event": "PRLODSTWS1_1#POS_1410_CF-TO-PRLODSTWS1_1#POS_1410_ML"
        }
      ]
    },
    "eventsToDelete": {
      "Type": "DeleteEvents",
      "Events": [
        {
          "Event": "PRLODSTWS1_1#POS_1410_CR-TO-PRLODSTWS1_1#POS_1410_CF"
        }
      ]
    }
  },
  "PRLODSTWS1_1#POS_1610_CR": {
    "Type": "Job:Command",
    "DaysKeepActive": "1",
    "SubApplication": "UPCR1",
    "Host": "CTMAG",
    "CreatedBy": "emuser",
    "Description": "generate the report file for batch",
    "RunAs": "controlm",
    "Application": "ODS",
    "Command": "/home/tws/ods_batch_home/esp.batch.scripts/gen.report.sh D_RPT_POS ${tws.job.name} %%\\\\global\\END_DT_CHAR.",
    "When": {
      "WeekDays": [
        "NONE"
      ],
      "Months": [
        "NONE"
      ],
      "MonthDays": [
        "NONE"
      ],
      "DaysRelation": "OR",
      "RuleBasedCalendars": {
        "Included": [
          "RC1"
        ]
      }
    },
    "eventsToWaitFor": {
      "Type": "WaitForEvents",
      "Events": [
        {
          "Event": "PRLODSTWS1_1#POS_1610_PARAM-TO-PRLODSTWS1_1#POS_1610_CR"
        }
      ]
    },
    "eventsToAdd": {
      "Type": "AddEvents",
      "Events": [
        {
          "Event": "PRLODSTWS1_1#POS_1610_CR-TO-PRLODSTWS1_1#POS_1610_CF"
        }
      ]
    },
    "eventsToDelete": {
      "Type": "DeleteEvents",
      "Events": [
        {
          "Event": "PRLODSTWS1_1#POS_1610_PARAM-TO-PRLODSTWS1_1#POS_1610_CR"
        }
      ]
    }
  },
  "PRLODSTWS1_1#POS_1530_ZP": {
    "Type": "Job:Command",
    "DaysKeepActive": "1",
    "SubApplication": "UPCR1",
    "Host": "CTMAG",
    "CreatedBy": "emuser",
    "Description": "zip files for batch",
    "RunAs": "controlm",
    "Application": "ODS",
    "Command": "/home/tws/ods_batch_home/esp.batch.scripts/zip.files.sh D_RPT_POS ${tws.job.name} %%\\\\global\\END_DT_CHAR.",
    "When": {
      "WeekDays": [
        "NONE"
      ],
      "Months": [
        "NONE"
      ],
      "MonthDays": [
        "NONE"
      ],
      "DaysRelation": "OR",
      "RuleBasedCalendars": {
        "Included": [
          "RC1"
        ]
      }
    },
    "eventsToWaitFor": {
      "Type": "WaitForEvents",
      "Events": [
        {
          "Event": "PRLODSTWS1_1#POS_1530_CF-TO-PRLODSTWS1_1#POS_1530_ZP"
        }
      ]
    },
    "eventsToAdd": {
      "Type": "AddEvents",
      "Events": [
        {
          "Event": "PRLODSTWS1_1#POS_1530_ZP-TO-PRLODSTWS1_1#POS_1530_ML"
        }
      ]
    },
    "eventsToDelete": {
      "Type": "DeleteEvents",
      "Events": [
        {
          "Event": "PRLODSTWS1_1#POS_1530_CF-TO-PRLODSTWS1_1#POS_1530_ZP"
        }
      ]
    }
  },
  "PRLODSTWS1_1#POS_1610_ZP": {
    "Type": "Job:Command",
    "DaysKeepActive": "1",
    "SubApplication": "UPCR1",
    "Host": "CTMAG",
    "CreatedBy": "emuser",
    "Description": "zip files for batch",
    "RunAs": "controlm",
    "Application": "ODS",
    "Command": "/home/tws/ods_batch_home/esp.batch.scripts/zip.files.sh D_RPT_POS ${tws.job.name} %%\\\\global\\END_DT_CHAR.",
    "When": {
      "WeekDays": [
        "NONE"
      ],
      "Months": [
        "NONE"
      ],
      "MonthDays": [
        "NONE"
      ],
      "DaysRelation": "OR",
      "RuleBasedCalendars": {
        "Included": [
          "RC1"
        ]
      }
    },
    "eventsToWaitFor": {
      "Type": "WaitForEvents",
      "Events": [
        {
          "Event": "PRLODSTWS1_1#POS_1610_CF-TO-PRLODSTWS1_1#POS_1610_ZP"
        }
      ]
    },
    "eventsToAdd": {
      "Type": "AddEvents",
      "Events": [
        {
          "Event": "PRLODSTWS1_1#POS_1610_ZP-TO-PRLODSTWS1_1#POS_1610_ML"
        }
      ]
    },
    "eventsToDelete": {
      "Type": "DeleteEvents",
      "Events": [
        {
          "Event": "PRLODSTWS1_1#POS_1610_CF-TO-PRLODSTWS1_1#POS_1610_ZP"
        }
      ]
    }
  },
  "PRLODSTWS1_1#POS_1410_PARAM": {
    "Type": "Job:Database:StoredProcedure",
    "ConnectionProfile": "UPCR1",
    "StoredProcedure": "POS_1410_PARAM_SP",
    "Schema": "SQLEXT",
    "DaysKeepActive": "1",
    "SubApplication": "UPCR1",
    "Host": "CTMAG",
    "CreatedBy": "emuser",
    "Description": "== Conversion Messages Start ==\\n\\nMessage ID\\t: WRN6031 (1344-2329)\\n\\n== Conversion Messages End ==\\nAdded by composer.",
    "RunAs": "controlm",
    "Application": "ODS",
    "When": {
      "WeekDays": [
        "NONE"
      ],
      "Months": [
        "NONE"
      ],
      "MonthDays": [
        "NONE"
      ],
      "DaysRelation": "OR",
      "RuleBasedCalendars": {
        "Included": [
          "RC1"
        ]
      }
    },
    "eventsToWaitFor": {
      "Type": "WaitForEvents",
      "Events": [
        {
          "Event": "PRLODSTWS1_1#POS_1410_11G-TO-PRLODSTWS1_1#POS_1410_PARAM"
        },
        {
          "Event": "PRLODSTWS1_1#POS_JOB_PARAM-TO-PRLODSTWS1_1#POS_1410_PARAM"
        }
      ]
    },
    "eventsToAdd": {
      "Type": "AddEvents",
      "Events": [
        {
          "Event": "PRLODSTWS1_1#POS_1410_PARAM-TO-PRLODSTWS1_1#POS_1410_CR"
        }
      ]
    },
    "eventsToDelete": {
      "Type": "DeleteEvents",
      "Events": [
        {
          "Event": "PRLODSTWS1_1#POS_1410_11G-TO-PRLODSTWS1_1#POS_1410_PARAM"
        },
        {
          "Event": "PRLODSTWS1_1#POS_JOB_PARAM-TO-PRLODSTWS1_1#POS_1410_PARAM"
        }
      ]
    }
  },
  "PRLODSTWS1_1#POS_1010_CR": {
    "Type": "Job:Command",
    "DaysKeepActive": "1",
    "SubApplication": "UPCR1",
    "Host": "CTMAG",
    "CreatedBy": "emuser",
    "Description": "generate the report file for batch",
    "RunAs": "controlm",
    "Application": "ODS",
    "Command": "/home/tws/ods_batch_home/esp.batch.scripts/gen.report.sh D_RPT_POS ${tws.job.name} %%\\\\global\\END_DT_CHAR.",
    "When": {
      "WeekDays": [
        "NONE"
      ],
      "Months": [
        "NONE"
      ],
      "MonthDays": [
        "NONE"
      ],
      "DaysRelation": "OR",
      "RuleBasedCalendars": {
        "Included": [
          "RC1"
        ]
      }
    },
    "eventsToWaitFor": {
      "Type": "WaitForEvents",
      "Events": [
        {
          "Event": "PRLODSTWS1_1#POS_1010_PARAM-TO-PRLODSTWS1_1#POS_1010_CR"
        }
      ]
    },
    "eventsToAdd": {
      "Type": "AddEvents",
      "Events": [
        {
          "Event": "PRLODSTWS1_1#POS_1010_CR-TO-PRLODSTWS1_1#POS_1010_CF"
        }
      ]
    },
    "eventsToDelete": {
      "Type": "DeleteEvents",
      "Events": [
        {
          "Event": "PRLODSTWS1_1#POS_1010_PARAM-TO-PRLODSTWS1_1#POS_1010_CR"
        }
      ]
    }
  },
  "PRLODSTWS1_1#POS_1410_ML": {
    "Type": "Job:Command",
    "DaysKeepActive": "1",
    "SubApplication": "UPCR1",
    "Host": "CTMAG",
    "CreatedBy": "emuser",
    "Description": "email and attachments for batch",
    "RunAs": "controlm",
    "Application": "ODS",
    "Command": "/home/tws/ods_batch_home/esp.batch.scripts/send.email.sh D_RPT_POS ${tws.job.name} %%\\\\global\\END_DT_CHAR.",
    "When": {
      "WeekDays": [
        "NONE"
      ],
      "Months": [
        "NONE"
      ],
      "MonthDays": [
        "NONE"
      ],
      "DaysRelation": "OR",
      "RuleBasedCalendars": {
        "Included": [
          "RC1"
        ]
      }
    },
    "eventsToWaitFor": {
      "Type": "WaitForEvents",
      "Events": [
        {
          "Event": "PRLODSTWS1_1#POS_1410_CF-TO-PRLODSTWS1_1#POS_1410_ML"
        }
      ]
    },
    "eventsToDelete": {
      "Type": "DeleteEvents",
      "Events": [
        {
          "Event": "PRLODSTWS1_1#POS_1410_CF-TO-PRLODSTWS1_1#POS_1410_ML"
        }
      ]
    }
  },
  "PRLODSTWS1_1#POS_1010_11G": {
    "Type": "Job:Database:StoredProcedure",
    "ConnectionProfile": "UPCR1",
    "StoredProcedure": "POS_1010_11G_SP",
    "Schema": "SQLEXT",
    "DaysKeepActive": "1",
    "SubApplication": "UPCR1",
    "Host": "CTMAG",
    "CreatedBy": "emuser",
    "Description": "== Conversion Messages Start ==\\n\\nMessage ID\\t: WRN6031 (1345-2332)\\n\\n== Conversion Messages End ==\\nAdded by composer.",
    "RunAs": "controlm",
    "Application": "ODS",
    "When": {
      "WeekDays": [
        "NONE"
      ],
      "Months": [
        "NONE"
      ],
      "MonthDays": [
        "NONE"
      ],
      "DaysRelation": "OR",
      "RuleBasedCalendars": {
        "Included": [
          "RC1"
        ]
      }
    },
    "eventsToWaitFor": {
      "Type": "WaitForEvents",
      "Events": [
        {
          "Event": "PRLODSTWS1_1#SDM_CHANGE-TO-PRLODSTWS1_1#POS_1010_11G"
        },
        {
          "Event": "PRLODSTWS1_1#SDM_CS_APPLICATION-TO-PRLODSTWS1_1#POS_1010_11G"
        },
        {
          "Event": "PRLODSTWS1_1#SDM_POLICY_CHANGE-TO-PRLODSTWS1_1#POS_1010_11G"
        },
        {
          "Event": "PRLODSTWS1_1#SDM_REVERSAL-TO-PRLODSTWS1_1#POS_1010_11G"
        }
      ]
    },
    "eventsToAdd": {
      "Type": "AddEvents",
      "Events": [
        {
          "Event": "PRLODSTWS1_1#POS_1010_11G-TO-PRLODSTWS1_1#POS_1010_PARAM"
        },
        {
          "Event": "PRLODSTWS1_1#POS_1010_11G-TO-PRLODSTWS1_1#POS_0640_11G"
        }
      ]
    },
    "eventsToDelete": {
      "Type": "DeleteEvents",
      "Events": [
        {
          "Event": "PRLODSTWS1_1#SDM_CHANGE-TO-PRLODSTWS1_1#POS_1010_11G"
        },
        {
          "Event": "PRLODSTWS1_1#SDM_CS_APPLICATION-TO-PRLODSTWS1_1#POS_1010_11G"
        },
        {
          "Event": "PRLODSTWS1_1#SDM_POLICY_CHANGE-TO-PRLODSTWS1_1#POS_1010_11G"
        },
        {
          "Event": "PRLODSTWS1_1#SDM_REVERSAL-TO-PRLODSTWS1_1#POS_1010_11G"
        }
      ]
    }
  },
  "PRLODSTWS1_1#POS_1530_CR": {
    "Type": "Job:Command",
    "DaysKeepActive": "1",
    "SubApplication": "UPCR1",
    "Host": "CTMAG",
    "CreatedBy": "emuser",
    "Description": "generate the report file for batch",
    "RunAs": "controlm",
    "Application": "ODS",
    "Command": "/home/tws/ods_batch_home/esp.batch.scripts/gen.report.sh D_RPT_POS ${tws.job.name} %%\\\\global\\END_DT_CHAR.",
    "When": {
      "WeekDays": [
        "NONE"
      ],
      "Months": [
        "NONE"
      ],
      "MonthDays": [
        "NONE"
      ],
      "DaysRelation": "OR",
      "RuleBasedCalendars": {
        "Included": [
          "RC1"
        ]
      }
    },
    "eventsToWaitFor": {
      "Type": "WaitForEvents",
      "Events": [
        {
          "Event": "PRLODSTWS1_1#POS_1530_PARAM-TO-PRLODSTWS1_1#POS_1530_CR"
        }
      ]
    },
    "eventsToAdd": {
      "Type": "AddEvents",
      "Events": [
        {
          "Event": "PRLODSTWS1_1#POS_1530_CR-TO-PRLODSTWS1_1#POS_1530_CF"
        }
      ]
    },
    "eventsToDelete": {
      "Type": "DeleteEvents",
      "Events": [
        {
          "Event": "PRLODSTWS1_1#POS_1530_PARAM-TO-PRLODSTWS1_1#POS_1530_CR"
        }
      ]
    }
  },
  "eventsToAdd": {
    "Type": "AddEvents",
    "Events": [
      {
        "Event": "PRLODSTWS1_1#D_RPT_POS_2-TO-PRLODSTWS1_1#BDS_STS_RPT_POS"
      }
    ]
  }
  }
}
