{
  "PRLODSTWS1_1#D_RPT_PA_ONLINE": {
  "Type":  "Folder",
  "ControlmServer": "CTM",
  "Description": "== Conversion Messages Start ==\\n\\nMessage ID\\t: INF6107 (7062-12482)\\n\\nMessage ID\\t: INF6104 (7063-12482)\\n\\n== Conversion Messages End ==\\n",
  "OrderMethod": "Manual",
  "SubApplication": "UPCR1",
  "CreatedBy": "emuser",
  "Application": "ODS",
  "When": {
    "RuleBasedCalendars": {
      "Included": [
        "RC1"
      ],
      "RC1": {
        "Type": "Calendar:RuleBased",
        "When": {
          "MonthDaysCalendar": "RCG-D-NAT",
          "DaysRelation": "OR",
          "DaysKeepActive": "01",
          "WeekDays": [
            "NONE"
          ],
          "MonthDays": [
            "NONE"
          ]
        }
      }
    }
  },
  "PRLODSTWS1_1#PA_0320_11G": {
    "Type": "Job:Database:StoredProcedure",
    "ConnectionProfile": "UPCR1",
    "StoredProcedure": "PA_0320_11G_SP",
    "Schema": "SQLEXT",
    "DaysKeepActive": "1",
    "SubApplication": "UPCR1",
    "Host": "CTMAG",
    "CreatedBy": "emuser",
    "Description": "== Conversion Messages Start ==\\n\\nMessage ID\\t: WRN6031 (7054-12483)\\n\\n== Conversion Messages End ==\\nAdded by composer.",
    "RunAs": "controlm",
    "Application": "ODS",
    "When": {
      "WeekDays": [
        "NONE"
      ],
      "Months": [
        "NONE"
      ],
      "MonthDays": [
        "NONE"
      ],
      "DaysRelation": "OR",
      "RuleBasedCalendars": {
        "Included": [
          "RC1"
        ]
      }
    },
    "eventsToWaitFor": {
      "Type": "WaitForEvents",
      "Events": [
        {
          "Event": "PRLODSTWS1_1#FIN_0430_11G-TO-PRLODSTWS1_1#PA_0320_11G_1"
        },
        {
          "Event": "PRLODSTWS1_1#SDM_CONTRACT_PRODUCT-TO-PRLODSTWS1_1#PA_0320_11G"
        },
        {
          "Event": "PRLODSTWS1_1#SDM_CONTRACT_MASTER-TO-PRLODSTWS1_1#PA_0320_11G"
        },
        {
          "Event": "PRLODSTWS1_1#SDM_MONEY-TO-PRLODSTWS1_1#PA_0320_11G"
        },
        {
          "Event": "PRLODSTWS1_1#PA_REF_CODE-TO-PRLODSTWS1_1#PA_0320_11G"
        }
      ]
    },
    "eventsToDelete": {
      "Type": "DeleteEvents",
      "Events": [
        {
          "Event": "PRLODSTWS1_1#FIN_0430_11G-TO-PRLODSTWS1_1#PA_0320_11G_1"
        },
        {
          "Event": "PRLODSTWS1_1#SDM_CONTRACT_PRODUCT-TO-PRLODSTWS1_1#PA_0320_11G"
        },
        {
          "Event": "PRLODSTWS1_1#SDM_CONTRACT_MASTER-TO-PRLODSTWS1_1#PA_0320_11G"
        },
        {
          "Event": "PRLODSTWS1_1#SDM_MONEY-TO-PRLODSTWS1_1#PA_0320_11G"
        },
        {
          "Event": "PRLODSTWS1_1#PA_REF_CODE-TO-PRLODSTWS1_1#PA_0320_11G"
        }
      ]
    }
  },
  "PRLODSTWS1_1#PA_1110_11G": {
    "Type": "Job:Database:StoredProcedure",
    "ConnectionProfile": "UPCR1",
    "StoredProcedure": "PA_1110_11G_SP",
    "Schema": "SQLEXT",
    "DaysKeepActive": "1",
    "SubApplication": "UPCR1",
    "Host": "CTMAG",
    "CreatedBy": "emuser",
    "Description": "== Conversion Messages Start ==\\n\\nMessage ID\\t: WRN6031 (7055-12484)\\n\\n== Conversion Messages End ==\\nAdded by composer.",
    "RunAs": "controlm",
    "Application": "ODS",
    "When": {
      "WeekDays": [
        "NONE"
      ],
      "Months": [
        "NONE"
      ],
      "MonthDays": [
        "NONE"
      ],
      "DaysRelation": "OR",
      "RuleBasedCalendars": {
        "Included": [
          "RC1"
        ]
      }
    },
    "eventsToWaitFor": {
      "Type": "WaitForEvents",
      "Events": [
        {
          "Event": "PRLODSTWS1_1#O_CASH-TO-PRLODSTWS1_1#PA_1110_11G"
        },
        {
          "Event": "PRLODSTWS1_1#O_PA_RCPT_CONFIRM_RULE-TO-PRLODSTWS1_1#PA_1110_11G"
        },
        {
          "Event": "PRLODSTWS1_1#O_CLOB-TO-PRLODSTWS1_1#PA_1110_11G"
        },
        {
          "Event": "PRLODSTWS1_1#O_DOCUMENT_DATA-TO-PRLODSTWS1_1#PA_1110_11G"
        },
        {
          "Event": "PRLODSTWS1_1#O_DOCUMENT-TO-PRLODSTWS1_1#PA_1110_11G_1"
        },
        {
          "Event": "PRLODSTWS1_1#O_PAY_MODE-TO-PRLODSTWS1_1#PA_1110_11G_1"
        },
        {
          "Event": "PRLODSTWS1_1#SDM_CONTRACT_MASTER-TO-PRLODSTWS1_1#PA_1110_11G_1"
        }
      ]
    },
    "eventsToDelete": {
      "Type": "DeleteEvents",
      "Events": [
        {
          "Event": "PRLODSTWS1_1#O_CASH-TO-PRLODSTWS1_1#PA_1110_11G"
        },
        {
          "Event": "PRLODSTWS1_1#O_PA_RCPT_CONFIRM_RULE-TO-PRLODSTWS1_1#PA_1110_11G"
        },
        {
          "Event": "PRLODSTWS1_1#O_CLOB-TO-PRLODSTWS1_1#PA_1110_11G"
        },
        {
          "Event": "PRLODSTWS1_1#O_DOCUMENT_DATA-TO-PRLODSTWS1_1#PA_1110_11G"
        },
        {
          "Event": "PRLODSTWS1_1#O_DOCUMENT-TO-PRLODSTWS1_1#PA_1110_11G_1"
        },
        {
          "Event": "PRLODSTWS1_1#O_PAY_MODE-TO-PRLODSTWS1_1#PA_1110_11G_1"
        },
        {
          "Event": "PRLODSTWS1_1#SDM_CONTRACT_MASTER-TO-PRLODSTWS1_1#PA_1110_11G_1"
        }
      ]
    }
  },
  "PRLODSTWS1_1#PA_0310_11G": {
    "Type": "Job:Database:StoredProcedure",
    "ConnectionProfile": "UPCR1",
    "StoredProcedure": "PA_0310_11G_SP",
    "Schema": "SQLEXT",
    "DaysKeepActive": "1",
    "SubApplication": "UPCR1",
    "Host": "CTMAG",
    "CreatedBy": "emuser",
    "Description": "== Conversion Messages Start ==\\n\\nMessage ID\\t: WRN6031 (7056-12485)\\n\\n== Conversion Messages End ==\\nAdded by composer.",
    "RunAs": "controlm",
    "Application": "ODS",
    "When": {
      "WeekDays": [
        "NONE"
      ],
      "Months": [
        "NONE"
      ],
      "MonthDays": [
        "NONE"
      ],
      "DaysRelation": "OR",
      "RuleBasedCalendars": {
        "Included": [
          "RC1"
        ]
      }
    },
    "eventsToWaitFor": {
      "Type": "WaitForEvents",
      "Events": [
        {
          "Event": "PRLODSTWS1_1#FIN_0430_11G-TO-PRLODSTWS1_1#PA_0310_11G_1"
        },
        {
          "Event": "PRLODSTWS1_1#SDM_CONTRACT_MASTER-TO-PRLODSTWS1_1#PA_0310_11G"
        }
      ]
    },
    "eventsToDelete": {
      "Type": "DeleteEvents",
      "Events": [
        {
          "Event": "PRLODSTWS1_1#FIN_0430_11G-TO-PRLODSTWS1_1#PA_0310_11G_1"
        },
        {
          "Event": "PRLODSTWS1_1#SDM_CONTRACT_MASTER-TO-PRLODSTWS1_1#PA_0310_11G"
        }
      ]
    }
  },
  "PRLODSTWS1_1#PA_0330_11G": {
    "Type": "Job:Database:StoredProcedure",
    "ConnectionProfile": "UPCR1",
    "StoredProcedure": "PA_0330_11G_SP",
    "Schema": "SQLEXT",
    "DaysKeepActive": "1",
    "SubApplication": "UPCR1",
    "Host": "CTMAG",
    "CreatedBy": "emuser",
    "Description": "== Conversion Messages Start ==\\n\\nMessage ID\\t: WRN6031 (7057-12486)\\n\\n== Conversion Messages End ==\\nAdded by composer.",
    "RunAs": "controlm",
    "Application": "ODS",
    "When": {
      "WeekDays": [
        "NONE"
      ],
      "Months": [
        "NONE"
      ],
      "MonthDays": [
        "NONE"
      ],
      "DaysRelation": "OR",
      "RuleBasedCalendars": {
        "Included": [
          "RC1"
        ]
      }
    },
    "eventsToWaitFor": {
      "Type": "WaitForEvents",
      "Events": [
        {
          "Event": "PRLODSTWS1_1#SDM_PA_RCPT_CONFIRM_RULE-TO-PRLODSTWS1_1#PA_0330_11G"
        }
      ]
    },
    "eventsToDelete": {
      "Type": "DeleteEvents",
      "Events": [
        {
          "Event": "PRLODSTWS1_1#SDM_PA_RCPT_CONFIRM_RULE-TO-PRLODSTWS1_1#PA_0330_11G"
        }
      ]
    }
  },
  "PRLODSTWS1_1#PA_0540_11G": {
    "Type": "Job:Database:StoredProcedure",
    "ConnectionProfile": "UPCR1",
    "StoredProcedure": "PA_0540_11G_SP",
    "Schema": "SQLEXT",
    "DaysKeepActive": "1",
    "SubApplication": "UPCR1",
    "Host": "CTMAG",
    "CreatedBy": "emuser",
    "Description": "== Conversion Messages Start ==\\n\\nMessage ID\\t: WRN6031 (7058-12487)\\n\\n== Conversion Messages End ==\\nAdded by composer.",
    "RunAs": "controlm",
    "Application": "ODS",
    "When": {
      "WeekDays": [
        "NONE"
      ],
      "Months": [
        "NONE"
      ],
      "MonthDays": [
        "NONE"
      ],
      "DaysRelation": "OR",
      "RuleBasedCalendars": {
        "Included": [
          "RC1"
        ]
      }
    },
    "eventsToWaitFor": {
      "Type": "WaitForEvents",
      "Events": [
        {
          "Event": "PRLODSTWS1_1#O_ACCOUNT_TYPE-TO-PRLODSTWS1_1#PA_0540_11G"
        },
        {
          "Event": "PRLODSTWS1_1#SDM_BANK_TEXT_DETAIL-TO-PRLODSTWS1_1#PA_0540_11G"
        },
        {
          "Event": "PRLODSTWS1_1#SDM_CASH-TO-PRLODSTWS1_1#PA_0540_11G"
        },
        {
          "Event": "PRLODSTWS1_1#SDM_CONTRACT_PRODUCT-TO-PRLODSTWS1_1#PA_0540_11G"
        },
        {
          "Event": "PRLODSTWS1_1#SDM_CONTRACT_MASTER-TO-PRLODSTWS1_1#PA_0540_11G"
        }
      ]
    },
    "eventsToDelete": {
      "Type": "DeleteEvents",
      "Events": [
        {
          "Event": "PRLODSTWS1_1#O_ACCOUNT_TYPE-TO-PRLODSTWS1_1#PA_0540_11G"
        },
        {
          "Event": "PRLODSTWS1_1#SDM_BANK_TEXT_DETAIL-TO-PRLODSTWS1_1#PA_0540_11G"
        },
        {
          "Event": "PRLODSTWS1_1#SDM_CASH-TO-PRLODSTWS1_1#PA_0540_11G"
        },
        {
          "Event": "PRLODSTWS1_1#SDM_CONTRACT_PRODUCT-TO-PRLODSTWS1_1#PA_0540_11G"
        },
        {
          "Event": "PRLODSTWS1_1#SDM_CONTRACT_MASTER-TO-PRLODSTWS1_1#PA_0540_11G"
        }
      ]
    }
  },
  "PRLODSTWS1_1#PA_0340_11G": {
    "Type": "Job:Database:StoredProcedure",
    "ConnectionProfile": "UPCR1",
    "StoredProcedure": "PA_0340_11G_SP",
    "Schema": "SQLEXT",
    "DaysKeepActive": "1",
    "SubApplication": "UPCR1",
    "Host": "CTMAG",
    "CreatedBy": "emuser",
    "Description": "== Conversion Messages Start ==\\n\\nMessage ID\\t: WRN6031 (7059-12488)\\n\\n== Conversion Messages End ==\\nAdded by composer.",
    "RunAs": "controlm",
    "Application": "ODS",
    "When": {
      "WeekDays": [
        "NONE"
      ],
      "Months": [
        "NONE"
      ],
      "MonthDays": [
        "NONE"
      ],
      "DaysRelation": "OR",
      "RuleBasedCalendars": {
        "Included": [
          "RC1"
        ]
      }
    },
    "eventsToWaitFor": {
      "Type": "WaitForEvents",
      "Events": [
        {
          "Event": "PRLODSTWS1_1#SDM_CASH-TO-PRLODSTWS1_1#PA_0340_11G"
        },
        {
          "Event": "PRLODSTWS1_1#SDM_POLICY_CHANGE-TO-PRLODSTWS1_1#PA_0340_11G"
        },
        {
          "Event": "PRLODSTWS1_1#SDM_USER-TO-PRLODSTWS1_1#PA_0340_11G"
        },
        {
          "Event": "PRLODSTWS1_1#SDM_PAY_MODE-TO-PRLODSTWS1_1#PA_0340_11G"
        }
      ]
    },
    "eventsToDelete": {
      "Type": "DeleteEvents",
      "Events": [
        {
          "Event": "PRLODSTWS1_1#SDM_CASH-TO-PRLODSTWS1_1#PA_0340_11G"
        },
        {
          "Event": "PRLODSTWS1_1#SDM_POLICY_CHANGE-TO-PRLODSTWS1_1#PA_0340_11G"
        },
        {
          "Event": "PRLODSTWS1_1#SDM_USER-TO-PRLODSTWS1_1#PA_0340_11G"
        },
        {
          "Event": "PRLODSTWS1_1#SDM_PAY_MODE-TO-PRLODSTWS1_1#PA_0340_11G"
        }
      ]
    }
  },
  "PRLODSTWS1_1#PA_0420_11G": {
    "Type": "Job:Database:StoredProcedure",
    "ConnectionProfile": "UPCR1",
    "StoredProcedure": "PA_0420_11G_SP",
    "Schema": "SQLEXT",
    "DaysKeepActive": "1",
    "SubApplication": "UPCR1",
    "Host": "CTMAG",
    "CreatedBy": "emuser",
    "Description": "== Conversion Messages Start ==\\n\\nMessage ID\\t: WRN6031 (7060-12489)\\n\\n== Conversion Messages End ==\\nAdded by composer.",
    "RunAs": "controlm",
    "Application": "ODS",
    "When": {
      "WeekDays": [
        "NONE"
      ],
      "Months": [
        "NONE"
      ],
      "MonthDays": [
        "NONE"
      ],
      "DaysRelation": "OR",
      "RuleBasedCalendars": {
        "Included": [
          "RC1"
        ]
      }
    },
    "eventsToWaitFor": {
      "Type": "WaitForEvents",
      "Events": [
        {
          "Event": "PRLODSTWS1_1#O_CUSTOMER-TO-PRLODSTWS1_1#PA_0420_11G"
        },
        {
          "Event": "PRLODSTWS1_1#O_BANK-TO-PRLODSTWS1_1#PA_0420_11G"
        },
        {
          "Event": "PRLODSTWS1_1#O_BANK_ACCOUNT-TO-PRLODSTWS1_1#PA_0420_11G"
        },
        {
          "Event": "PRLODSTWS1_1#O_POLICY_BANK_AUTH-TO-PRLODSTWS1_1#PA_0420_11G"
        },
        {
          "Event": "PRLODSTWS1_1#O_ACCOUNT_TYPE-TO-PRLODSTWS1_1#PA_0420_11G"
        },
        {
          "Event": "PRLODSTWS1_1#O_PA_SEAL_RECORD-TO-PRLODSTWS1_1#PA_0420_11G"
        },
        {
          "Event": "PRLODSTWS1_1#O_PAYER-TO-PRLODSTWS1_1#PA_0420_11G"
        },
        {
          "Event": "PRLODSTWS1_1#O_CHANGE-TO-PRLODSTWS1_1#PA_0420_11G"
        },
        {
          "Event": "PRLODSTWS1_1#O_POLICY_CHANGE-TO-PRLODSTWS1_1#PA_0420_11G"
        },
        {
          "Event": "PRLODSTWS1_1#O_PAYER_ACCOUNT-TO-PRLODSTWS1_1#PA_0420_11G"
        },
        {
          "Event": "PRLODSTWS1_1#SDM_PA_SEAL_RECORD-TO-PRLODSTWS1_1#PA_0420_11G"
        },
        {
          "Event": "PRLODSTWS1_1#SDM_USER-TO-PRLODSTWS1_1#PA_0420_11G"
        },
        {
          "Event": "PRLODSTWS1_1#SDM_CONTRACT_MASTER-TO-PRLODSTWS1_1#PA_0420_11G"
        },
        {
          "Event": "PRLODSTWS1_1#SDM_NB_PAYER_TO_PH-TO-PRLODSTWS1_1#PA_0420_11G"
        }
      ]
    },
    "eventsToDelete": {
      "Type": "DeleteEvents",
      "Events": [
        {
          "Event": "PRLODSTWS1_1#O_CUSTOMER-TO-PRLODSTWS1_1#PA_0420_11G"
        },
        {
          "Event": "PRLODSTWS1_1#O_BANK-TO-PRLODSTWS1_1#PA_0420_11G"
        },
        {
          "Event": "PRLODSTWS1_1#O_BANK_ACCOUNT-TO-PRLODSTWS1_1#PA_0420_11G"
        },
        {
          "Event": "PRLODSTWS1_1#O_POLICY_BANK_AUTH-TO-PRLODSTWS1_1#PA_0420_11G"
        },
        {
          "Event": "PRLODSTWS1_1#O_ACCOUNT_TYPE-TO-PRLODSTWS1_1#PA_0420_11G"
        },
        {
          "Event": "PRLODSTWS1_1#O_PA_SEAL_RECORD-TO-PRLODSTWS1_1#PA_0420_11G"
        },
        {
          "Event": "PRLODSTWS1_1#O_PAYER-TO-PRLODSTWS1_1#PA_0420_11G"
        },
        {
          "Event": "PRLODSTWS1_1#O_CHANGE-TO-PRLODSTWS1_1#PA_0420_11G"
        },
        {
          "Event": "PRLODSTWS1_1#O_POLICY_CHANGE-TO-PRLODSTWS1_1#PA_0420_11G"
        },
        {
          "Event": "PRLODSTWS1_1#O_PAYER_ACCOUNT-TO-PRLODSTWS1_1#PA_0420_11G"
        },
        {
          "Event": "PRLODSTWS1_1#SDM_PA_SEAL_RECORD-TO-PRLODSTWS1_1#PA_0420_11G"
        },
        {
          "Event": "PRLODSTWS1_1#SDM_USER-TO-PRLODSTWS1_1#PA_0420_11G"
        },
        {
          "Event": "PRLODSTWS1_1#SDM_CONTRACT_MASTER-TO-PRLODSTWS1_1#PA_0420_11G"
        },
        {
          "Event": "PRLODSTWS1_1#SDM_NB_PAYER_TO_PH-TO-PRLODSTWS1_1#PA_0420_11G"
        }
      ]
    }
  },
  "PRLODSTWS1_1#PA_0300_11G": {
    "Type": "Job:Database:StoredProcedure",
    "ConnectionProfile": "UPCR1",
    "StoredProcedure": "PA_0300_11G_SP",
    "Schema": "SQLEXT",
    "DaysKeepActive": "1",
    "SubApplication": "UPCR1",
    "Host": "CTMAG",
    "CreatedBy": "emuser",
    "Description": "== Conversion Messages Start ==\\n\\nMessage ID\\t: WRN6031 (7061-12490)\\n\\n== Conversion Messages End ==\\nAdded by composer.",
    "RunAs": "controlm",
    "Application": "ODS",
    "When": {
      "WeekDays": [
        "NONE"
      ],
      "Months": [
        "NONE"
      ],
      "MonthDays": [
        "NONE"
      ],
      "DaysRelation": "OR",
      "RuleBasedCalendars": {
        "Included": [
          "RC1"
        ]
      }
    },
    "eventsToWaitFor": {
      "Type": "WaitForEvents",
      "Events": [
        {
          "Event": "PRLODSTWS1_1#SDM_CASH-TO-PRLODSTWS1_1#PA_0300_11G"
        }
      ]
    },
    "eventsToDelete": {
      "Type": "DeleteEvents",
      "Events": [
        {
          "Event": "PRLODSTWS1_1#SDM_CASH-TO-PRLODSTWS1_1#PA_0300_11G"
        }
      ]
    }
  },
  "eventsToAdd": {
    "Type": "AddEvents",
    "Events": [
      {
        "Event": "PRLODSTWS1_1#D_RPT_PA_ONLINE-TO-PRLODSTWS1_1#BDS_STS_RPT_PA"
      }
    ]
  }
  }
}
