{
  "PRLODSTWS1_1#ADHOC_JAS_UNB06": {
  "Type":  "Folder",
  "ControlmServer": "CTM",
  "Description": "== Conversion Messages Start ==\\n\\nMessage ID\\t: INF6107 (6930-12333)\\n\\nMessage ID\\t: INF6104 (6931-12333)\\n\\n== Conversion Messages End ==\\n",
  "OrderMethod": "Manual",
  "SubApplication": "UPCR1",
  "CreatedBy": "emuser",
  "Application": "ODS",
  "When": {
    "RuleBasedCalendars": {
      "Included": [
        "Manual_order"
      ],
      "Manual_order": {
        "Type": "Calendar:RuleBased",
        "When": {
          "DaysRelation": "OR",
          "DaysKeepActive": "01",
          "WeekDays": [
            "NONE"
          ],
          "Months": [
            "NONE"
          ],
          "MonthDays": [
            "NONE"
          ]
        }
      }
    }
  },
  "PRLODSTWS1_1#UNB_0611_PARAM": {
    "Type": "Job:Database:StoredProcedure",
    "ConnectionProfile": "UPCR1",
    "StoredProcedure": "UNB_0611_PARAM_SP",
    "Schema": "SQLEXT",
    "DaysKeepActive": "1",
    "SubApplication": "UPCR1",
    "Host": "CTMAG",
    "CreatedBy": "emuser",
    "Description": "== Conversion Messages Start ==\\n\\nMessage ID\\t: WRN6031 (6924-12334)\\n\\n== Conversion Messages End ==\\nAdded by composer.",
    "RunAs": "controlm",
    "Application": "ODS",
    "When": {
      "WeekDays": [
        "NONE"
      ],
      "Months": [
        "NONE"
      ],
      "MonthDays": [
        "NONE"
      ],
      "DaysRelation": "OR",
      "RuleBasedCalendars": {
        "Included": [
          "Manual_order"
        ]
      }
    },
    "eventsToWaitFor": {
      "Type": "WaitForEvents",
      "Events": [
        {
          "Event": "PRLODSTWS1_1#UNB_0610_11G-TO-PRLODSTWS1_1#UNB_0611_PARAM_1"
        },
        {
          "Event": "PRLODSTWS1_1#UNB_0610_12G-TO-PRLODSTWS1_1#UNB_0611_PARAM_1"
        },
        {
          "Event": "PRLODSTWS1_1#UNB_JOB_PARAM-TO-PRLODSTWS1_1#UNB_0611_PARAM_1"
        }
      ]
    },
    "eventsToAdd": {
      "Type": "AddEvents",
      "Events": [
        {
          "Event": "PRLODSTWS1_1#UNB_0611_PARAM-TO-PRLODSTWS1_1#UNB_0611_CR_2"
        }
      ]
    },
    "eventsToDelete": {
      "Type": "DeleteEvents",
      "Events": [
        {
          "Event": "PRLODSTWS1_1#UNB_0610_11G-TO-PRLODSTWS1_1#UNB_0611_PARAM_1"
        },
        {
          "Event": "PRLODSTWS1_1#UNB_0610_12G-TO-PRLODSTWS1_1#UNB_0611_PARAM_1"
        },
        {
          "Event": "PRLODSTWS1_1#UNB_JOB_PARAM-TO-PRLODSTWS1_1#UNB_0611_PARAM_1"
        }
      ]
    }
  },
  "PRLODSTWS1_1#UNB_0614_CR": {
    "Type": "Job:Command",
    "DaysKeepActive": "1",
    "SubApplication": "UPCR1",
    "Host": "CTMAG",
    "CreatedBy": "emuser",
    "Description": "generate the report file for batch",
    "RunAs": "controlm",
    "Application": "ODS",
    "Command": "/home/tws/ods_batch_home/esp.batch.scripts/gen.report.sh M_RPT_UNB ${tws.job.name} %%\\\\global\\END_DT_CHAR.",
    "When": {
      "WeekDays": [
        "NONE"
      ],
      "Months": [
        "NONE"
      ],
      "MonthDays": [
        "NONE"
      ],
      "DaysRelation": "OR",
      "RuleBasedCalendars": {
        "Included": [
          "Manual_order"
        ]
      }
    },
    "eventsToWaitFor": {
      "Type": "WaitForEvents",
      "Events": [
        {
          "Event": "PRLODSTWS1_1#UNB_0614_PARAM-TO-PRLODSTWS1_1#UNB_0614_CR_2"
        }
      ]
    },
    "eventsToAdd": {
      "Type": "AddEvents",
      "Events": [
        {
          "Event": "PRLODSTWS1_1#UNB_0614_CR-TO-PRLODSTWS1_1#UNB_0614_CF_1"
        }
      ]
    },
    "eventsToDelete": {
      "Type": "DeleteEvents",
      "Events": [
        {
          "Event": "PRLODSTWS1_1#UNB_0614_PARAM-TO-PRLODSTWS1_1#UNB_0614_CR_2"
        }
      ]
    }
  },
  "PRLODSTWS1_1#UNB_0614_PARAM": {
    "Type": "Job:Database:StoredProcedure",
    "ConnectionProfile": "UPCR1",
    "StoredProcedure": "UNB_0614_PARAM_SP",
    "Schema": "SQLEXT",
    "DaysKeepActive": "1",
    "SubApplication": "UPCR1",
    "Host": "CTMAG",
    "CreatedBy": "emuser",
    "Description": "== Conversion Messages Start ==\\n\\nMessage ID\\t: WRN6031 (6925-12336)\\n\\n== Conversion Messages End ==\\nAdded by composer.",
    "RunAs": "controlm",
    "Application": "ODS",
    "When": {
      "WeekDays": [
        "NONE"
      ],
      "Months": [
        "NONE"
      ],
      "MonthDays": [
        "NONE"
      ],
      "DaysRelation": "OR",
      "RuleBasedCalendars": {
        "Included": [
          "Manual_order"
        ]
      }
    },
    "eventsToWaitFor": {
      "Type": "WaitForEvents",
      "Events": [
        {
          "Event": "PRLODSTWS1_1#UNB_0610_11G-TO-PRLODSTWS1_1#UNB_0614_PARAM_1"
        },
        {
          "Event": "PRLODSTWS1_1#UNB_0610_12G-TO-PRLODSTWS1_1#UNB_0614_PARAM_1"
        },
        {
          "Event": "PRLODSTWS1_1#UNB_JOB_PARAM-TO-PRLODSTWS1_1#UNB_0614_PARAM_1"
        }
      ]
    },
    "eventsToAdd": {
      "Type": "AddEvents",
      "Events": [
        {
          "Event": "PRLODSTWS1_1#UNB_0614_PARAM-TO-PRLODSTWS1_1#UNB_0614_CR_2"
        }
      ]
    },
    "eventsToDelete": {
      "Type": "DeleteEvents",
      "Events": [
        {
          "Event": "PRLODSTWS1_1#UNB_0610_11G-TO-PRLODSTWS1_1#UNB_0614_PARAM_1"
        },
        {
          "Event": "PRLODSTWS1_1#UNB_0610_12G-TO-PRLODSTWS1_1#UNB_0614_PARAM_1"
        },
        {
          "Event": "PRLODSTWS1_1#UNB_JOB_PARAM-TO-PRLODSTWS1_1#UNB_0614_PARAM_1"
        }
      ]
    }
  },
  "PRLODSTWS1_1#UNB_0610_PARAM": {
    "Type": "Job:Database:StoredProcedure",
    "ConnectionProfile": "UPCR1",
    "StoredProcedure": "UNB_0610_PARAM_SP",
    "Schema": "SQLEXT",
    "DaysKeepActive": "1",
    "SubApplication": "UPCR1",
    "Host": "CTMAG",
    "CreatedBy": "emuser",
    "Description": "== Conversion Messages Start ==\\n\\nMessage ID\\t: WRN6031 (6926-12337)\\n\\n== Conversion Messages End ==\\nAdded by composer.",
    "RunAs": "controlm",
    "Application": "ODS",
    "When": {
      "WeekDays": [
        "NONE"
      ],
      "Months": [
        "NONE"
      ],
      "MonthDays": [
        "NONE"
      ],
      "DaysRelation": "OR",
      "RuleBasedCalendars": {
        "Included": [
          "Manual_order"
        ]
      }
    },
    "eventsToWaitFor": {
      "Type": "WaitForEvents",
      "Events": [
        {
          "Event": "PRLODSTWS1_1#UNB_0610_11G-TO-PRLODSTWS1_1#UNB_0610_PARAM_1"
        },
        {
          "Event": "PRLODSTWS1_1#UNB_0610_12G-TO-PRLODSTWS1_1#UNB_0610_PARAM"
        },
        {
          "Event": "PRLODSTWS1_1#UNB_JOB_PARAM-TO-PRLODSTWS1_1#UNB_0610_PARAM_1"
        }
      ]
    },
    "eventsToDelete": {
      "Type": "DeleteEvents",
      "Events": [
        {
          "Event": "PRLODSTWS1_1#UNB_0610_11G-TO-PRLODSTWS1_1#UNB_0610_PARAM_1"
        },
        {
          "Event": "PRLODSTWS1_1#UNB_0610_12G-TO-PRLODSTWS1_1#UNB_0610_PARAM"
        },
        {
          "Event": "PRLODSTWS1_1#UNB_JOB_PARAM-TO-PRLODSTWS1_1#UNB_0610_PARAM_1"
        }
      ]
    }
  },
  "PRLODSTWS1_1#UNB_0611_CF": {
    "Type": "Job:Command",
    "DaysKeepActive": "1",
    "SubApplication": "UPCR1",
    "Host": "CTMAG",
    "CreatedBy": "emuser",
    "Description": "archiving file for batch",
    "RunAs": "controlm",
    "Application": "ODS",
    "Command": "/home/tws/ods_batch_home/esp.batch.scripts/archiving.file.sh M_RPT_UNB ${tws.job.name} %%\\\\global\\END_DT_CHAR.",
    "When": {
      "WeekDays": [
        "NONE"
      ],
      "Months": [
        "NONE"
      ],
      "MonthDays": [
        "NONE"
      ],
      "DaysRelation": "OR",
      "RuleBasedCalendars": {
        "Included": [
          "Manual_order"
        ]
      }
    },
    "eventsToWaitFor": {
      "Type": "WaitForEvents",
      "Events": [
        {
          "Event": "PRLODSTWS1_1#UNB_0611_CR-TO-PRLODSTWS1_1#UNB_0611_CF_1"
        }
      ]
    },
    "eventsToDelete": {
      "Type": "DeleteEvents",
      "Events": [
        {
          "Event": "PRLODSTWS1_1#UNB_0611_CR-TO-PRLODSTWS1_1#UNB_0611_CF_1"
        }
      ]
    }
  },
  "PRLODSTWS1_1#UNB_0612_CF": {
    "Type": "Job:Command",
    "DaysKeepActive": "1",
    "SubApplication": "UPCR1",
    "Host": "CTMAG",
    "CreatedBy": "emuser",
    "Description": "archiving file for batch",
    "RunAs": "controlm",
    "Application": "ODS",
    "Command": "/home/tws/ods_batch_home/esp.batch.scripts/archiving.file.sh M_RPT_UNB ${tws.job.name} %%\\\\global\\END_DT_CHAR.",
    "When": {
      "WeekDays": [
        "NONE"
      ],
      "Months": [
        "NONE"
      ],
      "MonthDays": [
        "NONE"
      ],
      "DaysRelation": "OR",
      "RuleBasedCalendars": {
        "Included": [
          "Manual_order"
        ]
      }
    },
    "eventsToWaitFor": {
      "Type": "WaitForEvents",
      "Events": [
        {
          "Event": "PRLODSTWS1_1#UNB_0612_CR-TO-PRLODSTWS1_1#UNB_0612_CF_1"
        }
      ]
    },
    "eventsToDelete": {
      "Type": "DeleteEvents",
      "Events": [
        {
          "Event": "PRLODSTWS1_1#UNB_0612_CR-TO-PRLODSTWS1_1#UNB_0612_CF_1"
        }
      ]
    }
  },
  "PRLODSTWS1_1#UNB_0610_11G": {
    "Type": "Job:Database:StoredProcedure",
    "ConnectionProfile": "UPCR1",
    "StoredProcedure": "UNB_0610_11G_SP",
    "Schema": "SQLEXT",
    "DaysKeepActive": "1",
    "SubApplication": "UPCR1",
    "Host": "CTMAG",
    "CreatedBy": "emuser",
    "Description": "== Conversion Messages Start ==\\n\\nMessage ID\\t: WRN6031 (6927-12340)\\n\\n== Conversion Messages End ==\\nAdded by composer.",
    "RunAs": "controlm",
    "Application": "ODS",
    "When": {
      "WeekDays": [
        "NONE"
      ],
      "Months": [
        "NONE"
      ],
      "MonthDays": [
        "NONE"
      ],
      "DaysRelation": "OR",
      "RuleBasedCalendars": {
        "Included": [
          "Manual_order"
        ]
      }
    },
    "eventsToAdd": {
      "Type": "AddEvents",
      "Events": [
        {
          "Event": "PRLODSTWS1_1#UNB_0610_11G-TO-PRLODSTWS1_1#UNB_0614_PARAM_1"
        },
        {
          "Event": "PRLODSTWS1_1#UNB_0610_11G-TO-PRLODSTWS1_1#UNB_0612_PARAM_1"
        },
        {
          "Event": "PRLODSTWS1_1#UNB_0610_11G-TO-PRLODSTWS1_1#UNB_0611_PARAM_1"
        },
        {
          "Event": "PRLODSTWS1_1#UNB_0610_11G-TO-PRLODSTWS1_1#UNB_0610_PARAM_1"
        }
      ]
    }
  },
  "PRLODSTWS1_1#UNB_0614_CF": {
    "Type": "Job:Command",
    "DaysKeepActive": "1",
    "SubApplication": "UPCR1",
    "Host": "CTMAG",
    "CreatedBy": "emuser",
    "Description": "archiving file for batch",
    "RunAs": "controlm",
    "Application": "ODS",
    "Command": "/home/tws/ods_batch_home/esp.batch.scripts/archiving.file.sh M_RPT_UNB ${tws.job.name} %%\\\\global\\END_DT_CHAR.",
    "When": {
      "WeekDays": [
        "NONE"
      ],
      "Months": [
        "NONE"
      ],
      "MonthDays": [
        "NONE"
      ],
      "DaysRelation": "OR",
      "RuleBasedCalendars": {
        "Included": [
          "Manual_order"
        ]
      }
    },
    "eventsToWaitFor": {
      "Type": "WaitForEvents",
      "Events": [
        {
          "Event": "PRLODSTWS1_1#UNB_0614_CR-TO-PRLODSTWS1_1#UNB_0614_CF_1"
        }
      ]
    },
    "eventsToDelete": {
      "Type": "DeleteEvents",
      "Events": [
        {
          "Event": "PRLODSTWS1_1#UNB_0614_CR-TO-PRLODSTWS1_1#UNB_0614_CF_1"
        }
      ]
    }
  },
  "PRLODSTWS1_1#UNB_0610_12G": {
    "Type": "Job:Database:StoredProcedure",
    "ConnectionProfile": "UPCR1",
    "StoredProcedure": "UNB_0610_12G_SP",
    "Schema": "SQLEXT",
    "DaysKeepActive": "1",
    "SubApplication": "UPCR1",
    "Host": "CTMAG",
    "CreatedBy": "emuser",
    "Description": "== Conversion Messages Start ==\\n\\nMessage ID\\t: WRN6031 (6928-12342)\\n\\n== Conversion Messages End ==\\nAdded by composer.",
    "RunAs": "controlm",
    "Application": "ODS",
    "When": {
      "WeekDays": [
        "NONE"
      ],
      "Months": [
        "NONE"
      ],
      "MonthDays": [
        "NONE"
      ],
      "DaysRelation": "OR",
      "RuleBasedCalendars": {
        "Included": [
          "Manual_order"
        ]
      }
    },
    "eventsToAdd": {
      "Type": "AddEvents",
      "Events": [
        {
          "Event": "PRLODSTWS1_1#UNB_0610_12G-TO-PRLODSTWS1_1#UNB_0614_PARAM_1"
        },
        {
          "Event": "PRLODSTWS1_1#UNB_0610_12G-TO-PRLODSTWS1_1#UNB_0612_PARAM_1"
        },
        {
          "Event": "PRLODSTWS1_1#UNB_0610_12G-TO-PRLODSTWS1_1#UNB_0611_PARAM_1"
        },
        {
          "Event": "PRLODSTWS1_1#UNB_0610_12G-TO-PRLODSTWS1_1#UNB_0610_PARAM"
        }
      ]
    }
  },
  "PRLODSTWS1_1#UNB_0611_CR": {
    "Type": "Job:Command",
    "DaysKeepActive": "1",
    "SubApplication": "UPCR1",
    "Host": "CTMAG",
    "CreatedBy": "emuser",
    "Description": "generate the report file for batch",
    "RunAs": "controlm",
    "Application": "ODS",
    "Command": "/home/tws/ods_batch_home/esp.batch.scripts/gen.report.sh M_RPT_UNB ${tws.job.name} %%\\\\global\\END_DT_CHAR.",
    "When": {
      "WeekDays": [
        "NONE"
      ],
      "Months": [
        "NONE"
      ],
      "MonthDays": [
        "NONE"
      ],
      "DaysRelation": "OR",
      "RuleBasedCalendars": {
        "Included": [
          "Manual_order"
        ]
      }
    },
    "eventsToWaitFor": {
      "Type": "WaitForEvents",
      "Events": [
        {
          "Event": "PRLODSTWS1_1#UNB_0611_PARAM-TO-PRLODSTWS1_1#UNB_0611_CR_2"
        }
      ]
    },
    "eventsToAdd": {
      "Type": "AddEvents",
      "Events": [
        {
          "Event": "PRLODSTWS1_1#UNB_0611_CR-TO-PRLODSTWS1_1#UNB_0611_CF_1"
        }
      ]
    },
    "eventsToDelete": {
      "Type": "DeleteEvents",
      "Events": [
        {
          "Event": "PRLODSTWS1_1#UNB_0611_PARAM-TO-PRLODSTWS1_1#UNB_0611_CR_2"
        }
      ]
    }
  },
  "PRLODSTWS1_1#UNB_0612_CR": {
    "Type": "Job:Command",
    "DaysKeepActive": "1",
    "SubApplication": "UPCR1",
    "Host": "CTMAG",
    "CreatedBy": "emuser",
    "Description": "generate the report file for batch",
    "RunAs": "controlm",
    "Application": "ODS",
    "Command": "/home/tws/ods_batch_home/esp.batch.scripts/gen.report.sh M_RPT_UNB ${tws.job.name} %%\\\\global\\END_DT_CHAR.",
    "When": {
      "WeekDays": [
        "NONE"
      ],
      "Months": [
        "NONE"
      ],
      "MonthDays": [
        "NONE"
      ],
      "DaysRelation": "OR",
      "RuleBasedCalendars": {
        "Included": [
          "Manual_order"
        ]
      }
    },
    "eventsToWaitFor": {
      "Type": "WaitForEvents",
      "Events": [
        {
          "Event": "PRLODSTWS1_1#UNB_0612_PARAM-TO-PRLODSTWS1_1#UNB_0612_CR_2"
        }
      ]
    },
    "eventsToAdd": {
      "Type": "AddEvents",
      "Events": [
        {
          "Event": "PRLODSTWS1_1#UNB_0612_CR-TO-PRLODSTWS1_1#UNB_0612_CF_1"
        }
      ]
    },
    "eventsToDelete": {
      "Type": "DeleteEvents",
      "Events": [
        {
          "Event": "PRLODSTWS1_1#UNB_0612_PARAM-TO-PRLODSTWS1_1#UNB_0612_CR_2"
        }
      ]
    }
  },
  "PRLODSTWS1_1#UNB_0612_PARAM": {
    "Type": "Job:Database:StoredProcedure",
    "ConnectionProfile": "UPCR1",
    "StoredProcedure": "UNB_0612_PARAM_SP",
    "Schema": "SQLEXT",
    "DaysKeepActive": "1",
    "SubApplication": "UPCR1",
    "Host": "CTMAG",
    "CreatedBy": "emuser",
    "Description": "== Conversion Messages Start ==\\n\\nMessage ID\\t: WRN6031 (6929-12345)\\n\\n== Conversion Messages End ==\\nAdded by composer.",
    "RunAs": "controlm",
    "Application": "ODS",
    "When": {
      "WeekDays": [
        "NONE"
      ],
      "Months": [
        "NONE"
      ],
      "MonthDays": [
        "NONE"
      ],
      "DaysRelation": "OR",
      "RuleBasedCalendars": {
        "Included": [
          "Manual_order"
        ]
      }
    },
    "eventsToWaitFor": {
      "Type": "WaitForEvents",
      "Events": [
        {
          "Event": "PRLODSTWS1_1#UNB_0610_11G-TO-PRLODSTWS1_1#UNB_0612_PARAM_1"
        },
        {
          "Event": "PRLODSTWS1_1#UNB_0610_12G-TO-PRLODSTWS1_1#UNB_0612_PARAM_1"
        },
        {
          "Event": "PRLODSTWS1_1#UNB_JOB_PARAM-TO-PRLODSTWS1_1#UNB_0612_PARAM_1"
        }
      ]
    },
    "eventsToAdd": {
      "Type": "AddEvents",
      "Events": [
        {
          "Event": "PRLODSTWS1_1#UNB_0612_PARAM-TO-PRLODSTWS1_1#UNB_0612_CR_2"
        }
      ]
    },
    "eventsToDelete": {
      "Type": "DeleteEvents",
      "Events": [
        {
          "Event": "PRLODSTWS1_1#UNB_0610_11G-TO-PRLODSTWS1_1#UNB_0612_PARAM_1"
        },
        {
          "Event": "PRLODSTWS1_1#UNB_0610_12G-TO-PRLODSTWS1_1#UNB_0612_PARAM_1"
        },
        {
          "Event": "PRLODSTWS1_1#UNB_JOB_PARAM-TO-PRLODSTWS1_1#UNB_0612_PARAM_1"
        }
      ]
    }
  }
  }
}
