{
  "PRLODSTWS1_1#D_STG_END": {
  "Type":  "Folder",
  "ControlmServer": "CTM",
  "Description": "== Conversion Messages Start ==\\n\\nMessage ID\\t: INF6104 (4379-7686)\\n\\n== Conversion Messages End ==\\nFinal stream for daily ODS batch",
  "OrderMethod": "Manual",
  "SubApplication": "UPCR1",
  "CreatedBy": "emuser",
  "Application": "ODS",
  "When": {
    "RuleBasedCalendars": {
      "Included": [
        "RC1"
      ],
      "RC1": {
        "Type": "Calendar:RuleBased",
        "When": {
          "MonthDaysCalendar": "RCG-D-NAT",
          "DaysRelation": "OR",
          "WeekDays": [
            "NONE"
          ],
          "MonthDays": [
            "NONE"
          ]
        }
      }
    }
  },
  "PRLODSTWS1_1#SYS_CAL_IMP": {
    "Type": "Job:EmbeddedScript",
    "Script": "source /opt/IBM/TWA/twa_env.sh\\nmydate=^END_DT_CHAR^ \\necho ${mydate:0:4}\\n\\nsqlplus -L ^ETLUSER^/^ETLPWD^@^DW_HOST^ @holidayCal.sql\\nsqlplus -L ^ETLUSER^/^ETLPWD^@^DW_HOST^ @workdayCal.sql\\n\\ncomposer extract import_iws_cal.log cal=WD-${mydate:0:4}\\nmv WD-${mydate:0:4}.csv import_iws_cal.log\\ncomposer rep import_iws_cal.log\\n\\ncomposer extract import_iws_cal.log cal=HD-${mydate:0:4}\\nmv HD-${mydate:0:4}.csv import_iws_cal.log\\ncomposer rep import_iws_cal.log",
    "SubApplication": "UPCR1",
    "FileName": "PRLODSTWS1_1#SYS_CAL_IMP.cmd",
    "Host": "CTMAG",
    "CreatedBy": "emuser",
    "Description": "Calendar Import",
    "RunAs": "controlm",
    "Application": "ODS",
    "When": {
      "WeekDays": [
        "NONE"
      ],
      "Months": [
        "NONE"
      ],
      "MonthDays": [
        "NONE"
      ],
      "DaysRelation": "OR",
      "RuleBasedCalendars": {
        "Included": [
          "RC1"
        ]
      }
    },
    "eventsToWaitFor": {
      "Type": "WaitForEvents",
      "Events": [
        {
          "Event": "PRLODSTWS1_1#SYS_STS_END-TO-PRLODSTWS1_1#SYS_CAL_IMP"
        }
      ]
    },
    "eventsToAdd": {
      "Type": "AddEvents",
      "Events": [
        {
          "Event": "PRLODSTWS1_1#SYS_CAL_IMP-TO-PRLODSTWS1_1#SYS_EVT_END"
        }
      ]
    },
    "eventsToDelete": {
      "Type": "DeleteEvents",
      "Events": [
        {
          "Event": "PRLODSTWS1_1#SYS_STS_END-TO-PRLODSTWS1_1#SYS_CAL_IMP"
        }
      ]
    }
  },
  "PRLODSTWS1_1#SYS_EVT_END": {
    "Type": "Job:EmbeddedScript",
    "Script": "echo ${tws.plan.date}\\necho ${tws.jobstream.name}\\necho ${tws.job.name}\\n",
    "SubApplication": "UPCR1",
    "FileName": "PRLODSTWS1_1#SYS_EVT_END.cmd",
    "Host": "CTMAG",
    "CreatedBy": "emuser",
    "Description": "Added by composer.",
    "RunAs": "controlm",
    "Application": "ODS",
    "When": {
      "WeekDays": [
        "NONE"
      ],
      "Months": [
        "NONE"
      ],
      "MonthDays": [
        "NONE"
      ],
      "DaysRelation": "OR",
      "RuleBasedCalendars": {
        "Included": [
          "RC1"
        ]
      }
    },
    "eventsToWaitFor": {
      "Type": "WaitForEvents",
      "Events": [
        {
          "Event": "PRLODSTWS1_1#SYS_CAL_IMP-TO-PRLODSTWS1_1#SYS_EVT_END"
        },
        {
          "Event": "PRLODSTWS1_1#SYS_EVT_CHK_END-TO-PRLODSTWS1_1#SYS_EVT_END"
        }
      ]
    },
    "eventsToDelete": {
      "Type": "DeleteEvents",
      "Events": [
        {
          "Event": "PRLODSTWS1_1#SYS_CAL_IMP-TO-PRLODSTWS1_1#SYS_EVT_END"
        },
        {
          "Event": "PRLODSTWS1_1#SYS_EVT_CHK_END-TO-PRLODSTWS1_1#SYS_EVT_END"
        }
      ]
    }
  },
  "PRLODSTWS1_1#SYS_EVT_CHK_END": {
    "Type": "Job:EmbeddedScript",
    "Script": "echo ${tws.plan.date}\\necho ${tws.jobstream.name}\\necho ${tws.job.name}\\n",
    "SubApplication": "UPCR1",
    "FileName": "PRLODSTWS1_1#SYS_EVT_CHK_END.cmd",
    "Host": "CTMAG",
    "CreatedBy": "emuser",
    "Description": "Added by composer.",
    "RunAs": "controlm",
    "Application": "ODS",
    "When": {
      "WeekDays": [
        "NONE"
      ],
      "Months": [
        "NONE"
      ],
      "MonthDays": [
        "NONE"
      ],
      "DaysRelation": "OR",
      "RuleBasedCalendars": {
        "Included": [
          "RC1"
        ]
      }
    },
    "eventsToWaitFor": {
      "Type": "WaitForEvents",
      "Events": [
        {
          "Event": "PRLODSTWS1_1#SYS_EVT_END_STRT-TO-PRLODSTWS1_1#SYS_EVT_CHK_END"
        },
        {
          "Event": "PRLODSTWS1_1#SYS_STS_ODS-TO-PRLODSTWS1_1#SYS_EVT_CHK_END"
        }
      ]
    },
    "eventsToAdd": {
      "Type": "AddEvents",
      "Events": [
        {
          "Event": "PRLODSTWS1_1#SYS_EVT_CHK_END-TO-PRLODSTWS1_1#SYS_EVT_END"
        }
      ]
    },
    "eventsToDelete": {
      "Type": "DeleteEvents",
      "Events": [
        {
          "Event": "PRLODSTWS1_1#SYS_EVT_END_STRT-TO-PRLODSTWS1_1#SYS_EVT_CHK_END"
        },
        {
          "Event": "PRLODSTWS1_1#SYS_STS_ODS-TO-PRLODSTWS1_1#SYS_EVT_CHK_END"
        }
      ]
    }
  },
  "PRLODSTWS1_1#SYS_EVT_END_STRT": {
    "Type": "Job:EmbeddedScript",
    "Script": "echo ${tws.plan.date}\\necho ${tws.jobstream.name}\\necho ${tws.job.name}\\n",
    "SubApplication": "UPCR1",
    "FileName": "PRLODSTWS1_1#SYS_EVT_END_STRT.cmd",
    "Host": "CTMAG",
    "CreatedBy": "emuser",
    "Description": "Added by composer.",
    "RunAs": "controlm",
    "Application": "ODS",
    "When": {
      "WeekDays": [
        "NONE"
      ],
      "Months": [
        "NONE"
      ],
      "MonthDays": [
        "NONE"
      ],
      "DaysRelation": "OR",
      "RuleBasedCalendars": {
        "Included": [
          "RC1"
        ]
      }
    },
    "eventsToAdd": {
      "Type": "AddEvents",
      "Events": [
        {
          "Event": "PRLODSTWS1_1#SYS_EVT_END_STRT-TO-PRLODSTWS1_1#SYS_EVT_CHK_END"
        }
      ]
    }
  }
  }
}
