{
  "PRLODSTWS1_1#D_FDW_JIHS": {
  "Type":  "Folder",
  "ControlmServer": "CTM",
  "Description": "== Conversion Messages Start ==\\n\\nMessage ID\\t: INF6107 (7788-13688)\\n\\nMessage ID\\t: INF6104 (7789-13688)\\n\\n== Conversion Messages End ==\\n",
  "OrderMethod": "Manual",
  "SubApplication": "UPCR1",
  "CreatedBy": "emuser",
  "Application": "ODS",
  "When": {
    "RuleBasedCalendars": {
      "Included": [
        "RC1"
      ],
      "RC1": {
        "Type": "Calendar:RuleBased",
        "When": {
          "MonthDaysCalendar": "RCG-D-NAT",
          "DaysRelation": "OR",
          "DaysKeepActive": "01",
          "WeekDays": [
            "NONE"
          ],
          "MonthDays": [
            "NONE"
          ]
        }
      }
    }
  },
  "PRLODSTWS1_1#JIHS_POL_AUTH_CM": {
    "Type": "Job:Command",
    "DaysKeepActive": "1",
    "SubApplication": "UPCR1",
    "Host": "CTMAG",
    "CreatedBy": "emuser",
    "Description": "Common Shell Template",
    "RunAs": "controlm",
    "Application": "ODS",
    "Command": "/home/tws/ods_batch_home/esp.batch.scripts/run.cmd.sh D_FDW_JIHS ${tws.job.name} %%\\\\global\\END_DT_CHAR.",
    "When": {
      "WeekDays": [
        "NONE"
      ],
      "Months": [
        "NONE"
      ],
      "MonthDays": [
        "NONE"
      ],
      "DaysRelation": "OR",
      "RuleBasedCalendars": {
        "Included": [
          "RC1"
        ]
      }
    },
    "eventsToWaitFor": {
      "Type": "WaitForEvents",
      "Events": [
        {
          "Event": "PRLODSTWS1_1#JIHS_POL_AUTH_EX-TO-PRLODSTWS1_1#JIHS_POL_AUTH_CM"
        }
      ]
    },
    "eventsToAdd": {
      "Type": "AddEvents",
      "Events": [
        {
          "Event": "PRLODSTWS1_1#JIHS_POL_AUTH_CM-TO-PRLODSTWS1_1#JIHS_POL_AUTH_ZP"
        }
      ]
    },
    "eventsToDelete": {
      "Type": "DeleteEvents",
      "Events": [
        {
          "Event": "PRLODSTWS1_1#JIHS_POL_AUTH_EX-TO-PRLODSTWS1_1#JIHS_POL_AUTH_CM"
        }
      ]
    }
  },
  "PRLODSTWS1_1#JIHS_NTC_DEDUCT_CM": {
    "Type": "Job:Command",
    "DaysKeepActive": "1",
    "SubApplication": "UPCR1",
    "Host": "CTMAG",
    "CreatedBy": "emuser",
    "Description": "Common Shell Template",
    "RunAs": "controlm",
    "Application": "ODS",
    "Command": "/home/tws/ods_batch_home/esp.batch.scripts/run.cmd.sh D_FDW_JIHS ${tws.job.name} %%\\\\global\\END_DT_CHAR.",
    "When": {
      "WeekDays": [
        "NONE"
      ],
      "Months": [
        "NONE"
      ],
      "MonthDays": [
        "NONE"
      ],
      "DaysRelation": "OR",
      "RuleBasedCalendars": {
        "Included": [
          "RC1"
        ]
      }
    },
    "eventsToWaitFor": {
      "Type": "WaitForEvents",
      "Events": [
        {
          "Event": "PRLODSTWS1_1#JIHS_NTC_DEDUCT_EX-TO-PRLODSTWS1_1#JIHS_NTC_DEDUCT_CM"
        }
      ]
    },
    "eventsToAdd": {
      "Type": "AddEvents",
      "Events": [
        {
          "Event": "PRLODSTWS1_1#JIHS_NTC_DEDUCT_CM-TO-PRLODSTWS1_1#JIHS_NTC_DEDUCT_FP"
        }
      ]
    },
    "eventsToDelete": {
      "Type": "DeleteEvents",
      "Events": [
        {
          "Event": "PRLODSTWS1_1#JIHS_NTC_DEDUCT_EX-TO-PRLODSTWS1_1#JIHS_NTC_DEDUCT_CM"
        }
      ]
    }
  },
  "PRLODSTWS1_1#JIHS_NTC_DEDUCT_PARAM": {
    "Type": "Job:Database:StoredProcedure",
    "ConnectionProfile": "UPCR1",
    "StoredProcedure": "JIHS_NTC_DEDUCT_PARAM_SP",
    "Schema": "SQLEXT",
    "DaysKeepActive": "1",
    "SubApplication": "UPCR1",
    "Host": "CTMAG",
    "CreatedBy": "emuser",
    "Description": "== Conversion Messages Start ==\\n\\nMessage ID\\t: WRN6031 (7759-13691)\\n\\n== Conversion Messages End ==\\nAdded by composer.",
    "RunAs": "controlm",
    "Application": "ODS",
    "When": {
      "WeekDays": [
        "NONE"
      ],
      "Months": [
        "NONE"
      ],
      "MonthDays": [
        "NONE"
      ],
      "DaysRelation": "OR",
      "RuleBasedCalendars": {
        "Included": [
          "RC1"
        ]
      }
    },
    "eventsToWaitFor": {
      "Type": "WaitForEvents",
      "Events": [
        {
          "Event": "PRLODSTWS1_1#JIHS_NTC_DEDUCT-TO-PRLODSTWS1_1#JIHS_NTC_DEDUCT_PARAM"
        }
      ]
    },
    "eventsToAdd": {
      "Type": "AddEvents",
      "Events": [
        {
          "Event": "PRLODSTWS1_1#JIHS_NTC_DEDUCT_PARAM-TO-PRLODSTWS1_1#JIHS_NTC_DEDUCT_EX"
        }
      ]
    },
    "eventsToDelete": {
      "Type": "DeleteEvents",
      "Events": [
        {
          "Event": "PRLODSTWS1_1#JIHS_NTC_DEDUCT-TO-PRLODSTWS1_1#JIHS_NTC_DEDUCT_PARAM"
        }
      ]
    }
  },
  "PRLODSTWS1_1#JIHS_COMM_M_F_I_CM": {
    "Type": "Job:Command",
    "DaysKeepActive": "1",
    "SubApplication": "UPCR1",
    "Host": "CTMAG",
    "CreatedBy": "emuser",
    "Description": "Common Shell Template",
    "RunAs": "controlm",
    "Application": "ODS",
    "Command": "/home/tws/ods_batch_home/esp.batch.scripts/run.cmd.sh D_FDW_JIHS ${tws.job.name} %%\\\\global\\END_DT_CHAR.",
    "When": {
      "WeekDays": [
        "NONE"
      ],
      "Months": [
        "NONE"
      ],
      "MonthDays": [
        "NONE"
      ],
      "DaysRelation": "OR",
      "RuleBasedCalendars": {
        "Included": [
          "RC1"
        ]
      }
    },
    "eventsToWaitFor": {
      "Type": "WaitForEvents",
      "Events": [
        {
          "Event": "PRLODSTWS1_1#JIHS_COMM_M_F_I_EX-TO-PRLODSTWS1_1#JIHS_COMM_M_F_I_CM"
        }
      ]
    },
    "eventsToAdd": {
      "Type": "AddEvents",
      "Events": [
        {
          "Event": "PRLODSTWS1_1#JIHS_COMM_M_F_I_CM-TO-PRLODSTWS1_1#JIHS_COMM_M_F_I_FP"
        }
      ]
    },
    "eventsToDelete": {
      "Type": "DeleteEvents",
      "Events": [
        {
          "Event": "PRLODSTWS1_1#JIHS_COMM_M_F_I_EX-TO-PRLODSTWS1_1#JIHS_COMM_M_F_I_CM"
        }
      ]
    }
  },
  "PRLODSTWS1_1#JIHS_COMM_M_F_L_FP": {
    "Type": "Job:Command",
    "DaysKeepActive": "1",
    "SubApplication": "UPCR1",
    "Host": "CTMAG",
    "CreatedBy": "emuser",
    "Description": "Ftp files for batch",
    "RunAs": "controlm",
    "Application": "ODS",
    "Command": "/home/tws/ods_batch_home/esp.batch.scripts/ftp.files.sh D_FDW_JIHS ${tws.job.name} %%\\\\global\\END_DT_CHAR.",
    "When": {
      "WeekDays": [
        "NONE"
      ],
      "Months": [
        "NONE"
      ],
      "MonthDays": [
        "NONE"
      ],
      "DaysRelation": "OR",
      "RuleBasedCalendars": {
        "Included": [
          "RC1"
        ]
      }
    },
    "eventsToWaitFor": {
      "Type": "WaitForEvents",
      "Events": [
        {
          "Event": "PRLODSTWS1_1#JIHS_COMM_M_F_L_CM-TO-PRLODSTWS1_1#JIHS_COMM_M_F_L_FP"
        }
      ]
    },
    "eventsToDelete": {
      "Type": "DeleteEvents",
      "Events": [
        {
          "Event": "PRLODSTWS1_1#JIHS_COMM_M_F_L_CM-TO-PRLODSTWS1_1#JIHS_COMM_M_F_L_FP"
        }
      ]
    }
  },
  "PRLODSTWS1_1#JIHS_INPOLM_FP": {
    "Type": "Job:Command",
    "DaysKeepActive": "1",
    "SubApplication": "UPCR1",
    "Host": "CTMAG",
    "CreatedBy": "emuser",
    "Description": "Ftp files for batch",
    "RunAs": "controlm",
    "Application": "ODS",
    "Command": "/home/tws/ods_batch_home/esp.batch.scripts/ftp.files.sh D_FDW_JIHS ${tws.job.name} %%\\\\global\\END_DT_CHAR.",
    "When": {
      "WeekDays": [
        "NONE"
      ],
      "Months": [
        "NONE"
      ],
      "MonthDays": [
        "NONE"
      ],
      "DaysRelation": "OR",
      "RuleBasedCalendars": {
        "Included": [
          "RC1"
        ]
      }
    },
    "eventsToWaitFor": {
      "Type": "WaitForEvents",
      "Events": [
        {
          "Event": "PRLODSTWS1_1#JIHS_INPOLM_CM-TO-PRLODSTWS1_1#JIHS_INPOLM_FP"
        }
      ]
    },
    "eventsToDelete": {
      "Type": "DeleteEvents",
      "Events": [
        {
          "Event": "PRLODSTWS1_1#JIHS_INPOLM_CM-TO-PRLODSTWS1_1#JIHS_INPOLM_FP"
        }
      ]
    }
  },
  "PRLODSTWS1_1#JIHS_FFAL_S_FP": {
    "Type": "Job:Command",
    "DaysKeepActive": "1",
    "SubApplication": "UPCR1",
    "Host": "CTMAG",
    "CreatedBy": "emuser",
    "Description": "Ftp files for batch",
    "RunAs": "controlm",
    "Application": "ODS",
    "Command": "/home/tws/ods_batch_home/esp.batch.scripts/ftp.files.sh D_FDW_JIHS ${tws.job.name} %%\\\\global\\END_DT_CHAR.",
    "When": {
      "WeekDays": [
        "NONE"
      ],
      "Months": [
        "NONE"
      ],
      "MonthDays": [
        "NONE"
      ],
      "DaysRelation": "OR",
      "RuleBasedCalendars": {
        "Included": [
          "RC1"
        ]
      }
    },
    "eventsToWaitFor": {
      "Type": "WaitForEvents",
      "Events": [
        {
          "Event": "PRLODSTWS1_1#JIHS_FFAL_S_CM-TO-PRLODSTWS1_1#JIHS_FFAL_S_FP"
        }
      ]
    },
    "eventsToDelete": {
      "Type": "DeleteEvents",
      "Events": [
        {
          "Event": "PRLODSTWS1_1#JIHS_FFAL_S_CM-TO-PRLODSTWS1_1#JIHS_FFAL_S_FP"
        }
      ]
    }
  },
  "PRLODSTWS1_1#JIHS_POL_EXPOSE_PARAM": {
    "Type": "Job:Database:StoredProcedure",
    "ConnectionProfile": "UPCR1",
    "StoredProcedure": "JIHS_POL_EXPOSE_PARAM_SP",
    "Schema": "SQLEXT",
    "DaysKeepActive": "1",
    "SubApplication": "UPCR1",
    "Host": "CTMAG",
    "CreatedBy": "emuser",
    "Description": "== Conversion Messages Start ==\\n\\nMessage ID\\t: WRN6031 (7760-13696)\\n\\n== Conversion Messages End ==\\nAdded by composer.",
    "RunAs": "controlm",
    "Application": "ODS",
    "When": {
      "WeekDays": [
        "NONE"
      ],
      "Months": [
        "NONE"
      ],
      "MonthDays": [
        "NONE"
      ],
      "DaysRelation": "OR",
      "RuleBasedCalendars": {
        "Included": [
          "RC1"
        ]
      }
    },
    "eventsToWaitFor": {
      "Type": "WaitForEvents",
      "Events": [
        {
          "Event": "PRLODSTWS1_1#JIHS_POL_EXPOSE-TO-PRLODSTWS1_1#JIHS_POL_EXPOSE_PARAM"
        }
      ]
    },
    "eventsToAdd": {
      "Type": "AddEvents",
      "Events": [
        {
          "Event": "PRLODSTWS1_1#JIHS_POL_EXPOSE_PARAM-TO-PRLODSTWS1_1#JIHS_POL_EXPOSE_EX"
        }
      ]
    },
    "eventsToDelete": {
      "Type": "DeleteEvents",
      "Events": [
        {
          "Event": "PRLODSTWS1_1#JIHS_POL_EXPOSE-TO-PRLODSTWS1_1#JIHS_POL_EXPOSE_PARAM"
        }
      ]
    }
  },
  "PRLODSTWS1_1#FDW_POLICY_VALUE_JIHS": {
    "Type": "Job:Database:StoredProcedure",
    "ConnectionProfile": "UPCR1",
    "StoredProcedure": "FDW_POLICY_VALUE_JIHS_SP",
    "Schema": "SQLEXT",
    "DaysKeepActive": "1",
    "SubApplication": "UPCR1",
    "Host": "CTMAG",
    "CreatedBy": "emuser",
    "Description": "== Conversion Messages Start ==\\n\\nMessage ID\\t: WRN6031 (7761-13697)\\n\\n== Conversion Messages End ==\\nAdded by composer.",
    "RunAs": "controlm",
    "Application": "ODS",
    "When": {
      "WeekDays": [
        "NONE"
      ],
      "Months": [
        "NONE"
      ],
      "MonthDays": [
        "NONE"
      ],
      "DaysRelation": "OR",
      "RuleBasedCalendars": {
        "Included": [
          "RC1"
        ]
      }
    },
    "eventsToWaitFor": {
      "Type": "WaitForEvents",
      "Events": [
        {
          "Event": "PRLODSTWS1_1#FDW_CODE_MAP-TO-PRLODSTWS1_1#FDW_POLICY_VALUE_JIHS"
        },
        {
          "Event": "PRLODSTWS1_1#FDW_POLICY_VALUE-TO-PRLODSTWS1_1#FDW_POLICY_VALUE_JIHS"
        },
        {
          "Event": "PRLODSTWS1_1#O_POLICY_VALUE-TO-PRLODSTWS1_1#FDW_POLICY_VALUE_JIHS"
        }
      ]
    },
    "eventsToAdd": {
      "Type": "AddEvents",
      "Events": [
        {
          "Event": "PRLODSTWS1_1#FDW_POLICY_VALUE_JIHS-TO-PRLODSTWS1_1#JIHS_CHECK_LIST"
        }
      ]
    },
    "eventsToDelete": {
      "Type": "DeleteEvents",
      "Events": [
        {
          "Event": "PRLODSTWS1_1#FDW_CODE_MAP-TO-PRLODSTWS1_1#FDW_POLICY_VALUE_JIHS"
        },
        {
          "Event": "PRLODSTWS1_1#FDW_POLICY_VALUE-TO-PRLODSTWS1_1#FDW_POLICY_VALUE_JIHS"
        },
        {
          "Event": "PRLODSTWS1_1#O_POLICY_VALUE-TO-PRLODSTWS1_1#FDW_POLICY_VALUE_JIHS"
        }
      ]
    }
  },
  "PRLODSTWS1_1#JIHS_COMM_M_R_L_CM": {
    "Type": "Job:Command",
    "DaysKeepActive": "1",
    "SubApplication": "UPCR1",
    "Host": "CTMAG",
    "CreatedBy": "emuser",
    "Description": "Common Shell Template",
    "RunAs": "controlm",
    "Application": "ODS",
    "Command": "/home/tws/ods_batch_home/esp.batch.scripts/run.cmd.sh D_FDW_JIHS ${tws.job.name} %%\\\\global\\END_DT_CHAR.",
    "When": {
      "WeekDays": [
        "NONE"
      ],
      "Months": [
        "NONE"
      ],
      "MonthDays": [
        "NONE"
      ],
      "DaysRelation": "OR",
      "RuleBasedCalendars": {
        "Included": [
          "RC1"
        ]
      }
    },
    "eventsToWaitFor": {
      "Type": "WaitForEvents",
      "Events": [
        {
          "Event": "PRLODSTWS1_1#JIHS_COMM_M_R_L_EX-TO-PRLODSTWS1_1#JIHS_COMM_M_R_L_CM"
        }
      ]
    },
    "eventsToAdd": {
      "Type": "AddEvents",
      "Events": [
        {
          "Event": "PRLODSTWS1_1#JIHS_COMM_M_R_L_CM-TO-PRLODSTWS1_1#JIHS_COMM_M_R_L_FP"
        }
      ]
    },
    "eventsToDelete": {
      "Type": "DeleteEvents",
      "Events": [
        {
          "Event": "PRLODSTWS1_1#JIHS_COMM_M_R_L_EX-TO-PRLODSTWS1_1#JIHS_COMM_M_R_L_CM"
        }
      ]
    }
  },
  "PRLODSTWS1_1#JIHS_NTC_DEDUCT_FP": {
    "Type": "Job:Command",
    "DaysKeepActive": "1",
    "SubApplication": "UPCR1",
    "Host": "CTMAG",
    "CreatedBy": "emuser",
    "Description": "Ftp files for batch",
    "RunAs": "controlm",
    "Application": "ODS",
    "Command": "/home/tws/ods_batch_home/esp.batch.scripts/ftp.files.sh D_FDW_JIHS ${tws.job.name} %%\\\\global\\END_DT_CHAR.",
    "When": {
      "WeekDays": [
        "NONE"
      ],
      "Months": [
        "NONE"
      ],
      "MonthDays": [
        "NONE"
      ],
      "DaysRelation": "OR",
      "RuleBasedCalendars": {
        "Included": [
          "RC1"
        ]
      }
    },
    "eventsToWaitFor": {
      "Type": "WaitForEvents",
      "Events": [
        {
          "Event": "PRLODSTWS1_1#JIHS_NTC_DEDUCT_CM-TO-PRLODSTWS1_1#JIHS_NTC_DEDUCT_FP"
        }
      ]
    },
    "eventsToDelete": {
      "Type": "DeleteEvents",
      "Events": [
        {
          "Event": "PRLODSTWS1_1#JIHS_NTC_DEDUCT_CM-TO-PRLODSTWS1_1#JIHS_NTC_DEDUCT_FP"
        }
      ]
    }
  },
  "PRLODSTWS1_1#JIHS_FFAL_S": {
    "Type": "Job:Database:StoredProcedure",
    "ConnectionProfile": "UPCR1",
    "StoredProcedure": "JIHS_FFAL_S_SP",
    "Schema": "SQLEXT",
    "DaysKeepActive": "1",
    "SubApplication": "UPCR1",
    "Host": "CTMAG",
    "CreatedBy": "emuser",
    "Description": "== Conversion Messages Start ==\\n\\nMessage ID\\t: WRN6031 (7762-13700)\\n\\n== Conversion Messages End ==\\nAdded by composer.",
    "RunAs": "controlm",
    "Application": "ODS",
    "When": {
      "WeekDays": [
        "NONE"
      ],
      "Months": [
        "NONE"
      ],
      "MonthDays": [
        "NONE"
      ],
      "DaysRelation": "OR",
      "RuleBasedCalendars": {
        "Included": [
          "RC1"
        ]
      }
    },
    "eventsToWaitFor": {
      "Type": "WaitForEvents",
      "Events": [
        {
          "Event": "PRLODSTWS1_1#FDW_CONTRACT_MASTER_JIHS-TO-PRLODSTWS1_1#JIHS_FFAL_S"
        },
        {
          "Event": "PRLODSTWS1_1#FDW_DEDUCT_DETAIL_JIHS-TO-PRLODSTWS1_1#JIHS_FFAL_S"
        }
      ]
    },
    "eventsToAdd": {
      "Type": "AddEvents",
      "Events": [
        {
          "Event": "PRLODSTWS1_1#JIHS_FFAL_S-TO-PRLODSTWS1_1#JIHS_FFAL_S_PARAM"
        }
      ]
    },
    "eventsToDelete": {
      "Type": "DeleteEvents",
      "Events": [
        {
          "Event": "PRLODSTWS1_1#FDW_CONTRACT_MASTER_JIHS-TO-PRLODSTWS1_1#JIHS_FFAL_S"
        },
        {
          "Event": "PRLODSTWS1_1#FDW_DEDUCT_DETAIL_JIHS-TO-PRLODSTWS1_1#JIHS_FFAL_S"
        }
      ]
    }
  },
  "PRLODSTWS1_1#JIHS_FFAL_F_CM": {
    "Type": "Job:Command",
    "DaysKeepActive": "1",
    "SubApplication": "UPCR1",
    "Host": "CTMAG",
    "CreatedBy": "emuser",
    "Description": "Common Shell Template",
    "RunAs": "controlm",
    "Application": "ODS",
    "Command": "/home/tws/ods_batch_home/esp.batch.scripts/run.cmd.sh D_FDW_JIHS ${tws.job.name} %%\\\\global\\END_DT_CHAR.",
    "When": {
      "WeekDays": [
        "NONE"
      ],
      "Months": [
        "NONE"
      ],
      "MonthDays": [
        "NONE"
      ],
      "DaysRelation": "OR",
      "RuleBasedCalendars": {
        "Included": [
          "RC1"
        ]
      }
    },
    "eventsToWaitFor": {
      "Type": "WaitForEvents",
      "Events": [
        {
          "Event": "PRLODSTWS1_1#JIHS_FFAL_F_EX-TO-PRLODSTWS1_1#JIHS_FFAL_F_CM"
        }
      ]
    },
    "eventsToAdd": {
      "Type": "AddEvents",
      "Events": [
        {
          "Event": "PRLODSTWS1_1#JIHS_FFAL_F_CM-TO-PRLODSTWS1_1#JIHS_FFAL_F_FP"
        }
      ]
    },
    "eventsToDelete": {
      "Type": "DeleteEvents",
      "Events": [
        {
          "Event": "PRLODSTWS1_1#JIHS_FFAL_F_EX-TO-PRLODSTWS1_1#JIHS_FFAL_F_CM"
        }
      ]
    }
  },
  "PRLODSTWS1_1#JIHS_CHECK_LIST_EX": {
    "Type": "Job:Command",
    "DaysKeepActive": "1",
    "SubApplication": "UPCR1",
    "Host": "CTMAG",
    "CreatedBy": "emuser",
    "Description": "CSV Export for batch",
    "RunAs": "controlm",
    "Application": "ODS",
    "Command": "/home/tws/ods_batch_home/esp.batch.scripts/gen.table2File.sh D_FDW_JIHS ${tws.job.name} %%\\\\global\\END_DT_CHAR.",
    "When": {
      "WeekDays": [
        "NONE"
      ],
      "Months": [
        "NONE"
      ],
      "MonthDays": [
        "NONE"
      ],
      "DaysRelation": "OR",
      "RuleBasedCalendars": {
        "Included": [
          "RC1"
        ]
      }
    },
    "eventsToWaitFor": {
      "Type": "WaitForEvents",
      "Events": [
        {
          "Event": "PRLODSTWS1_1#JIHS_CHECK_LIST_PARAM-TO-PRLODSTWS1_1#JIHS_CHECK_LIST_EX"
        }
      ]
    },
    "eventsToAdd": {
      "Type": "AddEvents",
      "Events": [
        {
          "Event": "PRLODSTWS1_1#JIHS_CHECK_LIST_EX-TO-PRLODSTWS1_1#JIHS_CHECK_LIST_CM"
        }
      ]
    },
    "eventsToDelete": {
      "Type": "DeleteEvents",
      "Events": [
        {
          "Event": "PRLODSTWS1_1#JIHS_CHECK_LIST_PARAM-TO-PRLODSTWS1_1#JIHS_CHECK_LIST_EX"
        }
      ]
    }
  },
  "PRLODSTWS1_1#JIHS_COMM_M_F_L_CM": {
    "Type": "Job:Command",
    "DaysKeepActive": "1",
    "SubApplication": "UPCR1",
    "Host": "CTMAG",
    "CreatedBy": "emuser",
    "Description": "Common Shell Template",
    "RunAs": "controlm",
    "Application": "ODS",
    "Command": "/home/tws/ods_batch_home/esp.batch.scripts/run.cmd.sh D_FDW_JIHS ${tws.job.name} %%\\\\global\\END_DT_CHAR.",
    "When": {
      "WeekDays": [
        "NONE"
      ],
      "Months": [
        "NONE"
      ],
      "MonthDays": [
        "NONE"
      ],
      "DaysRelation": "OR",
      "RuleBasedCalendars": {
        "Included": [
          "RC1"
        ]
      }
    },
    "eventsToWaitFor": {
      "Type": "WaitForEvents",
      "Events": [
        {
          "Event": "PRLODSTWS1_1#JIHS_COMM_M_F_L_EX-TO-PRLODSTWS1_1#JIHS_COMM_M_F_L_CM"
        }
      ]
    },
    "eventsToAdd": {
      "Type": "AddEvents",
      "Events": [
        {
          "Event": "PRLODSTWS1_1#JIHS_COMM_M_F_L_CM-TO-PRLODSTWS1_1#JIHS_COMM_M_F_L_FP"
        }
      ]
    },
    "eventsToDelete": {
      "Type": "DeleteEvents",
      "Events": [
        {
          "Event": "PRLODSTWS1_1#JIHS_COMM_M_F_L_EX-TO-PRLODSTWS1_1#JIHS_COMM_M_F_L_CM"
        }
      ]
    }
  },
  "PRLODSTWS1_1#JIHS_INPOLM": {
    "Type": "Job:Database:StoredProcedure",
    "ConnectionProfile": "UPCR1",
    "StoredProcedure": "JIHS_INPOLM_SP",
    "Schema": "SQLEXT",
    "DaysKeepActive": "1",
    "SubApplication": "UPCR1",
    "Host": "CTMAG",
    "CreatedBy": "emuser",
    "Description": "== Conversion Messages Start ==\\n\\nMessage ID\\t: WRN6031 (7763-13704)\\n\\n== Conversion Messages End ==\\nAdded by composer.",
    "RunAs": "controlm",
    "Application": "ODS",
    "When": {
      "WeekDays": [
        "NONE"
      ],
      "Months": [
        "NONE"
      ],
      "MonthDays": [
        "NONE"
      ],
      "DaysRelation": "OR",
      "RuleBasedCalendars": {
        "Included": [
          "RC1"
        ]
      }
    },
    "eventsToWaitFor": {
      "Type": "WaitForEvents",
      "Events": [
        {
          "Event": "PRLODSTWS1_1#FDW_CONTRACT_MASTER_JIHS-TO-PRLODSTWS1_1#JIHS_INPOLM"
        },
        {
          "Event": "PRLODSTWS1_1#BATCH_INFO_DETAIL-TO-PRLODSTWS1_1#JIHS_INPOLM"
        },
        {
          "Event": "PRLODSTWS1_1#FDW_CONTRACT_PRODUCT-TO-PRLODSTWS1_1#JIHS_INPOLM"
        }
      ]
    },
    "eventsToAdd": {
      "Type": "AddEvents",
      "Events": [
        {
          "Event": "PRLODSTWS1_1#JIHS_INPOLM-TO-PRLODSTWS1_1#JIHS_INPOLM_PARAM"
        }
      ]
    },
    "eventsToDelete": {
      "Type": "DeleteEvents",
      "Events": [
        {
          "Event": "PRLODSTWS1_1#FDW_CONTRACT_MASTER_JIHS-TO-PRLODSTWS1_1#JIHS_INPOLM"
        },
        {
          "Event": "PRLODSTWS1_1#BATCH_INFO_DETAIL-TO-PRLODSTWS1_1#JIHS_INPOLM"
        },
        {
          "Event": "PRLODSTWS1_1#FDW_CONTRACT_PRODUCT-TO-PRLODSTWS1_1#JIHS_INPOLM"
        }
      ]
    }
  },
  "PRLODSTWS1_1#FDW_DEDUCT_DETAIL_JIHS": {
    "Type": "Job:Database:StoredProcedure",
    "ConnectionProfile": "UPCR1",
    "StoredProcedure": "FDW_DEDUCT_DETAIL_JIHS_SP",
    "Schema": "SQLEXT",
    "DaysKeepActive": "1",
    "SubApplication": "UPCR1",
    "Host": "CTMAG",
    "CreatedBy": "emuser",
    "Description": "== Conversion Messages Start ==\\n\\nMessage ID\\t: WRN6031 (7764-13705)\\n\\n== Conversion Messages End ==\\nAdded by composer.",
    "RunAs": "controlm",
    "Application": "ODS",
    "When": {
      "WeekDays": [
        "NONE"
      ],
      "Months": [
        "NONE"
      ],
      "MonthDays": [
        "NONE"
      ],
      "DaysRelation": "OR",
      "RuleBasedCalendars": {
        "Included": [
          "RC1"
        ]
      }
    },
    "eventsToWaitFor": {
      "Type": "WaitForEvents",
      "Events": [
        {
          "Event": "PRLODSTWS1_1#FDW_CODE_MAP-TO-PRLODSTWS1_1#FDW_DEDUCT_DETAIL_JIHS"
        },
        {
          "Event": "PRLODSTWS1_1#FDW_DEDUCT_DETAIL-TO-PRLODSTWS1_1#FDW_DEDUCT_DETAIL_JIHS"
        }
      ]
    },
    "eventsToAdd": {
      "Type": "AddEvents",
      "Events": [
        {
          "Event": "PRLODSTWS1_1#FDW_DEDUCT_DETAIL_JIHS-TO-PRLODSTWS1_1#JIHS_FFAL_F"
        },
        {
          "Event": "PRLODSTWS1_1#FDW_DEDUCT_DETAIL_JIHS-TO-PRLODSTWS1_1#JIHS_FFAL_S"
        }
      ]
    },
    "eventsToDelete": {
      "Type": "DeleteEvents",
      "Events": [
        {
          "Event": "PRLODSTWS1_1#FDW_CODE_MAP-TO-PRLODSTWS1_1#FDW_DEDUCT_DETAIL_JIHS"
        },
        {
          "Event": "PRLODSTWS1_1#FDW_DEDUCT_DETAIL-TO-PRLODSTWS1_1#FDW_DEDUCT_DETAIL_JIHS"
        }
      ]
    }
  },
  "PRLODSTWS1_1#JIHS_FFAL_S_CM": {
    "Type": "Job:Command",
    "DaysKeepActive": "1",
    "SubApplication": "UPCR1",
    "Host": "CTMAG",
    "CreatedBy": "emuser",
    "Description": "Common Shell Template",
    "RunAs": "controlm",
    "Application": "ODS",
    "Command": "/home/tws/ods_batch_home/esp.batch.scripts/run.cmd.sh D_FDW_JIHS ${tws.job.name} %%\\\\global\\END_DT_CHAR.",
    "When": {
      "WeekDays": [
        "NONE"
      ],
      "Months": [
        "NONE"
      ],
      "MonthDays": [
        "NONE"
      ],
      "DaysRelation": "OR",
      "RuleBasedCalendars": {
        "Included": [
          "RC1"
        ]
      }
    },
    "eventsToWaitFor": {
      "Type": "WaitForEvents",
      "Events": [
        {
          "Event": "PRLODSTWS1_1#JIHS_FFAL_S_EX-TO-PRLODSTWS1_1#JIHS_FFAL_S_CM"
        }
      ]
    },
    "eventsToAdd": {
      "Type": "AddEvents",
      "Events": [
        {
          "Event": "PRLODSTWS1_1#JIHS_FFAL_S_CM-TO-PRLODSTWS1_1#JIHS_FFAL_S_FP"
        }
      ]
    },
    "eventsToDelete": {
      "Type": "DeleteEvents",
      "Events": [
        {
          "Event": "PRLODSTWS1_1#JIHS_FFAL_S_EX-TO-PRLODSTWS1_1#JIHS_FFAL_S_CM"
        }
      ]
    }
  },
  "PRLODSTWS1_1#JIHS_FFAL_F": {
    "Type": "Job:Database:StoredProcedure",
    "ConnectionProfile": "UPCR1",
    "StoredProcedure": "JIHS_FFAL_F_SP",
    "Schema": "SQLEXT",
    "DaysKeepActive": "1",
    "SubApplication": "UPCR1",
    "Host": "CTMAG",
    "CreatedBy": "emuser",
    "Description": "== Conversion Messages Start ==\\n\\nMessage ID\\t: WRN6031 (7765-13707)\\n\\n== Conversion Messages End ==\\nAdded by composer.",
    "RunAs": "controlm",
    "Application": "ODS",
    "When": {
      "WeekDays": [
        "NONE"
      ],
      "Months": [
        "NONE"
      ],
      "MonthDays": [
        "NONE"
      ],
      "DaysRelation": "OR",
      "RuleBasedCalendars": {
        "Included": [
          "RC1"
        ]
      }
    },
    "eventsToWaitFor": {
      "Type": "WaitForEvents",
      "Events": [
        {
          "Event": "PRLODSTWS1_1#FDW_CONTRACT_MASTER_JIHS-TO-PRLODSTWS1_1#JIHS_FFAL_F"
        },
        {
          "Event": "PRLODSTWS1_1#FDW_DEDUCT_DETAIL_JIHS-TO-PRLODSTWS1_1#JIHS_FFAL_F"
        },
        {
          "Event": "PRLODSTWS1_1#FDW_CODE_MAP-TO-PRLODSTWS1_1#JIHS_FFAL_F"
        }
      ]
    },
    "eventsToAdd": {
      "Type": "AddEvents",
      "Events": [
        {
          "Event": "PRLODSTWS1_1#JIHS_FFAL_F-TO-PRLODSTWS1_1#JIHS_FFAL_F_PARAM"
        }
      ]
    },
    "eventsToDelete": {
      "Type": "DeleteEvents",
      "Events": [
        {
          "Event": "PRLODSTWS1_1#FDW_CONTRACT_MASTER_JIHS-TO-PRLODSTWS1_1#JIHS_FFAL_F"
        },
        {
          "Event": "PRLODSTWS1_1#FDW_DEDUCT_DETAIL_JIHS-TO-PRLODSTWS1_1#JIHS_FFAL_F"
        },
        {
          "Event": "PRLODSTWS1_1#FDW_CODE_MAP-TO-PRLODSTWS1_1#JIHS_FFAL_F"
        }
      ]
    }
  },
  "PRLODSTWS1_1#JIHS_INPOLM_EX": {
    "Type": "Job:Command",
    "DaysKeepActive": "1",
    "SubApplication": "UPCR1",
    "Host": "CTMAG",
    "CreatedBy": "emuser",
    "Description": "CSV Export for batch",
    "RunAs": "controlm",
    "Application": "ODS",
    "Command": "/home/tws/ods_batch_home/esp.batch.scripts/gen.table2File.sh D_FDW_JIHS ${tws.job.name} %%\\\\global\\END_DT_CHAR.",
    "When": {
      "WeekDays": [
        "NONE"
      ],
      "Months": [
        "NONE"
      ],
      "MonthDays": [
        "NONE"
      ],
      "DaysRelation": "OR",
      "RuleBasedCalendars": {
        "Included": [
          "RC1"
        ]
      }
    },
    "eventsToWaitFor": {
      "Type": "WaitForEvents",
      "Events": [
        {
          "Event": "PRLODSTWS1_1#JIHS_INPOLM_PARAM-TO-PRLODSTWS1_1#JIHS_INPOLM_EX"
        }
      ]
    },
    "eventsToAdd": {
      "Type": "AddEvents",
      "Events": [
        {
          "Event": "PRLODSTWS1_1#JIHS_INPOLM_EX-TO-PRLODSTWS1_1#JIHS_INPOLM_CM"
        }
      ]
    },
    "eventsToDelete": {
      "Type": "DeleteEvents",
      "Events": [
        {
          "Event": "PRLODSTWS1_1#JIHS_INPOLM_PARAM-TO-PRLODSTWS1_1#JIHS_INPOLM_EX"
        }
      ]
    }
  },
  "PRLODSTWS1_1#JIHS_COMM_M_R_L_PARAM": {
    "Type": "Job:Database:StoredProcedure",
    "ConnectionProfile": "UPCR1",
    "StoredProcedure": "JIHS_COMM_M_R_L_PARAM_SP",
    "Schema": "SQLEXT",
    "DaysKeepActive": "1",
    "SubApplication": "UPCR1",
    "Host": "CTMAG",
    "CreatedBy": "emuser",
    "Description": "== Conversion Messages Start ==\\n\\nMessage ID\\t: WRN6031 (7766-13709)\\n\\n== Conversion Messages End ==\\nAdded by composer.",
    "RunAs": "controlm",
    "Application": "ODS",
    "When": {
      "WeekDays": [
        "NONE"
      ],
      "Months": [
        "NONE"
      ],
      "MonthDays": [
        "NONE"
      ],
      "DaysRelation": "OR",
      "RuleBasedCalendars": {
        "Included": [
          "RC1"
        ]
      }
    },
    "eventsToWaitFor": {
      "Type": "WaitForEvents",
      "Events": [
        {
          "Event": "PRLODSTWS1_1#JIHS_COMM_M_R_L-TO-PRLODSTWS1_1#JIHS_COMM_M_R_L_PARAM"
        }
      ]
    },
    "eventsToAdd": {
      "Type": "AddEvents",
      "Events": [
        {
          "Event": "PRLODSTWS1_1#JIHS_COMM_M_R_L_PARAM-TO-PRLODSTWS1_1#JIHS_COMM_M_R_L_EX"
        }
      ]
    },
    "eventsToDelete": {
      "Type": "DeleteEvents",
      "Events": [
        {
          "Event": "PRLODSTWS1_1#JIHS_COMM_M_R_L-TO-PRLODSTWS1_1#JIHS_COMM_M_R_L_PARAM"
        }
      ]
    }
  },
  "PRLODSTWS1_1#JIHS_LNPOLM": {
    "Type": "Job:Database:StoredProcedure",
    "ConnectionProfile": "UPCR1",
    "StoredProcedure": "JIHS_LNPOLM_SP",
    "Schema": "SQLEXT",
    "DaysKeepActive": "1",
    "SubApplication": "UPCR1",
    "Host": "CTMAG",
    "CreatedBy": "emuser",
    "Description": "== Conversion Messages Start ==\\n\\nMessage ID\\t: WRN6031 (7767-13710)\\n\\n== Conversion Messages End ==\\nAdded by composer.",
    "RunAs": "controlm",
    "Application": "ODS",
    "When": {
      "WeekDays": [
        "NONE"
      ],
      "Months": [
        "NONE"
      ],
      "MonthDays": [
        "NONE"
      ],
      "DaysRelation": "OR",
      "RuleBasedCalendars": {
        "Included": [
          "RC1"
        ]
      }
    },
    "eventsToWaitFor": {
      "Type": "WaitForEvents",
      "Events": [
        {
          "Event": "PRLODSTWS1_1#FDW_CONTRACT_MASTER_JIHS-TO-PRLODSTWS1_1#JIHS_LNPOLM"
        },
        {
          "Event": "PRLODSTWS1_1#BATCH_INFO_DETAIL-TO-PRLODSTWS1_1#JIHS_LNPOLM"
        },
        {
          "Event": "PRLODSTWS1_1#FDW_CONTRACT_PRODUCT-TO-PRLODSTWS1_1#JIHS_LNPOLM"
        }
      ]
    },
    "eventsToAdd": {
      "Type": "AddEvents",
      "Events": [
        {
          "Event": "PRLODSTWS1_1#JIHS_LNPOLM-TO-PRLODSTWS1_1#JIHS_LNPOLM_PARAM"
        }
      ]
    },
    "eventsToDelete": {
      "Type": "DeleteEvents",
      "Events": [
        {
          "Event": "PRLODSTWS1_1#FDW_CONTRACT_MASTER_JIHS-TO-PRLODSTWS1_1#JIHS_LNPOLM"
        },
        {
          "Event": "PRLODSTWS1_1#BATCH_INFO_DETAIL-TO-PRLODSTWS1_1#JIHS_LNPOLM"
        },
        {
          "Event": "PRLODSTWS1_1#FDW_CONTRACT_PRODUCT-TO-PRLODSTWS1_1#JIHS_LNPOLM"
        }
      ]
    }
  },
  "PRLODSTWS1_1#JIHS_CHECK_LIST_FP": {
    "Type": "Job:Command",
    "DaysKeepActive": "1",
    "SubApplication": "UPCR1",
    "Host": "CTMAG",
    "CreatedBy": "emuser",
    "Description": "Ftp files for batch",
    "RunAs": "controlm",
    "Application": "ODS",
    "Command": "/home/tws/ods_batch_home/esp.batch.scripts/ftp.files.sh D_FDW_JIHS ${tws.job.name} %%\\\\global\\END_DT_CHAR.",
    "When": {
      "WeekDays": [
        "NONE"
      ],
      "Months": [
        "NONE"
      ],
      "MonthDays": [
        "NONE"
      ],
      "DaysRelation": "OR",
      "RuleBasedCalendars": {
        "Included": [
          "RC1"
        ]
      }
    },
    "eventsToWaitFor": {
      "Type": "WaitForEvents",
      "Events": [
        {
          "Event": "PRLODSTWS1_1#JIHS_CHECK_LIST_CM-TO-PRLODSTWS1_1#JIHS_CHECK_LIST_FP"
        }
      ]
    },
    "eventsToDelete": {
      "Type": "DeleteEvents",
      "Events": [
        {
          "Event": "PRLODSTWS1_1#JIHS_CHECK_LIST_CM-TO-PRLODSTWS1_1#JIHS_CHECK_LIST_FP"
        }
      ]
    }
  },
  "PRLODSTWS1_1#JIHS_CHECK_LIST_PARAM": {
    "Type": "Job:Database:StoredProcedure",
    "ConnectionProfile": "UPCR1",
    "StoredProcedure": "JIHS_CHECK_LIST_PARAM_SP",
    "Schema": "SQLEXT",
    "DaysKeepActive": "1",
    "SubApplication": "UPCR1",
    "Host": "CTMAG",
    "CreatedBy": "emuser",
    "Description": "== Conversion Messages Start ==\\n\\nMessage ID\\t: WRN6031 (7768-13712)\\n\\n== Conversion Messages End ==\\nAdded by composer.",
    "RunAs": "controlm",
    "Application": "ODS",
    "When": {
      "WeekDays": [
        "NONE"
      ],
      "Months": [
        "NONE"
      ],
      "MonthDays": [
        "NONE"
      ],
      "DaysRelation": "OR",
      "RuleBasedCalendars": {
        "Included": [
          "RC1"
        ]
      }
    },
    "eventsToWaitFor": {
      "Type": "WaitForEvents",
      "Events": [
        {
          "Event": "PRLODSTWS1_1#JIHS_CHECK_LIST-TO-PRLODSTWS1_1#JIHS_CHECK_LIST_PARAM"
        }
      ]
    },
    "eventsToAdd": {
      "Type": "AddEvents",
      "Events": [
        {
          "Event": "PRLODSTWS1_1#JIHS_CHECK_LIST_PARAM-TO-PRLODSTWS1_1#JIHS_CHECK_LIST_EX"
        }
      ]
    },
    "eventsToDelete": {
      "Type": "DeleteEvents",
      "Events": [
        {
          "Event": "PRLODSTWS1_1#JIHS_CHECK_LIST-TO-PRLODSTWS1_1#JIHS_CHECK_LIST_PARAM"
        }
      ]
    }
  },
  "PRLODSTWS1_1#JIHS_LNPOLM_CM": {
    "Type": "Job:Command",
    "DaysKeepActive": "1",
    "SubApplication": "UPCR1",
    "Host": "CTMAG",
    "CreatedBy": "emuser",
    "Description": "Common Shell Template",
    "RunAs": "controlm",
    "Application": "ODS",
    "Command": "/home/tws/ods_batch_home/esp.batch.scripts/run.cmd.sh D_FDW_JIHS ${tws.job.name} %%\\\\global\\END_DT_CHAR.",
    "When": {
      "WeekDays": [
        "NONE"
      ],
      "Months": [
        "NONE"
      ],
      "MonthDays": [
        "NONE"
      ],
      "DaysRelation": "OR",
      "RuleBasedCalendars": {
        "Included": [
          "RC1"
        ]
      }
    },
    "eventsToWaitFor": {
      "Type": "WaitForEvents",
      "Events": [
        {
          "Event": "PRLODSTWS1_1#JIHS_LNPOLM_EX-TO-PRLODSTWS1_1#JIHS_LNPOLM_CM"
        }
      ]
    },
    "eventsToAdd": {
      "Type": "AddEvents",
      "Events": [
        {
          "Event": "PRLODSTWS1_1#JIHS_LNPOLM_CM-TO-PRLODSTWS1_1#JIHS_LNPOLM_FP"
        }
      ]
    },
    "eventsToDelete": {
      "Type": "DeleteEvents",
      "Events": [
        {
          "Event": "PRLODSTWS1_1#JIHS_LNPOLM_EX-TO-PRLODSTWS1_1#JIHS_LNPOLM_CM"
        }
      ]
    }
  },
  "PRLODSTWS1_1#JIHS_COMM_M_R_I_PARAM": {
    "Type": "Job:Database:StoredProcedure",
    "ConnectionProfile": "UPCR1",
    "StoredProcedure": "JIHS_COMM_M_R_I_PARAM_SP",
    "Schema": "SQLEXT",
    "DaysKeepActive": "1",
    "SubApplication": "UPCR1",
    "Host": "CTMAG",
    "CreatedBy": "emuser",
    "Description": "== Conversion Messages Start ==\\n\\nMessage ID\\t: WRN6031 (7769-13714)\\n\\n== Conversion Messages End ==\\nAdded by composer.",
    "RunAs": "controlm",
    "Application": "ODS",
    "When": {
      "WeekDays": [
        "NONE"
      ],
      "Months": [
        "NONE"
      ],
      "MonthDays": [
        "NONE"
      ],
      "DaysRelation": "OR",
      "RuleBasedCalendars": {
        "Included": [
          "RC1"
        ]
      }
    },
    "eventsToWaitFor": {
      "Type": "WaitForEvents",
      "Events": [
        {
          "Event": "PRLODSTWS1_1#JIHS_COMM_M_R_I-TO-PRLODSTWS1_1#JIHS_COMM_M_R_I_PARAM"
        }
      ]
    },
    "eventsToAdd": {
      "Type": "AddEvents",
      "Events": [
        {
          "Event": "PRLODSTWS1_1#JIHS_COMM_M_R_I_PARAM-TO-PRLODSTWS1_1#JIHS_COMM_M_R_I_EX"
        }
      ]
    },
    "eventsToDelete": {
      "Type": "DeleteEvents",
      "Events": [
        {
          "Event": "PRLODSTWS1_1#JIHS_COMM_M_R_I-TO-PRLODSTWS1_1#JIHS_COMM_M_R_I_PARAM"
        }
      ]
    }
  },
  "PRLODSTWS1_1#FDW_CONTRACT_MASTER_JIHS": {
    "Type": "Job:Database:StoredProcedure",
    "ConnectionProfile": "UPCR1",
    "StoredProcedure": "FDW_CONTRACT_MASTER_JIHS_SP",
    "Schema": "SQLEXT",
    "DaysKeepActive": "1",
    "SubApplication": "UPCR1",
    "Host": "CTMAG",
    "CreatedBy": "emuser",
    "Description": "== Conversion Messages Start ==\\n\\nMessage ID\\t: WRN6031 (7770-13715)\\n\\n== Conversion Messages End ==\\nAdded by composer.",
    "RunAs": "controlm",
    "Application": "ODS",
    "When": {
      "WeekDays": [
        "NONE"
      ],
      "Months": [
        "NONE"
      ],
      "MonthDays": [
        "NONE"
      ],
      "DaysRelation": "OR",
      "RuleBasedCalendars": {
        "Included": [
          "RC1"
        ]
      }
    },
    "eventsToWaitFor": {
      "Type": "WaitForEvents",
      "Events": [
        {
          "Event": "PRLODSTWS1_1#FDW_MASTER_TOTAL_PREM-TO-PRLODSTWS1_1#FDW_CONTRACT_MASTER_JIHS"
        },
        {
          "Event": "PRLODSTWS1_1#FDW_CODE_MAP-TO-PRLODSTWS1_1#FDW_CONTRACT_MASTER_JIHS"
        },
        {
          "Event": "PRLODSTWS1_1#FDW_CODE_POLICY_STATUS-TO-PRLODSTWS1_1#FDW_CONTRACT_MASTER_JIHS"
        },
        {
          "Event": "PRLODSTWS1_1#FDW_CONTRACT_MASTER-TO-PRLODSTWS1_1#FDW_CONTRACT_MASTER_JIHS"
        },
        {
          "Event": "PRLODSTWS1_1#FDW_POLICY_X_PARTY-TO-PRLODSTWS1_1#FDW_CONTRACT_MASTER_JIHS"
        }
      ]
    },
    "eventsToAdd": {
      "Type": "AddEvents",
      "Events": [
        {
          "Event": "PRLODSTWS1_1#FDW_CONTRACT_MASTER_JIHS-TO-PRLODSTWS1_1#JIHS_FFAL_F"
        },
        {
          "Event": "PRLODSTWS1_1#FDW_CONTRACT_MASTER_JIHS-TO-PRLODSTWS1_1#JIHS_FFAL_S"
        },
        {
          "Event": "PRLODSTWS1_1#FDW_CONTRACT_MASTER_JIHS-TO-PRLODSTWS1_1#JIHS_INPOLM"
        },
        {
          "Event": "PRLODSTWS1_1#FDW_CONTRACT_MASTER_JIHS-TO-PRLODSTWS1_1#JIHS_LNPOLM"
        },
        {
          "Event": "PRLODSTWS1_1#FDW_CONTRACT_MASTER_JIHS-TO-PRLODSTWS1_1#JIHS_CHECK_LIST"
        }
      ]
    },
    "eventsToDelete": {
      "Type": "DeleteEvents",
      "Events": [
        {
          "Event": "PRLODSTWS1_1#FDW_MASTER_TOTAL_PREM-TO-PRLODSTWS1_1#FDW_CONTRACT_MASTER_JIHS"
        },
        {
          "Event": "PRLODSTWS1_1#FDW_CODE_MAP-TO-PRLODSTWS1_1#FDW_CONTRACT_MASTER_JIHS"
        },
        {
          "Event": "PRLODSTWS1_1#FDW_CODE_POLICY_STATUS-TO-PRLODSTWS1_1#FDW_CONTRACT_MASTER_JIHS"
        },
        {
          "Event": "PRLODSTWS1_1#FDW_CONTRACT_MASTER-TO-PRLODSTWS1_1#FDW_CONTRACT_MASTER_JIHS"
        },
        {
          "Event": "PRLODSTWS1_1#FDW_POLICY_X_PARTY-TO-PRLODSTWS1_1#FDW_CONTRACT_MASTER_JIHS"
        }
      ]
    }
  },
  "PRLODSTWS1_1#JIHS_LNPOLM_PARAM": {
    "Type": "Job:Database:StoredProcedure",
    "ConnectionProfile": "UPCR1",
    "StoredProcedure": "JIHS_LNPOLM_PARAM_SP",
    "Schema": "SQLEXT",
    "DaysKeepActive": "1",
    "SubApplication": "UPCR1",
    "Host": "CTMAG",
    "CreatedBy": "emuser",
    "Description": "== Conversion Messages Start ==\\n\\nMessage ID\\t: WRN6031 (7771-13716)\\n\\n== Conversion Messages End ==\\nAdded by composer.",
    "RunAs": "controlm",
    "Application": "ODS",
    "When": {
      "WeekDays": [
        "NONE"
      ],
      "Months": [
        "NONE"
      ],
      "MonthDays": [
        "NONE"
      ],
      "DaysRelation": "OR",
      "RuleBasedCalendars": {
        "Included": [
          "RC1"
        ]
      }
    },
    "eventsToWaitFor": {
      "Type": "WaitForEvents",
      "Events": [
        {
          "Event": "PRLODSTWS1_1#JIHS_LNPOLM-TO-PRLODSTWS1_1#JIHS_LNPOLM_PARAM"
        }
      ]
    },
    "eventsToAdd": {
      "Type": "AddEvents",
      "Events": [
        {
          "Event": "PRLODSTWS1_1#JIHS_LNPOLM_PARAM-TO-PRLODSTWS1_1#JIHS_LNPOLM_EX"
        }
      ]
    },
    "eventsToDelete": {
      "Type": "DeleteEvents",
      "Events": [
        {
          "Event": "PRLODSTWS1_1#JIHS_LNPOLM-TO-PRLODSTWS1_1#JIHS_LNPOLM_PARAM"
        }
      ]
    }
  },
  "PRLODSTWS1_1#JIHS_COMM_M_R_I": {
    "Type": "Job:Database:StoredProcedure",
    "ConnectionProfile": "UPCR1",
    "StoredProcedure": "JIHS_COMM_M_R_I_SP",
    "Schema": "SQLEXT",
    "DaysKeepActive": "1",
    "SubApplication": "UPCR1",
    "Host": "CTMAG",
    "CreatedBy": "emuser",
    "Description": "== Conversion Messages Start ==\\n\\nMessage ID\\t: WRN6031 (7772-13717)\\n\\n== Conversion Messages End ==\\nAdded by composer.",
    "RunAs": "controlm",
    "Application": "ODS",
    "When": {
      "WeekDays": [
        "NONE"
      ],
      "Months": [
        "NONE"
      ],
      "MonthDays": [
        "NONE"
      ],
      "DaysRelation": "OR",
      "RuleBasedCalendars": {
        "Included": [
          "RC1"
        ]
      }
    },
    "eventsToWaitFor": {
      "Type": "WaitForEvents",
      "Events": [
        {
          "Event": "PRLODSTWS1_1#FDW_COMMISION_M_JIHS-TO-PRLODSTWS1_1#JIHS_COMM_M_R_I"
        },
        {
          "Event": "PRLODSTWS1_1#BATCH_INFO_DETAIL-TO-PRLODSTWS1_1#JIHS_COMM_M_R_I"
        }
      ]
    },
    "eventsToAdd": {
      "Type": "AddEvents",
      "Events": [
        {
          "Event": "PRLODSTWS1_1#JIHS_COMM_M_R_I-TO-PRLODSTWS1_1#JIHS_COMM_M_R_I_PARAM"
        }
      ]
    },
    "eventsToDelete": {
      "Type": "DeleteEvents",
      "Events": [
        {
          "Event": "PRLODSTWS1_1#FDW_COMMISION_M_JIHS-TO-PRLODSTWS1_1#JIHS_COMM_M_R_I"
        },
        {
          "Event": "PRLODSTWS1_1#BATCH_INFO_DETAIL-TO-PRLODSTWS1_1#JIHS_COMM_M_R_I"
        }
      ]
    }
  },
  "PRLODSTWS1_1#JIHS_COMM_M_F_I_EX": {
    "Type": "Job:Command",
    "DaysKeepActive": "1",
    "SubApplication": "UPCR1",
    "Host": "CTMAG",
    "CreatedBy": "emuser",
    "Description": "CSV Export for batch",
    "RunAs": "controlm",
    "Application": "ODS",
    "Command": "/home/tws/ods_batch_home/esp.batch.scripts/gen.table2File.sh D_FDW_JIHS ${tws.job.name} %%\\\\global\\END_DT_CHAR.",
    "When": {
      "WeekDays": [
        "NONE"
      ],
      "Months": [
        "NONE"
      ],
      "MonthDays": [
        "NONE"
      ],
      "DaysRelation": "OR",
      "RuleBasedCalendars": {
        "Included": [
          "RC1"
        ]
      }
    },
    "eventsToWaitFor": {
      "Type": "WaitForEvents",
      "Events": [
        {
          "Event": "PRLODSTWS1_1#JIHS_COMM_M_F_I_PARAM-TO-PRLODSTWS1_1#JIHS_COMM_M_F_I_EX"
        }
      ]
    },
    "eventsToAdd": {
      "Type": "AddEvents",
      "Events": [
        {
          "Event": "PRLODSTWS1_1#JIHS_COMM_M_F_I_EX-TO-PRLODSTWS1_1#JIHS_COMM_M_F_I_CM"
        }
      ]
    },
    "eventsToDelete": {
      "Type": "DeleteEvents",
      "Events": [
        {
          "Event": "PRLODSTWS1_1#JIHS_COMM_M_F_I_PARAM-TO-PRLODSTWS1_1#JIHS_COMM_M_F_I_EX"
        }
      ]
    }
  },
  "PRLODSTWS1_1#JIHS_COMM_M_R_L": {
    "Type": "Job:Database:StoredProcedure",
    "ConnectionProfile": "UPCR1",
    "StoredProcedure": "JIHS_COMM_M_R_L_SP",
    "Schema": "SQLEXT",
    "DaysKeepActive": "1",
    "SubApplication": "UPCR1",
    "Host": "CTMAG",
    "CreatedBy": "emuser",
    "Description": "== Conversion Messages Start ==\\n\\nMessage ID\\t: WRN6031 (7773-13719)\\n\\n== Conversion Messages End ==\\nAdded by composer.",
    "RunAs": "controlm",
    "Application": "ODS",
    "When": {
      "WeekDays": [
        "NONE"
      ],
      "Months": [
        "NONE"
      ],
      "MonthDays": [
        "NONE"
      ],
      "DaysRelation": "OR",
      "RuleBasedCalendars": {
        "Included": [
          "RC1"
        ]
      }
    },
    "eventsToWaitFor": {
      "Type": "WaitForEvents",
      "Events": [
        {
          "Event": "PRLODSTWS1_1#FDW_COMMISION_M_JIHS-TO-PRLODSTWS1_1#JIHS_COMM_M_R_L"
        },
        {
          "Event": "PRLODSTWS1_1#BATCH_INFO_DETAIL-TO-PRLODSTWS1_1#JIHS_COMM_M_R_L"
        }
      ]
    },
    "eventsToAdd": {
      "Type": "AddEvents",
      "Events": [
        {
          "Event": "PRLODSTWS1_1#JIHS_COMM_M_R_L-TO-PRLODSTWS1_1#JIHS_COMM_M_R_L_PARAM"
        }
      ]
    },
    "eventsToDelete": {
      "Type": "DeleteEvents",
      "Events": [
        {
          "Event": "PRLODSTWS1_1#FDW_COMMISION_M_JIHS-TO-PRLODSTWS1_1#JIHS_COMM_M_R_L"
        },
        {
          "Event": "PRLODSTWS1_1#BATCH_INFO_DETAIL-TO-PRLODSTWS1_1#JIHS_COMM_M_R_L"
        }
      ]
    }
  },
  "PRLODSTWS1_1#JIHS_FFAL_F_FP": {
    "Type": "Job:Command",
    "DaysKeepActive": "1",
    "SubApplication": "UPCR1",
    "Host": "CTMAG",
    "CreatedBy": "emuser",
    "Description": "Ftp files for batch",
    "RunAs": "controlm",
    "Application": "ODS",
    "Command": "/home/tws/ods_batch_home/esp.batch.scripts/ftp.files.sh D_FDW_JIHS ${tws.job.name} %%\\\\global\\END_DT_CHAR.",
    "When": {
      "WeekDays": [
        "NONE"
      ],
      "Months": [
        "NONE"
      ],
      "MonthDays": [
        "NONE"
      ],
      "DaysRelation": "OR",
      "RuleBasedCalendars": {
        "Included": [
          "RC1"
        ]
      }
    },
    "eventsToWaitFor": {
      "Type": "WaitForEvents",
      "Events": [
        {
          "Event": "PRLODSTWS1_1#JIHS_FFAL_F_CM-TO-PRLODSTWS1_1#JIHS_FFAL_F_FP"
        }
      ]
    },
    "eventsToDelete": {
      "Type": "DeleteEvents",
      "Events": [
        {
          "Event": "PRLODSTWS1_1#JIHS_FFAL_F_CM-TO-PRLODSTWS1_1#JIHS_FFAL_F_FP"
        }
      ]
    }
  },
  "PRLODSTWS1_1#JIHS_COMM_M_R_I_EX": {
    "Type": "Job:Command",
    "DaysKeepActive": "1",
    "SubApplication": "UPCR1",
    "Host": "CTMAG",
    "CreatedBy": "emuser",
    "Description": "CSV Export for batch",
    "RunAs": "controlm",
    "Application": "ODS",
    "Command": "/home/tws/ods_batch_home/esp.batch.scripts/gen.table2File.sh D_FDW_JIHS ${tws.job.name} %%\\\\global\\END_DT_CHAR.",
    "When": {
      "WeekDays": [
        "NONE"
      ],
      "Months": [
        "NONE"
      ],
      "MonthDays": [
        "NONE"
      ],
      "DaysRelation": "OR",
      "RuleBasedCalendars": {
        "Included": [
          "RC1"
        ]
      }
    },
    "eventsToWaitFor": {
      "Type": "WaitForEvents",
      "Events": [
        {
          "Event": "PRLODSTWS1_1#JIHS_COMM_M_R_I_PARAM-TO-PRLODSTWS1_1#JIHS_COMM_M_R_I_EX"
        }
      ]
    },
    "eventsToAdd": {
      "Type": "AddEvents",
      "Events": [
        {
          "Event": "PRLODSTWS1_1#JIHS_COMM_M_R_I_EX-TO-PRLODSTWS1_1#JIHS_COMM_M_R_I_CM"
        }
      ]
    },
    "eventsToDelete": {
      "Type": "DeleteEvents",
      "Events": [
        {
          "Event": "PRLODSTWS1_1#JIHS_COMM_M_R_I_PARAM-TO-PRLODSTWS1_1#JIHS_COMM_M_R_I_EX"
        }
      ]
    }
  },
  "PRLODSTWS1_1#JIHS_POL_AUTH_EX": {
    "Type": "Job:Command",
    "DaysKeepActive": "1",
    "SubApplication": "UPCR1",
    "Host": "CTMAG",
    "CreatedBy": "emuser",
    "Description": "CSV Export for batch",
    "RunAs": "controlm",
    "Application": "ODS",
    "Command": "/home/tws/ods_batch_home/esp.batch.scripts/gen.table2File.sh D_FDW_JIHS ${tws.job.name} %%\\\\global\\END_DT_CHAR.",
    "When": {
      "WeekDays": [
        "NONE"
      ],
      "Months": [
        "NONE"
      ],
      "MonthDays": [
        "NONE"
      ],
      "DaysRelation": "OR",
      "RuleBasedCalendars": {
        "Included": [
          "RC1"
        ]
      }
    },
    "eventsToWaitFor": {
      "Type": "WaitForEvents",
      "Events": [
        {
          "Event": "PRLODSTWS1_1#JIHS_POL_AUTH_PARAM-TO-PRLODSTWS1_1#JIHS_POL_AUTH_EX"
        }
      ]
    },
    "eventsToAdd": {
      "Type": "AddEvents",
      "Events": [
        {
          "Event": "PRLODSTWS1_1#JIHS_POL_AUTH_EX-TO-PRLODSTWS1_1#JIHS_POL_AUTH_CM"
        }
      ]
    },
    "eventsToDelete": {
      "Type": "DeleteEvents",
      "Events": [
        {
          "Event": "PRLODSTWS1_1#JIHS_POL_AUTH_PARAM-TO-PRLODSTWS1_1#JIHS_POL_AUTH_EX"
        }
      ]
    }
  },
  "PRLODSTWS1_1#JIHS_CHECK_LIST": {
    "Type": "Job:Database:StoredProcedure",
    "ConnectionProfile": "UPCR1",
    "StoredProcedure": "JIHS_CHECK_LIST_SP",
    "Schema": "SQLEXT",
    "DaysKeepActive": "1",
    "SubApplication": "UPCR1",
    "Host": "CTMAG",
    "CreatedBy": "emuser",
    "Description": "== Conversion Messages Start ==\\n\\nMessage ID\\t: WRN6031 (7774-13723)\\n\\n== Conversion Messages End ==\\nAdded by composer.",
    "RunAs": "controlm",
    "Application": "ODS",
    "When": {
      "WeekDays": [
        "NONE"
      ],
      "Months": [
        "NONE"
      ],
      "MonthDays": [
        "NONE"
      ],
      "DaysRelation": "OR",
      "RuleBasedCalendars": {
        "Included": [
          "RC1"
        ]
      }
    },
    "eventsToWaitFor": {
      "Type": "WaitForEvents",
      "Events": [
        {
          "Event": "PRLODSTWS1_1#FDW_CONTRACT_MASTER_JIHS-TO-PRLODSTWS1_1#JIHS_CHECK_LIST"
        },
        {
          "Event": "PRLODSTWS1_1#FDW_POLICY_VALUE_JIHS-TO-PRLODSTWS1_1#JIHS_CHECK_LIST"
        },
        {
          "Event": "PRLODSTWS1_1#BATCH_INFO_DETAIL-TO-PRLODSTWS1_1#JIHS_CHECK_LIST"
        },
        {
          "Event": "PRLODSTWS1_1#FDW_PRODUCT_TOTAL_PREM-TO-PRLODSTWS1_1#JIHS_CHECK_LIST"
        },
        {
          "Event": "PRLODSTWS1_1#FDW_CODE_MAP_B-TO-PRLODSTWS1_1#JIHS_CHECK_LIST"
        },
        {
          "Event": "PRLODSTWS1_1#FDW_CONTRACT_PRODUCT-TO-PRLODSTWS1_1#JIHS_CHECK_LIST"
        },
        {
          "Event": "PRLODSTWS1_1#O_CHARGE_MODE-TO-PRLODSTWS1_1#JIHS_CHECK_LIST"
        }
      ]
    },
    "eventsToAdd": {
      "Type": "AddEvents",
      "Events": [
        {
          "Event": "PRLODSTWS1_1#JIHS_CHECK_LIST-TO-PRLODSTWS1_1#JIHS_CHECK_LIST_PARAM"
        }
      ]
    },
    "eventsToDelete": {
      "Type": "DeleteEvents",
      "Events": [
        {
          "Event": "PRLODSTWS1_1#FDW_CONTRACT_MASTER_JIHS-TO-PRLODSTWS1_1#JIHS_CHECK_LIST"
        },
        {
          "Event": "PRLODSTWS1_1#FDW_POLICY_VALUE_JIHS-TO-PRLODSTWS1_1#JIHS_CHECK_LIST"
        },
        {
          "Event": "PRLODSTWS1_1#BATCH_INFO_DETAIL-TO-PRLODSTWS1_1#JIHS_CHECK_LIST"
        },
        {
          "Event": "PRLODSTWS1_1#FDW_PRODUCT_TOTAL_PREM-TO-PRLODSTWS1_1#JIHS_CHECK_LIST"
        },
        {
          "Event": "PRLODSTWS1_1#FDW_CODE_MAP_B-TO-PRLODSTWS1_1#JIHS_CHECK_LIST"
        },
        {
          "Event": "PRLODSTWS1_1#FDW_CONTRACT_PRODUCT-TO-PRLODSTWS1_1#JIHS_CHECK_LIST"
        },
        {
          "Event": "PRLODSTWS1_1#O_CHARGE_MODE-TO-PRLODSTWS1_1#JIHS_CHECK_LIST"
        }
      ]
    }
  },
  "PRLODSTWS1_1#JIHS_COMM_M_F_I": {
    "Type": "Job:Database:StoredProcedure",
    "ConnectionProfile": "UPCR1",
    "StoredProcedure": "JIHS_COMM_M_F_I_SP",
    "Schema": "SQLEXT",
    "DaysKeepActive": "1",
    "SubApplication": "UPCR1",
    "Host": "CTMAG",
    "CreatedBy": "emuser",
    "Description": "== Conversion Messages Start ==\\n\\nMessage ID\\t: WRN6031 (7775-13724)\\n\\n== Conversion Messages End ==\\nAdded by composer.",
    "RunAs": "controlm",
    "Application": "ODS",
    "When": {
      "WeekDays": [
        "NONE"
      ],
      "Months": [
        "NONE"
      ],
      "MonthDays": [
        "NONE"
      ],
      "DaysRelation": "OR",
      "RuleBasedCalendars": {
        "Included": [
          "RC1"
        ]
      }
    },
    "eventsToWaitFor": {
      "Type": "WaitForEvents",
      "Events": [
        {
          "Event": "PRLODSTWS1_1#FDW_COMMISION_M_JIHS-TO-PRLODSTWS1_1#JIHS_COMM_M_F_I"
        },
        {
          "Event": "PRLODSTWS1_1#BATCH_INFO_DETAIL-TO-PRLODSTWS1_1#JIHS_COMM_M_F_I"
        }
      ]
    },
    "eventsToAdd": {
      "Type": "AddEvents",
      "Events": [
        {
          "Event": "PRLODSTWS1_1#JIHS_COMM_M_F_I-TO-PRLODSTWS1_1#JIHS_COMM_M_F_I_PARAM"
        }
      ]
    },
    "eventsToDelete": {
      "Type": "DeleteEvents",
      "Events": [
        {
          "Event": "PRLODSTWS1_1#FDW_COMMISION_M_JIHS-TO-PRLODSTWS1_1#JIHS_COMM_M_F_I"
        },
        {
          "Event": "PRLODSTWS1_1#BATCH_INFO_DETAIL-TO-PRLODSTWS1_1#JIHS_COMM_M_F_I"
        }
      ]
    }
  },
  "PRLODSTWS1_1#JIHS_CHECK_LIST_CM": {
    "Type": "Job:Command",
    "DaysKeepActive": "1",
    "SubApplication": "UPCR1",
    "Host": "CTMAG",
    "CreatedBy": "emuser",
    "Description": "Common Shell Template",
    "RunAs": "controlm",
    "Application": "ODS",
    "Command": "/home/tws/ods_batch_home/esp.batch.scripts/run.cmd.sh D_FDW_JIHS ${tws.job.name} %%\\\\global\\END_DT_CHAR.",
    "When": {
      "WeekDays": [
        "NONE"
      ],
      "Months": [
        "NONE"
      ],
      "MonthDays": [
        "NONE"
      ],
      "DaysRelation": "OR",
      "RuleBasedCalendars": {
        "Included": [
          "RC1"
        ]
      }
    },
    "eventsToWaitFor": {
      "Type": "WaitForEvents",
      "Events": [
        {
          "Event": "PRLODSTWS1_1#JIHS_CHECK_LIST_EX-TO-PRLODSTWS1_1#JIHS_CHECK_LIST_CM"
        }
      ]
    },
    "eventsToAdd": {
      "Type": "AddEvents",
      "Events": [
        {
          "Event": "PRLODSTWS1_1#JIHS_CHECK_LIST_CM-TO-PRLODSTWS1_1#JIHS_CHECK_LIST_FP"
        }
      ]
    },
    "eventsToDelete": {
      "Type": "DeleteEvents",
      "Events": [
        {
          "Event": "PRLODSTWS1_1#JIHS_CHECK_LIST_EX-TO-PRLODSTWS1_1#JIHS_CHECK_LIST_CM"
        }
      ]
    }
  },
  "PRLODSTWS1_1#JIHS_COMM_M_F_L": {
    "Type": "Job:Database:StoredProcedure",
    "ConnectionProfile": "UPCR1",
    "StoredProcedure": "JIHS_COMM_M_F_L_SP",
    "Schema": "SQLEXT",
    "DaysKeepActive": "1",
    "SubApplication": "UPCR1",
    "Host": "CTMAG",
    "CreatedBy": "emuser",
    "Description": "== Conversion Messages Start ==\\n\\nMessage ID\\t: WRN6031 (7776-13726)\\n\\n== Conversion Messages End ==\\nAdded by composer.",
    "RunAs": "controlm",
    "Application": "ODS",
    "When": {
      "WeekDays": [
        "NONE"
      ],
      "Months": [
        "NONE"
      ],
      "MonthDays": [
        "NONE"
      ],
      "DaysRelation": "OR",
      "RuleBasedCalendars": {
        "Included": [
          "RC1"
        ]
      }
    },
    "eventsToWaitFor": {
      "Type": "WaitForEvents",
      "Events": [
        {
          "Event": "PRLODSTWS1_1#FDW_COMMISION_M_JIHS-TO-PRLODSTWS1_1#JIHS_COMM_M_F_L"
        },
        {
          "Event": "PRLODSTWS1_1#BATCH_INFO_DETAIL-TO-PRLODSTWS1_1#JIHS_COMM_M_F_L"
        }
      ]
    },
    "eventsToAdd": {
      "Type": "AddEvents",
      "Events": [
        {
          "Event": "PRLODSTWS1_1#JIHS_COMM_M_F_L-TO-PRLODSTWS1_1#JIHS_COMM_M_F_L_PARAM"
        }
      ]
    },
    "eventsToDelete": {
      "Type": "DeleteEvents",
      "Events": [
        {
          "Event": "PRLODSTWS1_1#FDW_COMMISION_M_JIHS-TO-PRLODSTWS1_1#JIHS_COMM_M_F_L"
        },
        {
          "Event": "PRLODSTWS1_1#BATCH_INFO_DETAIL-TO-PRLODSTWS1_1#JIHS_COMM_M_F_L"
        }
      ]
    }
  },
  "PRLODSTWS1_1#JIHS_COMM_M_R_L_EX": {
    "Type": "Job:Command",
    "DaysKeepActive": "1",
    "SubApplication": "UPCR1",
    "Host": "CTMAG",
    "CreatedBy": "emuser",
    "Description": "CSV Export for batch",
    "RunAs": "controlm",
    "Application": "ODS",
    "Command": "/home/tws/ods_batch_home/esp.batch.scripts/gen.table2File.sh D_FDW_JIHS ${tws.job.name} %%\\\\global\\END_DT_CHAR.",
    "When": {
      "WeekDays": [
        "NONE"
      ],
      "Months": [
        "NONE"
      ],
      "MonthDays": [
        "NONE"
      ],
      "DaysRelation": "OR",
      "RuleBasedCalendars": {
        "Included": [
          "RC1"
        ]
      }
    },
    "eventsToWaitFor": {
      "Type": "WaitForEvents",
      "Events": [
        {
          "Event": "PRLODSTWS1_1#JIHS_COMM_M_R_L_PARAM-TO-PRLODSTWS1_1#JIHS_COMM_M_R_L_EX"
        }
      ]
    },
    "eventsToAdd": {
      "Type": "AddEvents",
      "Events": [
        {
          "Event": "PRLODSTWS1_1#JIHS_COMM_M_R_L_EX-TO-PRLODSTWS1_1#JIHS_COMM_M_R_L_CM"
        }
      ]
    },
    "eventsToDelete": {
      "Type": "DeleteEvents",
      "Events": [
        {
          "Event": "PRLODSTWS1_1#JIHS_COMM_M_R_L_PARAM-TO-PRLODSTWS1_1#JIHS_COMM_M_R_L_EX"
        }
      ]
    }
  },
  "PRLODSTWS1_1#JIHS_POL_EXPOSE_CM": {
    "Type": "Job:Command",
    "DaysKeepActive": "1",
    "SubApplication": "UPCR1",
    "Host": "CTMAG",
    "CreatedBy": "emuser",
    "Description": "Common Shell Template",
    "RunAs": "controlm",
    "Application": "ODS",
    "Command": "/home/tws/ods_batch_home/esp.batch.scripts/run.cmd.sh D_FDW_JIHS ${tws.job.name} %%\\\\global\\END_DT_CHAR.",
    "When": {
      "WeekDays": [
        "NONE"
      ],
      "Months": [
        "NONE"
      ],
      "MonthDays": [
        "NONE"
      ],
      "DaysRelation": "OR",
      "RuleBasedCalendars": {
        "Included": [
          "RC1"
        ]
      }
    },
    "eventsToWaitFor": {
      "Type": "WaitForEvents",
      "Events": [
        {
          "Event": "PRLODSTWS1_1#JIHS_POL_EXPOSE_EX-TO-PRLODSTWS1_1#JIHS_POL_EXPOSE_CM"
        }
      ]
    },
    "eventsToAdd": {
      "Type": "AddEvents",
      "Events": [
        {
          "Event": "PRLODSTWS1_1#JIHS_POL_EXPOSE_CM-TO-PRLODSTWS1_1#JIHS_POL_EXPOSE_ZP"
        }
      ]
    },
    "eventsToDelete": {
      "Type": "DeleteEvents",
      "Events": [
        {
          "Event": "PRLODSTWS1_1#JIHS_POL_EXPOSE_EX-TO-PRLODSTWS1_1#JIHS_POL_EXPOSE_CM"
        }
      ]
    }
  },
  "PRLODSTWS1_1#JIHS_FFAL_F_EX": {
    "Type": "Job:Command",
    "DaysKeepActive": "1",
    "SubApplication": "UPCR1",
    "Host": "CTMAG",
    "CreatedBy": "emuser",
    "Description": "CSV Export for batch",
    "RunAs": "controlm",
    "Application": "ODS",
    "Command": "/home/tws/ods_batch_home/esp.batch.scripts/gen.table2File.sh D_FDW_JIHS ${tws.job.name} %%\\\\global\\END_DT_CHAR.",
    "When": {
      "WeekDays": [
        "NONE"
      ],
      "Months": [
        "NONE"
      ],
      "MonthDays": [
        "NONE"
      ],
      "DaysRelation": "OR",
      "RuleBasedCalendars": {
        "Included": [
          "RC1"
        ]
      }
    },
    "eventsToWaitFor": {
      "Type": "WaitForEvents",
      "Events": [
        {
          "Event": "PRLODSTWS1_1#JIHS_FFAL_F_PARAM-TO-PRLODSTWS1_1#JIHS_FFAL_F_EX"
        }
      ]
    },
    "eventsToAdd": {
      "Type": "AddEvents",
      "Events": [
        {
          "Event": "PRLODSTWS1_1#JIHS_FFAL_F_EX-TO-PRLODSTWS1_1#JIHS_FFAL_F_CM"
        }
      ]
    },
    "eventsToDelete": {
      "Type": "DeleteEvents",
      "Events": [
        {
          "Event": "PRLODSTWS1_1#JIHS_FFAL_F_PARAM-TO-PRLODSTWS1_1#JIHS_FFAL_F_EX"
        }
      ]
    }
  },
  "PRLODSTWS1_1#JIHS_LNPOLM_FP": {
    "Type": "Job:Command",
    "DaysKeepActive": "1",
    "SubApplication": "UPCR1",
    "Host": "CTMAG",
    "CreatedBy": "emuser",
    "Description": "Ftp files for batch",
    "RunAs": "controlm",
    "Application": "ODS",
    "Command": "/home/tws/ods_batch_home/esp.batch.scripts/ftp.files.sh D_FDW_JIHS ${tws.job.name} %%\\\\global\\END_DT_CHAR.",
    "When": {
      "WeekDays": [
        "NONE"
      ],
      "Months": [
        "NONE"
      ],
      "MonthDays": [
        "NONE"
      ],
      "DaysRelation": "OR",
      "RuleBasedCalendars": {
        "Included": [
          "RC1"
        ]
      }
    },
    "eventsToWaitFor": {
      "Type": "WaitForEvents",
      "Events": [
        {
          "Event": "PRLODSTWS1_1#JIHS_LNPOLM_CM-TO-PRLODSTWS1_1#JIHS_LNPOLM_FP"
        }
      ]
    },
    "eventsToDelete": {
      "Type": "DeleteEvents",
      "Events": [
        {
          "Event": "PRLODSTWS1_1#JIHS_LNPOLM_CM-TO-PRLODSTWS1_1#JIHS_LNPOLM_FP"
        }
      ]
    }
  },
  "PRLODSTWS1_1#JIHS_COMM_M_R_I_FP": {
    "Type": "Job:Command",
    "DaysKeepActive": "1",
    "SubApplication": "UPCR1",
    "Host": "CTMAG",
    "CreatedBy": "emuser",
    "Description": "Ftp files for batch",
    "RunAs": "controlm",
    "Application": "ODS",
    "Command": "/home/tws/ods_batch_home/esp.batch.scripts/ftp.files.sh D_FDW_JIHS ${tws.job.name} %%\\\\global\\END_DT_CHAR.",
    "When": {
      "WeekDays": [
        "NONE"
      ],
      "Months": [
        "NONE"
      ],
      "MonthDays": [
        "NONE"
      ],
      "DaysRelation": "OR",
      "RuleBasedCalendars": {
        "Included": [
          "RC1"
        ]
      }
    },
    "eventsToWaitFor": {
      "Type": "WaitForEvents",
      "Events": [
        {
          "Event": "PRLODSTWS1_1#JIHS_COMM_M_R_I_CM-TO-PRLODSTWS1_1#JIHS_COMM_M_R_I_FP"
        }
      ]
    },
    "eventsToDelete": {
      "Type": "DeleteEvents",
      "Events": [
        {
          "Event": "PRLODSTWS1_1#JIHS_COMM_M_R_I_CM-TO-PRLODSTWS1_1#JIHS_COMM_M_R_I_FP"
        }
      ]
    }
  },
  "PRLODSTWS1_1#JIHS_POL_AUTH": {
    "Type": "Job:Database:StoredProcedure",
    "ConnectionProfile": "UPCR1",
    "StoredProcedure": "JIHS_POL_AUTH_SP",
    "Schema": "SQLEXT",
    "DaysKeepActive": "1",
    "SubApplication": "UPCR1",
    "Host": "CTMAG",
    "CreatedBy": "emuser",
    "Description": "== Conversion Messages Start ==\\n\\nMessage ID\\t: WRN6031 (7777-13732)\\n\\n== Conversion Messages End ==\\nAdded by composer.",
    "RunAs": "controlm",
    "Application": "ODS",
    "When": {
      "WeekDays": [
        "NONE"
      ],
      "Months": [
        "NONE"
      ],
      "MonthDays": [
        "NONE"
      ],
      "DaysRelation": "OR",
      "RuleBasedCalendars": {
        "Included": [
          "RC1"
        ]
      }
    },
    "eventsToWaitFor": {
      "Type": "WaitForEvents",
      "Events": [
        {
          "Event": "PRLODSTWS1_1#FDW_CONTRACT_MASTER-TO-PRLODSTWS1_1#JIHS_POL_AUTH"
        },
        {
          "Event": "PRLODSTWS1_1#O_BANK_TEXT_DETAIL-TO-PRLODSTWS1_1#JIHS_POL_AUTH"
        },
        {
          "Event": "PRLODSTWS1_1#FDW_CODE_PLAN-TO-PRLODSTWS1_1#JIHS_POL_AUTH"
        }
      ]
    },
    "eventsToAdd": {
      "Type": "AddEvents",
      "Events": [
        {
          "Event": "PRLODSTWS1_1#JIHS_POL_AUTH-TO-PRLODSTWS1_1#JIHS_POL_AUTH_PARAM"
        }
      ]
    },
    "eventsToDelete": {
      "Type": "DeleteEvents",
      "Events": [
        {
          "Event": "PRLODSTWS1_1#FDW_CONTRACT_MASTER-TO-PRLODSTWS1_1#JIHS_POL_AUTH"
        },
        {
          "Event": "PRLODSTWS1_1#O_BANK_TEXT_DETAIL-TO-PRLODSTWS1_1#JIHS_POL_AUTH"
        },
        {
          "Event": "PRLODSTWS1_1#FDW_CODE_PLAN-TO-PRLODSTWS1_1#JIHS_POL_AUTH"
        }
      ]
    }
  },
  "PRLODSTWS1_1#JIHS_NTC_DEDUCT_EX": {
    "Type": "Job:Command",
    "DaysKeepActive": "1",
    "SubApplication": "UPCR1",
    "Host": "CTMAG",
    "CreatedBy": "emuser",
    "Description": "CSV Export for batch",
    "RunAs": "controlm",
    "Application": "ODS",
    "Command": "/home/tws/ods_batch_home/esp.batch.scripts/gen.table2File.sh D_FDW_JIHS ${tws.job.name} %%\\\\global\\END_DT_CHAR.",
    "When": {
      "WeekDays": [
        "NONE"
      ],
      "Months": [
        "NONE"
      ],
      "MonthDays": [
        "NONE"
      ],
      "DaysRelation": "OR",
      "RuleBasedCalendars": {
        "Included": [
          "RC1"
        ]
      }
    },
    "eventsToWaitFor": {
      "Type": "WaitForEvents",
      "Events": [
        {
          "Event": "PRLODSTWS1_1#JIHS_NTC_DEDUCT_PARAM-TO-PRLODSTWS1_1#JIHS_NTC_DEDUCT_EX"
        }
      ]
    },
    "eventsToAdd": {
      "Type": "AddEvents",
      "Events": [
        {
          "Event": "PRLODSTWS1_1#JIHS_NTC_DEDUCT_EX-TO-PRLODSTWS1_1#JIHS_NTC_DEDUCT_CM"
        }
      ]
    },
    "eventsToDelete": {
      "Type": "DeleteEvents",
      "Events": [
        {
          "Event": "PRLODSTWS1_1#JIHS_NTC_DEDUCT_PARAM-TO-PRLODSTWS1_1#JIHS_NTC_DEDUCT_EX"
        }
      ]
    }
  },
  "PRLODSTWS1_1#JIHS_INPOLM_PARAM": {
    "Type": "Job:Database:StoredProcedure",
    "ConnectionProfile": "UPCR1",
    "StoredProcedure": "JIHS_INPOLM_PARAM_SP",
    "Schema": "SQLEXT",
    "DaysKeepActive": "1",
    "SubApplication": "UPCR1",
    "Host": "CTMAG",
    "CreatedBy": "emuser",
    "Description": "== Conversion Messages Start ==\\n\\nMessage ID\\t: WRN6031 (7778-13734)\\n\\n== Conversion Messages End ==\\nAdded by composer.",
    "RunAs": "controlm",
    "Application": "ODS",
    "When": {
      "WeekDays": [
        "NONE"
      ],
      "Months": [
        "NONE"
      ],
      "MonthDays": [
        "NONE"
      ],
      "DaysRelation": "OR",
      "RuleBasedCalendars": {
        "Included": [
          "RC1"
        ]
      }
    },
    "eventsToWaitFor": {
      "Type": "WaitForEvents",
      "Events": [
        {
          "Event": "PRLODSTWS1_1#JIHS_INPOLM-TO-PRLODSTWS1_1#JIHS_INPOLM_PARAM"
        }
      ]
    },
    "eventsToAdd": {
      "Type": "AddEvents",
      "Events": [
        {
          "Event": "PRLODSTWS1_1#JIHS_INPOLM_PARAM-TO-PRLODSTWS1_1#JIHS_INPOLM_EX"
        }
      ]
    },
    "eventsToDelete": {
      "Type": "DeleteEvents",
      "Events": [
        {
          "Event": "PRLODSTWS1_1#JIHS_INPOLM-TO-PRLODSTWS1_1#JIHS_INPOLM_PARAM"
        }
      ]
    }
  },
  "PRLODSTWS1_1#JIHS_POL_EXPOSE_ZP": {
    "Type": "Job:Command",
    "DaysKeepActive": "1",
    "SubApplication": "UPCR1",
    "Host": "CTMAG",
    "CreatedBy": "emuser",
    "Description": "zip files for batch",
    "RunAs": "controlm",
    "Application": "ODS",
    "Command": "/home/tws/ods_batch_home/esp.batch.scripts/zip.files.sh D_FDW_JIHS ${tws.job.name} %%\\\\global\\END_DT_CHAR.",
    "When": {
      "WeekDays": [
        "NONE"
      ],
      "Months": [
        "NONE"
      ],
      "MonthDays": [
        "NONE"
      ],
      "DaysRelation": "OR",
      "RuleBasedCalendars": {
        "Included": [
          "RC1"
        ]
      }
    },
    "eventsToWaitFor": {
      "Type": "WaitForEvents",
      "Events": [
        {
          "Event": "PRLODSTWS1_1#JIHS_POL_EXPOSE_CM-TO-PRLODSTWS1_1#JIHS_POL_EXPOSE_ZP"
        }
      ]
    },
    "eventsToAdd": {
      "Type": "AddEvents",
      "Events": [
        {
          "Event": "PRLODSTWS1_1#JIHS_POL_EXPOSE_ZP-TO-PRLODSTWS1_1#JIHS_POL_EXPOSE_FP"
        }
      ]
    },
    "eventsToDelete": {
      "Type": "DeleteEvents",
      "Events": [
        {
          "Event": "PRLODSTWS1_1#JIHS_POL_EXPOSE_CM-TO-PRLODSTWS1_1#JIHS_POL_EXPOSE_ZP"
        }
      ]
    }
  },
  "PRLODSTWS1_1#JIHS_POL_EXPOSE_EX": {
    "Type": "Job:Command",
    "DaysKeepActive": "1",
    "SubApplication": "UPCR1",
    "Host": "CTMAG",
    "CreatedBy": "emuser",
    "Description": "CSV Export for batch",
    "RunAs": "controlm",
    "Application": "ODS",
    "Command": "/home/tws/ods_batch_home/esp.batch.scripts/gen.table2File.sh D_FDW_JIHS ${tws.job.name} %%\\\\global\\END_DT_CHAR.",
    "When": {
      "WeekDays": [
        "NONE"
      ],
      "Months": [
        "NONE"
      ],
      "MonthDays": [
        "NONE"
      ],
      "DaysRelation": "OR",
      "RuleBasedCalendars": {
        "Included": [
          "RC1"
        ]
      }
    },
    "eventsToWaitFor": {
      "Type": "WaitForEvents",
      "Events": [
        {
          "Event": "PRLODSTWS1_1#JIHS_POL_EXPOSE_PARAM-TO-PRLODSTWS1_1#JIHS_POL_EXPOSE_EX"
        }
      ]
    },
    "eventsToAdd": {
      "Type": "AddEvents",
      "Events": [
        {
          "Event": "PRLODSTWS1_1#JIHS_POL_EXPOSE_EX-TO-PRLODSTWS1_1#JIHS_POL_EXPOSE_CM"
        }
      ]
    },
    "eventsToDelete": {
      "Type": "DeleteEvents",
      "Events": [
        {
          "Event": "PRLODSTWS1_1#JIHS_POL_EXPOSE_PARAM-TO-PRLODSTWS1_1#JIHS_POL_EXPOSE_EX"
        }
      ]
    }
  },
  "PRLODSTWS1_1#JIHS_LNPOLM_EX": {
    "Type": "Job:Command",
    "DaysKeepActive": "1",
    "SubApplication": "UPCR1",
    "Host": "CTMAG",
    "CreatedBy": "emuser",
    "Description": "CSV Export for batch",
    "RunAs": "controlm",
    "Application": "ODS",
    "Command": "/home/tws/ods_batch_home/esp.batch.scripts/gen.table2File.sh D_FDW_JIHS ${tws.job.name} %%\\\\global\\END_DT_CHAR.",
    "When": {
      "WeekDays": [
        "NONE"
      ],
      "Months": [
        "NONE"
      ],
      "MonthDays": [
        "NONE"
      ],
      "DaysRelation": "OR",
      "RuleBasedCalendars": {
        "Included": [
          "RC1"
        ]
      }
    },
    "eventsToWaitFor": {
      "Type": "WaitForEvents",
      "Events": [
        {
          "Event": "PRLODSTWS1_1#JIHS_LNPOLM_PARAM-TO-PRLODSTWS1_1#JIHS_LNPOLM_EX"
        }
      ]
    },
    "eventsToAdd": {
      "Type": "AddEvents",
      "Events": [
        {
          "Event": "PRLODSTWS1_1#JIHS_LNPOLM_EX-TO-PRLODSTWS1_1#JIHS_LNPOLM_CM"
        }
      ]
    },
    "eventsToDelete": {
      "Type": "DeleteEvents",
      "Events": [
        {
          "Event": "PRLODSTWS1_1#JIHS_LNPOLM_PARAM-TO-PRLODSTWS1_1#JIHS_LNPOLM_EX"
        }
      ]
    }
  },
  "PRLODSTWS1_1#JIHS_COMM_M_F_L_EX": {
    "Type": "Job:Command",
    "DaysKeepActive": "1",
    "SubApplication": "UPCR1",
    "Host": "CTMAG",
    "CreatedBy": "emuser",
    "Description": "CSV Export for batch",
    "RunAs": "controlm",
    "Application": "ODS",
    "Command": "/home/tws/ods_batch_home/esp.batch.scripts/gen.table2File.sh D_FDW_JIHS ${tws.job.name} %%\\\\global\\END_DT_CHAR.",
    "When": {
      "WeekDays": [
        "NONE"
      ],
      "Months": [
        "NONE"
      ],
      "MonthDays": [
        "NONE"
      ],
      "DaysRelation": "OR",
      "RuleBasedCalendars": {
        "Included": [
          "RC1"
        ]
      }
    },
    "eventsToWaitFor": {
      "Type": "WaitForEvents",
      "Events": [
        {
          "Event": "PRLODSTWS1_1#JIHS_COMM_M_F_L_PARAM-TO-PRLODSTWS1_1#JIHS_COMM_M_F_L_EX"
        }
      ]
    },
    "eventsToAdd": {
      "Type": "AddEvents",
      "Events": [
        {
          "Event": "PRLODSTWS1_1#JIHS_COMM_M_F_L_EX-TO-PRLODSTWS1_1#JIHS_COMM_M_F_L_CM"
        }
      ]
    },
    "eventsToDelete": {
      "Type": "DeleteEvents",
      "Events": [
        {
          "Event": "PRLODSTWS1_1#JIHS_COMM_M_F_L_PARAM-TO-PRLODSTWS1_1#JIHS_COMM_M_F_L_EX"
        }
      ]
    }
  },
  "PRLODSTWS1_1#FDW_COMMISION_M_JIHS": {
    "Type": "Job:Database:StoredProcedure",
    "ConnectionProfile": "UPCR1",
    "StoredProcedure": "FDW_COMMISION_M_JIHS_SP",
    "Schema": "SQLEXT",
    "DaysKeepActive": "1",
    "SubApplication": "UPCR1",
    "Host": "CTMAG",
    "CreatedBy": "emuser",
    "Description": "== Conversion Messages Start ==\\n\\nMessage ID\\t: WRN6031 (7779-13739)\\n\\n== Conversion Messages End ==\\nAdded by composer.",
    "RunAs": "controlm",
    "Application": "ODS",
    "When": {
      "WeekDays": [
        "NONE"
      ],
      "Months": [
        "NONE"
      ],
      "MonthDays": [
        "NONE"
      ],
      "DaysRelation": "OR",
      "RuleBasedCalendars": {
        "Included": [
          "RC1"
        ]
      }
    },
    "eventsToWaitFor": {
      "Type": "WaitForEvents",
      "Events": [
        {
          "Event": "PRLODSTWS1_1#FDW_CODE_MAP-TO-PRLODSTWS1_1#FDW_COMMISION_M_JIHS"
        },
        {
          "Event": "PRLODSTWS1_1#FDW_COMMISION_M-TO-PRLODSTWS1_1#FDW_COMMISION_M_JIHS"
        }
      ]
    },
    "eventsToAdd": {
      "Type": "AddEvents",
      "Events": [
        {
          "Event": "PRLODSTWS1_1#FDW_COMMISION_M_JIHS-TO-PRLODSTWS1_1#JIHS_COMM_M_F_I"
        },
        {
          "Event": "PRLODSTWS1_1#FDW_COMMISION_M_JIHS-TO-PRLODSTWS1_1#JIHS_COMM_M_R_I"
        },
        {
          "Event": "PRLODSTWS1_1#FDW_COMMISION_M_JIHS-TO-PRLODSTWS1_1#JIHS_COMM_M_F_L"
        },
        {
          "Event": "PRLODSTWS1_1#FDW_COMMISION_M_JIHS-TO-PRLODSTWS1_1#JIHS_COMM_M_R_L"
        }
      ]
    },
    "eventsToDelete": {
      "Type": "DeleteEvents",
      "Events": [
        {
          "Event": "PRLODSTWS1_1#FDW_CODE_MAP-TO-PRLODSTWS1_1#FDW_COMMISION_M_JIHS"
        },
        {
          "Event": "PRLODSTWS1_1#FDW_COMMISION_M-TO-PRLODSTWS1_1#FDW_COMMISION_M_JIHS"
        }
      ]
    }
  },
  "PRLODSTWS1_1#JIHS_COMM_M_F_I_FP": {
    "Type": "Job:Command",
    "DaysKeepActive": "1",
    "SubApplication": "UPCR1",
    "Host": "CTMAG",
    "CreatedBy": "emuser",
    "Description": "Ftp files for batch",
    "RunAs": "controlm",
    "Application": "ODS",
    "Command": "/home/tws/ods_batch_home/esp.batch.scripts/ftp.files.sh D_FDW_JIHS ${tws.job.name} %%\\\\global\\END_DT_CHAR.",
    "When": {
      "WeekDays": [
        "NONE"
      ],
      "Months": [
        "NONE"
      ],
      "MonthDays": [
        "NONE"
      ],
      "DaysRelation": "OR",
      "RuleBasedCalendars": {
        "Included": [
          "RC1"
        ]
      }
    },
    "eventsToWaitFor": {
      "Type": "WaitForEvents",
      "Events": [
        {
          "Event": "PRLODSTWS1_1#JIHS_COMM_M_F_I_CM-TO-PRLODSTWS1_1#JIHS_COMM_M_F_I_FP"
        }
      ]
    },
    "eventsToDelete": {
      "Type": "DeleteEvents",
      "Events": [
        {
          "Event": "PRLODSTWS1_1#JIHS_COMM_M_F_I_CM-TO-PRLODSTWS1_1#JIHS_COMM_M_F_I_FP"
        }
      ]
    }
  },
  "PRLODSTWS1_1#FDW_PREMIUM_CMS_M_JIHS": {
    "Type": "Job:Database:StoredProcedure",
    "ConnectionProfile": "UPCR1",
    "StoredProcedure": "FDW_PREMIUM_CMS_M_JIHS_SP",
    "Schema": "SQLEXT",
    "DaysKeepActive": "1",
    "SubApplication": "UPCR1",
    "Host": "CTMAG",
    "CreatedBy": "emuser",
    "Description": "== Conversion Messages Start ==\\n\\nMessage ID\\t: WRN6031 (7780-13741)\\n\\n== Conversion Messages End ==\\nAdded by composer.",
    "RunAs": "controlm",
    "Application": "ODS",
    "When": {
      "WeekDays": [
        "NONE"
      ],
      "Months": [
        "NONE"
      ],
      "MonthDays": [
        "NONE"
      ],
      "DaysRelation": "OR",
      "RuleBasedCalendars": {
        "Included": [
          "RC1"
        ]
      }
    },
    "eventsToWaitFor": {
      "Type": "WaitForEvents",
      "Events": [
        {
          "Event": "PRLODSTWS1_1#FDW_CODE_MAP-TO-PRLODSTWS1_1#FDW_PREMIUM_CMS_M_JIHS"
        },
        {
          "Event": "PRLODSTWS1_1#FDW_PREMIUM_CMS_M-TO-PRLODSTWS1_1#FDW_PREMIUM_CMS_M_JIHS"
        }
      ]
    },
    "eventsToDelete": {
      "Type": "DeleteEvents",
      "Events": [
        {
          "Event": "PRLODSTWS1_1#FDW_CODE_MAP-TO-PRLODSTWS1_1#FDW_PREMIUM_CMS_M_JIHS"
        },
        {
          "Event": "PRLODSTWS1_1#FDW_PREMIUM_CMS_M-TO-PRLODSTWS1_1#FDW_PREMIUM_CMS_M_JIHS"
        }
      ]
    }
  },
  "PRLODSTWS1_1#JIHS_INPOLM_CM": {
    "Type": "Job:Command",
    "DaysKeepActive": "1",
    "SubApplication": "UPCR1",
    "Host": "CTMAG",
    "CreatedBy": "emuser",
    "Description": "Common Shell Template",
    "RunAs": "controlm",
    "Application": "ODS",
    "Command": "/home/tws/ods_batch_home/esp.batch.scripts/run.cmd.sh D_FDW_JIHS ${tws.job.name} %%\\\\global\\END_DT_CHAR.",
    "When": {
      "WeekDays": [
        "NONE"
      ],
      "Months": [
        "NONE"
      ],
      "MonthDays": [
        "NONE"
      ],
      "DaysRelation": "OR",
      "RuleBasedCalendars": {
        "Included": [
          "RC1"
        ]
      }
    },
    "eventsToWaitFor": {
      "Type": "WaitForEvents",
      "Events": [
        {
          "Event": "PRLODSTWS1_1#JIHS_INPOLM_EX-TO-PRLODSTWS1_1#JIHS_INPOLM_CM"
        }
      ]
    },
    "eventsToAdd": {
      "Type": "AddEvents",
      "Events": [
        {
          "Event": "PRLODSTWS1_1#JIHS_INPOLM_CM-TO-PRLODSTWS1_1#JIHS_INPOLM_FP"
        }
      ]
    },
    "eventsToDelete": {
      "Type": "DeleteEvents",
      "Events": [
        {
          "Event": "PRLODSTWS1_1#JIHS_INPOLM_EX-TO-PRLODSTWS1_1#JIHS_INPOLM_CM"
        }
      ]
    }
  },
  "PRLODSTWS1_1#JIHS_FFAL_F_PARAM": {
    "Type": "Job:Database:StoredProcedure",
    "ConnectionProfile": "UPCR1",
    "StoredProcedure": "JIHS_FFAL_F_PARAM_SP",
    "Schema": "SQLEXT",
    "DaysKeepActive": "1",
    "SubApplication": "UPCR1",
    "Host": "CTMAG",
    "CreatedBy": "emuser",
    "Description": "== Conversion Messages Start ==\\n\\nMessage ID\\t: WRN6031 (7781-13743)\\n\\n== Conversion Messages End ==\\nAdded by composer.",
    "RunAs": "controlm",
    "Application": "ODS",
    "When": {
      "WeekDays": [
        "NONE"
      ],
      "Months": [
        "NONE"
      ],
      "MonthDays": [
        "NONE"
      ],
      "DaysRelation": "OR",
      "RuleBasedCalendars": {
        "Included": [
          "RC1"
        ]
      }
    },
    "eventsToWaitFor": {
      "Type": "WaitForEvents",
      "Events": [
        {
          "Event": "PRLODSTWS1_1#JIHS_FFAL_F-TO-PRLODSTWS1_1#JIHS_FFAL_F_PARAM"
        }
      ]
    },
    "eventsToAdd": {
      "Type": "AddEvents",
      "Events": [
        {
          "Event": "PRLODSTWS1_1#JIHS_FFAL_F_PARAM-TO-PRLODSTWS1_1#JIHS_FFAL_F_EX"
        }
      ]
    },
    "eventsToDelete": {
      "Type": "DeleteEvents",
      "Events": [
        {
          "Event": "PRLODSTWS1_1#JIHS_FFAL_F-TO-PRLODSTWS1_1#JIHS_FFAL_F_PARAM"
        }
      ]
    }
  },
  "PRLODSTWS1_1#JIHS_POL_AUTH_PARAM": {
    "Type": "Job:Database:StoredProcedure",
    "ConnectionProfile": "UPCR1",
    "StoredProcedure": "JIHS_POL_AUTH_PARAM_SP",
    "Schema": "SQLEXT",
    "DaysKeepActive": "1",
    "SubApplication": "UPCR1",
    "Host": "CTMAG",
    "CreatedBy": "emuser",
    "Description": "== Conversion Messages Start ==\\n\\nMessage ID\\t: WRN6031 (7782-13744)\\n\\n== Conversion Messages End ==\\nAdded by composer.",
    "RunAs": "controlm",
    "Application": "ODS",
    "When": {
      "WeekDays": [
        "NONE"
      ],
      "Months": [
        "NONE"
      ],
      "MonthDays": [
        "NONE"
      ],
      "DaysRelation": "OR",
      "RuleBasedCalendars": {
        "Included": [
          "RC1"
        ]
      }
    },
    "eventsToWaitFor": {
      "Type": "WaitForEvents",
      "Events": [
        {
          "Event": "PRLODSTWS1_1#JIHS_POL_AUTH-TO-PRLODSTWS1_1#JIHS_POL_AUTH_PARAM"
        }
      ]
    },
    "eventsToAdd": {
      "Type": "AddEvents",
      "Events": [
        {
          "Event": "PRLODSTWS1_1#JIHS_POL_AUTH_PARAM-TO-PRLODSTWS1_1#JIHS_POL_AUTH_EX"
        }
      ]
    },
    "eventsToDelete": {
      "Type": "DeleteEvents",
      "Events": [
        {
          "Event": "PRLODSTWS1_1#JIHS_POL_AUTH-TO-PRLODSTWS1_1#JIHS_POL_AUTH_PARAM"
        }
      ]
    }
  },
  "PRLODSTWS1_1#JIHS_POL_AUTH_ZP": {
    "Type": "Job:Command",
    "DaysKeepActive": "1",
    "SubApplication": "UPCR1",
    "Host": "CTMAG",
    "CreatedBy": "emuser",
    "Description": "zip files for batch",
    "RunAs": "controlm",
    "Application": "ODS",
    "Command": "/home/tws/ods_batch_home/esp.batch.scripts/zip.files.sh D_FDW_JIHS ${tws.job.name} %%\\\\global\\END_DT_CHAR.",
    "When": {
      "WeekDays": [
        "NONE"
      ],
      "Months": [
        "NONE"
      ],
      "MonthDays": [
        "NONE"
      ],
      "DaysRelation": "OR",
      "RuleBasedCalendars": {
        "Included": [
          "RC1"
        ]
      }
    },
    "eventsToWaitFor": {
      "Type": "WaitForEvents",
      "Events": [
        {
          "Event": "PRLODSTWS1_1#JIHS_POL_AUTH_CM-TO-PRLODSTWS1_1#JIHS_POL_AUTH_ZP"
        }
      ]
    },
    "eventsToDelete": {
      "Type": "DeleteEvents",
      "Events": [
        {
          "Event": "PRLODSTWS1_1#JIHS_POL_AUTH_CM-TO-PRLODSTWS1_1#JIHS_POL_AUTH_ZP"
        }
      ]
    }
  },
  "PRLODSTWS1_1#JIHS_COMM_M_F_L_PARAM": {
    "Type": "Job:Database:StoredProcedure",
    "ConnectionProfile": "UPCR1",
    "StoredProcedure": "JIHS_COMM_M_F_L_PARAM_SP",
    "Schema": "SQLEXT",
    "DaysKeepActive": "1",
    "SubApplication": "UPCR1",
    "Host": "CTMAG",
    "CreatedBy": "emuser",
    "Description": "== Conversion Messages Start ==\\n\\nMessage ID\\t: WRN6031 (7783-13746)\\n\\n== Conversion Messages End ==\\nAdded by composer.",
    "RunAs": "controlm",
    "Application": "ODS",
    "When": {
      "WeekDays": [
        "NONE"
      ],
      "Months": [
        "NONE"
      ],
      "MonthDays": [
        "NONE"
      ],
      "DaysRelation": "OR",
      "RuleBasedCalendars": {
        "Included": [
          "RC1"
        ]
      }
    },
    "eventsToWaitFor": {
      "Type": "WaitForEvents",
      "Events": [
        {
          "Event": "PRLODSTWS1_1#JIHS_COMM_M_F_L-TO-PRLODSTWS1_1#JIHS_COMM_M_F_L_PARAM"
        }
      ]
    },
    "eventsToAdd": {
      "Type": "AddEvents",
      "Events": [
        {
          "Event": "PRLODSTWS1_1#JIHS_COMM_M_F_L_PARAM-TO-PRLODSTWS1_1#JIHS_COMM_M_F_L_EX"
        }
      ]
    },
    "eventsToDelete": {
      "Type": "DeleteEvents",
      "Events": [
        {
          "Event": "PRLODSTWS1_1#JIHS_COMM_M_F_L-TO-PRLODSTWS1_1#JIHS_COMM_M_F_L_PARAM"
        }
      ]
    }
  },
  "PRLODSTWS1_1#JIHS_NTC_DEDUCT": {
    "Type": "Job:Database:StoredProcedure",
    "ConnectionProfile": "UPCR1",
    "StoredProcedure": "JIHS_NTC_DEDUCT_SP",
    "Schema": "SQLEXT",
    "DaysKeepActive": "1",
    "SubApplication": "UPCR1",
    "Host": "CTMAG",
    "CreatedBy": "emuser",
    "Description": "== Conversion Messages Start ==\\n\\nMessage ID\\t: WRN6031 (7784-13747)\\n\\n== Conversion Messages End ==\\nAdded by composer.",
    "RunAs": "controlm",
    "Application": "ODS",
    "When": {
      "WeekDays": [
        "NONE"
      ],
      "Months": [
        "NONE"
      ],
      "MonthDays": [
        "NONE"
      ],
      "DaysRelation": "OR",
      "RuleBasedCalendars": {
        "Included": [
          "RC1"
        ]
      }
    },
    "eventsToWaitFor": {
      "Type": "WaitForEvents",
      "Events": [
        {
          "Event": "PRLODSTWS1_1#BATCH_INFO_DETAIL-TO-PRLODSTWS1_1#JIHS_NTC_DEDUCT"
        },
        {
          "Event": "PRLODSTWS1_1#FDW_CODE_MAP-TO-PRLODSTWS1_1#JIHS_NTC_DEDUCT"
        },
        {
          "Event": "PRLODSTWS1_1#FDW_CONTRACT_MASTER-TO-PRLODSTWS1_1#JIHS_NTC_DEDUCT"
        },
        {
          "Event": "PRLODSTWS1_1#FDW_DEDUCT_DETAIL-TO-PRLODSTWS1_1#JIHS_NTC_DEDUCT"
        },
        {
          "Event": "PRLODSTWS1_1#O_BANK-TO-PRLODSTWS1_1#JIHS_NTC_DEDUCT"
        },
        {
          "Event": "PRLODSTWS1_1#O_BANK_ORG-TO-PRLODSTWS1_1#JIHS_NTC_DEDUCT"
        },
        {
          "Event": "PRLODSTWS1_1#O_PAYER_ACCOUNT-TO-PRLODSTWS1_1#JIHS_NTC_DEDUCT"
        },
        {
          "Event": "PRLODSTWS1_1#SDM_BANK_ACCOUNT-TO-PRLODSTWS1_1#JIHS_NTC_DEDUCT"
        }
      ]
    },
    "eventsToAdd": {
      "Type": "AddEvents",
      "Events": [
        {
          "Event": "PRLODSTWS1_1#JIHS_NTC_DEDUCT-TO-PRLODSTWS1_1#JIHS_NTC_DEDUCT_PARAM"
        }
      ]
    },
    "eventsToDelete": {
      "Type": "DeleteEvents",
      "Events": [
        {
          "Event": "PRLODSTWS1_1#BATCH_INFO_DETAIL-TO-PRLODSTWS1_1#JIHS_NTC_DEDUCT"
        },
        {
          "Event": "PRLODSTWS1_1#FDW_CODE_MAP-TO-PRLODSTWS1_1#JIHS_NTC_DEDUCT"
        },
        {
          "Event": "PRLODSTWS1_1#FDW_CONTRACT_MASTER-TO-PRLODSTWS1_1#JIHS_NTC_DEDUCT"
        },
        {
          "Event": "PRLODSTWS1_1#FDW_DEDUCT_DETAIL-TO-PRLODSTWS1_1#JIHS_NTC_DEDUCT"
        },
        {
          "Event": "PRLODSTWS1_1#O_BANK-TO-PRLODSTWS1_1#JIHS_NTC_DEDUCT"
        },
        {
          "Event": "PRLODSTWS1_1#O_BANK_ORG-TO-PRLODSTWS1_1#JIHS_NTC_DEDUCT"
        },
        {
          "Event": "PRLODSTWS1_1#O_PAYER_ACCOUNT-TO-PRLODSTWS1_1#JIHS_NTC_DEDUCT"
        },
        {
          "Event": "PRLODSTWS1_1#SDM_BANK_ACCOUNT-TO-PRLODSTWS1_1#JIHS_NTC_DEDUCT"
        }
      ]
    }
  },
  "PRLODSTWS1_1#JIHS_FFAL_S_EX": {
    "Type": "Job:Command",
    "DaysKeepActive": "1",
    "SubApplication": "UPCR1",
    "Host": "CTMAG",
    "CreatedBy": "emuser",
    "Description": "CSV Export for batch",
    "RunAs": "controlm",
    "Application": "ODS",
    "Command": "/home/tws/ods_batch_home/esp.batch.scripts/gen.table2File.sh D_FDW_JIHS ${tws.job.name} %%\\\\global\\END_DT_CHAR.",
    "When": {
      "WeekDays": [
        "NONE"
      ],
      "Months": [
        "NONE"
      ],
      "MonthDays": [
        "NONE"
      ],
      "DaysRelation": "OR",
      "RuleBasedCalendars": {
        "Included": [
          "RC1"
        ]
      }
    },
    "eventsToWaitFor": {
      "Type": "WaitForEvents",
      "Events": [
        {
          "Event": "PRLODSTWS1_1#JIHS_FFAL_S_PARAM-TO-PRLODSTWS1_1#JIHS_FFAL_S_EX"
        }
      ]
    },
    "eventsToAdd": {
      "Type": "AddEvents",
      "Events": [
        {
          "Event": "PRLODSTWS1_1#JIHS_FFAL_S_EX-TO-PRLODSTWS1_1#JIHS_FFAL_S_CM"
        }
      ]
    },
    "eventsToDelete": {
      "Type": "DeleteEvents",
      "Events": [
        {
          "Event": "PRLODSTWS1_1#JIHS_FFAL_S_PARAM-TO-PRLODSTWS1_1#JIHS_FFAL_S_EX"
        }
      ]
    }
  },
  "PRLODSTWS1_1#JIHS_POL_EXPOSE_FP": {
    "Type": "Job:Command",
    "DaysKeepActive": "1",
    "SubApplication": "UPCR1",
    "Host": "CTMAG",
    "CreatedBy": "emuser",
    "Description": "Ftp files for batch",
    "RunAs": "controlm",
    "Application": "ODS",
    "Command": "/home/tws/ods_batch_home/esp.batch.scripts/ftp.files.sh D_FDW_JIHS ${tws.job.name} %%\\\\global\\END_DT_CHAR.",
    "When": {
      "WeekDays": [
        "NONE"
      ],
      "Months": [
        "NONE"
      ],
      "MonthDays": [
        "NONE"
      ],
      "DaysRelation": "OR",
      "RuleBasedCalendars": {
        "Included": [
          "RC1"
        ]
      }
    },
    "eventsToWaitFor": {
      "Type": "WaitForEvents",
      "Events": [
        {
          "Event": "PRLODSTWS1_1#JIHS_POL_EXPOSE_ZP-TO-PRLODSTWS1_1#JIHS_POL_EXPOSE_FP"
        }
      ]
    },
    "eventsToDelete": {
      "Type": "DeleteEvents",
      "Events": [
        {
          "Event": "PRLODSTWS1_1#JIHS_POL_EXPOSE_ZP-TO-PRLODSTWS1_1#JIHS_POL_EXPOSE_FP"
        }
      ]
    }
  },
  "PRLODSTWS1_1#JIHS_FFAL_S_PARAM": {
    "Type": "Job:Database:StoredProcedure",
    "ConnectionProfile": "UPCR1",
    "StoredProcedure": "JIHS_FFAL_S_PARAM_SP",
    "Schema": "SQLEXT",
    "DaysKeepActive": "1",
    "SubApplication": "UPCR1",
    "Host": "CTMAG",
    "CreatedBy": "emuser",
    "Description": "== Conversion Messages Start ==\\n\\nMessage ID\\t: WRN6031 (7785-13750)\\n\\n== Conversion Messages End ==\\nAdded by composer.",
    "RunAs": "controlm",
    "Application": "ODS",
    "When": {
      "WeekDays": [
        "NONE"
      ],
      "Months": [
        "NONE"
      ],
      "MonthDays": [
        "NONE"
      ],
      "DaysRelation": "OR",
      "RuleBasedCalendars": {
        "Included": [
          "RC1"
        ]
      }
    },
    "eventsToWaitFor": {
      "Type": "WaitForEvents",
      "Events": [
        {
          "Event": "PRLODSTWS1_1#JIHS_FFAL_S-TO-PRLODSTWS1_1#JIHS_FFAL_S_PARAM"
        }
      ]
    },
    "eventsToAdd": {
      "Type": "AddEvents",
      "Events": [
        {
          "Event": "PRLODSTWS1_1#JIHS_FFAL_S_PARAM-TO-PRLODSTWS1_1#JIHS_FFAL_S_EX"
        }
      ]
    },
    "eventsToDelete": {
      "Type": "DeleteEvents",
      "Events": [
        {
          "Event": "PRLODSTWS1_1#JIHS_FFAL_S-TO-PRLODSTWS1_1#JIHS_FFAL_S_PARAM"
        }
      ]
    }
  },
  "PRLODSTWS1_1#JIHS_POL_EXPOSE": {
    "Type": "Job:Database:StoredProcedure",
    "ConnectionProfile": "UPCR1",
    "StoredProcedure": "JIHS_POL_EXPOSE_SP",
    "Schema": "SQLEXT",
    "DaysKeepActive": "1",
    "SubApplication": "UPCR1",
    "Host": "CTMAG",
    "CreatedBy": "emuser",
    "Description": "== Conversion Messages Start ==\\n\\nMessage ID\\t: WRN6031 (7786-13751)\\n\\n== Conversion Messages End ==\\nAdded by composer.",
    "RunAs": "controlm",
    "Application": "ODS",
    "When": {
      "WeekDays": [
        "NONE"
      ],
      "Months": [
        "NONE"
      ],
      "MonthDays": [
        "NONE"
      ],
      "DaysRelation": "OR",
      "RuleBasedCalendars": {
        "Included": [
          "RC1"
        ]
      }
    },
    "eventsToWaitFor": {
      "Type": "WaitForEvents",
      "Events": [
        {
          "Event": "PRLODSTWS1_1#BATCH_INFO_DETAIL-TO-PRLODSTWS1_1#JIHS_POL_EXPOSE"
        },
        {
          "Event": "PRLODSTWS1_1#FDW_CONTRACT_MASTER-TO-PRLODSTWS1_1#JIHS_POL_EXPOSE"
        },
        {
          "Event": "PRLODSTWS1_1#O_BANK_TEXT_DETAIL-TO-PRLODSTWS1_1#JIHS_POL_EXPOSE"
        },
        {
          "Event": "PRLODSTWS1_1#O_POLICY_ACK-TO-PRLODSTWS1_1#JIHS_POL_EXPOSE"
        },
        {
          "Event": "PRLODSTWS1_1#FDW_CODE_PLAN-TO-PRLODSTWS1_1#JIHS_POL_EXPOSE"
        }
      ]
    },
    "eventsToAdd": {
      "Type": "AddEvents",
      "Events": [
        {
          "Event": "PRLODSTWS1_1#JIHS_POL_EXPOSE-TO-PRLODSTWS1_1#JIHS_POL_EXPOSE_PARAM"
        }
      ]
    },
    "eventsToDelete": {
      "Type": "DeleteEvents",
      "Events": [
        {
          "Event": "PRLODSTWS1_1#BATCH_INFO_DETAIL-TO-PRLODSTWS1_1#JIHS_POL_EXPOSE"
        },
        {
          "Event": "PRLODSTWS1_1#FDW_CONTRACT_MASTER-TO-PRLODSTWS1_1#JIHS_POL_EXPOSE"
        },
        {
          "Event": "PRLODSTWS1_1#O_BANK_TEXT_DETAIL-TO-PRLODSTWS1_1#JIHS_POL_EXPOSE"
        },
        {
          "Event": "PRLODSTWS1_1#O_POLICY_ACK-TO-PRLODSTWS1_1#JIHS_POL_EXPOSE"
        },
        {
          "Event": "PRLODSTWS1_1#FDW_CODE_PLAN-TO-PRLODSTWS1_1#JIHS_POL_EXPOSE"
        }
      ]
    }
  },
  "PRLODSTWS1_1#JIHS_COMM_M_R_I_CM": {
    "Type": "Job:Command",
    "DaysKeepActive": "1",
    "SubApplication": "UPCR1",
    "Host": "CTMAG",
    "CreatedBy": "emuser",
    "Description": "Common Shell Template",
    "RunAs": "controlm",
    "Application": "ODS",
    "Command": "/home/tws/ods_batch_home/esp.batch.scripts/run.cmd.sh D_FDW_JIHS ${tws.job.name} %%\\\\global\\END_DT_CHAR.",
    "When": {
      "WeekDays": [
        "NONE"
      ],
      "Months": [
        "NONE"
      ],
      "MonthDays": [
        "NONE"
      ],
      "DaysRelation": "OR",
      "RuleBasedCalendars": {
        "Included": [
          "RC1"
        ]
      }
    },
    "eventsToWaitFor": {
      "Type": "WaitForEvents",
      "Events": [
        {
          "Event": "PRLODSTWS1_1#JIHS_COMM_M_R_I_EX-TO-PRLODSTWS1_1#JIHS_COMM_M_R_I_CM"
        }
      ]
    },
    "eventsToAdd": {
      "Type": "AddEvents",
      "Events": [
        {
          "Event": "PRLODSTWS1_1#JIHS_COMM_M_R_I_CM-TO-PRLODSTWS1_1#JIHS_COMM_M_R_I_FP"
        }
      ]
    },
    "eventsToDelete": {
      "Type": "DeleteEvents",
      "Events": [
        {
          "Event": "PRLODSTWS1_1#JIHS_COMM_M_R_I_EX-TO-PRLODSTWS1_1#JIHS_COMM_M_R_I_CM"
        }
      ]
    }
  },
  "PRLODSTWS1_1#JIHS_COMM_M_R_L_FP": {
    "Type": "Job:Command",
    "DaysKeepActive": "1",
    "SubApplication": "UPCR1",
    "Host": "CTMAG",
    "CreatedBy": "emuser",
    "Description": "Ftp files for batch",
    "RunAs": "controlm",
    "Application": "ODS",
    "Command": "/home/tws/ods_batch_home/esp.batch.scripts/ftp.files.sh D_FDW_JIHS ${tws.job.name} %%\\\\global\\END_DT_CHAR.",
    "When": {
      "WeekDays": [
        "NONE"
      ],
      "Months": [
        "NONE"
      ],
      "MonthDays": [
        "NONE"
      ],
      "DaysRelation": "OR",
      "RuleBasedCalendars": {
        "Included": [
          "RC1"
        ]
      }
    },
    "eventsToWaitFor": {
      "Type": "WaitForEvents",
      "Events": [
        {
          "Event": "PRLODSTWS1_1#JIHS_COMM_M_R_L_CM-TO-PRLODSTWS1_1#JIHS_COMM_M_R_L_FP"
        }
      ]
    },
    "eventsToDelete": {
      "Type": "DeleteEvents",
      "Events": [
        {
          "Event": "PRLODSTWS1_1#JIHS_COMM_M_R_L_CM-TO-PRLODSTWS1_1#JIHS_COMM_M_R_L_FP"
        }
      ]
    }
  },
  "PRLODSTWS1_1#JIHS_COMM_M_F_I_PARAM": {
    "Type": "Job:Database:StoredProcedure",
    "ConnectionProfile": "UPCR1",
    "StoredProcedure": "JIHS_COMM_M_F_I_PARAM_SP",
    "Schema": "SQLEXT",
    "DaysKeepActive": "1",
    "SubApplication": "UPCR1",
    "Host": "CTMAG",
    "CreatedBy": "emuser",
    "Description": "== Conversion Messages Start ==\\n\\nMessage ID\\t: WRN6031 (7787-13754)\\n\\n== Conversion Messages End ==\\nAdded by composer.",
    "RunAs": "controlm",
    "Application": "ODS",
    "When": {
      "WeekDays": [
        "NONE"
      ],
      "Months": [
        "NONE"
      ],
      "MonthDays": [
        "NONE"
      ],
      "DaysRelation": "OR",
      "RuleBasedCalendars": {
        "Included": [
          "RC1"
        ]
      }
    },
    "eventsToWaitFor": {
      "Type": "WaitForEvents",
      "Events": [
        {
          "Event": "PRLODSTWS1_1#JIHS_COMM_M_F_I-TO-PRLODSTWS1_1#JIHS_COMM_M_F_I_PARAM"
        }
      ]
    },
    "eventsToAdd": {
      "Type": "AddEvents",
      "Events": [
        {
          "Event": "PRLODSTWS1_1#JIHS_COMM_M_F_I_PARAM-TO-PRLODSTWS1_1#JIHS_COMM_M_F_I_EX"
        }
      ]
    },
    "eventsToDelete": {
      "Type": "DeleteEvents",
      "Events": [
        {
          "Event": "PRLODSTWS1_1#JIHS_COMM_M_F_I-TO-PRLODSTWS1_1#JIHS_COMM_M_F_I_PARAM"
        }
      ]
    }
  },
  "eventsToAdd": {
    "Type": "AddEvents",
    "Events": [
      {
        "Event": "PRLODSTWS1_1#D_FDW_JIHS-TO-PRLODSTWS1_1#BDS_STS_FDW_03G"
      }
    ]
  }
  }
}
