{
  "PRLODSTWS1_1#ADHOC_ROXAND0410": {
  "Type":  "Folder",
  "ControlmServer": "CTM",
  "Description": "== Conversion Messages Start ==\\n\\nMessage ID\\t: INF6107 (4521-7943)\\n\\nMessage ID\\t: INF6104 (4522-7943)\\n\\n== Conversion Messages End ==\\n",
  "OrderMethod": "Manual",
  "SubApplication": "UPCR1",
  "CreatedBy": "emuser",
  "Application": "ODS",
  "When": {
    "RuleBasedCalendars": {
      "Included": [
        "Manual_order"
      ],
      "Manual_order": {
        "Type": "Calendar:RuleBased",
        "When": {
          "DaysRelation": "OR",
          "DaysKeepActive": "01",
          "WeekDays": [
            "NONE"
          ],
          "Months": [
            "NONE"
          ],
          "MonthDays": [
            "NONE"
          ]
        }
      }
    }
  },
  "PRLODSTWS1_1#INV_7200_CR": {
    "Type": "Job:Command",
    "DaysKeepActive": "1",
    "SubApplication": "UPCR1",
    "Host": "CTMAG",
    "CreatedBy": "emuser",
    "Description": "generate the report file for batch",
    "RunAs": "controlm",
    "Application": "ODS",
    "Command": "/home/tws/ods_batch_home/esp.batch.scripts/gen.report.sh D_RPT_INV ${tws.job.name} %%\\\\global\\END_DT_CHAR.",
    "When": {
      "WeekDays": [
        "NONE"
      ],
      "Months": [
        "NONE"
      ],
      "MonthDays": [
        "NONE"
      ],
      "DaysRelation": "OR",
      "RuleBasedCalendars": {
        "Included": [
          "Manual_order"
        ]
      }
    }
  },
  "PRLODSTWS1_1#SDM_PERF_ILP_CHRG_RATE": {
    "Type": "Job:Database:StoredProcedure",
    "ConnectionProfile": "UPCR1",
    "StoredProcedure": "SDM_PERF_ILP_CHRG_RATE_SP",
    "Schema": "SQLEXT",
    "DaysKeepActive": "1",
    "SubApplication": "UPCR1",
    "Host": "CTMAG",
    "CreatedBy": "emuser",
    "Description": "== Conversion Messages Start ==\\n\\nMessage ID\\t: WRN6031 (4520-7945)\\n\\n== Conversion Messages End ==\\nAdded by composer.",
    "RunAs": "controlm",
    "Application": "ODS",
    "When": {
      "WeekDays": [
        "NONE"
      ],
      "Months": [
        "NONE"
      ],
      "MonthDays": [
        "NONE"
      ],
      "DaysRelation": "OR",
      "RuleBasedCalendars": {
        "Included": [
          "Manual_order"
        ]
      }
    }
  },
  "PRLODSTWS1_1#PA_0642_P_CR": {
    "Type": "Job:Command",
    "DaysKeepActive": "1",
    "SubApplication": "UPCR1",
    "Host": "CTMAG",
    "CreatedBy": "emuser",
    "Description": "generate the report file for batch",
    "RunAs": "controlm",
    "Application": "ODS",
    "Command": "/home/tws/ods_batch_home/esp.batch.scripts/gen.report.sh D_RPT_PA ${tws.job.name} %%\\\\global\\END_DT_CHAR.",
    "When": {
      "WeekDays": [
        "NONE"
      ],
      "Months": [
        "NONE"
      ],
      "MonthDays": [
        "NONE"
      ],
      "DaysRelation": "OR",
      "RuleBasedCalendars": {
        "Included": [
          "Manual_order"
        ]
      }
    }
  },
  "PRLODSTWS1_1#SC_6010_E_CF": {
    "Type": "Job:Command",
    "DaysKeepActive": "1",
    "SubApplication": "UPCR1",
    "Host": "CTMAG",
    "CreatedBy": "emuser",
    "Description": "archiving file for batch",
    "RunAs": "controlm",
    "Application": "ODS",
    "Command": "/home/tws/ods_batch_home/esp.batch.scripts/archiving.file.sh D_RPT_SC ${tws.job.name} %%\\\\global\\END_DT_CHAR.",
    "When": {
      "WeekDays": [
        "NONE"
      ],
      "Months": [
        "NONE"
      ],
      "MonthDays": [
        "NONE"
      ],
      "DaysRelation": "OR",
      "RuleBasedCalendars": {
        "Included": [
          "Manual_order"
        ]
      }
    }
  },
  "PRLODSTWS1_1#POS_1080_CR": {
    "Type": "Job:Command",
    "DaysKeepActive": "1",
    "SubApplication": "UPCR1",
    "Host": "CTMAG",
    "CreatedBy": "emuser",
    "Description": "generate the report file for batch",
    "RunAs": "controlm",
    "Application": "ODS",
    "Command": "/home/tws/ods_batch_home/esp.batch.scripts/gen.report.sh D_RPT_POS ${tws.job.name} %%\\\\global\\END_DT_CHAR.",
    "When": {
      "WeekDays": [
        "NONE"
      ],
      "Months": [
        "NONE"
      ],
      "MonthDays": [
        "NONE"
      ],
      "DaysRelation": "OR",
      "RuleBasedCalendars": {
        "Included": [
          "Manual_order"
        ]
      }
    }
  },
  "PRLODSTWS1_1#FIN_0804_CR": {
    "Type": "Job:Command",
    "DaysKeepActive": "1",
    "SubApplication": "UPCR1",
    "Host": "CTMAG",
    "CreatedBy": "emuser",
    "Description": "generate the report file for batch",
    "RunAs": "controlm",
    "Application": "ODS",
    "Command": "/home/tws/ods_batch_home/esp.batch.scripts/gen.report.sh D_RPT_FIN ${tws.job.name} %%\\\\global\\END_DT_CHAR.",
    "When": {
      "WeekDays": [
        "NONE"
      ],
      "Months": [
        "NONE"
      ],
      "MonthDays": [
        "NONE"
      ],
      "DaysRelation": "OR",
      "RuleBasedCalendars": {
        "Included": [
          "Manual_order"
        ]
      }
    }
  },
  "PRLODSTWS1_1#PA_0550_E_CR": {
    "Type": "Job:Command",
    "DaysKeepActive": "1",
    "SubApplication": "UPCR1",
    "Host": "CTMAG",
    "CreatedBy": "emuser",
    "Description": "generate the report file for batch",
    "RunAs": "controlm",
    "Application": "ODS",
    "Command": "/home/tws/ods_batch_home/esp.batch.scripts/gen.report.sh D_RPT_PA ${tws.job.name} %%\\\\global\\END_DT_CHAR.",
    "When": {
      "WeekDays": [
        "NONE"
      ],
      "Months": [
        "NONE"
      ],
      "MonthDays": [
        "NONE"
      ],
      "DaysRelation": "OR",
      "RuleBasedCalendars": {
        "Included": [
          "Manual_order"
        ]
      }
    }
  },
  "PRLODSTWS1_1#FIN_0800_CR": {
    "Type": "Job:Command",
    "DaysKeepActive": "1",
    "SubApplication": "UPCR1",
    "Host": "CTMAG",
    "CreatedBy": "emuser",
    "Description": "generate the report file for batch",
    "RunAs": "controlm",
    "Application": "ODS",
    "Command": "/home/tws/ods_batch_home/esp.batch.scripts/gen.report.sh D_RPT_FIN ${tws.job.name} %%\\\\global\\END_DT_CHAR.",
    "When": {
      "WeekDays": [
        "NONE"
      ],
      "Months": [
        "NONE"
      ],
      "MonthDays": [
        "NONE"
      ],
      "DaysRelation": "OR",
      "RuleBasedCalendars": {
        "Included": [
          "Manual_order"
        ]
      }
    }
  }
  }
}
