{
  "HD-2016": {
    "Type": "Calendar:Regular",
    "Server": "CTM",
    "When": {
      "Years": [
        {
          "Year": "2016",
          "Description": "This is year 2016",
          "JAN": [
            "1"
          ],
          "FEB": [
            "7-12",
            "28-29"
          ],
          "APR": [
            "4-5"
          ],
          "MAY": [
            "1-2"
          ],
          "JUN": [
            "9-10"
          ],
          "SEP": [
            "15"
          ],
          "OCT": [
            "10"
          ]
        }
      ]
    }
  },
  "HD-2018": {
    "Type": "Calendar:Regular",
    "Server": "CTM",
    "When": {
      "Years": [
        {
          "Year": "2018",
          "Description": "This is year 2018",
          "JAN": [
            "1"
          ],
          "FEB": [
            "15-16",
            "19-20",
            "28"
          ],
          "APR": [
            "4-6"
          ],
          "MAY": [
            "1"
          ],
          "JUN": [
            "18"
          ],
          "SEP": [
            "24"
          ],
          "OCT": [
            "10"
          ],
          "DEC": [
            "31"
          ]
        },
        {
          "Year": "2019",
          "Description": "This is year 2019",
          "JAN": [
            "1"
          ],
          "FEB": [
            "4-8",
            "28"
          ],
          "MAR": [
            "1"
          ],
          "APR": [
            "4-5"
          ],
          "MAY": [
            "1"
          ],
          "JUN": [
            "7"
          ],
          "SEP": [
            "13"
          ],
          "OCT": [
            "10-11"
          ]
        }
      ]
    }
  },
  "HD-2019": {
    "Type": "Calendar:Regular",
    "Server": "CTM",
    "When": {
      "Years": [
        {
          "Year": "2019",
          "Description": "This is year 2019",
          "JAN": [
            "1"
          ],
          "FEB": [
            "4-8",
            "28"
          ],
          "MAR": [
            "1"
          ],
          "APR": [
            "4-5"
          ],
          "MAY": [
            "1"
          ],
          "JUN": [
            "7"
          ],
          "SEP": [
            "13"
          ],
          "OCT": [
            "10-11"
          ]
        },
        {
          "Year": "2020",
          "Description": "This is year 2020",
          "JAN": [
            "1",
            "23-24",
            "27-29"
          ],
          "FEB": [
            "28"
          ],
          "APR": [
            "2-3"
          ],
          "MAY": [
            "1"
          ],
          "JUN": [
            "25-26"
          ],
          "OCT": [
            "1-2",
            "9"
          ]
        },
        {
          "Year": "2021",
          "Description": "This is year 2021",
          "JAN": [
            "1"
          ]
        }
      ]
    }
  },
  "HD-2020": {
    "Type": "Calendar:Regular",
    "Server": "CTM",
    "When": {
      "Years": [
        {
          "Year": "2020",
          "Description": "This is year 2020",
          "JAN": [
            "1",
            "23-24",
            "27-29"
          ],
          "FEB": [
            "28"
          ],
          "APR": [
            "2-3"
          ],
          "MAY": [
            "1"
          ],
          "JUN": [
            "25-26"
          ],
          "OCT": [
            "1-2",
            "9"
          ]
        },
        {
          "Year": "2021",
          "Description": "This is year 2021",
          "JAN": [
            "1"
          ],
          "FEB": [
            "10-12",
            "15-16"
          ],
          "MAR": [
            "1"
          ],
          "APR": [
            "2",
            "5",
            "30"
          ],
          "JUN": [
            "14"
          ],
          "SEP": [
            "20-21"
          ],
          "OCT": [
            "11"
          ],
          "DEC": [
            "31"
          ]
        }
      ]
    }
  },
  "HD-2021": {
    "Type": "Calendar:Regular",
    "Server": "CTM",
    "When": {
      "Years": [
        {
          "Year": "2021",
          "Description": "This is year 2021",
          "JAN": [
            "1"
          ],
          "FEB": [
            "10-12",
            "15-16"
          ],
          "MAR": [
            "1"
          ],
          "APR": [
            "2",
            "5",
            "30"
          ],
          "JUN": [
            "14"
          ],
          "SEP": [
            "20-21"
          ],
          "OCT": [
            "11"
          ],
          "DEC": [
            "31"
          ]
        },
        {
          "Year": "2022",
          "Description": "This is year 2022",
          "JAN": [
            "31"
          ],
          "FEB": [
            "1-4",
            "28"
          ],
          "APR": [
            "4-5"
          ],
          "MAY": [
            "2"
          ],
          "JUN": [
            "3"
          ],
          "SEP": [
            "9"
          ],
          "OCT": [
            "10"
          ]
        }
      ]
    }
  },
  "HD-2022": {
    "Type": "Calendar:Regular",
    "Server": "CTM",
    "When": {
      "Years": [
        {
          "Year": "2022",
          "Description": "This is year 2022",
          "JAN": [
            "31"
          ],
          "FEB": [
            "1-4",
            "28"
          ],
          "APR": [
            "4-5"
          ],
          "MAY": [
            "2"
          ],
          "JUN": [
            "3"
          ],
          "SEP": [
            "9"
          ],
          "OCT": [
            "10"
          ]
        }
      ]
    }
  },
  "WD-2018": {
    "Type": "Calendar:Regular",
    "Server": "CTM",
    "When": {
      "Years": [
        {
          "Year": "2018",
          "Description": "This is year 2018",
          "MAR": [
            "31"
          ],
          "DEC": [
            "22"
          ]
        },
        {
          "Year": "2019",
          "Description": "This is year 2019",
          "JAN": [
            "19"
          ],
          "FEB": [
            "23"
          ],
          "OCT": [
            "5"
          ]
        }
      ]
    }
  },
  "WD-2019": {
    "Type": "Calendar:Regular",
    "Server": "CTM",
    "When": {
      "Years": [
        {
          "Year": "2019",
          "Description": "This is year 2019",
          "JAN": [
            "19"
          ],
          "FEB": [
            "23"
          ],
          "OCT": [
            "5"
          ]
        },
        {
          "Year": "2020",
          "Description": "This is year 2020",
          "FEB": [
            "15"
          ],
          "JUN": [
            "20"
          ],
          "SEP": [
            "26"
          ]
        }
      ]
    }
  },
  "WD-2020": {
    "Type": "Calendar:Regular",
    "Server": "CTM",
    "When": {
      "Years": [
        {
          "Year": "2020",
          "Description": "This is year 2020",
          "FEB": [
            "15"
          ],
          "JUN": [
            "20"
          ],
          "SEP": [
            "26"
          ]
        },
        {
          "Year": "2021",
          "Description": "This is year 2021",
          "FEB": [
            "20"
          ],
          "SEP": [
            "11"
          ]
        }
      ]
    }
  },
  "WD-2021": {
    "Type": "Calendar:Regular",
    "Server": "CTM",
    "When": {
      "Years": [
        {
          "Year": "2021",
          "Description": "This is year 2021",
          "FEB": [
            "20"
          ],
          "SEP": [
            "11"
          ]
        },
        {
          "Year": "2022",
          "Description": "This is year 2022",
          "JAN": [
            "22"
          ]
        }
      ]
    }
  },
  "WD-2022": {
    "Type": "Calendar:Regular",
    "Server": "CTM",
    "When": {
      "Years": [
        {
          "Year": "2022",
          "Description": "This is year 2022",
          "JAN": [
            "22"
          ]
        }
      ]
    }
  },
  "not-HD-2016": {
    "Type": "Calendar:Regular",
    "Server": "CTM",
    "When": {
      "Years": [
        {
          "Year": "2016",
          "Description": "Complementary Cal of \"HD-2016\"-\"This is year 2016\"",
          "JAN": [
            "2-31"
          ],
          "FEB": [
            "1-6",
            "13-27"
          ],
          "MAR": [
            "1-31"
          ],
          "APR": [
            "1-3",
            "6-30"
          ],
          "MAY": [
            "3-31"
          ],
          "JUN": [
            "1-8",
            "11-30"
          ],
          "JUL": [
            "1-31"
          ],
          "AUG": [
            "1-31"
          ],
          "SEP": [
            "1-14",
            "16-30"
          ],
          "OCT": [
            "1-9",
            "11-31"
          ],
          "NOV": [
            "1-30"
          ],
          "DEC": [
            "1-31"
          ]
        }
      ]
    }
  },
  "not-HD-2018": {
    "Type": "Calendar:Regular",
    "Server": "CTM",
    "When": {
      "Years": [
        {
          "Year": "2018",
          "Description": "Complementary Cal of \"HD-2018\"-\"This is year 2018\"",
          "JAN": [
            "2-31"
          ],
          "FEB": [
            "1-14",
            "17-18",
            "21-27"
          ],
          "MAR": [
            "1-31"
          ],
          "APR": [
            "1-3",
            "7-30"
          ],
          "MAY": [
            "2-31"
          ],
          "JUN": [
            "1-17",
            "19-30"
          ],
          "JUL": [
            "1-31"
          ],
          "AUG": [
            "1-31"
          ],
          "SEP": [
            "1-23",
            "25-30"
          ],
          "OCT": [
            "1-9",
            "11-31"
          ],
          "NOV": [
            "1-30"
          ],
          "DEC": [
            "1-30"
          ]
        },
        {
          "Year": "2019",
          "Description": "Complementary Cal of \"HD-2018\"-\"This is year 2019\"",
          "JAN": [
            "2-31"
          ],
          "FEB": [
            "1-3",
            "9-27"
          ],
          "MAR": [
            "2-31"
          ],
          "APR": [
            "1-3",
            "6-30"
          ],
          "MAY": [
            "2-31"
          ],
          "JUN": [
            "1-6",
            "8-30"
          ],
          "JUL": [
            "1-31"
          ],
          "AUG": [
            "1-31"
          ],
          "SEP": [
            "1-12",
            "14-30"
          ],
          "OCT": [
            "1-9",
            "12-31"
          ],
          "NOV": [
            "1-30"
          ],
          "DEC": [
            "1-31"
          ]
        }
      ]
    }
  },
  "not-HD-2019": {
    "Type": "Calendar:Regular",
    "Server": "CTM",
    "When": {
      "Years": [
        {
          "Year": "2019",
          "Description": "Complementary Cal of \"HD-2019\"-\"This is year 2019\"",
          "JAN": [
            "2-31"
          ],
          "FEB": [
            "1-3",
            "9-27"
          ],
          "MAR": [
            "2-31"
          ],
          "APR": [
            "1-3",
            "6-30"
          ],
          "MAY": [
            "2-31"
          ],
          "JUN": [
            "1-6",
            "8-30"
          ],
          "JUL": [
            "1-31"
          ],
          "AUG": [
            "1-31"
          ],
          "SEP": [
            "1-12",
            "14-30"
          ],
          "OCT": [
            "1-9",
            "12-31"
          ],
          "NOV": [
            "1-30"
          ],
          "DEC": [
            "1-31"
          ]
        },
        {
          "Year": "2020",
          "Description": "Complementary Cal of \"HD-2019\"-\"This is year 2020\"",
          "JAN": [
            "2-22",
            "25-26",
            "30-31"
          ],
          "FEB": [
            "1-27",
            "29"
          ],
          "MAR": [
            "1-31"
          ],
          "APR": [
            "1",
            "4-30"
          ],
          "MAY": [
            "2-31"
          ],
          "JUN": [
            "1-24",
            "27-30"
          ],
          "JUL": [
            "1-31"
          ],
          "AUG": [
            "1-31"
          ],
          "SEP": [
            "1-30"
          ],
          "OCT": [
            "3-8",
            "10-31"
          ],
          "NOV": [
            "1-30"
          ],
          "DEC": [
            "1-31"
          ]
        },
        {
          "Year": "2021",
          "Description": "Complementary Cal of \"HD-2019\"-\"This is year 2021\"",
          "JAN": [
            "2-31"
          ],
          "FEB": [
            "1-28"
          ],
          "MAR": [
            "1-31"
          ],
          "APR": [
            "1-30"
          ],
          "MAY": [
            "1-31"
          ],
          "JUN": [
            "1-30"
          ],
          "JUL": [
            "1-31"
          ],
          "AUG": [
            "1-31"
          ],
          "SEP": [
            "1-30"
          ],
          "OCT": [
            "1-31"
          ],
          "NOV": [
            "1-30"
          ],
          "DEC": [
            "1-31"
          ]
        }
      ]
    }
  },
  "not-HD-2020": {
    "Type": "Calendar:Regular",
    "Server": "CTM",
    "When": {
      "Years": [
        {
          "Year": "2020",
          "Description": "Complementary Cal of \"HD-2020\"-\"This is year 2020\"",
          "JAN": [
            "2-22",
            "25-26",
            "30-31"
          ],
          "FEB": [
            "1-27",
            "29"
          ],
          "MAR": [
            "1-31"
          ],
          "APR": [
            "1",
            "4-30"
          ],
          "MAY": [
            "2-31"
          ],
          "JUN": [
            "1-24",
            "27-30"
          ],
          "JUL": [
            "1-31"
          ],
          "AUG": [
            "1-31"
          ],
          "SEP": [
            "1-30"
          ],
          "OCT": [
            "3-8",
            "10-31"
          ],
          "NOV": [
            "1-30"
          ],
          "DEC": [
            "1-31"
          ]
        },
        {
          "Year": "2021",
          "Description": "Complementary Cal of \"HD-2020\"-\"This is year 2021\"",
          "JAN": [
            "2-31"
          ],
          "FEB": [
            "1-9",
            "13-14",
            "17-28"
          ],
          "MAR": [
            "2-31"
          ],
          "APR": [
            "1",
            "3-4",
            "6-29"
          ],
          "MAY": [
            "1-31"
          ],
          "JUN": [
            "1-13",
            "15-30"
          ],
          "JUL": [
            "1-31"
          ],
          "AUG": [
            "1-31"
          ],
          "SEP": [
            "1-19",
            "22-30"
          ],
          "OCT": [
            "1-10",
            "12-31"
          ],
          "NOV": [
            "1-30"
          ],
          "DEC": [
            "1-30"
          ]
        }
      ]
    }
  },
  "not-HD-2021": {
    "Type": "Calendar:Regular",
    "Server": "CTM",
    "When": {
      "Years": [
        {
          "Year": "2021",
          "Description": "Complementary Cal of \"HD-2021\"-\"This is year 2021\"",
          "JAN": [
            "2-31"
          ],
          "FEB": [
            "1-9",
            "13-14",
            "17-28"
          ],
          "MAR": [
            "2-31"
          ],
          "APR": [
            "1",
            "3-4",
            "6-29"
          ],
          "MAY": [
            "1-31"
          ],
          "JUN": [
            "1-13",
            "15-30"
          ],
          "JUL": [
            "1-31"
          ],
          "AUG": [
            "1-31"
          ],
          "SEP": [
            "1-19",
            "22-30"
          ],
          "OCT": [
            "1-10",
            "12-31"
          ],
          "NOV": [
            "1-30"
          ],
          "DEC": [
            "1-30"
          ]
        },
        {
          "Year": "2022",
          "Description": "Complementary Cal of \"HD-2021\"-\"This is year 2022\"",
          "JAN": [
            "1-30"
          ],
          "FEB": [
            "5-27"
          ],
          "MAR": [
            "1-31"
          ],
          "APR": [
            "1-3",
            "6-30"
          ],
          "MAY": [
            "1",
            "3-31"
          ],
          "JUN": [
            "1-2",
            "4-30"
          ],
          "JUL": [
            "1-31"
          ],
          "AUG": [
            "1-31"
          ],
          "SEP": [
            "1-8",
            "10-30"
          ],
          "OCT": [
            "1-9",
            "11-31"
          ],
          "NOV": [
            "1-30"
          ],
          "DEC": [
            "1-31"
          ]
        }
      ]
    }
  },
  "not-HD-2022": {
    "Type": "Calendar:Regular",
    "Server": "CTM",
    "When": {
      "Years": [
        {
          "Year": "2022",
          "Description": "Complementary Cal of \"HD-2022\"-\"This is year 2022\"",
          "JAN": [
            "1-30"
          ],
          "FEB": [
            "5-27"
          ],
          "MAR": [
            "1-31"
          ],
          "APR": [
            "1-3",
            "6-30"
          ],
          "MAY": [
            "1",
            "3-31"
          ],
          "JUN": [
            "1-2",
            "4-30"
          ],
          "JUL": [
            "1-31"
          ],
          "AUG": [
            "1-31"
          ],
          "SEP": [
            "1-8",
            "10-30"
          ],
          "OCT": [
            "1-9",
            "11-31"
          ],
          "NOV": [
            "1-30"
          ],
          "DEC": [
            "1-31"
          ]
        }
      ]
    }
  },
  "not-WD-2018": {
    "Type": "Calendar:Regular",
    "Server": "CTM",
    "When": {
      "Years": [
        {
          "Year": "2018",
          "Description": "Complementary Cal of \"WD-2018\"-\"This is year 2018\"",
          "JAN": [
            "1-31"
          ],
          "FEB": [
            "1-28"
          ],
          "MAR": [
            "1-30"
          ],
          "APR": [
            "1-30"
          ],
          "MAY": [
            "1-31"
          ],
          "JUN": [
            "1-30"
          ],
          "JUL": [
            "1-31"
          ],
          "AUG": [
            "1-31"
          ],
          "SEP": [
            "1-30"
          ],
          "OCT": [
            "1-31"
          ],
          "NOV": [
            "1-30"
          ],
          "DEC": [
            "1-21",
            "23-31"
          ]
        },
        {
          "Year": "2019",
          "Description": "Complementary Cal of \"WD-2018\"-\"This is year 2019\"",
          "JAN": [
            "1-18",
            "20-31"
          ],
          "FEB": [
            "1-22",
            "24-28"
          ],
          "MAR": [
            "1-31"
          ],
          "APR": [
            "1-30"
          ],
          "MAY": [
            "1-31"
          ],
          "JUN": [
            "1-30"
          ],
          "JUL": [
            "1-31"
          ],
          "AUG": [
            "1-31"
          ],
          "SEP": [
            "1-30"
          ],
          "OCT": [
            "1-4",
            "6-31"
          ],
          "NOV": [
            "1-30"
          ],
          "DEC": [
            "1-31"
          ]
        }
      ]
    }
  },
  "not-WD-2019": {
    "Type": "Calendar:Regular",
    "Server": "CTM",
    "When": {
      "Years": [
        {
          "Year": "2019",
          "Description": "Complementary Cal of \"WD-2019\"-\"This is year 2019\"",
          "JAN": [
            "1-18",
            "20-31"
          ],
          "FEB": [
            "1-22",
            "24-28"
          ],
          "MAR": [
            "1-31"
          ],
          "APR": [
            "1-30"
          ],
          "MAY": [
            "1-31"
          ],
          "JUN": [
            "1-30"
          ],
          "JUL": [
            "1-31"
          ],
          "AUG": [
            "1-31"
          ],
          "SEP": [
            "1-30"
          ],
          "OCT": [
            "1-4",
            "6-31"
          ],
          "NOV": [
            "1-30"
          ],
          "DEC": [
            "1-31"
          ]
        },
        {
          "Year": "2020",
          "Description": "Complementary Cal of \"WD-2019\"-\"This is year 2020\"",
          "JAN": [
            "1-31"
          ],
          "FEB": [
            "1-14",
            "16-29"
          ],
          "MAR": [
            "1-31"
          ],
          "APR": [
            "1-30"
          ],
          "MAY": [
            "1-31"
          ],
          "JUN": [
            "1-19",
            "21-30"
          ],
          "JUL": [
            "1-31"
          ],
          "AUG": [
            "1-31"
          ],
          "SEP": [
            "1-25",
            "27-30"
          ],
          "OCT": [
            "1-31"
          ],
          "NOV": [
            "1-30"
          ],
          "DEC": [
            "1-31"
          ]
        }
      ]
    }
  },
  "not-WD-2020": {
    "Type": "Calendar:Regular",
    "Server": "CTM",
    "When": {
      "Years": [
        {
          "Year": "2020",
          "Description": "Complementary Cal of \"WD-2020\"-\"This is year 2020\"",
          "JAN": [
            "1-31"
          ],
          "FEB": [
            "1-14",
            "16-29"
          ],
          "MAR": [
            "1-31"
          ],
          "APR": [
            "1-30"
          ],
          "MAY": [
            "1-31"
          ],
          "JUN": [
            "1-19",
            "21-30"
          ],
          "JUL": [
            "1-31"
          ],
          "AUG": [
            "1-31"
          ],
          "SEP": [
            "1-25",
            "27-30"
          ],
          "OCT": [
            "1-31"
          ],
          "NOV": [
            "1-30"
          ],
          "DEC": [
            "1-31"
          ]
        },
        {
          "Year": "2021",
          "Description": "Complementary Cal of \"WD-2020\"-\"This is year 2021\"",
          "JAN": [
            "1-31"
          ],
          "FEB": [
            "1-19",
            "21-28"
          ],
          "MAR": [
            "1-31"
          ],
          "APR": [
            "1-30"
          ],
          "MAY": [
            "1-31"
          ],
          "JUN": [
            "1-30"
          ],
          "JUL": [
            "1-31"
          ],
          "AUG": [
            "1-31"
          ],
          "SEP": [
            "1-10",
            "12-30"
          ],
          "OCT": [
            "1-31"
          ],
          "NOV": [
            "1-30"
          ],
          "DEC": [
            "1-31"
          ]
        }
      ]
    }
  },
  "not-WD-2021": {
    "Type": "Calendar:Regular",
    "Server": "CTM",
    "When": {
      "Years": [
        {
          "Year": "2021",
          "Description": "Complementary Cal of \"WD-2021\"-\"This is year 2021\"",
          "JAN": [
            "1-31"
          ],
          "FEB": [
            "1-19",
            "21-28"
          ],
          "MAR": [
            "1-31"
          ],
          "APR": [
            "1-30"
          ],
          "MAY": [
            "1-31"
          ],
          "JUN": [
            "1-30"
          ],
          "JUL": [
            "1-31"
          ],
          "AUG": [
            "1-31"
          ],
          "SEP": [
            "1-10",
            "12-30"
          ],
          "OCT": [
            "1-31"
          ],
          "NOV": [
            "1-30"
          ],
          "DEC": [
            "1-31"
          ]
        },
        {
          "Year": "2022",
          "Description": "Complementary Cal of \"WD-2021\"-\"This is year 2022\"",
          "JAN": [
            "1-21",
            "23-31"
          ],
          "FEB": [
            "1-28"
          ],
          "MAR": [
            "1-31"
          ],
          "APR": [
            "1-30"
          ],
          "MAY": [
            "1-31"
          ],
          "JUN": [
            "1-30"
          ],
          "JUL": [
            "1-31"
          ],
          "AUG": [
            "1-31"
          ],
          "SEP": [
            "1-30"
          ],
          "OCT": [
            "1-31"
          ],
          "NOV": [
            "1-30"
          ],
          "DEC": [
            "1-31"
          ]
        }
      ]
    }
  },
  "not-WD-2022": {
    "Type": "Calendar:Regular",
    "Server": "CTM",
    "When": {
      "Years": [
        {
          "Year": "2022",
          "Description": "Complementary Cal of \"WD-2022\"-\"This is year 2022\"",
          "JAN": [
            "1-21",
            "23-31"
          ],
          "FEB": [
            "1-28"
          ],
          "MAR": [
            "1-31"
          ],
          "APR": [
            "1-30"
          ],
          "MAY": [
            "1-31"
          ],
          "JUN": [
            "1-30"
          ],
          "JUL": [
            "1-31"
          ],
          "AUG": [
            "1-31"
          ],
          "SEP": [
            "1-30"
          ],
          "OCT": [
            "1-31"
          ],
          "NOV": [
            "1-30"
          ],
          "DEC": [
            "1-31"
          ]
        }
      ]
    }
  }
}
