{
    "1337182#SA_PA": {
        "Type": "Folder",
        "ControlmServer": "CTM",
        "Description": "1337182#SA_PA",
        "ActiveRetentionPolicy": "CleanEndedOK",
        "DaysKeepActive": "9",
        "AdjustEvents": true,
        "Confirm": true,
        "OrderMethod": "Manual",
        "Application": "eBao",
        "CreatedBy": "GSS",
        "Variables": [
            {
                "pDate": "2022-04-27"
            },
            {
                "partial_success": "/ctm/life/partial_success.py"
            }
        ],
        "When": {
            "ToTime": ">",
            "RuleBasedCalendars": {
                "Included": [
                    "TWM01S",
                    "TWM01",
                    "TWM10",
                    "TWY05",
                    "TWW01",
                    "TWM05",
                    "TWM02S",
                    "TWM15",
                    "TWDWD",
                    "TWDAD",
                    "TWM28",
                    "TWM00",
                    "TWH301",
                    "TWQ11L",
                    "TWY03",
                    "TWW07",
                    "TWM20",
                    "TWM01L",
                    "TWY00",
                    "TWY01",
                    "TWY02",
                    "TWCAD",
                    "TWY04",
                    "TWY06",
                    "TWM02",
                    "TWY07"
                ]
            }
        },
        "1337062#PA-NCCC信用卡驗證-處理": {
            "Type": "Job:Command",
            "FileName": "PA",
            "Description": "1337062#PA-NCCC信用卡驗證-處理",
            "DaysKeepActive": "9",
            "Application": "eBao",
            "CreatedBy": "LeoSu_002855",
            "Host": "CTMAG",
            "RunAs": "life",
            "Command": "curl -H \\\"Content-Length: 250\\\" -H \\\"Content-Type: application/json\\\" -H \\\"Accept: application/json\\\" http://10.67.70.16:9082/ls/rest/batch/start.d -X POST -d \\\"{\\\\\\\"jobId\\\\\\\":1337062, \\\\\\\"processDate\\\\\\\":\\\\\\\"%%pDate\\\\\\\", \\\\\\\"dueDate\\\\\\\":\\\\\\\"1900-01-01\\\\\\\"}\\\" -v",
            "PostCommand": "/ctm/ctmsvr/bmcpython/bmcpython_V2/python %%partial_success %%ORDERID %%RUNCOUNT %%tolerance %%JOBNAME",
            "RunAsDummy": true,
            "Variables": [
                {
                    "tolerance": "10"
                }
            ],
            "When": {
                "WeekDays": [
                    "NONE"
                ],
                "MonthDays": [
                    "ALL"
                ],
                "ToTime": ">",
                "DaysRelation": "OR",
                "RuleBasedCalendars": {
                    "Relationship": "AND",
                    "Included": [
                        "TWCAD"
                    ]
                }
            },
            "IfBase:Folder:Output_0": {
                "Type": "If:CompletionStatus",
                "CompletionStatus": "ANY",
                "Action:SetToNotOK_0": {
                    "Type": "Action:SetToNotOK"
                }
            },
            "IfBase:Folder:Output_1": {
                "Type": "If:Output",
                "Code": "*\"status\":107*",
                "Action:SetToOK_0": {
                    "Type": "Action:SetToOK"
                }
            },
            "IfBase:Folder:Output_2": {
                "Type": "If:Output",
                "Code": "*\"status\":105*",
                "Action:SetToNotOK_0": {
                    "Type": "Action:SetToNotOK"
                },
                "DoNotify_0": {
                    "Type": "Action:Notify",
                    "Urgency": "Urgent",
                    "Message": "%%JOBNAME %%$ODATE 105 execution failure."
                },
                "Mail_1": {
                    "Type": "Action:Mail",
                    "Subject": "%%JOBNAME %%$ODATE 105 execution failure.",
                    "Message": "%%JOBNAME %%$ODATE 105 execution failure.",
                    "Urgency": "Urgent",
                    "To": "tglop@transglobe.com.tw;ameryyen@transglobe.com.twLeoSu@transglobe.com.tw"
                }
            },
            "IfBase:Folder:Output_3": {
                "Type": "If:Output",
                "Code": "*\"status\":223*",
                "Action:SetToNotOK_0": {
                    "Type": "Action:SetToNotOK"
                },
                "DoNotify_0": {
                    "Type": "Action:Notify",
                    "Urgency": "Urgent",
                    "Message": "%%JOBNAME %%$ODATE 223 STOP"
                },
                "Mail_1": {
                    "Type": "Action:Mail",
                    "Subject": "%%JOBNAME %%$ODATE 223 STOP",
                    "Message": "%%JOBNAME %%$ODATE 223 STOP",
                    "Urgency": "Urgent",
                    "To": "tglop@transglobe.com.tw;ameryyen@transglobe.com.twLeoSu@transglobe.com.tw"
                }
            },
            "IfBase:Folder:Output_4": {
                "Type": "If:Output",
                "Code": "*Attention! Fail count exceeds tolerance*",
                "Action:SetToNotOK_0": {
                    "Type": "Action:SetToNotOK"
                },
                "DoNotify_0": {
                    "Type": "Action:Notify",
                    "Urgency": "Urgent",
                    "Message": "%%JOBNAME %%$ODATE 106 partially success. Failure counts over %%tolerance"
                },
                "Mail_1": {
                    "Type": "Action:Mail",
                    "Subject": "%%JOBNAME %%$ODATE 106 partially success. Failure counts over %%tolerance",
                    "Message": "%%JOBNAME %%$ODATE 106 partially success. Failure counts over %%tolerance",
                    "Urgency": "Urgent",
                    "To": "tglop@transglobe.com.tw;ameryyen@transglobe.com.twLeoSu@transglobe.com.tw"
                }
            },
            "IfBase:Folder:Output_5": {
                "Type": "If:Output",
                "Code": "*Fail count within tolerance*",
                "Action:SetToOK_0": {
                    "Type": "Action:SetToOK"
                },
                "DoNotify_0": {
                    "Type": "Action:Notify",
                    "Urgency": "Urgent",
                    "Message": "%%JOBNAME %%$ODATE 106 partially success. Failure counts under %%tolerance"
                },
                "Mail_1": {
                    "Type": "Action:Mail",
                    "Subject": "%%JOBNAME %%$ODATE 106 partially success. Failure counts under %%tolerance",
                    "Message": "%%JOBNAME %%$ODATE 106 partially success. Failure counts under %%tolerance",
                    "Urgency": "Urgent",
                    "To": "tglop@transglobe.com.tw;ameryyen@transglobe.com.twLeoSu@transglobe.com.tw"
                }
            },
            "IfBase:Folder:Output_6": {
                "Type": "If:Output",
                "Code": "*\"status\":995*",
                "Action:SetToNotOK_0": {
                    "Type": "Action:SetToNotOK"
                },
                "DoNotify_0": {
                    "Type": "Action:Notify",
                    "Urgency": "Urgent",
                    "Message": "%%JOBNAME %%$ODATE 995 error in submission"
                },
                "Mail_1": {
                    "Type": "Action:Mail",
                    "Subject": "%%JOBNAME %%$ODATE 995 error in submission",
                    "Message": "%%JOBNAME %%$ODATE 995 error in submission",
                    "Urgency": "Urgent",
                    "To": "tglop@transglobe.com.tw;ameryyen@transglobe.com.twLeoSu@transglobe.com.tw"
                }
            },
            "IfBase:Folder:Output_7": {
                "Type": "If:Output",
                "Code": "*\"status\":996*",
                "Action:SetToOK_0": {
                    "Type": "Action:SetToOK"
                },
                "DoNotify_0": {
                    "Type": "Action:Notify",
                    "Urgency": "Urgent",
                    "Message": "%%JOBNAME %%$ODATE 996 write t_batch_job.due_time error, please data patch the current data"
                },
                "Mail_1": {
                    "Type": "Action:Mail",
                    "Subject": "%%JOBNAME %%$ODATE 996 write t_batch_job.due_time error, please data patch the current data",
                    "Message": "%%JOBNAME %%$ODATE 996 write t_batch_job.due_time error, please data patch the current data",
                    "Urgency": "Urgent",
                    "To": "tglop@transglobe.com.tw;ameryyen@transglobe.com.twLeoSu@transglobe.com.tw"
                }
            },
            "IfBase:Folder:Output_8": {
                "Type": "If:Output",
                "Code": "*\"status\":997*",
                "Action:SetToNotOK_0": {
                    "Type": "Action:SetToNotOK"
                },
                "DoNotify_0": {
                    "Type": "Action:Notify",
                    "Urgency": "Urgent",
                    "Message": "%%JOBNAME %%$ODATE 997 not started"
                },
                "Mail_1": {
                    "Type": "Action:Mail",
                    "Subject": "%%JOBNAME %%$ODATE 997 not started",
                    "Message": "%%JOBNAME %%$ODATE 997 not started",
                    "Urgency": "Urgent",
                    "To": "tglop@transglobe.com.tw;ameryyen@transglobe.com.twLeoSu@transglobe.com.tw"
                }
            },
            "IfBase:Folder:Output_10": {
                "Type": "If:Output",
                "Code": "*\"status\":999*",
                "Action:SetToNotOK_0": {
                    "Type": "Action:SetToNotOK"
                },
                "DoNotify_0": {
                    "Type": "Action:Notify",
                    "Urgency": "Urgent",
                    "Message": "%%JOBNAME %%$ODATE 999 unknown exception"
                },
                "Mail_1": {
                    "Type": "Action:Mail",
                    "Subject": "%%JOBNAME %%$ODATE 999 unknown exception",
                    "Message": "%%JOBNAME %%$ODATE 999 unknown exception",
                    "Urgency": "Urgent",
                    "To": "tglop@transglobe.com.tw;ameryyen@transglobe.com.twLeoSu@transglobe.com.tw"
                }
            },
            "IfBase:Folder:Output_98": {
                "Type": "If:CompletionStatus",
                "CompletionStatus": "NOTOK",
                "Mail_1": {
                    "Type": "Action:Mail",
                    "Subject": "%%JOBNAME %%$ODATE failed",
                    "Message": "%%JOBNAME %%$ODATE failed",
                    "Urgency": "Urgent",
                    "To": "tglop@transglobe.com.tw;ameryyen@transglobe.com.twLeoSu@transglobe.com.tw"
                }
            }
        }
    }
}