{
    "1333762#USPAUAT__PeriodicJobs": {
        "Type": "Folder",
        "ControlmServer": "CTM",
        "Description": "1333762#USPAUAT__PeriodicJobs",
        "ActiveRetentionPolicy": "CleanEndedOK",
        "DaysKeepActive": "Forever",
        "AdjustEvents": true,
        "Confirm": true,
        "OrderMethod": "Manual",
        "Application": "eBao",
        "SubApplication": "USPAUAT_",
        "CreatedBy": "GSS",
        "Variables": [
            {
                "processDate": "%%$OYEAR-%%OMONTH-%%ODAY"
            },
            {
                "ip": "10.67.67.245:9081"
            },
            {
                "partial_success": "/ctm/life/partial_success.py"
            }
        ],
        "When": {
            "ToTime": ">",
            "RuleBasedCalendars": {
                "Included": [
                    "TWH301",
                    "TWM00",
                    "TWM15",
                    "TWM02S",
                    "TWM01",
                    "TWQ11L",
                    "TWM01S",
                    "TWY06",
                    "TWY04",
                    "TWY00",
                    "TWY07",
                    "TWW07",
                    "TWM20",
                    "TWM02",
                    "TWY03",
                    "TWY05",
                    "TWY01",
                    "TWM01L",
                    "TWM05",
                    "TWDWD",
                    "TWY02",
                    "TWCAD",
                    "TWDAD",
                    "TWM28",
                    "TWM10",
                    "TWW01"
                ]
            }
        },
        "1335082#USPAUAT_INT1037-申訴案例異動": {
            "Type": "Job:Command",
            "FileName": "CMN",
            "Description": "1335082#USPAUAT_INT1037-申訴案例異動",
            "DaysKeepActive": "Forever",
            "Application": "eBao",
            "SubApplication": "USPAUAT_",
            "CreatedBy": "AveryChung_002773",
            "Host": "CTMAG",
            "RunAs": "life",
            "Command": "curl -H \"Content-Length: 250\" -H \"Content-Type: application/json\" -H \"Accept: application/json\" http://%%ip/ls/rest/batch/start.d -X POST -d \"{\\\"jobId\\\":1335082, \\\"processDate\\\":\\\"%%processDate\\\", \\\"dueDate\\\":\\\"1900-01-01\\\"}\" -v -sS",
            "PostCommand": "/ctm/ctmsvr/bmcpython/bmcpython_V2/python %%partial_success %%ORDERID %%RUNCOUNT %%tolerance %%JOBNAME",
            "RunAsDummy": false,
            "Variables": [
                {
                    "tolerance": "10"
                }
            ],
            "Rerun": {
                "Units": "Hours",
                "Every": "2"
            },
            "When": {
                "WeekDays": [
                    "NONE"
                ],
                "MonthDays": [
                    "ALL"
                ],
                "ToTime": ">",
                "DaysRelation": "OR",
                "RuleBasedCalendars": {
                    "Relationship": "AND",
                    "Included": [
                        "TWDAD"
                    ]
                }
            },
            "USPAUAT_": {
                "Type": "Resource:Pool",
                "Quantity": "1"
            },
            "IfBase:Folder:Output_0": {
                "Type": "If:CompletionStatus",
                "CompletionStatus": "ANY",
                "Action:SetToNotOK_0": {
                    "Type": "Action:SetToNotOK"
                }
            },
            "IfBase:Folder:Output_1": {
                "Type": "If:Output",
                "Code": "*\"status\":107*",
                "Action:SetToOK_0": {
                    "Type": "Action:SetToOK"
                }
            },
            "IfBase:Folder:Output_2": {
                "Type": "If:Output",
                "Code": "*\"status\":105*",
                "Action:SetToNotOK_0": {
                    "Type": "Action:SetToNotOK"
                },
                "DoNotify_0": {
                    "Type": "Action:Notify",
                    "Urgency": "Urgent",
                    "Message": "%%JOBNAME %%$ODATE 105 execution failure."
                },
                "Mail_1": {
                    "Type": "Action:Mail",
                    "Subject": "%%JOBNAME %%$ODATE 105 execution failure.",
                    "Message": "%%JOBNAME %%$ODATE 105 execution failure.",
                    "Urgency": "Urgent",
                    "To": "tglop@transglobe.com.tw;ameryyen@transglobe.com.tw;AveryChung@transglobe.com.tw"
                }
            },
            "IfBase:Folder:Output_3": {
                "Type": "If:Output",
                "Code": "*\"status\":223*",
                "Action:SetToNotOK_0": {
                    "Type": "Action:SetToNotOK"
                },
                "DoNotify_0": {
                    "Type": "Action:Notify",
                    "Urgency": "Urgent",
                    "Message": "%%JOBNAME %%$ODATE 223 STOP"
                },
                "Mail_1": {
                    "Type": "Action:Mail",
                    "Subject": "%%JOBNAME %%$ODATE 223 STOP",
                    "Message": "%%JOBNAME %%$ODATE 223 STOP",
                    "Urgency": "Urgent",
                    "To": "tglop@transglobe.com.tw;ameryyen@transglobe.com.tw;AveryChung@transglobe.com.tw"
                }
            },
            "IfBase:Folder:Output_4": {
                "Type": "If:Output",
                "Code": "*Attention! Fail count exceeds tolerance*",
                "Action:SetToNotOK_0": {
                    "Type": "Action:SetToNotOK"
                },
                "DoNotify_0": {
                    "Type": "Action:Notify",
                    "Urgency": "Urgent",
                    "Message": "%%JOBNAME %%$ODATE 106 fail count over %%tolerance"
                },
                "Mail_1": {
                    "Type": "Action:Mail",
                    "Subject": "%%JOBNAME %%$ODATE 106 fail count over %%tolerance",
                    "Message": "%%JOBNAME %%$ODATE 106 fail count over %%tolerance",
                    "Urgency": "Urgent",
                    "To": "tglop@transglobe.com.tw;ameryyen@transglobe.com.tw;AveryChung@transglobe.com.tw"
                }
            },
            "IfBase:Folder:Output_5": {
                "Type": "If:Output",
                "Code": "*Fail count within tolerance*",
                "Action:SetToOK_0": {
                    "Type": "Action:SetToOK"
                },
                "DoNotify_0": {
                    "Type": "Action:Notify",
                    "Urgency": "Urgent",
                    "Message": "%%JOBNAME %%$ODATE 106 fail count under %%tolerance"
                },
                "Mail_1": {
                    "Type": "Action:Mail",
                    "Subject": "%%JOBNAME %%$ODATE 106 fail count under %%tolerance",
                    "Message": "%%JOBNAME %%$ODATE 106 fail count under %%tolerance",
                    "Urgency": "Urgent",
                    "To": "tglop@transglobe.com.tw;ameryyen@transglobe.com.tw;AveryChung@transglobe.com.tw"
                }
            },
            "IfBase:Folder:Output_6": {
                "Type": "If:Output",
                "Code": "*\"status\":995*",
                "Action:SetToNotOK_0": {
                    "Type": "Action:SetToNotOK"
                },
                "DoNotify_0": {
                    "Type": "Action:Notify",
                    "Urgency": "Urgent",
                    "Message": "%%JOBNAME %%$ODATE 995 error in submission"
                },
                "Mail_1": {
                    "Type": "Action:Mail",
                    "Subject": "%%JOBNAME %%$ODATE 995 error in submission",
                    "Message": "%%JOBNAME %%$ODATE 995 error in submission",
                    "Urgency": "Urgent",
                    "To": "tglop@transglobe.com.tw;ameryyen@transglobe.com.tw;AveryChung@transglobe.com.tw"
                }
            },
            "IfBase:Folder:Output_7": {
                "Type": "If:Output",
                "Code": "*\"status\":996*",
                "Action:SetToOK_0": {
                    "Type": "Action:SetToOK"
                },
                "DoNotify_0": {
                    "Type": "Action:Notify",
                    "Urgency": "Urgent",
                    "Message": "%%JOBNAME %%$ODATE 996 write t_batch_job.due_time error, please data patch the current data"
                },
                "Mail_1": {
                    "Type": "Action:Mail",
                    "Subject": "%%JOBNAME %%$ODATE 996 t_batch_job.due_time",
                    "Message": "%%JOBNAME %%$ODATE 996 write t_batch_job.due_time error, please data patch the current data",
                    "Urgency": "Urgent",
                    "To": "tglop@transglobe.com.tw;ameryyen@transglobe.com.tw;AveryChung@transglobe.com.tw"
                }
            },
            "IfBase:Folder:Output_8": {
                "Type": "If:Output",
                "Code": "*\"status\":997*",
                "Action:SetToNotOK_0": {
                    "Type": "Action:SetToNotOK"
                },
                "DoNotify_0": {
                    "Type": "Action:Notify",
                    "Urgency": "Urgent",
                    "Message": "%%JOBNAME %%$ODATE 997 not started"
                },
                "Mail_1": {
                    "Type": "Action:Mail",
                    "Subject": "%%JOBNAME %%$ODATE 997 not started",
                    "Message": "%%JOBNAME %%$ODATE 997 not started",
                    "Urgency": "Urgent",
                    "To": "tglop@transglobe.com.tw;ameryyen@transglobe.com.tw;AveryChung@transglobe.com.tw"
                }
            },
            "IfBase:Folder:Output_10": {
                "Type": "If:Output",
                "Code": "*\"status\":999*",
                "Action:SetToNotOK_0": {
                    "Type": "Action:SetToNotOK"
                },
                "DoNotify_0": {
                    "Type": "Action:Notify",
                    "Urgency": "Urgent",
                    "Message": "%%JOBNAME %%$ODATE 999 unknown exception"
                },
                "Mail_1": {
                    "Type": "Action:Mail",
                    "Subject": "%%JOBNAME %%$ODATE 999 unknown exception",
                    "Message": "%%JOBNAME %%$ODATE 999 unknown exception",
                    "Urgency": "Urgent",
                    "To": "tglop@transglobe.com.tw;ameryyen@transglobe.com.tw;AveryChung@transglobe.com.tw"
                }
            },
            "IfBase:Folder:Output_11": {
                "Type": "If:NumberOfFailures",
                "NumberOfFailures": "10",
                "Action:StopCyclicRun_0": {
                    "Type": "Action:StopCyclicRun"
                }
            },
            "IfBase:Folder:Output_98": {
                "Type": "If:CompletionStatus",
                "CompletionStatus": "NOTOK",
                "Mail_1": {
                    "Type": "Action:Mail",
                    "Subject": "%%JOBNAME %%$ODATE failed",
                    "Message": "%%JOBNAME %%$ODATE failed",
                    "Urgency": "Urgent",
                    "To": "tglop@transglobe.com.tw;ameryyen@transglobe.com.tw;AveryChung@transglobe.com.tw"
                }
            }
        },
        "11603#USPAUAT_TriggerPL_SQLEvent": {
            "Type": "Job:Command",
            "FileName": "SYS",
            "Description": "11603#USPAUAT_TriggerPL_SQLEvent",
            "DaysKeepActive": "Forever",
            "Application": "eBao",
            "SubApplication": "USPAUAT_",
            "CreatedBy": "AveryChung_002773",
            "Host": "CTMAG",
            "RunAs": "life",
            "Command": "curl -H \"Content-Length: 250\" -H \"Content-Type: application/json\" -H \"Accept: application/json\" http://%%ip/ls/rest/batch/start.d -X POST -d \"{\\\"jobId\\\":11603, \\\"processDate\\\":\\\"%%processDate\\\", \\\"dueDate\\\":\\\"1900-01-01\\\"}\" -v -sS",
            "PostCommand": "/ctm/ctmsvr/bmcpython/bmcpython_V2/python %%partial_success %%ORDERID %%RUNCOUNT %%tolerance %%JOBNAME",
            "RunAsDummy": false,
            "Variables": [
                {
                    "tolerance": "10"
                }
            ],
            "Rerun": {
                "Units": "Minutes",
                "Every": "1"
            },
            "When": {
                "WeekDays": [
                    "NONE"
                ],
                "MonthDays": [
                    "ALL"
                ],
                "ToTime": ">",
                "DaysRelation": "OR",
                "RuleBasedCalendars": {
                    "Relationship": "AND",
                    "Included": [
                        "TWDAD"
                    ]
                }
            },
            "USPAUAT_": {
                "Type": "Resource:Pool",
                "Quantity": "1"
            },
            "IfBase:Folder:Output_0": {
                "Type": "If:CompletionStatus",
                "CompletionStatus": "ANY",
                "Action:SetToNotOK_0": {
                    "Type": "Action:SetToNotOK"
                }
            },
            "IfBase:Folder:Output_1": {
                "Type": "If:Output",
                "Code": "*\"status\":107*",
                "Action:SetToOK_0": {
                    "Type": "Action:SetToOK"
                }
            },
            "IfBase:Folder:Output_2": {
                "Type": "If:Output",
                "Code": "*\"status\":105*",
                "Action:SetToNotOK_0": {
                    "Type": "Action:SetToNotOK"
                },
                "DoNotify_0": {
                    "Type": "Action:Notify",
                    "Urgency": "Urgent",
                    "Message": "%%JOBNAME %%$ODATE 105 execution failure."
                },
                "Mail_1": {
                    "Type": "Action:Mail",
                    "Subject": "%%JOBNAME %%$ODATE 105 execution failure.",
                    "Message": "%%JOBNAME %%$ODATE 105 execution failure.",
                    "Urgency": "Urgent",
                    "To": "tglop@transglobe.com.tw;ameryyen@transglobe.com.tw;AveryChung@transglobe.com.tw"
                }
            },
            "IfBase:Folder:Output_3": {
                "Type": "If:Output",
                "Code": "*\"status\":223*",
                "Action:SetToNotOK_0": {
                    "Type": "Action:SetToNotOK"
                },
                "DoNotify_0": {
                    "Type": "Action:Notify",
                    "Urgency": "Urgent",
                    "Message": "%%JOBNAME %%$ODATE 223 STOP"
                },
                "Mail_1": {
                    "Type": "Action:Mail",
                    "Subject": "%%JOBNAME %%$ODATE 223 STOP",
                    "Message": "%%JOBNAME %%$ODATE 223 STOP",
                    "Urgency": "Urgent",
                    "To": "tglop@transglobe.com.tw;ameryyen@transglobe.com.tw;AveryChung@transglobe.com.tw"
                }
            },
            "IfBase:Folder:Output_4": {
                "Type": "If:Output",
                "Code": "*Attention! Fail count exceeds tolerance*",
                "Action:SetToNotOK_0": {
                    "Type": "Action:SetToNotOK"
                },
                "DoNotify_0": {
                    "Type": "Action:Notify",
                    "Urgency": "Urgent",
                    "Message": "%%JOBNAME %%$ODATE 106 fail count over %%tolerance"
                },
                "Mail_1": {
                    "Type": "Action:Mail",
                    "Subject": "%%JOBNAME %%$ODATE 106 fail count over %%tolerance",
                    "Message": "%%JOBNAME %%$ODATE 106 fail count over %%tolerance",
                    "Urgency": "Urgent",
                    "To": "tglop@transglobe.com.tw;ameryyen@transglobe.com.tw;AveryChung@transglobe.com.tw"
                }
            },
            "IfBase:Folder:Output_5": {
                "Type": "If:Output",
                "Code": "*Fail count within tolerance*",
                "Action:SetToOK_0": {
                    "Type": "Action:SetToOK"
                },
                "DoNotify_0": {
                    "Type": "Action:Notify",
                    "Urgency": "Urgent",
                    "Message": "%%JOBNAME %%$ODATE 106 fail count under %%tolerance"
                },
                "Mail_1": {
                    "Type": "Action:Mail",
                    "Subject": "%%JOBNAME %%$ODATE 106 fail count under %%tolerance",
                    "Message": "%%JOBNAME %%$ODATE 106 fail count under %%tolerance",
                    "Urgency": "Urgent",
                    "To": "tglop@transglobe.com.tw;ameryyen@transglobe.com.tw;AveryChung@transglobe.com.tw"
                }
            },
            "IfBase:Folder:Output_6": {
                "Type": "If:Output",
                "Code": "*\"status\":995*",
                "Action:SetToNotOK_0": {
                    "Type": "Action:SetToNotOK"
                },
                "DoNotify_0": {
                    "Type": "Action:Notify",
                    "Urgency": "Urgent",
                    "Message": "%%JOBNAME %%$ODATE 995 error in submission"
                },
                "Mail_1": {
                    "Type": "Action:Mail",
                    "Subject": "%%JOBNAME %%$ODATE 995 error in submission",
                    "Message": "%%JOBNAME %%$ODATE 995 error in submission",
                    "Urgency": "Urgent",
                    "To": "tglop@transglobe.com.tw;ameryyen@transglobe.com.tw;AveryChung@transglobe.com.tw"
                }
            },
            "IfBase:Folder:Output_7": {
                "Type": "If:Output",
                "Code": "*\"status\":996*",
                "Action:SetToOK_0": {
                    "Type": "Action:SetToOK"
                },
                "DoNotify_0": {
                    "Type": "Action:Notify",
                    "Urgency": "Urgent",
                    "Message": "%%JOBNAME %%$ODATE 996 write t_batch_job.due_time error, please data patch the current data"
                },
                "Mail_1": {
                    "Type": "Action:Mail",
                    "Subject": "%%JOBNAME %%$ODATE 996 t_batch_job.due_time",
                    "Message": "%%JOBNAME %%$ODATE 996 write t_batch_job.due_time error, please data patch the current data",
                    "Urgency": "Urgent",
                    "To": "tglop@transglobe.com.tw;ameryyen@transglobe.com.tw;AveryChung@transglobe.com.tw"
                }
            },
            "IfBase:Folder:Output_8": {
                "Type": "If:Output",
                "Code": "*\"status\":997*",
                "Action:SetToNotOK_0": {
                    "Type": "Action:SetToNotOK"
                },
                "DoNotify_0": {
                    "Type": "Action:Notify",
                    "Urgency": "Urgent",
                    "Message": "%%JOBNAME %%$ODATE 997 not started"
                },
                "Mail_1": {
                    "Type": "Action:Mail",
                    "Subject": "%%JOBNAME %%$ODATE 997 not started",
                    "Message": "%%JOBNAME %%$ODATE 997 not started",
                    "Urgency": "Urgent",
                    "To": "tglop@transglobe.com.tw;ameryyen@transglobe.com.tw;AveryChung@transglobe.com.tw"
                }
            },
            "IfBase:Folder:Output_10": {
                "Type": "If:Output",
                "Code": "*\"status\":999*",
                "Action:SetToNotOK_0": {
                    "Type": "Action:SetToNotOK"
                },
                "DoNotify_0": {
                    "Type": "Action:Notify",
                    "Urgency": "Urgent",
                    "Message": "%%JOBNAME %%$ODATE 999 unknown exception"
                },
                "Mail_1": {
                    "Type": "Action:Mail",
                    "Subject": "%%JOBNAME %%$ODATE 999 unknown exception",
                    "Message": "%%JOBNAME %%$ODATE 999 unknown exception",
                    "Urgency": "Urgent",
                    "To": "tglop@transglobe.com.tw;ameryyen@transglobe.com.tw;AveryChung@transglobe.com.tw"
                }
            },
            "IfBase:Folder:Output_11": {
                "Type": "If:NumberOfFailures",
                "NumberOfFailures": "10",
                "Action:StopCyclicRun_0": {
                    "Type": "Action:StopCyclicRun"
                }
            },
            "IfBase:Folder:Output_98": {
                "Type": "If:CompletionStatus",
                "CompletionStatus": "NOTOK",
                "Mail_1": {
                    "Type": "Action:Mail",
                    "Subject": "%%JOBNAME %%$ODATE failed",
                    "Message": "%%JOBNAME %%$ODATE failed",
                    "Urgency": "Urgent",
                    "To": "tglop@transglobe.com.tw;ameryyen@transglobe.com.tw;AveryChung@transglobe.com.tw"
                }
            }
        },
        "1335121#USPAUAT_保全Event_保全取消": {
            "Type": "Job:Command",
            "FileName": "POS",
            "Description": "1335121#USPAUAT_保全Event_保全取消",
            "DaysKeepActive": "Forever",
            "Application": "eBao",
            "SubApplication": "USPAUAT_",
            "CreatedBy": "RickyLee_002662",
            "Host": "CTMAG",
            "RunAs": "life",
            "Command": "curl -H \"Content-Length: 250\" -H \"Content-Type: application/json\" -H \"Accept: application/json\" http://%%ip/ls/rest/batch/start.d -X POST -d \"{\\\"jobId\\\":1335121, \\\"processDate\\\":\\\"%%processDate\\\", \\\"dueDate\\\":\\\"1900-01-01\\\"}\" -v -sS",
            "PostCommand": "/ctm/ctmsvr/bmcpython/bmcpython_V2/python %%partial_success %%ORDERID %%RUNCOUNT %%tolerance %%JOBNAME",
            "RunAsDummy": false,
            "Variables": [
                {
                    "tolerance": "10"
                }
            ],
            "Rerun": {
                "Units": "Minutes",
                "Every": "10"
            },
            "When": {
                "WeekDays": [
                    "NONE"
                ],
                "MonthDays": [
                    "ALL"
                ],
                "ToTime": ">",
                "DaysRelation": "OR",
                "RuleBasedCalendars": {
                    "Relationship": "AND",
                    "Included": [
                        "TWDAD"
                    ]
                }
            },
            "USPAUAT_": {
                "Type": "Resource:Pool",
                "Quantity": "1"
            },
            "IfBase:Folder:Output_0": {
                "Type": "If:CompletionStatus",
                "CompletionStatus": "ANY",
                "Action:SetToNotOK_0": {
                    "Type": "Action:SetToNotOK"
                }
            },
            "IfBase:Folder:Output_1": {
                "Type": "If:Output",
                "Code": "*\"status\":107*",
                "Action:SetToOK_0": {
                    "Type": "Action:SetToOK"
                }
            },
            "IfBase:Folder:Output_2": {
                "Type": "If:Output",
                "Code": "*\"status\":105*",
                "Action:SetToNotOK_0": {
                    "Type": "Action:SetToNotOK"
                },
                "DoNotify_0": {
                    "Type": "Action:Notify",
                    "Urgency": "Urgent",
                    "Message": "%%JOBNAME %%$ODATE 105 execution failure."
                },
                "Mail_1": {
                    "Type": "Action:Mail",
                    "Subject": "%%JOBNAME %%$ODATE 105 execution failure.",
                    "Message": "%%JOBNAME %%$ODATE 105 execution failure.",
                    "Urgency": "Urgent",
                    "To": "tglop@transglobe.com.tw;ameryyen@transglobe.com.tw;RickyLee@transglobe.com.tw"
                }
            },
            "IfBase:Folder:Output_3": {
                "Type": "If:Output",
                "Code": "*\"status\":223*",
                "Action:SetToNotOK_0": {
                    "Type": "Action:SetToNotOK"
                },
                "DoNotify_0": {
                    "Type": "Action:Notify",
                    "Urgency": "Urgent",
                    "Message": "%%JOBNAME %%$ODATE 223 STOP"
                },
                "Mail_1": {
                    "Type": "Action:Mail",
                    "Subject": "%%JOBNAME %%$ODATE 223 STOP",
                    "Message": "%%JOBNAME %%$ODATE 223 STOP",
                    "Urgency": "Urgent",
                    "To": "tglop@transglobe.com.tw;ameryyen@transglobe.com.tw;RickyLee@transglobe.com.tw"
                }
            },
            "IfBase:Folder:Output_4": {
                "Type": "If:Output",
                "Code": "*Attention! Fail count exceeds tolerance*",
                "Action:SetToNotOK_0": {
                    "Type": "Action:SetToNotOK"
                },
                "DoNotify_0": {
                    "Type": "Action:Notify",
                    "Urgency": "Urgent",
                    "Message": "%%JOBNAME %%$ODATE 106 fail count over %%tolerance"
                },
                "Mail_1": {
                    "Type": "Action:Mail",
                    "Subject": "%%JOBNAME %%$ODATE 106 fail count over %%tolerance",
                    "Message": "%%JOBNAME %%$ODATE 106 fail count over %%tolerance",
                    "Urgency": "Urgent",
                    "To": "tglop@transglobe.com.tw;ameryyen@transglobe.com.tw;RickyLee@transglobe.com.tw"
                }
            },
            "IfBase:Folder:Output_5": {
                "Type": "If:Output",
                "Code": "*Fail count within tolerance*",
                "Action:SetToOK_0": {
                    "Type": "Action:SetToOK"
                },
                "DoNotify_0": {
                    "Type": "Action:Notify",
                    "Urgency": "Urgent",
                    "Message": "%%JOBNAME %%$ODATE 106 fail count under %%tolerance"
                },
                "Mail_1": {
                    "Type": "Action:Mail",
                    "Subject": "%%JOBNAME %%$ODATE 106 fail count under %%tolerance",
                    "Message": "%%JOBNAME %%$ODATE 106 fail count under %%tolerance",
                    "Urgency": "Urgent",
                    "To": "tglop@transglobe.com.tw;ameryyen@transglobe.com.tw;RickyLee@transglobe.com.tw"
                }
            },
            "IfBase:Folder:Output_6": {
                "Type": "If:Output",
                "Code": "*\"status\":995*",
                "Action:SetToNotOK_0": {
                    "Type": "Action:SetToNotOK"
                },
                "DoNotify_0": {
                    "Type": "Action:Notify",
                    "Urgency": "Urgent",
                    "Message": "%%JOBNAME %%$ODATE 995 error in submission"
                },
                "Mail_1": {
                    "Type": "Action:Mail",
                    "Subject": "%%JOBNAME %%$ODATE 995 error in submission",
                    "Message": "%%JOBNAME %%$ODATE 995 error in submission",
                    "Urgency": "Urgent",
                    "To": "tglop@transglobe.com.tw;ameryyen@transglobe.com.tw;RickyLee@transglobe.com.tw"
                }
            },
            "IfBase:Folder:Output_7": {
                "Type": "If:Output",
                "Code": "*\"status\":996*",
                "Action:SetToOK_0": {
                    "Type": "Action:SetToOK"
                },
                "DoNotify_0": {
                    "Type": "Action:Notify",
                    "Urgency": "Urgent",
                    "Message": "%%JOBNAME %%$ODATE 996 write t_batch_job.due_time error, please data patch the current data"
                },
                "Mail_1": {
                    "Type": "Action:Mail",
                    "Subject": "%%JOBNAME %%$ODATE 996 t_batch_job.due_time",
                    "Message": "%%JOBNAME %%$ODATE 996 write t_batch_job.due_time error, please data patch the current data",
                    "Urgency": "Urgent",
                    "To": "tglop@transglobe.com.tw;ameryyen@transglobe.com.tw;RickyLee@transglobe.com.tw"
                }
            },
            "IfBase:Folder:Output_8": {
                "Type": "If:Output",
                "Code": "*\"status\":997*",
                "Action:SetToNotOK_0": {
                    "Type": "Action:SetToNotOK"
                },
                "DoNotify_0": {
                    "Type": "Action:Notify",
                    "Urgency": "Urgent",
                    "Message": "%%JOBNAME %%$ODATE 997 not started"
                },
                "Mail_1": {
                    "Type": "Action:Mail",
                    "Subject": "%%JOBNAME %%$ODATE 997 not started",
                    "Message": "%%JOBNAME %%$ODATE 997 not started",
                    "Urgency": "Urgent",
                    "To": "tglop@transglobe.com.tw;ameryyen@transglobe.com.tw;RickyLee@transglobe.com.tw"
                }
            },
            "IfBase:Folder:Output_10": {
                "Type": "If:Output",
                "Code": "*\"status\":999*",
                "Action:SetToNotOK_0": {
                    "Type": "Action:SetToNotOK"
                },
                "DoNotify_0": {
                    "Type": "Action:Notify",
                    "Urgency": "Urgent",
                    "Message": "%%JOBNAME %%$ODATE 999 unknown exception"
                },
                "Mail_1": {
                    "Type": "Action:Mail",
                    "Subject": "%%JOBNAME %%$ODATE 999 unknown exception",
                    "Message": "%%JOBNAME %%$ODATE 999 unknown exception",
                    "Urgency": "Urgent",
                    "To": "tglop@transglobe.com.tw;ameryyen@transglobe.com.tw;RickyLee@transglobe.com.tw"
                }
            },
            "IfBase:Folder:Output_11": {
                "Type": "If:NumberOfFailures",
                "NumberOfFailures": "10",
                "Action:StopCyclicRun_0": {
                    "Type": "Action:StopCyclicRun"
                }
            },
            "IfBase:Folder:Output_98": {
                "Type": "If:CompletionStatus",
                "CompletionStatus": "NOTOK",
                "Mail_1": {
                    "Type": "Action:Mail",
                    "Subject": "%%JOBNAME %%$ODATE failed",
                    "Message": "%%JOBNAME %%$ODATE failed",
                    "Urgency": "Urgent",
                    "To": "tglop@transglobe.com.tw;ameryyen@transglobe.com.tw;RickyLee@transglobe.com.tw"
                }
            }
        },
        "1335122#USPAUAT_保全Event_退件通知": {
            "Type": "Job:Command",
            "FileName": "POS",
            "Description": "1335122#USPAUAT_保全Event_退件通知",
            "DaysKeepActive": "Forever",
            "Application": "eBao",
            "SubApplication": "USPAUAT_",
            "CreatedBy": "RickyLee_002662",
            "Host": "CTMAG",
            "RunAs": "life",
            "Command": "curl -H \"Content-Length: 250\" -H \"Content-Type: application/json\" -H \"Accept: application/json\" http://%%ip/ls/rest/batch/start.d -X POST -d \"{\\\"jobId\\\":1335122, \\\"processDate\\\":\\\"%%processDate\\\", \\\"dueDate\\\":\\\"1900-01-01\\\"}\" -v -sS",
            "PostCommand": "/ctm/ctmsvr/bmcpython/bmcpython_V2/python %%partial_success %%ORDERID %%RUNCOUNT %%tolerance %%JOBNAME",
            "RunAsDummy": false,
            "Variables": [
                {
                    "tolerance": "10"
                }
            ],
            "Rerun": {
                "Units": "Minutes",
                "Every": "10"
            },
            "When": {
                "WeekDays": [
                    "NONE"
                ],
                "MonthDays": [
                    "ALL"
                ],
                "ToTime": ">",
                "DaysRelation": "OR",
                "RuleBasedCalendars": {
                    "Relationship": "AND",
                    "Included": [
                        "TWDAD"
                    ]
                }
            },
            "USPAUAT_": {
                "Type": "Resource:Pool",
                "Quantity": "1"
            },
            "IfBase:Folder:Output_0": {
                "Type": "If:CompletionStatus",
                "CompletionStatus": "ANY",
                "Action:SetToNotOK_0": {
                    "Type": "Action:SetToNotOK"
                }
            },
            "IfBase:Folder:Output_1": {
                "Type": "If:Output",
                "Code": "*\"status\":107*",
                "Action:SetToOK_0": {
                    "Type": "Action:SetToOK"
                }
            },
            "IfBase:Folder:Output_2": {
                "Type": "If:Output",
                "Code": "*\"status\":105*",
                "Action:SetToNotOK_0": {
                    "Type": "Action:SetToNotOK"
                },
                "DoNotify_0": {
                    "Type": "Action:Notify",
                    "Urgency": "Urgent",
                    "Message": "%%JOBNAME %%$ODATE 105 execution failure."
                },
                "Mail_1": {
                    "Type": "Action:Mail",
                    "Subject": "%%JOBNAME %%$ODATE 105 execution failure.",
                    "Message": "%%JOBNAME %%$ODATE 105 execution failure.",
                    "Urgency": "Urgent",
                    "To": "tglop@transglobe.com.tw;ameryyen@transglobe.com.tw;RickyLee@transglobe.com.tw"
                }
            },
            "IfBase:Folder:Output_3": {
                "Type": "If:Output",
                "Code": "*\"status\":223*",
                "Action:SetToNotOK_0": {
                    "Type": "Action:SetToNotOK"
                },
                "DoNotify_0": {
                    "Type": "Action:Notify",
                    "Urgency": "Urgent",
                    "Message": "%%JOBNAME %%$ODATE 223 STOP"
                },
                "Mail_1": {
                    "Type": "Action:Mail",
                    "Subject": "%%JOBNAME %%$ODATE 223 STOP",
                    "Message": "%%JOBNAME %%$ODATE 223 STOP",
                    "Urgency": "Urgent",
                    "To": "tglop@transglobe.com.tw;ameryyen@transglobe.com.tw;RickyLee@transglobe.com.tw"
                }
            },
            "IfBase:Folder:Output_4": {
                "Type": "If:Output",
                "Code": "*Attention! Fail count exceeds tolerance*",
                "Action:SetToNotOK_0": {
                    "Type": "Action:SetToNotOK"
                },
                "DoNotify_0": {
                    "Type": "Action:Notify",
                    "Urgency": "Urgent",
                    "Message": "%%JOBNAME %%$ODATE 106 fail count over %%tolerance"
                },
                "Mail_1": {
                    "Type": "Action:Mail",
                    "Subject": "%%JOBNAME %%$ODATE 106 fail count over %%tolerance",
                    "Message": "%%JOBNAME %%$ODATE 106 fail count over %%tolerance",
                    "Urgency": "Urgent",
                    "To": "tglop@transglobe.com.tw;ameryyen@transglobe.com.tw;RickyLee@transglobe.com.tw"
                }
            },
            "IfBase:Folder:Output_5": {
                "Type": "If:Output",
                "Code": "*Fail count within tolerance*",
                "Action:SetToOK_0": {
                    "Type": "Action:SetToOK"
                },
                "DoNotify_0": {
                    "Type": "Action:Notify",
                    "Urgency": "Urgent",
                    "Message": "%%JOBNAME %%$ODATE 106 fail count under %%tolerance"
                },
                "Mail_1": {
                    "Type": "Action:Mail",
                    "Subject": "%%JOBNAME %%$ODATE 106 fail count under %%tolerance",
                    "Message": "%%JOBNAME %%$ODATE 106 fail count under %%tolerance",
                    "Urgency": "Urgent",
                    "To": "tglop@transglobe.com.tw;ameryyen@transglobe.com.tw;RickyLee@transglobe.com.tw"
                }
            },
            "IfBase:Folder:Output_6": {
                "Type": "If:Output",
                "Code": "*\"status\":995*",
                "Action:SetToNotOK_0": {
                    "Type": "Action:SetToNotOK"
                },
                "DoNotify_0": {
                    "Type": "Action:Notify",
                    "Urgency": "Urgent",
                    "Message": "%%JOBNAME %%$ODATE 995 error in submission"
                },
                "Mail_1": {
                    "Type": "Action:Mail",
                    "Subject": "%%JOBNAME %%$ODATE 995 error in submission",
                    "Message": "%%JOBNAME %%$ODATE 995 error in submission",
                    "Urgency": "Urgent",
                    "To": "tglop@transglobe.com.tw;ameryyen@transglobe.com.tw;RickyLee@transglobe.com.tw"
                }
            },
            "IfBase:Folder:Output_7": {
                "Type": "If:Output",
                "Code": "*\"status\":996*",
                "Action:SetToOK_0": {
                    "Type": "Action:SetToOK"
                },
                "DoNotify_0": {
                    "Type": "Action:Notify",
                    "Urgency": "Urgent",
                    "Message": "%%JOBNAME %%$ODATE 996 write t_batch_job.due_time error, please data patch the current data"
                },
                "Mail_1": {
                    "Type": "Action:Mail",
                    "Subject": "%%JOBNAME %%$ODATE 996 t_batch_job.due_time",
                    "Message": "%%JOBNAME %%$ODATE 996 write t_batch_job.due_time error, please data patch the current data",
                    "Urgency": "Urgent",
                    "To": "tglop@transglobe.com.tw;ameryyen@transglobe.com.tw;RickyLee@transglobe.com.tw"
                }
            },
            "IfBase:Folder:Output_8": {
                "Type": "If:Output",
                "Code": "*\"status\":997*",
                "Action:SetToNotOK_0": {
                    "Type": "Action:SetToNotOK"
                },
                "DoNotify_0": {
                    "Type": "Action:Notify",
                    "Urgency": "Urgent",
                    "Message": "%%JOBNAME %%$ODATE 997 not started"
                },
                "Mail_1": {
                    "Type": "Action:Mail",
                    "Subject": "%%JOBNAME %%$ODATE 997 not started",
                    "Message": "%%JOBNAME %%$ODATE 997 not started",
                    "Urgency": "Urgent",
                    "To": "tglop@transglobe.com.tw;ameryyen@transglobe.com.tw;RickyLee@transglobe.com.tw"
                }
            },
            "IfBase:Folder:Output_10": {
                "Type": "If:Output",
                "Code": "*\"status\":999*",
                "Action:SetToNotOK_0": {
                    "Type": "Action:SetToNotOK"
                },
                "DoNotify_0": {
                    "Type": "Action:Notify",
                    "Urgency": "Urgent",
                    "Message": "%%JOBNAME %%$ODATE 999 unknown exception"
                },
                "Mail_1": {
                    "Type": "Action:Mail",
                    "Subject": "%%JOBNAME %%$ODATE 999 unknown exception",
                    "Message": "%%JOBNAME %%$ODATE 999 unknown exception",
                    "Urgency": "Urgent",
                    "To": "tglop@transglobe.com.tw;ameryyen@transglobe.com.tw;RickyLee@transglobe.com.tw"
                }
            },
            "IfBase:Folder:Output_11": {
                "Type": "If:NumberOfFailures",
                "NumberOfFailures": "10",
                "Action:StopCyclicRun_0": {
                    "Type": "Action:StopCyclicRun"
                }
            },
            "IfBase:Folder:Output_98": {
                "Type": "If:CompletionStatus",
                "CompletionStatus": "NOTOK",
                "Mail_1": {
                    "Type": "Action:Mail",
                    "Subject": "%%JOBNAME %%$ODATE failed",
                    "Message": "%%JOBNAME %%$ODATE failed",
                    "Urgency": "Urgent",
                    "To": "tglop@transglobe.com.tw;ameryyen@transglobe.com.tw;RickyLee@transglobe.com.tw"
                }
            }
        },
        "1335071#USPAUAT_PostmailStatusUpdater": {
            "Type": "Job:Command",
            "FileName": "SYS",
            "Description": "1335071#USPAUAT_PostmailStatusUpdater",
            "DaysKeepActive": "Forever",
            "Application": "eBao",
            "SubApplication": "USPAUAT_",
            "CreatedBy": "LalaChao_002992",
            "Host": "CTMAG",
            "RunAs": "life",
            "Command": "curl -H \"Content-Length: 250\" -H \"Content-Type: application/json\" -H \"Accept: application/json\" http://%%ip/ls/rest/batch/start.d -X POST -d \"{\\\"jobId\\\":1335071, \\\"processDate\\\":\\\"%%processDate\\\", \\\"dueDate\\\":\\\"1900-01-01\\\"}\" -v -sS",
            "PostCommand": "/ctm/ctmsvr/bmcpython/bmcpython_V2/python %%partial_success %%ORDERID %%RUNCOUNT %%tolerance %%JOBNAME",
            "RunAsDummy": false,
            "Variables": [
                {
                    "tolerance": "10"
                }
            ],
            "Rerun": {
                "Units": "Hours",
                "Every": "2"
            },
            "When": {
                "WeekDays": [
                    "NONE"
                ],
                "MonthDays": [
                    "ALL"
                ],
                "ToTime": ">",
                "DaysRelation": "OR",
                "RuleBasedCalendars": {
                    "Relationship": "AND",
                    "Included": [
                        "TWDAD"
                    ]
                }
            },
            "USPAUAT_": {
                "Type": "Resource:Pool",
                "Quantity": "1"
            },
            "IfBase:Folder:Output_0": {
                "Type": "If:CompletionStatus",
                "CompletionStatus": "ANY",
                "Action:SetToNotOK_0": {
                    "Type": "Action:SetToNotOK"
                }
            },
            "IfBase:Folder:Output_1": {
                "Type": "If:Output",
                "Code": "*\"status\":107*",
                "Action:SetToOK_0": {
                    "Type": "Action:SetToOK"
                }
            },
            "IfBase:Folder:Output_2": {
                "Type": "If:Output",
                "Code": "*\"status\":105*",
                "Action:SetToNotOK_0": {
                    "Type": "Action:SetToNotOK"
                },
                "DoNotify_0": {
                    "Type": "Action:Notify",
                    "Urgency": "Urgent",
                    "Message": "%%JOBNAME %%$ODATE 105 execution failure."
                },
                "Mail_1": {
                    "Type": "Action:Mail",
                    "Subject": "%%JOBNAME %%$ODATE 105 execution failure.",
                    "Message": "%%JOBNAME %%$ODATE 105 execution failure.",
                    "Urgency": "Urgent",
                    "To": "tglop@transglobe.com.tw;ameryyen@transglobe.com.tw;LalaChao@transglobe.com.tw"
                }
            },
            "IfBase:Folder:Output_3": {
                "Type": "If:Output",
                "Code": "*\"status\":223*",
                "Action:SetToNotOK_0": {
                    "Type": "Action:SetToNotOK"
                },
                "DoNotify_0": {
                    "Type": "Action:Notify",
                    "Urgency": "Urgent",
                    "Message": "%%JOBNAME %%$ODATE 223 STOP"
                },
                "Mail_1": {
                    "Type": "Action:Mail",
                    "Subject": "%%JOBNAME %%$ODATE 223 STOP",
                    "Message": "%%JOBNAME %%$ODATE 223 STOP",
                    "Urgency": "Urgent",
                    "To": "tglop@transglobe.com.tw;ameryyen@transglobe.com.tw;LalaChao@transglobe.com.tw"
                }
            },
            "IfBase:Folder:Output_4": {
                "Type": "If:Output",
                "Code": "*Attention! Fail count exceeds tolerance*",
                "Action:SetToNotOK_0": {
                    "Type": "Action:SetToNotOK"
                },
                "DoNotify_0": {
                    "Type": "Action:Notify",
                    "Urgency": "Urgent",
                    "Message": "%%JOBNAME %%$ODATE 106 fail count over %%tolerance"
                },
                "Mail_1": {
                    "Type": "Action:Mail",
                    "Subject": "%%JOBNAME %%$ODATE 106 fail count over %%tolerance",
                    "Message": "%%JOBNAME %%$ODATE 106 fail count over %%tolerance",
                    "Urgency": "Urgent",
                    "To": "tglop@transglobe.com.tw;ameryyen@transglobe.com.tw;LalaChao@transglobe.com.tw"
                }
            },
            "IfBase:Folder:Output_5": {
                "Type": "If:Output",
                "Code": "*Fail count within tolerance*",
                "Action:SetToOK_0": {
                    "Type": "Action:SetToOK"
                },
                "DoNotify_0": {
                    "Type": "Action:Notify",
                    "Urgency": "Urgent",
                    "Message": "%%JOBNAME %%$ODATE 106 fail count under %%tolerance"
                },
                "Mail_1": {
                    "Type": "Action:Mail",
                    "Subject": "%%JOBNAME %%$ODATE 106 fail count under %%tolerance",
                    "Message": "%%JOBNAME %%$ODATE 106 fail count under %%tolerance",
                    "Urgency": "Urgent",
                    "To": "tglop@transglobe.com.tw;ameryyen@transglobe.com.tw;LalaChao@transglobe.com.tw"
                }
            },
            "IfBase:Folder:Output_6": {
                "Type": "If:Output",
                "Code": "*\"status\":995*",
                "Action:SetToNotOK_0": {
                    "Type": "Action:SetToNotOK"
                },
                "DoNotify_0": {
                    "Type": "Action:Notify",
                    "Urgency": "Urgent",
                    "Message": "%%JOBNAME %%$ODATE 995 error in submission"
                },
                "Mail_1": {
                    "Type": "Action:Mail",
                    "Subject": "%%JOBNAME %%$ODATE 995 error in submission",
                    "Message": "%%JOBNAME %%$ODATE 995 error in submission",
                    "Urgency": "Urgent",
                    "To": "tglop@transglobe.com.tw;ameryyen@transglobe.com.tw;LalaChao@transglobe.com.tw"
                }
            },
            "IfBase:Folder:Output_7": {
                "Type": "If:Output",
                "Code": "*\"status\":996*",
                "Action:SetToOK_0": {
                    "Type": "Action:SetToOK"
                },
                "DoNotify_0": {
                    "Type": "Action:Notify",
                    "Urgency": "Urgent",
                    "Message": "%%JOBNAME %%$ODATE 996 write t_batch_job.due_time error, please data patch the current data"
                },
                "Mail_1": {
                    "Type": "Action:Mail",
                    "Subject": "%%JOBNAME %%$ODATE 996 t_batch_job.due_time",
                    "Message": "%%JOBNAME %%$ODATE 996 write t_batch_job.due_time error, please data patch the current data",
                    "Urgency": "Urgent",
                    "To": "tglop@transglobe.com.tw;ameryyen@transglobe.com.tw;LalaChao@transglobe.com.tw"
                }
            },
            "IfBase:Folder:Output_8": {
                "Type": "If:Output",
                "Code": "*\"status\":997*",
                "Action:SetToNotOK_0": {
                    "Type": "Action:SetToNotOK"
                },
                "DoNotify_0": {
                    "Type": "Action:Notify",
                    "Urgency": "Urgent",
                    "Message": "%%JOBNAME %%$ODATE 997 not started"
                },
                "Mail_1": {
                    "Type": "Action:Mail",
                    "Subject": "%%JOBNAME %%$ODATE 997 not started",
                    "Message": "%%JOBNAME %%$ODATE 997 not started",
                    "Urgency": "Urgent",
                    "To": "tglop@transglobe.com.tw;ameryyen@transglobe.com.tw;LalaChao@transglobe.com.tw"
                }
            },
            "IfBase:Folder:Output_10": {
                "Type": "If:Output",
                "Code": "*\"status\":999*",
                "Action:SetToNotOK_0": {
                    "Type": "Action:SetToNotOK"
                },
                "DoNotify_0": {
                    "Type": "Action:Notify",
                    "Urgency": "Urgent",
                    "Message": "%%JOBNAME %%$ODATE 999 unknown exception"
                },
                "Mail_1": {
                    "Type": "Action:Mail",
                    "Subject": "%%JOBNAME %%$ODATE 999 unknown exception",
                    "Message": "%%JOBNAME %%$ODATE 999 unknown exception",
                    "Urgency": "Urgent",
                    "To": "tglop@transglobe.com.tw;ameryyen@transglobe.com.tw;LalaChao@transglobe.com.tw"
                }
            },
            "IfBase:Folder:Output_11": {
                "Type": "If:NumberOfFailures",
                "NumberOfFailures": "10",
                "Action:StopCyclicRun_0": {
                    "Type": "Action:StopCyclicRun"
                }
            },
            "IfBase:Folder:Output_98": {
                "Type": "If:CompletionStatus",
                "CompletionStatus": "NOTOK",
                "Mail_1": {
                    "Type": "Action:Mail",
                    "Subject": "%%JOBNAME %%$ODATE failed",
                    "Message": "%%JOBNAME %%$ODATE failed",
                    "Urgency": "Urgent",
                    "To": "tglop@transglobe.com.tw;ameryyen@transglobe.com.tw;LalaChao@transglobe.com.tw"
                }
            }
        },
        "1335841#USPAUAT_UNBPostmailStatusUpdater": {
            "Type": "Job:Command",
            "FileName": "UNB",
            "Description": "1335841#USPAUAT_UNBPostmailStatusUpdater",
            "DaysKeepActive": "Forever",
            "Application": "eBao",
            "SubApplication": "USPAUAT_",
            "CreatedBy": "DaniaLin_002272",
            "Host": "CTMAG",
            "RunAs": "life",
            "Command": "curl -H \"Content-Length: 250\" -H \"Content-Type: application/json\" -H \"Accept: application/json\" http://%%ip/ls/rest/batch/start.d -X POST -d \"{\\\"jobId\\\":1335841, \\\"processDate\\\":\\\"%%processDate\\\", \\\"dueDate\\\":\\\"1900-01-01\\\"}\" -v -sS",
            "PostCommand": "/ctm/ctmsvr/bmcpython/bmcpython_V2/python %%partial_success %%ORDERID %%RUNCOUNT %%tolerance %%JOBNAME",
            "RunAsDummy": false,
            "Variables": [
                {
                    "tolerance": "10"
                }
            ],
            "Rerun": {
                "Units": "Hours",
                "Every": "2"
            },
            "When": {
                "WeekDays": [
                    "NONE"
                ],
                "MonthDays": [
                    "ALL"
                ],
                "ToTime": ">",
                "DaysRelation": "OR",
                "RuleBasedCalendars": {
                    "Relationship": "AND",
                    "Included": [
                        "TWDAD"
                    ]
                }
            },
            "USPAUAT_": {
                "Type": "Resource:Pool",
                "Quantity": "1"
            },
            "IfBase:Folder:Output_0": {
                "Type": "If:CompletionStatus",
                "CompletionStatus": "ANY",
                "Action:SetToNotOK_0": {
                    "Type": "Action:SetToNotOK"
                }
            },
            "IfBase:Folder:Output_1": {
                "Type": "If:Output",
                "Code": "*\"status\":107*",
                "Action:SetToOK_0": {
                    "Type": "Action:SetToOK"
                }
            },
            "IfBase:Folder:Output_2": {
                "Type": "If:Output",
                "Code": "*\"status\":105*",
                "Action:SetToNotOK_0": {
                    "Type": "Action:SetToNotOK"
                },
                "DoNotify_0": {
                    "Type": "Action:Notify",
                    "Urgency": "Urgent",
                    "Message": "%%JOBNAME %%$ODATE 105 execution failure."
                },
                "Mail_1": {
                    "Type": "Action:Mail",
                    "Subject": "%%JOBNAME %%$ODATE 105 execution failure.",
                    "Message": "%%JOBNAME %%$ODATE 105 execution failure.",
                    "Urgency": "Urgent",
                    "To": "tglop@transglobe.com.tw;ameryyen@transglobe.com.tw;danialin@transglobe.com.tw"
                }
            },
            "IfBase:Folder:Output_3": {
                "Type": "If:Output",
                "Code": "*\"status\":223*",
                "Action:SetToNotOK_0": {
                    "Type": "Action:SetToNotOK"
                },
                "DoNotify_0": {
                    "Type": "Action:Notify",
                    "Urgency": "Urgent",
                    "Message": "%%JOBNAME %%$ODATE 223 STOP"
                },
                "Mail_1": {
                    "Type": "Action:Mail",
                    "Subject": "%%JOBNAME %%$ODATE 223 STOP",
                    "Message": "%%JOBNAME %%$ODATE 223 STOP",
                    "Urgency": "Urgent",
                    "To": "tglop@transglobe.com.tw;ameryyen@transglobe.com.tw;danialin@transglobe.com.tw"
                }
            },
            "IfBase:Folder:Output_4": {
                "Type": "If:Output",
                "Code": "*Attention! Fail count exceeds tolerance*",
                "Action:SetToNotOK_0": {
                    "Type": "Action:SetToNotOK"
                },
                "DoNotify_0": {
                    "Type": "Action:Notify",
                    "Urgency": "Urgent",
                    "Message": "%%JOBNAME %%$ODATE 106 fail count over %%tolerance"
                },
                "Mail_1": {
                    "Type": "Action:Mail",
                    "Subject": "%%JOBNAME %%$ODATE 106 fail count over %%tolerance",
                    "Message": "%%JOBNAME %%$ODATE 106 fail count over %%tolerance",
                    "Urgency": "Urgent",
                    "To": "tglop@transglobe.com.tw;ameryyen@transglobe.com.tw;danialin@transglobe.com.tw"
                }
            },
            "IfBase:Folder:Output_5": {
                "Type": "If:Output",
                "Code": "*Fail count within tolerance*",
                "Action:SetToOK_0": {
                    "Type": "Action:SetToOK"
                },
                "DoNotify_0": {
                    "Type": "Action:Notify",
                    "Urgency": "Urgent",
                    "Message": "%%JOBNAME %%$ODATE 106 fail count under %%tolerance"
                },
                "Mail_1": {
                    "Type": "Action:Mail",
                    "Subject": "%%JOBNAME %%$ODATE 106 fail count under %%tolerance",
                    "Message": "%%JOBNAME %%$ODATE 106 fail count under %%tolerance",
                    "Urgency": "Urgent",
                    "To": "tglop@transglobe.com.tw;ameryyen@transglobe.com.tw;danialin@transglobe.com.tw"
                }
            },
            "IfBase:Folder:Output_6": {
                "Type": "If:Output",
                "Code": "*\"status\":995*",
                "Action:SetToNotOK_0": {
                    "Type": "Action:SetToNotOK"
                },
                "DoNotify_0": {
                    "Type": "Action:Notify",
                    "Urgency": "Urgent",
                    "Message": "%%JOBNAME %%$ODATE 995 error in submission"
                },
                "Mail_1": {
                    "Type": "Action:Mail",
                    "Subject": "%%JOBNAME %%$ODATE 995 error in submission",
                    "Message": "%%JOBNAME %%$ODATE 995 error in submission",
                    "Urgency": "Urgent",
                    "To": "tglop@transglobe.com.tw;ameryyen@transglobe.com.tw;danialin@transglobe.com.tw"
                }
            },
            "IfBase:Folder:Output_7": {
                "Type": "If:Output",
                "Code": "*\"status\":996*",
                "Action:SetToOK_0": {
                    "Type": "Action:SetToOK"
                },
                "DoNotify_0": {
                    "Type": "Action:Notify",
                    "Urgency": "Urgent",
                    "Message": "%%JOBNAME %%$ODATE 996 write t_batch_job.due_time error, please data patch the current data"
                },
                "Mail_1": {
                    "Type": "Action:Mail",
                    "Subject": "%%JOBNAME %%$ODATE 996 t_batch_job.due_time",
                    "Message": "%%JOBNAME %%$ODATE 996 write t_batch_job.due_time error, please data patch the current data",
                    "Urgency": "Urgent",
                    "To": "tglop@transglobe.com.tw;ameryyen@transglobe.com.tw;danialin@transglobe.com.tw"
                }
            },
            "IfBase:Folder:Output_8": {
                "Type": "If:Output",
                "Code": "*\"status\":997*",
                "Action:SetToNotOK_0": {
                    "Type": "Action:SetToNotOK"
                },
                "DoNotify_0": {
                    "Type": "Action:Notify",
                    "Urgency": "Urgent",
                    "Message": "%%JOBNAME %%$ODATE 997 not started"
                },
                "Mail_1": {
                    "Type": "Action:Mail",
                    "Subject": "%%JOBNAME %%$ODATE 997 not started",
                    "Message": "%%JOBNAME %%$ODATE 997 not started",
                    "Urgency": "Urgent",
                    "To": "tglop@transglobe.com.tw;ameryyen@transglobe.com.tw;danialin@transglobe.com.tw"
                }
            },
            "IfBase:Folder:Output_10": {
                "Type": "If:Output",
                "Code": "*\"status\":999*",
                "Action:SetToNotOK_0": {
                    "Type": "Action:SetToNotOK"
                },
                "DoNotify_0": {
                    "Type": "Action:Notify",
                    "Urgency": "Urgent",
                    "Message": "%%JOBNAME %%$ODATE 999 unknown exception"
                },
                "Mail_1": {
                    "Type": "Action:Mail",
                    "Subject": "%%JOBNAME %%$ODATE 999 unknown exception",
                    "Message": "%%JOBNAME %%$ODATE 999 unknown exception",
                    "Urgency": "Urgent",
                    "To": "tglop@transglobe.com.tw;ameryyen@transglobe.com.tw;danialin@transglobe.com.tw"
                }
            },
            "IfBase:Folder:Output_11": {
                "Type": "If:NumberOfFailures",
                "NumberOfFailures": "10",
                "Action:StopCyclicRun_0": {
                    "Type": "Action:StopCyclicRun"
                }
            },
            "IfBase:Folder:Output_98": {
                "Type": "If:CompletionStatus",
                "CompletionStatus": "NOTOK",
                "Mail_1": {
                    "Type": "Action:Mail",
                    "Subject": "%%JOBNAME %%$ODATE failed",
                    "Message": "%%JOBNAME %%$ODATE failed",
                    "Urgency": "Urgent",
                    "To": "tglop@transglobe.com.tw;ameryyen@transglobe.com.tw;danialin@transglobe.com.tw"
                }
            }
        },
        "1335797#USPAUAT_PaPostmailStatusUpdater": {
            "Type": "Job:Command",
            "FileName": "PA",
            "Description": "1335797#USPAUAT_PaPostmailStatusUpdater",
            "DaysKeepActive": "Forever",
            "Application": "eBao",
            "SubApplication": "USPAUAT_",
            "CreatedBy": "JackHsu_001591",
            "Host": "CTMAG",
            "RunAs": "life",
            "Command": "curl -H \"Content-Length: 250\" -H \"Content-Type: application/json\" -H \"Accept: application/json\" http://%%ip/ls/rest/batch/start.d -X POST -d \"{\\\"jobId\\\":1335797, \\\"processDate\\\":\\\"%%processDate\\\", \\\"dueDate\\\":\\\"1900-01-01\\\"}\" -v -sS",
            "PostCommand": "/ctm/ctmsvr/bmcpython/bmcpython_V2/python %%partial_success %%ORDERID %%RUNCOUNT %%tolerance %%JOBNAME",
            "RunAsDummy": false,
            "Variables": [
                {
                    "tolerance": "10"
                }
            ],
            "Rerun": {
                "Units": "Hours",
                "Every": "2"
            },
            "When": {
                "WeekDays": [
                    "NONE"
                ],
                "MonthDays": [
                    "ALL"
                ],
                "ToTime": ">",
                "DaysRelation": "OR",
                "RuleBasedCalendars": {
                    "Relationship": "AND",
                    "Included": [
                        "TWDAD"
                    ]
                }
            },
            "USPAUAT_": {
                "Type": "Resource:Pool",
                "Quantity": "1"
            },
            "IfBase:Folder:Output_0": {
                "Type": "If:CompletionStatus",
                "CompletionStatus": "ANY",
                "Action:SetToNotOK_0": {
                    "Type": "Action:SetToNotOK"
                }
            },
            "IfBase:Folder:Output_1": {
                "Type": "If:Output",
                "Code": "*\"status\":107*",
                "Action:SetToOK_0": {
                    "Type": "Action:SetToOK"
                }
            },
            "IfBase:Folder:Output_2": {
                "Type": "If:Output",
                "Code": "*\"status\":105*",
                "Action:SetToNotOK_0": {
                    "Type": "Action:SetToNotOK"
                },
                "DoNotify_0": {
                    "Type": "Action:Notify",
                    "Urgency": "Urgent",
                    "Message": "%%JOBNAME %%$ODATE 105 execution failure."
                },
                "Mail_1": {
                    "Type": "Action:Mail",
                    "Subject": "%%JOBNAME %%$ODATE 105 execution failure.",
                    "Message": "%%JOBNAME %%$ODATE 105 execution failure.",
                    "Urgency": "Urgent",
                    "To": "tglop@transglobe.com.tw;ameryyen@transglobe.com.tw;jackhsu@transglobe.com.tw"
                }
            },
            "IfBase:Folder:Output_3": {
                "Type": "If:Output",
                "Code": "*\"status\":223*",
                "Action:SetToNotOK_0": {
                    "Type": "Action:SetToNotOK"
                },
                "DoNotify_0": {
                    "Type": "Action:Notify",
                    "Urgency": "Urgent",
                    "Message": "%%JOBNAME %%$ODATE 223 STOP"
                },
                "Mail_1": {
                    "Type": "Action:Mail",
                    "Subject": "%%JOBNAME %%$ODATE 223 STOP",
                    "Message": "%%JOBNAME %%$ODATE 223 STOP",
                    "Urgency": "Urgent",
                    "To": "tglop@transglobe.com.tw;ameryyen@transglobe.com.tw;jackhsu@transglobe.com.tw"
                }
            },
            "IfBase:Folder:Output_4": {
                "Type": "If:Output",
                "Code": "*Attention! Fail count exceeds tolerance*",
                "Action:SetToNotOK_0": {
                    "Type": "Action:SetToNotOK"
                },
                "DoNotify_0": {
                    "Type": "Action:Notify",
                    "Urgency": "Urgent",
                    "Message": "%%JOBNAME %%$ODATE 106 fail count over %%tolerance"
                },
                "Mail_1": {
                    "Type": "Action:Mail",
                    "Subject": "%%JOBNAME %%$ODATE 106 fail count over %%tolerance",
                    "Message": "%%JOBNAME %%$ODATE 106 fail count over %%tolerance",
                    "Urgency": "Urgent",
                    "To": "tglop@transglobe.com.tw;ameryyen@transglobe.com.tw;jackhsu@transglobe.com.tw"
                }
            },
            "IfBase:Folder:Output_5": {
                "Type": "If:Output",
                "Code": "*Fail count within tolerance*",
                "Action:SetToOK_0": {
                    "Type": "Action:SetToOK"
                },
                "DoNotify_0": {
                    "Type": "Action:Notify",
                    "Urgency": "Urgent",
                    "Message": "%%JOBNAME %%$ODATE 106 fail count under %%tolerance"
                },
                "Mail_1": {
                    "Type": "Action:Mail",
                    "Subject": "%%JOBNAME %%$ODATE 106 fail count under %%tolerance",
                    "Message": "%%JOBNAME %%$ODATE 106 fail count under %%tolerance",
                    "Urgency": "Urgent",
                    "To": "tglop@transglobe.com.tw;ameryyen@transglobe.com.tw;jackhsu@transglobe.com.tw"
                }
            },
            "IfBase:Folder:Output_6": {
                "Type": "If:Output",
                "Code": "*\"status\":995*",
                "Action:SetToNotOK_0": {
                    "Type": "Action:SetToNotOK"
                },
                "DoNotify_0": {
                    "Type": "Action:Notify",
                    "Urgency": "Urgent",
                    "Message": "%%JOBNAME %%$ODATE 995 error in submission"
                },
                "Mail_1": {
                    "Type": "Action:Mail",
                    "Subject": "%%JOBNAME %%$ODATE 995 error in submission",
                    "Message": "%%JOBNAME %%$ODATE 995 error in submission",
                    "Urgency": "Urgent",
                    "To": "tglop@transglobe.com.tw;ameryyen@transglobe.com.tw;jackhsu@transglobe.com.tw"
                }
            },
            "IfBase:Folder:Output_7": {
                "Type": "If:Output",
                "Code": "*\"status\":996*",
                "Action:SetToOK_0": {
                    "Type": "Action:SetToOK"
                },
                "DoNotify_0": {
                    "Type": "Action:Notify",
                    "Urgency": "Urgent",
                    "Message": "%%JOBNAME %%$ODATE 996 write t_batch_job.due_time error, please data patch the current data"
                },
                "Mail_1": {
                    "Type": "Action:Mail",
                    "Subject": "%%JOBNAME %%$ODATE 996 t_batch_job.due_time",
                    "Message": "%%JOBNAME %%$ODATE 996 write t_batch_job.due_time error, please data patch the current data",
                    "Urgency": "Urgent",
                    "To": "tglop@transglobe.com.tw;ameryyen@transglobe.com.tw;jackhsu@transglobe.com.tw"
                }
            },
            "IfBase:Folder:Output_8": {
                "Type": "If:Output",
                "Code": "*\"status\":997*",
                "Action:SetToNotOK_0": {
                    "Type": "Action:SetToNotOK"
                },
                "DoNotify_0": {
                    "Type": "Action:Notify",
                    "Urgency": "Urgent",
                    "Message": "%%JOBNAME %%$ODATE 997 not started"
                },
                "Mail_1": {
                    "Type": "Action:Mail",
                    "Subject": "%%JOBNAME %%$ODATE 997 not started",
                    "Message": "%%JOBNAME %%$ODATE 997 not started",
                    "Urgency": "Urgent",
                    "To": "tglop@transglobe.com.tw;ameryyen@transglobe.com.tw;jackhsu@transglobe.com.tw"
                }
            },
            "IfBase:Folder:Output_10": {
                "Type": "If:Output",
                "Code": "*\"status\":999*",
                "Action:SetToNotOK_0": {
                    "Type": "Action:SetToNotOK"
                },
                "DoNotify_0": {
                    "Type": "Action:Notify",
                    "Urgency": "Urgent",
                    "Message": "%%JOBNAME %%$ODATE 999 unknown exception"
                },
                "Mail_1": {
                    "Type": "Action:Mail",
                    "Subject": "%%JOBNAME %%$ODATE 999 unknown exception",
                    "Message": "%%JOBNAME %%$ODATE 999 unknown exception",
                    "Urgency": "Urgent",
                    "To": "tglop@transglobe.com.tw;ameryyen@transglobe.com.tw;jackhsu@transglobe.com.tw"
                }
            },
            "IfBase:Folder:Output_11": {
                "Type": "If:NumberOfFailures",
                "NumberOfFailures": "10",
                "Action:StopCyclicRun_0": {
                    "Type": "Action:StopCyclicRun"
                }
            },
            "IfBase:Folder:Output_98": {
                "Type": "If:CompletionStatus",
                "CompletionStatus": "NOTOK",
                "Mail_1": {
                    "Type": "Action:Mail",
                    "Subject": "%%JOBNAME %%$ODATE failed",
                    "Message": "%%JOBNAME %%$ODATE failed",
                    "Urgency": "Urgent",
                    "To": "tglop@transglobe.com.tw;ameryyen@transglobe.com.tw;jackhsu@transglobe.com.tw"
                }
            }
        },
        "1334841#USPAUAT_PublishESPEvent": {
            "Type": "Job:Command",
            "FileName": "SYS",
            "Description": "1334841#USPAUAT_PublishESPEvent",
            "DaysKeepActive": "Forever",
            "Application": "eBao",
            "SubApplication": "USPAUAT_",
            "CreatedBy": "LalaChao_002992",
            "Host": "CTMAG",
            "RunAs": "life",
            "Command": "curl -H \"Content-Length: 250\" -H \"Content-Type: application/json\" -H \"Accept: application/json\" http://%%ip/ls/rest/batch/start.d -X POST -d \"{\\\"jobId\\\":1334841, \\\"processDate\\\":\\\"%%processDate\\\", \\\"dueDate\\\":\\\"1900-01-01\\\"}\" -v -sS",
            "PostCommand": "/ctm/ctmsvr/bmcpython/bmcpython_V2/python %%partial_success %%ORDERID %%RUNCOUNT %%tolerance %%JOBNAME",
            "RunAsDummy": false,
            "Variables": [
                {
                    "tolerance": "10"
                }
            ],
            "Rerun": {
                "Units": "Minutes",
                "Every": "10"
            },
            "When": {
                "WeekDays": [
                    "NONE"
                ],
                "MonthDays": [
                    "ALL"
                ],
                "ToTime": ">",
                "DaysRelation": "OR",
                "RuleBasedCalendars": {
                    "Relationship": "AND",
                    "Included": [
                        "TWDAD"
                    ]
                }
            },
            "USPAUAT_": {
                "Type": "Resource:Pool",
                "Quantity": "1"
            },
            "IfBase:Folder:Output_0": {
                "Type": "If:CompletionStatus",
                "CompletionStatus": "ANY",
                "Action:SetToNotOK_0": {
                    "Type": "Action:SetToNotOK"
                }
            },
            "IfBase:Folder:Output_1": {
                "Type": "If:Output",
                "Code": "*\"status\":107*",
                "Action:SetToOK_0": {
                    "Type": "Action:SetToOK"
                }
            },
            "IfBase:Folder:Output_2": {
                "Type": "If:Output",
                "Code": "*\"status\":105*",
                "Action:SetToNotOK_0": {
                    "Type": "Action:SetToNotOK"
                },
                "DoNotify_0": {
                    "Type": "Action:Notify",
                    "Urgency": "Urgent",
                    "Message": "%%JOBNAME %%$ODATE 105 execution failure."
                },
                "Mail_1": {
                    "Type": "Action:Mail",
                    "Subject": "%%JOBNAME %%$ODATE 105 execution failure.",
                    "Message": "%%JOBNAME %%$ODATE 105 execution failure.",
                    "Urgency": "Urgent",
                    "To": "tglop@transglobe.com.tw;ameryyen@transglobe.com.tw;LalaChao@transglobe.com.tw"
                }
            },
            "IfBase:Folder:Output_3": {
                "Type": "If:Output",
                "Code": "*\"status\":223*",
                "Action:SetToNotOK_0": {
                    "Type": "Action:SetToNotOK"
                },
                "DoNotify_0": {
                    "Type": "Action:Notify",
                    "Urgency": "Urgent",
                    "Message": "%%JOBNAME %%$ODATE 223 STOP"
                },
                "Mail_1": {
                    "Type": "Action:Mail",
                    "Subject": "%%JOBNAME %%$ODATE 223 STOP",
                    "Message": "%%JOBNAME %%$ODATE 223 STOP",
                    "Urgency": "Urgent",
                    "To": "tglop@transglobe.com.tw;ameryyen@transglobe.com.tw;LalaChao@transglobe.com.tw"
                }
            },
            "IfBase:Folder:Output_4": {
                "Type": "If:Output",
                "Code": "*Attention! Fail count exceeds tolerance*",
                "Action:SetToNotOK_0": {
                    "Type": "Action:SetToNotOK"
                },
                "DoNotify_0": {
                    "Type": "Action:Notify",
                    "Urgency": "Urgent",
                    "Message": "%%JOBNAME %%$ODATE 106 fail count over %%tolerance"
                },
                "Mail_1": {
                    "Type": "Action:Mail",
                    "Subject": "%%JOBNAME %%$ODATE 106 fail count over %%tolerance",
                    "Message": "%%JOBNAME %%$ODATE 106 fail count over %%tolerance",
                    "Urgency": "Urgent",
                    "To": "tglop@transglobe.com.tw;ameryyen@transglobe.com.tw;LalaChao@transglobe.com.tw"
                }
            },
            "IfBase:Folder:Output_5": {
                "Type": "If:Output",
                "Code": "*Fail count within tolerance*",
                "Action:SetToOK_0": {
                    "Type": "Action:SetToOK"
                },
                "DoNotify_0": {
                    "Type": "Action:Notify",
                    "Urgency": "Urgent",
                    "Message": "%%JOBNAME %%$ODATE 106 fail count under %%tolerance"
                },
                "Mail_1": {
                    "Type": "Action:Mail",
                    "Subject": "%%JOBNAME %%$ODATE 106 fail count under %%tolerance",
                    "Message": "%%JOBNAME %%$ODATE 106 fail count under %%tolerance",
                    "Urgency": "Urgent",
                    "To": "tglop@transglobe.com.tw;ameryyen@transglobe.com.tw;LalaChao@transglobe.com.tw"
                }
            },
            "IfBase:Folder:Output_6": {
                "Type": "If:Output",
                "Code": "*\"status\":995*",
                "Action:SetToNotOK_0": {
                    "Type": "Action:SetToNotOK"
                },
                "DoNotify_0": {
                    "Type": "Action:Notify",
                    "Urgency": "Urgent",
                    "Message": "%%JOBNAME %%$ODATE 995 error in submission"
                },
                "Mail_1": {
                    "Type": "Action:Mail",
                    "Subject": "%%JOBNAME %%$ODATE 995 error in submission",
                    "Message": "%%JOBNAME %%$ODATE 995 error in submission",
                    "Urgency": "Urgent",
                    "To": "tglop@transglobe.com.tw;ameryyen@transglobe.com.tw;LalaChao@transglobe.com.tw"
                }
            },
            "IfBase:Folder:Output_7": {
                "Type": "If:Output",
                "Code": "*\"status\":996*",
                "Action:SetToOK_0": {
                    "Type": "Action:SetToOK"
                },
                "DoNotify_0": {
                    "Type": "Action:Notify",
                    "Urgency": "Urgent",
                    "Message": "%%JOBNAME %%$ODATE 996 write t_batch_job.due_time error, please data patch the current data"
                },
                "Mail_1": {
                    "Type": "Action:Mail",
                    "Subject": "%%JOBNAME %%$ODATE 996 t_batch_job.due_time",
                    "Message": "%%JOBNAME %%$ODATE 996 write t_batch_job.due_time error, please data patch the current data",
                    "Urgency": "Urgent",
                    "To": "tglop@transglobe.com.tw;ameryyen@transglobe.com.tw;LalaChao@transglobe.com.tw"
                }
            },
            "IfBase:Folder:Output_8": {
                "Type": "If:Output",
                "Code": "*\"status\":997*",
                "Action:SetToNotOK_0": {
                    "Type": "Action:SetToNotOK"
                },
                "DoNotify_0": {
                    "Type": "Action:Notify",
                    "Urgency": "Urgent",
                    "Message": "%%JOBNAME %%$ODATE 997 not started"
                },
                "Mail_1": {
                    "Type": "Action:Mail",
                    "Subject": "%%JOBNAME %%$ODATE 997 not started",
                    "Message": "%%JOBNAME %%$ODATE 997 not started",
                    "Urgency": "Urgent",
                    "To": "tglop@transglobe.com.tw;ameryyen@transglobe.com.tw;LalaChao@transglobe.com.tw"
                }
            },
            "IfBase:Folder:Output_10": {
                "Type": "If:Output",
                "Code": "*\"status\":999*",
                "Action:SetToNotOK_0": {
                    "Type": "Action:SetToNotOK"
                },
                "DoNotify_0": {
                    "Type": "Action:Notify",
                    "Urgency": "Urgent",
                    "Message": "%%JOBNAME %%$ODATE 999 unknown exception"
                },
                "Mail_1": {
                    "Type": "Action:Mail",
                    "Subject": "%%JOBNAME %%$ODATE 999 unknown exception",
                    "Message": "%%JOBNAME %%$ODATE 999 unknown exception",
                    "Urgency": "Urgent",
                    "To": "tglop@transglobe.com.tw;ameryyen@transglobe.com.tw;LalaChao@transglobe.com.tw"
                }
            },
            "IfBase:Folder:Output_11": {
                "Type": "If:NumberOfFailures",
                "NumberOfFailures": "10",
                "Action:StopCyclicRun_0": {
                    "Type": "Action:StopCyclicRun"
                }
            },
            "IfBase:Folder:Output_98": {
                "Type": "If:CompletionStatus",
                "CompletionStatus": "NOTOK",
                "Mail_1": {
                    "Type": "Action:Mail",
                    "Subject": "%%JOBNAME %%$ODATE failed",
                    "Message": "%%JOBNAME %%$ODATE failed",
                    "Urgency": "Urgent",
                    "To": "tglop@transglobe.com.tw;ameryyen@transglobe.com.tw;LalaChao@transglobe.com.tw"
                }
            }
        },
        "1337102#USPAUAT_CLM_理賠聯盟鍊同業正本文件已收訖": {
            "Type": "Job:Command",
            "FileName": "CLM",
            "Description": "1337102#USPAUAT_CLM_理賠聯盟鍊同業正本文件已收訖通知",
            "DaysKeepActive": "Forever",
            "Application": "eBao",
            "SubApplication": "USPAUAT_",
            "CreatedBy": "CarlosLiang_002186",
            "Host": "CTMAG",
            "RunAs": "life",
            "Command": "curl -H \"Content-Length: 250\" -H \"Content-Type: application/json\" -H \"Accept: application/json\" http://%%ip/ls/rest/batch/start.d -X POST -d \"{\\\"jobId\\\":1337102, \\\"processDate\\\":\\\"%%processDate\\\", \\\"dueDate\\\":\\\"1900-01-01\\\"}\" -v -sS",
            "PostCommand": "/ctm/ctmsvr/bmcpython/bmcpython_V2/python %%partial_success %%ORDERID %%RUNCOUNT %%tolerance %%JOBNAME",
            "RunAsDummy": false,
            "Variables": [
                {
                    "tolerance": "10"
                }
            ],
            "Rerun": {
                "Units": "Hours",
                "Every": "24"
            },
            "When": {
                "WeekDays": [
                    "NONE"
                ],
                "MonthDays": [
                    "ALL"
                ],
                "ToTime": ">",
                "DaysRelation": "OR",
                "RuleBasedCalendars": {
                    "Relationship": "AND",
                    "Included": [
                        "TWDAD"
                    ]
                }
            },
            "USPAUAT_": {
                "Type": "Resource:Pool",
                "Quantity": "1"
            },
            "IfBase:Folder:Output_0": {
                "Type": "If:CompletionStatus",
                "CompletionStatus": "ANY",
                "Action:SetToNotOK_0": {
                    "Type": "Action:SetToNotOK"
                }
            },
            "IfBase:Folder:Output_1": {
                "Type": "If:Output",
                "Code": "*\"status\":107*",
                "Action:SetToOK_0": {
                    "Type": "Action:SetToOK"
                }
            },
            "IfBase:Folder:Output_2": {
                "Type": "If:Output",
                "Code": "*\"status\":105*",
                "Action:SetToNotOK_0": {
                    "Type": "Action:SetToNotOK"
                },
                "DoNotify_0": {
                    "Type": "Action:Notify",
                    "Urgency": "Urgent",
                    "Message": "%%JOBNAME %%$ODATE 105 execution failure."
                },
                "Mail_1": {
                    "Type": "Action:Mail",
                    "Subject": "%%JOBNAME %%$ODATE 105 execution failure.",
                    "Message": "%%JOBNAME %%$ODATE 105 execution failure.",
                    "Urgency": "Urgent",
                    "To": "tglop@transglobe.com.tw;ameryyen@transglobe.com.tw;CarlosLiang@transglobe.com.tw"
                }
            },
            "IfBase:Folder:Output_3": {
                "Type": "If:Output",
                "Code": "*\"status\":223*",
                "Action:SetToNotOK_0": {
                    "Type": "Action:SetToNotOK"
                },
                "DoNotify_0": {
                    "Type": "Action:Notify",
                    "Urgency": "Urgent",
                    "Message": "%%JOBNAME %%$ODATE 223 STOP"
                },
                "Mail_1": {
                    "Type": "Action:Mail",
                    "Subject": "%%JOBNAME %%$ODATE 223 STOP",
                    "Message": "%%JOBNAME %%$ODATE 223 STOP",
                    "Urgency": "Urgent",
                    "To": "tglop@transglobe.com.tw;ameryyen@transglobe.com.tw;CarlosLiang@transglobe.com.tw"
                }
            },
            "IfBase:Folder:Output_4": {
                "Type": "If:Output",
                "Code": "*Attention! Fail count exceeds tolerance*",
                "Action:SetToNotOK_0": {
                    "Type": "Action:SetToNotOK"
                },
                "DoNotify_0": {
                    "Type": "Action:Notify",
                    "Urgency": "Urgent",
                    "Message": "%%JOBNAME %%$ODATE 106 fail count over %%tolerance"
                },
                "Mail_1": {
                    "Type": "Action:Mail",
                    "Subject": "%%JOBNAME %%$ODATE 106 fail count over %%tolerance",
                    "Message": "%%JOBNAME %%$ODATE 106 fail count over %%tolerance",
                    "Urgency": "Urgent",
                    "To": "tglop@transglobe.com.tw;ameryyen@transglobe.com.tw;CarlosLiang@transglobe.com.tw"
                }
            },
            "IfBase:Folder:Output_5": {
                "Type": "If:Output",
                "Code": "*Fail count within tolerance*",
                "Action:SetToOK_0": {
                    "Type": "Action:SetToOK"
                },
                "DoNotify_0": {
                    "Type": "Action:Notify",
                    "Urgency": "Urgent",
                    "Message": "%%JOBNAME %%$ODATE 106 fail count under %%tolerance"
                },
                "Mail_1": {
                    "Type": "Action:Mail",
                    "Subject": "%%JOBNAME %%$ODATE 106 fail count under %%tolerance",
                    "Message": "%%JOBNAME %%$ODATE 106 fail count under %%tolerance",
                    "Urgency": "Urgent",
                    "To": "tglop@transglobe.com.tw;ameryyen@transglobe.com.tw;CarlosLiang@transglobe.com.tw"
                }
            },
            "IfBase:Folder:Output_6": {
                "Type": "If:Output",
                "Code": "*\"status\":995*",
                "Action:SetToNotOK_0": {
                    "Type": "Action:SetToNotOK"
                },
                "DoNotify_0": {
                    "Type": "Action:Notify",
                    "Urgency": "Urgent",
                    "Message": "%%JOBNAME %%$ODATE 995 error in submission"
                },
                "Mail_1": {
                    "Type": "Action:Mail",
                    "Subject": "%%JOBNAME %%$ODATE 995 error in submission",
                    "Message": "%%JOBNAME %%$ODATE 995 error in submission",
                    "Urgency": "Urgent",
                    "To": "tglop@transglobe.com.tw;ameryyen@transglobe.com.tw;CarlosLiang@transglobe.com.tw"
                }
            },
            "IfBase:Folder:Output_7": {
                "Type": "If:Output",
                "Code": "*\"status\":996*",
                "Action:SetToOK_0": {
                    "Type": "Action:SetToOK"
                },
                "DoNotify_0": {
                    "Type": "Action:Notify",
                    "Urgency": "Urgent",
                    "Message": "%%JOBNAME %%$ODATE 996 write t_batch_job.due_time error, please data patch the current data"
                },
                "Mail_1": {
                    "Type": "Action:Mail",
                    "Subject": "%%JOBNAME %%$ODATE 996 t_batch_job.due_time",
                    "Message": "%%JOBNAME %%$ODATE 996 write t_batch_job.due_time error, please data patch the current data",
                    "Urgency": "Urgent",
                    "To": "tglop@transglobe.com.tw;ameryyen@transglobe.com.tw;CarlosLiang@transglobe.com.tw"
                }
            },
            "IfBase:Folder:Output_8": {
                "Type": "If:Output",
                "Code": "*\"status\":997*",
                "Action:SetToNotOK_0": {
                    "Type": "Action:SetToNotOK"
                },
                "DoNotify_0": {
                    "Type": "Action:Notify",
                    "Urgency": "Urgent",
                    "Message": "%%JOBNAME %%$ODATE 997 not started"
                },
                "Mail_1": {
                    "Type": "Action:Mail",
                    "Subject": "%%JOBNAME %%$ODATE 997 not started",
                    "Message": "%%JOBNAME %%$ODATE 997 not started",
                    "Urgency": "Urgent",
                    "To": "tglop@transglobe.com.tw;ameryyen@transglobe.com.tw;CarlosLiang@transglobe.com.tw"
                }
            },
            "IfBase:Folder:Output_10": {
                "Type": "If:Output",
                "Code": "*\"status\":999*",
                "Action:SetToNotOK_0": {
                    "Type": "Action:SetToNotOK"
                },
                "DoNotify_0": {
                    "Type": "Action:Notify",
                    "Urgency": "Urgent",
                    "Message": "%%JOBNAME %%$ODATE 999 unknown exception"
                },
                "Mail_1": {
                    "Type": "Action:Mail",
                    "Subject": "%%JOBNAME %%$ODATE 999 unknown exception",
                    "Message": "%%JOBNAME %%$ODATE 999 unknown exception",
                    "Urgency": "Urgent",
                    "To": "tglop@transglobe.com.tw;ameryyen@transglobe.com.tw;CarlosLiang@transglobe.com.tw"
                }
            },
            "IfBase:Folder:Output_11": {
                "Type": "If:NumberOfFailures",
                "NumberOfFailures": "10",
                "Action:StopCyclicRun_0": {
                    "Type": "Action:StopCyclicRun"
                }
            },
            "IfBase:Folder:Output_98": {
                "Type": "If:CompletionStatus",
                "CompletionStatus": "NOTOK",
                "Mail_1": {
                    "Type": "Action:Mail",
                    "Subject": "%%JOBNAME %%$ODATE failed",
                    "Message": "%%JOBNAME %%$ODATE failed",
                    "Urgency": "Urgent",
                    "To": "tglop@transglobe.com.tw;ameryyen@transglobe.com.tw;CarlosLiang@transglobe.com.tw"
                }
            }
        }
    }
}