{
  "KPL_ODFND_ADA_CON_WM_FND_INFO": {
    "Type": "Folder",
    "Variables": [
      {
        "TOKEN": "ODFND_CON_WM_FND_INFO"
      },
      {
        "MAIL_GRP": "DW2"
      },
      {
        "ENV": "KP_PROD"
      },
      {
        "SRC_NAME": "IFND_FNDC_FUSFTP"
      },
      {
        "MAIL_ADDR1": "K960023@kgi.com;K960051@kgi.com"
      }
    ],
    "ControlmServer": "CTM",
    "OrderMethod": "Manual",
    "ActiveRetentionPolicy": "CleanEndedOK",
    "SubApplication": "KPL_ADA_ODFND_F1",
    "CreatedBy": "135372",
    "Application": "KPL",
    "When": {
      "FromTime": "2100",
      "RuleBasedCalendars": {
        "Included": [
          "EVERYDAY"
        ],
        "EVERYDAY": {
          "Type": "Calendar:RuleBased",
          "When": {
            "DaysRelation": "OR",
            "WeekDays": [
              "NONE"
            ],
            "MonthDays": [
              "ALL"
            ],
            "ConfirmationCalendars": {
              "Calendar": "EVERYday"
            }
          }
        }
      }
    },
    "ODFND_ADA_CON_WM_FND_INFO_PARM": {
      "Type": "Job:Database:StoredProcedure",
      "Parameters": [
        "%%TOKEN",
        "%%MAIL_GRP",
        "%%ENV"
      ],
      "OutputExecutionLog": "N",
      "OutputSQLOutput": "Y",
      "SQLOutputFormat": "CSV",
      "Schema": "dbo",
      "StoredProcedure": "usp_KP_CTRLM_JOB_PARAM",
      "ConnectionProfile": "ODKPP01_KPDB01",
      "SubApplication": "KPL_ADA_ODFND_F1",
      "Host": "hetlsrv1",
      "CreatedBy": "135372",
      "RunAs": "ODKPP01_KPDB01",
      "Application": "KPL",
      "When": {
        "WeekDays": [
          "NONE"
        ],
        "MonthDays": [
          "ALL"
        ],
        "DaysRelation": "OR",
        "RuleBasedCalendars": {
          "Relationship": "AND",
          "Included": [
            "EVERYDAY"
          ]
        }
      },
      "IfBase:Folder:CompletionStatus_0": {
        "Type": "If:CompletionStatus",
        "CompletionStatus": "NOTOK",
        "Mail_0": {
          "Type": "Action:Mail",
          "Subject": "[資料倉儲-警示]取執行參數 未完成，請通知負責人",
          "To": "%%MAIL_ADDR1",
          "Message": "%%JOBNAME. 取執行參數 未完成, 請聯絡%%MAIL_GRP.值班人員"
        }
      },
      "CaptureOutput_1": {
        "Type": "Action:CaptureOutput",
        "Search": "ODFND_CON_WM_FND_INFO",
        "VariableName": "\\\\FOLDER_NAME"
      },
      "CaptureOutput_2": {
        "Type": "Action:CaptureOutput",
        "Search": "ODFND_CON_WM_FND_INFO",
        "VariableName": "\\\\WF_NAME",
        "ForwardBy": {
          "Columns": "1"
        }
      },
      "CaptureOutput_3": {
        "Type": "Action:CaptureOutput",
        "Search": "ODFND_CON_WM_FND_INFO",
        "VariableName": "\\\\BUS_DT",
        "ForwardBy": {
          "Columns": "2"
        }
      },
      "CaptureOutput_4": {
        "Type": "Action:CaptureOutput",
        "Search": "ODFND_CON_WM_FND_INFO",
        "VariableName": "\\\\SYS_DT",
        "ForwardBy": {
          "Columns": "3"
        }
      },
      "CaptureOutput_5": {
        "Type": "Action:CaptureOutput",
        "Search": "ODFND_CON_WM_FND_INFO",
        "VariableName": "\\\\SRC_NAME",
        "ForwardBy": {
          "Columns": "4"
        }
      },
      "CaptureOutput_6": {
        "Type": "Action:CaptureOutput",
        "Search": "ODFND_CON_WM_FND_INFO",
        "VariableName": "\\\\TGT_NAME",
        "ForwardBy": {
          "Columns": "5"
        }
      },
      "CaptureOutput_7": {
        "Type": "Action:CaptureOutput",
        "Search": "KP_PROD",
        "VariableName": "\\\\RUN_AS"
      },
      "CaptureOutput_8": {
        "Type": "Action:CaptureOutput",
        "Search": "KP_PROD",
        "VariableName": "\\\\LOCAL_DISK",
        "ForwardBy": {
          "Columns": "1"
        }
      },
      "CaptureOutput_9": {
        "Type": "Action:CaptureOutput",
        "Search": "KP_PROD",
        "VariableName": "\\\\SRC_PATH",
        "ForwardBy": {
          "Columns": "3"
        }
      },
      "CaptureOutput_10": {
        "Type": "Action:CaptureOutput",
        "Search": "KP_PROD",
        "VariableName": "\\\\MOUNT_PATH",
        "ForwardBy": {
          "Columns": "2"
        }
      },
      "CaptureOutput_11": {
        "Type": "Action:CaptureOutput",
        "Search": "KP_PROD",
        "VariableName": "\\\\MAIL_ADDR",
        "ForwardBy": {
          "Columns": "5"
        }
      },
      "eventsToAdd": {
        "Type": "AddEvents",
        "Events": [
          {
            "Event": "ODFND_ADA_CON_WM_FND_INFO_PARM-TO-ODFND_ADA_CON_WM_FND_INFO_FIW"
          }
        ]
      }
    },
    "ODFND_ADA_CON_WM_FND_INFO_FIW": {
      "Type": "Job:FileTransfer",
      "ConnectionProfileDualEndpoint": "DW_INTFTP_03",
      "SubApplication": "KPL_ADA_ODFND_F1",
      "Host": "hetlsrv1",
      "CreatedBy": "135372",
      "RunAs": "DW_INTFTP_03",
      "Application": "KPL",
      "Variables": [
        {
          "FTP-LOSTYPE": "Windows"
        },
        {
          "FTP-CONNTYPE1": "LOCAL"
        },
        {
          "FTP-LHOST": "Local"
        },
        {
          "FTP-LUSER": "DW_USER"
        },
        {
          "FTP-ROSTYPE": "Unix"
        },
        {
          "FTP-CONNTYPE2": "FTP"
        },
        {
          "FTP-RHOST": "DBRD8"
        },
        {
          "FTP-RUSER": "gdwetl2488"
        },
        {
          "FTP-CM_VER": "9.0.00"
        }
      ],
      "FileTransfers": [
        {
          "TransferType": "Binary",
          "TransferOption": "DestToSrcFileWatcher",
          "Src": "%%SRC_PATH",
          "Dest": "/%%SRC_NAME..H",
          "TIMELIMIT": "3",
          "ABSTIME": "0",
          "SRCOPT": "0",
          "IF_EXIST": "0",
          "DSTOPT": "0",
          "UNIQUE": "0",
          "RECURSIVE": "0",
          "TRIM": "1",
          "NULLFLDS": "0",
          "VERNUM": "0",
          "EXCLUDE_WILDCARD": "0",
          "CASEIFS": "0"
        },
        {
          "TransferType": "Binary",
          "TransferOption": "DestToSrc",
          "Src": "%%SRC_PATH",
          "Dest": "/%%SRC_NAME..D",
          "TIMELIMIT": "0",
          "ABSTIME": "0",
          "SRCOPT": "0",
          "IF_EXIST": "0",
          "DSTOPT": "0",
          "UNIQUE": "0",
          "RECURSIVE": "0",
          "TRIM": "1",
          "NULLFLDS": "0",
          "VERNUM": "0",
          "EXCLUDE_WILDCARD": "0",
          "CASEIFS": "0"
        }
      ],
      "Rerun": {
        "Times": "60",
        "Units": "Minutes",
        "Every": "15"
      },
      "When": {
        "WeekDays": [
          "NONE"
        ],
        "MonthDays": [
          "ALL"
        ],
        "DaysRelation": "OR",
        "RuleBasedCalendars": {
          "Relationship": "AND",
          "Included": [
            "EVERYDAY"
          ]
        }
      },
      "IfBase:Folder:CompletionStatus_9": {
        "Type": "If:CompletionStatus",
        "CompletionStatus": "OK",
        "Action:SetToOK_0": {
          "Type": "Action:SetToOK"
        },
        "Action:StopCyclicRun_1": {
          "Type": "Action:StopCyclicRun"
        }
      },
      "IfBase:Folder:NumberOfFailures_10": {
        "Type": "If:NumberOfFailures",
        "NumberOfFailures": "34",
        "Mail_0": {
          "Type": "Action:Mail",
          "Subject": "[資料倉儲-警示]等待來源檔 執行未完成，請通知負責人",
          "To": "%%MAIL_ADDR",
          "Message": "%%JOB_NAME.0041檔案：%%SRC_NAME..D 時間內未到檔0116資料倉儲 執行排程未完成警示訊息, 請依SOP電話通知以下負責人, 但「無需」開立Issue單.0032請聯絡%%MAIL_GRP.值班人員"
        }
      },
      "IfBase:Folder:NumberOfFailures_11": {
        "Type": "If:NumberOfFailures",
        "NumberOfFailures": "42",
        "Mail_0": {
          "Type": "Action:Mail",
          "Subject": "[資料倉儲-警示]等待來源檔 執行未完成，請通知負責人",
          "To": "%%MAIL_ADDR",
          "Message": "%%JOB_NAME.0041檔案：%%SRC_NAME..D 時間內未到檔0116資料倉儲 執行排程未完成警示訊息, 請依SOP電話通知以下負責人, 但「無需」開立Issue單.0032請聯絡%%MAIL_GRP.值班人員"
        }
      },
      "IfBase:Folder:NumberOfFailures_12": {
        "Type": "If:NumberOfFailures",
        "NumberOfFailures": "50",
        "Mail_0": {
          "Type": "Action:Mail",
          "Subject": "[資料倉儲-警示]等待來源檔 執行未完成，請通知負責人",
          "To": "%%MAIL_ADDR",
          "Message": "%%JOB_NAME.0041檔案：%%SRC_NAME..D 時間內未到檔0116資料倉儲 執行排程未完成警示訊息, 請依SOP電話通知以下負責人, 但「無需」開立Issue單.0032請聯絡%%MAIL_GRP.值班人員"
        }
      },
      "IfBase:Folder:NumberOfFailures_13": {
        "Type": "If:NumberOfFailures",
        "NumberOfFailures": "66",
        "Mail_0": {
          "Type": "Action:Mail",
          "Subject": "[資料倉儲-異常]等待來源檔 執行失敗，請通知負責人",
          "To": "%%MAIL_ADDR",
          "Message": "%%JOB_NAME.0041檔案：%%SRC_NAME..D 時間內未到檔0085資料倉儲執行排程失敗訊息, 請依SOP通知以下負責人與開立Issue單0032請聯絡%%MAIL_GRP.值班人員"
        }
      },
      "eventsToWaitFor": {
        "Type": "WaitForEvents",
        "Events": [
          {
            "Event": "ODFND_ADA_CON_WM_FND_INFO_PARM-TO-ODFND_ADA_CON_WM_FND_INFO_FIW"
          }
        ]
      },
      "eventsToAdd": {
        "Type": "AddEvents",
        "Events": [
          {
            "Event": "ODFND_ADA_CON_WM_FND_INFO_FIW-TO-ODFND_ADA_CON_WM_FND_INFO_FILE_CHK"
          }
        ]
      },
      "eventsToDelete": {
        "Type": "DeleteEvents",
        "Events": [
          {
            "Event": "ODFND_ADA_CON_WM_FND_INFO_PARM-TO-ODFND_ADA_CON_WM_FND_INFO_FIW"
          }
        ]
      }
    },
    "ODFND_ADA_CON_WM_FND_INFO_FILE_CHK": {
      "Type": "Job:Command",
      "SubApplication": "KPL_ADA_ODFND_F1",
      "Host": "hetlsrv1",
      "CreatedBy": "135372",
      "RunAs": "%%RUN_AS",
      "Application": "KPL",
      "Command": "type %%SRC_PATH.%%SRC_NAME..H && D:\\KGI_ETL\\ctrlmbat\\D_FILE_COUNT.bat %%SRC_PATH %%SRC_NAME",
      "When": {
        "WeekDays": [
          "NONE"
        ],
        "MonthDays": [
          "ALL"
        ],
        "DaysRelation": "OR",
        "RuleBasedCalendars": {
          "Relationship": "AND",
          "Included": [
            "EVERYDAY"
          ]
        }
      },
      "IfBase:Folder:CompletionStatus_0": {
        "Type": "If:CompletionStatus",
        "CompletionStatus": "NOTOK",
        "Mail_0": {
          "Type": "Action:Mail",
          "Subject": "[資料倉儲-警示]取得H檔案參數 未完成，請通知負責人",
          "To": "%%MAIL_ADDR",
          "Message": "%%JOBNAME. ，取得H檔案參數 未完成 請聯絡%%MAIL_GRP.值班人員"
        }
      },
      "CaptureOutput_1": {
        "Type": "Action:CaptureOutput",
        "Capture": "8",
        "Search": "IFND_FNDC_FUSFTP",
        "VariableName": "\\\\H_START_DT",
        "ForwardBy": {
          "Lines": "1",
          "ColumnsOption": "Characters"
        }
      },
      "CaptureOutput_2": {
        "Type": "Action:CaptureOutput",
        "Capture": "8",
        "Search": "IFND_FNDC_FUSFTP",
        "VariableName": "\\\\H_END_DT",
        "ForwardBy": {
          "Columns": "8",
          "Lines": "1",
          "ColumnsOption": "Characters"
        }
      },
      "CaptureOutput_3": {
        "Type": "Action:CaptureOutput",
        "Capture": "14",
        "Search": "IFND_FNDC_FUSFTP",
        "VariableName": "\\\\H_EXPORT_DT",
        "ForwardBy": {
          "Columns": "16",
          "Lines": "1",
          "ColumnsOption": "Characters"
        }
      },
      "CaptureOutput_4": {
        "Type": "Action:CaptureOutput",
        "Capture": "9",
        "Search": "IFND_FNDC_FUSFTP",
        "VariableName": "\\\\H_CNT",
        "ForwardBy": {
          "Columns": "30",
          "Lines": "1",
          "ColumnsOption": "Characters"
        }
      },
      "CaptureOutput_5": {
        "Type": "Action:CaptureOutput",
        "Capture": "3",
        "Search": "IFND_FNDC_FUSFTP",
        "VariableName": "\\\\H_CHKSUM",
        "ForwardBy": {
          "Columns": "39",
          "Lines": "1",
          "ColumnsOption": "Characters"
        }
      },
      "CaptureOutput_6": {
        "Type": "Action:CaptureOutput",
        "Capture": "UpToEndOfLine",
        "Search": "FILE_CNT",
        "VariableName": "\\\\D_CNT",
        "ForwardBy": {
          "ColumnsOption": "Characters"
        }
      },
      "eventsToWaitFor": {
        "Type": "WaitForEvents",
        "Events": [
          {
            "Event": "ODFND_ADA_CON_WM_FND_INFO_FIW-TO-ODFND_ADA_CON_WM_FND_INFO_FILE_CHK"
          }
        ]
      },
      "eventsToAdd": {
        "Type": "AddEvents",
        "Events": [
          {
            "Event": "ODFND_ADA_CON_WM_FND_INFO_FILE_CHK-TO-ODFND_ADA_CON_WM_FND_INFO_CHK_CNT"
          }
        ]
      },
      "eventsToDelete": {
        "Type": "DeleteEvents",
        "Events": [
          {
            "Event": "ODFND_ADA_CON_WM_FND_INFO_FIW-TO-ODFND_ADA_CON_WM_FND_INFO_FILE_CHK"
          }
        ]
      }
    },
    "ODFND_ADA_CON_WM_FND_INFO_CHK_CNT": {
      "Type": "Job:Database:StoredProcedure",
      "Parameters": [
        "%%SRC_NAME..D",
        "%%H_CNT",
        "%%D_CNT"
      ],
      "OutputExecutionLog": "N",
      "OutputSQLOutput": "Y",
      "SQLOutputFormat": "CSV",
      "Schema": "dbo",
      "StoredProcedure": "usp_KP_CTRLM_CHK_FILE",
      "ConnectionProfile": "ODKPP01_KPDB01",
      "SubApplication": "KPL_ADA_ODFND_F1",
      "Host": "hetlsrv1",
      "CreatedBy": "135372",
      "RunAs": "ODKPP01_KPDB01",
      "Application": "KPL",
      "When": {
        "WeekDays": [
          "NONE"
        ],
        "MonthDays": [
          "ALL"
        ],
        "DaysRelation": "OR",
        "RuleBasedCalendars": {
          "Relationship": "AND",
          "Included": [
            "EVERYDAY"
          ]
        }
      },
      "Output": {
        "Operation": "Print"
      },
      "IfBase:Folder:Output_0": {
        "Type": "If:Output",
        "Code": "*= -*",
        "Action:SetToNotOK_0": {
          "Type": "Action:SetToNotOK"
        },
        "Mail_1": {
          "Type": "Action:Mail",
          "Subject": "[資料倉儲-警示]比對檔案內容 未完成，請通知負責人",
          "To": "%%MAIL_ADDR",
          "Message": "%%JOBNAME. ，比對檔案內容 未完成 請聯絡%%MAIL_GRP.值班人員0014FILE CNT錯誤0025READ FILE = %%SRC_NAME..D0013D_CNT=%%D_CNT0013H_CNT=%%H_CNT"
        }
      },
      "eventsToWaitFor": {
        "Type": "WaitForEvents",
        "Events": [
          {
            "Event": "ODFND_ADA_CON_WM_FND_INFO_FILE_CHK-TO-ODFND_ADA_CON_WM_FND_INFO_CHK_CNT"
          }
        ]
      },
      "eventsToAdd": {
        "Type": "AddEvents",
        "Events": [
          {
            "Event": "ODFND_ADA_CON_WM_FND_INFO_CHK_CNT-TO-ODFND_ADA_CON_WM_FND_INFO_STRAT_STAT"
          }
        ]
      },
      "eventsToDelete": {
        "Type": "DeleteEvents",
        "Events": [
          {
            "Event": "ODFND_ADA_CON_WM_FND_INFO_FILE_CHK-TO-ODFND_ADA_CON_WM_FND_INFO_CHK_CNT"
          }
        ]
      }
    },
    "ODFND_ADA_CON_WM_FND_INFO_STRAT_STAT": {
      "Type": "Job:Database:StoredProcedure",
      "Parameters": [
        "%%FOLDER_NAME",
        "%%SRC_NAME",
        "%%TGT_NAME",
        "%%H_EXPORT_DT",
        "%%H_CNT"
      ],
      "OutputExecutionLog": "N",
      "OutputSQLOutput": "Y",
      "SQLOutputFormat": "CSV",
      "Schema": "dbo",
      "StoredProcedure": "usp_KP_START",
      "ConnectionProfile": "ODKPP01_KPDB01",
      "SubApplication": "KPL_ADA_ODFND_F1",
      "Host": "hetlsrv1",
      "CreatedBy": "135372",
      "RunAs": "ODKPP01_KPDB01",
      "Application": "KPL",
      "When": {
        "WeekDays": [
          "NONE"
        ],
        "MonthDays": [
          "ALL"
        ],
        "DaysRelation": "OR",
        "RuleBasedCalendars": {
          "Relationship": "AND",
          "Included": [
            "EVERYDAY"
          ]
        }
      },
      "Output": {
        "Operation": "Print"
      },
      "IfBase:Folder:Output_0": {
        "Type": "If:Output",
        "Code": "*= -*",
        "Action:SetToNotOK_0": {
          "Type": "Action:SetToNotOK"
        },
        "Mail_1": {
          "Type": "Action:Mail",
          "Subject": "[資料倉儲-警示]更新TABLE狀態 未完成，請通知負責人",
          "To": "%%MAIL_ADDR",
          "Message": "%%JOBNAME. ，更新TABLE狀態 未完成，請聯絡%%MAIL_GRP.值班人員"
        }
      },
      "eventsToWaitFor": {
        "Type": "WaitForEvents",
        "Events": [
          {
            "Event": "ODFND_ADA_CON_WM_FND_INFO_CHK_CNT-TO-ODFND_ADA_CON_WM_FND_INFO_STRAT_STAT"
          }
        ]
      },
      "eventsToAdd": {
        "Type": "AddEvents",
        "Events": [
          {
            "Event": "ODFND_ADA_CON_WM_FND_INFO_STRAT_STAT-TO-ODFND_ADA_CON_WM_FND_INFO_ETL"
          }
        ]
      },
      "eventsToDelete": {
        "Type": "DeleteEvents",
        "Events": [
          {
            "Event": "ODFND_ADA_CON_WM_FND_INFO_CHK_CNT-TO-ODFND_ADA_CON_WM_FND_INFO_STRAT_STAT"
          }
        ]
      }
    },
    "ODFND_ADA_CON_WM_FND_INFO_MV_FILE": {
      "Type": "Job:Command",
      "SubApplication": "KPL_ADA_ODFND_F1",
      "RunAsDummy": true,
      "Host": "hetlsrv1",
      "CreatedBy": "135372",
      "RunAs": "%%RUN_AS",
      "Application": "KPL",
      "Command": "if not exist I:\\ (net use I: %%MOUNT_PATH.) else (echo i:\\ IsExist) && move /y %%SRC_PATH.%%SRC_NAME..H I:\\%%SYS_DT.\\ && move /y %%SRC_PATH.%%SRC_NAME..D I:\\%%SYS_DT.\\",
      "Variables": [
        {
          "PRECMD": ""
        },
        {
          "POSTCMD": ""
        }
      ],
      "When": {
        "WeekDays": [
          "NONE"
        ],
        "MonthDays": [
          "ALL"
        ],
        "DaysRelation": "OR",
        "RuleBasedCalendars": {
          "Relationship": "AND",
          "Included": [
            "EVERYDAY"
          ]
        }
      },
      "IfBase:Folder:CompletionStatus_2": {
        "Type": "If:CompletionStatus",
        "CompletionStatus": "NOTOK",
        "Mail_0": {
          "Type": "Action:Mail",
          "Subject": "[資料倉儲-警示]搬檔備粉 未完成，請通知負責人",
          "To": "%%MAIL_ADDR",
          "Message": "%%JOBNAME. ，搬檔備粉 未完成，%%MAIL_GRP.值班人員"
        }
      },
      "eventsToWaitFor": {
        "Type": "WaitForEvents",
        "Events": [
          {
            "Event": "ODFND_ADA_CON_WM_FND_INFO_END_STAT-TO-ODFND_ADA_CON_WM_FND_INFO_MV_FILE"
          }
        ]
      },
      "eventsToDelete": {
        "Type": "DeleteEvents",
        "Events": [
          {
            "Event": "ODFND_ADA_CON_WM_FND_INFO_END_STAT-TO-ODFND_ADA_CON_WM_FND_INFO_MV_FILE"
          }
        ]
      }
    },
    "ODFND_ADA_CON_WM_FND_INFO_END_STAT": {
      "Type": "Job:Database:StoredProcedure",
      "Parameters": [
        "%%FOLDER_NAME",
        "%%SRC_NAME",
        "%%TGT_NAME",
        "%%H_EXPORT_DT",
        "%%ETL_TGT_CNT"
      ],
      "OutputExecutionLog": "N",
      "OutputSQLOutput": "Y",
      "SQLOutputFormat": "CSV",
      "Schema": "dbo",
      "StoredProcedure": "usp_KP_END",
      "ConnectionProfile": "ODKPP01_KPDB01",
      "SubApplication": "KPL_ADA_ODFND_F1",
      "Host": "hetlsrv1",
      "CreatedBy": "135372",
      "RunAs": "ODKPP01_KPDB01",
      "Application": "KPL",
      "When": {
        "WeekDays": [
          "NONE"
        ],
        "MonthDays": [
          "ALL"
        ],
        "DaysRelation": "OR",
        "RuleBasedCalendars": {
          "Relationship": "AND",
          "Included": [
            "EVERYDAY"
          ]
        }
      },
      "Output": {
        "Operation": "Print"
      },
      "IfBase:Folder:Output_0": {
        "Type": "If:Output",
        "Code": "*= -*",
        "Action:SetToNotOK_0": {
          "Type": "Action:SetToNotOK"
        },
        "Mail_1": {
          "Type": "Action:Mail",
          "Subject": "[資料倉儲-警示]結束TABLE狀態 未完成，請通知負責人",
          "To": "%%MAIL_ADDR",
          "Message": "%%JOBNAME. ，結束TABLE狀態 未完成，請聯絡%%MAIL_GRP.值班人員"
        }
      },
      "eventsToWaitFor": {
        "Type": "WaitForEvents",
        "Events": [
          {
            "Event": "ODFND_ADA_CON_WM_FND_INFO_ETL-TO-ODFND_ADA_CON_WM_FND_INFO_END_STAT"
          }
        ]
      },
      "eventsToAdd": {
        "Type": "AddEvents",
        "Events": [
          {
            "Event": "ODFND_ADA_CON_WM_FND_INFO_END_STAT-TO-ODFND_ADA_CON_WM_FND_INFO_MV_FILE"
          }
        ]
      },
      "eventsToDelete": {
        "Type": "DeleteEvents",
        "Events": [
          {
            "Event": "ODFND_ADA_CON_WM_FND_INFO_ETL-TO-ODFND_ADA_CON_WM_FND_INFO_END_STAT"
          }
        ]
      }
    },
    "ODFND_ADA_CON_WM_FND_INFO_ETL": {
      "Type": "Job:Informatica",
      "RepositoryFolder": "%%FOLDER_NAME",
      "Workflow": "%%WF_NAME",
      "WorkflowExecutionMode": "RunWholeWorkflow",
      "WorkflowRestartMode": "Recover",
      "ConnectionProfile": "HETLSRV1_INFA",
      "SubApplication": "KPL_ADA_ODFND_F1",
      "Host": "hetlsrv1",
      "CreatedBy": "135372",
      "RunAs": "HETLSRV1_INFA",
      "Application": "KPL",
      "Rerun": {
        "Times": "5",
        "Units": "Minutes",
        "Every": "5"
      },
      "When": {
        "WeekDays": [
          "NONE"
        ],
        "MonthDays": [
          "ALL"
        ],
        "DaysRelation": "OR",
        "RuleBasedCalendars": {
          "Relationship": "AND",
          "Included": [
            "EVERYDAY"
          ]
        }
      },
      "Output": {
        "Operation": "Print"
      },
      "KPL_ETL_RES": {
        "Type": "Resource:Pool",
        "Quantity": "1"
      },
      "IfBase:Folder:CompletionStatus_0": {
        "Type": "If:CompletionStatus",
        "CompletionStatus": "NOTOK",
        "Action:Rerun_0": {
          "Type": "Action:Rerun"
        }
      },
      "IfBase:Folder:NumberOfFailures_1": {
        "Type": "If:NumberOfFailures",
        "NumberOfFailures": "6",
        "Mail_0": {
          "Type": "Action:Mail",
          "Subject": "[資料倉儲-異常]ETL 執行失敗，請通知負責人",
          "To": "%%MAIL_ADDR",
          "Message": "%%JOBNAME. ETL 執行失敗，請聯絡%%MAIL_GRP.值班人員"
        }
      },
      "IfBase:Folder:CompletionStatus_2": {
        "Type": "If:CompletionStatus",
        "CompletionStatus": "OK",
        "Action:StopCyclicRun_0": {
          "Type": "Action:StopCyclicRun"
        }
      },
      "CaptureOutput_3": {
        "Type": "Action:CaptureOutput",
        "Search": "ETL_SRC_CNT",
        "VariableName": "\\\\ETL_SRC_CNT"
      },
      "CaptureOutput_4": {
        "Type": "Action:CaptureOutput",
        "Search": "ETL_TGT_CNT",
        "VariableName": "\\\\ETL_TGT_CNT"
      },
      "eventsToWaitFor": {
        "Type": "WaitForEvents",
        "Events": [
          {
            "Event": "ODFND_ADA_CON_WM_FND_INFO_STRAT_STAT-TO-ODFND_ADA_CON_WM_FND_INFO_ETL"
          }
        ]
      },
      "eventsToAdd": {
        "Type": "AddEvents",
        "Events": [
          {
            "Event": "ODFND_ADA_CON_WM_FND_INFO_ETL-TO-ODFND_ADA_CON_WM_FND_INFO_END_STAT"
          }
        ]
      },
      "eventsToDelete": {
        "Type": "DeleteEvents",
        "Events": [
          {
            "Event": "ODFND_ADA_CON_WM_FND_INFO_STRAT_STAT-TO-ODFND_ADA_CON_WM_FND_INFO_ETL"
          }
        ]
      }
    },
    "eventsToWaitFor": {
      "Type": "WaitForEvents",
      "Events": [
        {
          "Event": "KPL_ODFND_ADA_1START_DUMMY-TO-KPL_ODFND_ADA_CON_WM_FND_INFO"
        }
      ]
    },
    "eventsToAdd": {
      "Type": "AddEvents",
      "Events": [
        {
          "Event": "KPL_ODFND_ADA_CON_WM_FND_INFO-TO-WF_CON_WM_FND_INFO"
        },
        {
          "Event": "KPL_ODFND_ADA_CON_WM_FND_INFO-TO-KPL_ADA_FND_BIM"
        }
      ]
    },
    "eventsToDelete": {
      "Type": "DeleteEvents",
      "Events": [
        {
          "Event": "KPL_ODFND_ADA_1START_DUMMY-TO-KPL_ODFND_ADA_CON_WM_FND_INFO"
        }
      ]
    }
  }
}
