{
  "PRLODSTWS1_1#D_FDW_SKFH": {
    "Type": "Folder",
    "ControlmServer": "CTM",
    "Description": "== Conversion Messages Start ==\\n\\nMessage ID\\t: INF6107 (953-1517)\\n\\nMessage ID\\t: INF6104 (954-1517)\\n\\n== Conversion Messages End ==\\n",
    "OrderMethod": "Manual",
    "SubApplication": "PRLODSTWS1_1",
    "CreatedBy": "emuser",
    "Priority": "9W",
    "TimeZone": "HKG",
    "Application": "PRLODSTWS1_1",
    "When": {
      "RuleBasedCalendars": {
        "Included": [
          "RC1"
        ],
        "RC1": {
          "Type": "Calendar:RuleBased",
          "When": {
            "MonthDaysCalendar": "RCG-D-NAT",
            "DaysRelation": "OR",
            "DaysKeepActive": "01",
            "WeekDays": [
              "NONE"
            ],
            "MonthDays": [
              "NONE"
            ]
          }
        }
      }
    },
    "PRLODSTWS1_1#SKFH_LCPOD_PARAM": {
      "Type": "Job:Database:StoredProcedure",
      "ConnectionProfile": "_",
      "StoredProcedure": "sqlext.SKFH_LCPOD_PARAM_SP",
      "DaysKeepActive": "1",
      "SubApplication": "PRLODSTWS1_1",
      "Priority": "Very Low",
      "Host": "PRLODSTWS1",
      "CreatedBy": "emuser",
      "Description": "== Conversion Messages Start ==\\n\\nMessage ID\\t: WRN6031 (951-1518)\\n\\n== Conversion Messages End ==\\nAdded by composer.",
      "RunAs": "controlm",
      "TimeZone": "HKG",
      "Application": "PRLODSTWS1_1",
      "Variables": [
        {
          "DB-STP_SCHEM": ""
        }
      ],
      "When": {
        "WeekDays": [
          "NONE"
        ],
        "Months": [
          "NONE"
        ],
        "MonthDays": [
          "NONE"
        ],
        "DaysRelation": "OR",
        "RuleBasedCalendars": {
          "Included": [
            "RC1"
          ]
        }
      },
      "eventsToWaitFor": {
        "Type": "WaitForEvents",
        "Events": [
          {
            "Event": "PRLODSTWS1_1#SKFH_LCPOD-TO-PRLODSTWS1_1#SKFH_LCPOD_PARAM"
          }
        ]
      },
      "eventsToAdd": {
        "Type": "AddEvents",
        "Events": [
          {
            "Event": "PRLODSTWS1_1#SKFH_LCPOD_PARAM-TO-PRLODSTWS1_1#SKFH_LCPOD_EX"
          }
        ]
      },
      "eventsToDelete": {
        "Type": "DeleteEvents",
        "Events": [
          {
            "Event": "PRLODSTWS1_1#SKFH_LCPOD-TO-PRLODSTWS1_1#SKFH_LCPOD_PARAM"
          }
        ]
      }
    },
    "PRLODSTWS1_1#SKFH_LCPOD_EX": {
      "Type": "Job:Command",
      "DaysKeepActive": "1",
      "SubApplication": "PRLODSTWS1_1",
      "Priority": "Very Low",
      "Host": "PRLODSTWS1",
      "CreatedBy": "emuser",
      "Description": "CSV Export for batch",
      "RunAs": "controlm",
      "TimeZone": "HKG",
      "Application": "PRLODSTWS1_1",
      "Command": "/home/tws/ods_batch_home/esp.batch.scripts/gen.table2File.sh D_FDW_SKFH ${tws.job.name} %%\\\\global\\END_DT_CHAR.",
      "When": {
        "WeekDays": [
          "NONE"
        ],
        "Months": [
          "NONE"
        ],
        "MonthDays": [
          "NONE"
        ],
        "DaysRelation": "OR",
        "RuleBasedCalendars": {
          "Included": [
            "RC1"
          ]
        }
      },
      "eventsToWaitFor": {
        "Type": "WaitForEvents",
        "Events": [
          {
            "Event": "PRLODSTWS1_1#SKFH_LCPOD_PARAM-TO-PRLODSTWS1_1#SKFH_LCPOD_EX"
          }
        ]
      },
      "eventsToAdd": {
        "Type": "AddEvents",
        "Events": [
          {
            "Event": "PRLODSTWS1_1#SKFH_LCPOD_EX-TO-PRLODSTWS1_1#SKFH_LCPOD_CM"
          }
        ]
      },
      "eventsToDelete": {
        "Type": "DeleteEvents",
        "Events": [
          {
            "Event": "PRLODSTWS1_1#SKFH_LCPOD_PARAM-TO-PRLODSTWS1_1#SKFH_LCPOD_EX"
          }
        ]
      }
    },
    "PRLODSTWS1_1#SKFH_LCPOD": {
      "Type": "Job:Database:StoredProcedure",
      "ConnectionProfile": "_",
      "StoredProcedure": "sqlext.SKFH_LCPOD_SP",
      "DaysKeepActive": "1",
      "SubApplication": "PRLODSTWS1_1",
      "Priority": "Very Low",
      "Host": "PRLODSTWS1",
      "CreatedBy": "emuser",
      "Description": "== Conversion Messages Start ==\\n\\nMessage ID\\t: WRN6031 (952-1520)\\n\\n== Conversion Messages End ==\\nAdded by composer.",
      "RunAs": "controlm",
      "TimeZone": "HKG",
      "Application": "PRLODSTWS1_1",
      "Variables": [
        {
          "DB-STP_SCHEM": ""
        }
      ],
      "When": {
        "WeekDays": [
          "NONE"
        ],
        "Months": [
          "NONE"
        ],
        "MonthDays": [
          "NONE"
        ],
        "DaysRelation": "OR",
        "RuleBasedCalendars": {
          "Included": [
            "RC1"
          ]
        }
      },
      "eventsToWaitFor": {
        "Type": "WaitForEvents",
        "Events": [
          {
            "Event": "PRLODSTWS1_1#BATCH_INFO_DETAIL-TO-PRLODSTWS1_1#SKFH_LCPOD"
          },
          {
            "Event": "PRLODSTWS1_1#FDW_CODE_MAP-TO-PRLODSTWS1_1#SKFH_LCPOD"
          },
          {
            "Event": "PRLODSTWS1_1#FDW_CODE_POLICY_STATUS-TO-PRLODSTWS1_1#SKFH_LCPOD"
          },
          {
            "Event": "PRLODSTWS1_1#FDW_CONTRACT_MASTER-TO-PRLODSTWS1_1#SKFH_LCPOD"
          },
          {
            "Event": "PRLODSTWS1_1#FDW_CONTRACT_PRODUCT-TO-PRLODSTWS1_1#SKFH_LCPOD"
          },
          {
            "Event": "PRLODSTWS1_1#FDW_DEDUCT_DETAIL-TO-PRLODSTWS1_1#SKFH_LCPOD"
          },
          {
            "Event": "PRLODSTWS1_1#O_CHANNEL_ORG-TO-PRLODSTWS1_1#SKFH_LCPOD"
          },
          {
            "Event": "PRLODSTWS1_1#O_COMMISSION_VERSION-TO-PRLODSTWS1_1#SKFH_LCPOD"
          },
          {
            "Event": "PRLODSTWS1_1#O_SC_AGENCY_CONT_LIST-TO-PRLODSTWS1_1#SKFH_LCPOD"
          },
          {
            "Event": "PRLODSTWS1_1#SDM_INTEREST_RATE-TO-PRLODSTWS1_1#SKFH_LCPOD"
          },
          {
            "Event": "PRLODSTWS1_1#SDM_PAY_PLAN-TO-PRLODSTWS1_1#SKFH_LCPOD"
          },
          {
            "Event": "PRLODSTWS1_1#SDM_PRODUCT_LIFE-TO-PRLODSTWS1_1#SKFH_LCPOD"
          }
        ]
      },
      "eventsToAdd": {
        "Type": "AddEvents",
        "Events": [
          {
            "Event": "PRLODSTWS1_1#SKFH_LCPOD-TO-PRLODSTWS1_1#SKFH_LCPOD_PARAM"
          }
        ]
      },
      "eventsToDelete": {
        "Type": "DeleteEvents",
        "Events": [
          {
            "Event": "PRLODSTWS1_1#BATCH_INFO_DETAIL-TO-PRLODSTWS1_1#SKFH_LCPOD"
          },
          {
            "Event": "PRLODSTWS1_1#FDW_CODE_MAP-TO-PRLODSTWS1_1#SKFH_LCPOD"
          },
          {
            "Event": "PRLODSTWS1_1#FDW_CODE_POLICY_STATUS-TO-PRLODSTWS1_1#SKFH_LCPOD"
          },
          {
            "Event": "PRLODSTWS1_1#FDW_CONTRACT_MASTER-TO-PRLODSTWS1_1#SKFH_LCPOD"
          },
          {
            "Event": "PRLODSTWS1_1#FDW_CONTRACT_PRODUCT-TO-PRLODSTWS1_1#SKFH_LCPOD"
          },
          {
            "Event": "PRLODSTWS1_1#FDW_DEDUCT_DETAIL-TO-PRLODSTWS1_1#SKFH_LCPOD"
          },
          {
            "Event": "PRLODSTWS1_1#O_CHANNEL_ORG-TO-PRLODSTWS1_1#SKFH_LCPOD"
          },
          {
            "Event": "PRLODSTWS1_1#O_COMMISSION_VERSION-TO-PRLODSTWS1_1#SKFH_LCPOD"
          },
          {
            "Event": "PRLODSTWS1_1#O_SC_AGENCY_CONT_LIST-TO-PRLODSTWS1_1#SKFH_LCPOD"
          },
          {
            "Event": "PRLODSTWS1_1#SDM_INTEREST_RATE-TO-PRLODSTWS1_1#SKFH_LCPOD"
          },
          {
            "Event": "PRLODSTWS1_1#SDM_PAY_PLAN-TO-PRLODSTWS1_1#SKFH_LCPOD"
          },
          {
            "Event": "PRLODSTWS1_1#SDM_PRODUCT_LIFE-TO-PRLODSTWS1_1#SKFH_LCPOD"
          }
        ]
      }
    },
    "PRLODSTWS1_1#SKFH_LCPOD_CM": {
      "Type": "Job:Command",
      "DaysKeepActive": "1",
      "SubApplication": "PRLODSTWS1_1",
      "Priority": "Very Low",
      "Host": "PRLODSTWS1",
      "CreatedBy": "emuser",
      "Description": "Common Shell Template",
      "RunAs": "controlm",
      "TimeZone": "HKG",
      "Application": "PRLODSTWS1_1",
      "Command": "/home/tws/ods_batch_home/esp.batch.scripts/run.cmd.sh D_FDW_SKFH ${tws.job.name} %%\\\\global\\END_DT_CHAR.",
      "When": {
        "WeekDays": [
          "NONE"
        ],
        "Months": [
          "NONE"
        ],
        "MonthDays": [
          "NONE"
        ],
        "DaysRelation": "OR",
        "RuleBasedCalendars": {
          "Included": [
            "RC1"
          ]
        }
      },
      "eventsToWaitFor": {
        "Type": "WaitForEvents",
        "Events": [
          {
            "Event": "PRLODSTWS1_1#SKFH_LCPOD_EX-TO-PRLODSTWS1_1#SKFH_LCPOD_CM"
          }
        ]
      },
      "eventsToAdd": {
        "Type": "AddEvents",
        "Events": [
          {
            "Event": "PRLODSTWS1_1#SKFH_LCPOD_CM-TO-PRLODSTWS1_1#SKFH_LCPOD_FP"
          }
        ]
      },
      "eventsToDelete": {
        "Type": "DeleteEvents",
        "Events": [
          {
            "Event": "PRLODSTWS1_1#SKFH_LCPOD_EX-TO-PRLODSTWS1_1#SKFH_LCPOD_CM"
          }
        ]
      }
    },
    "PRLODSTWS1_1#SKFH_LCPOD_FP": {
      "Type": "Job:Command",
      "DaysKeepActive": "1",
      "SubApplication": "PRLODSTWS1_1",
      "Priority": "Very Low",
      "Host": "PRLODSTWS1",
      "CreatedBy": "emuser",
      "Description": "Ftp files for batch",
      "RunAs": "controlm",
      "TimeZone": "HKG",
      "Application": "PRLODSTWS1_1",
      "Command": "/home/tws/ods_batch_home/esp.batch.scripts/ftp.files.sh D_FDW_SKFH ${tws.job.name} %%\\\\global\\END_DT_CHAR.",
      "When": {
        "WeekDays": [
          "NONE"
        ],
        "Months": [
          "NONE"
        ],
        "MonthDays": [
          "NONE"
        ],
        "DaysRelation": "OR",
        "RuleBasedCalendars": {
          "Included": [
            "RC1"
          ]
        }
      },
      "eventsToWaitFor": {
        "Type": "WaitForEvents",
        "Events": [
          {
            "Event": "PRLODSTWS1_1#SKFH_LCPOD_CM-TO-PRLODSTWS1_1#SKFH_LCPOD_FP"
          }
        ]
      },
      "eventsToDelete": {
        "Type": "DeleteEvents",
        "Events": [
          {
            "Event": "PRLODSTWS1_1#SKFH_LCPOD_CM-TO-PRLODSTWS1_1#SKFH_LCPOD_FP"
          }
        ]
      }
    },
    "eventsToAdd": {
      "Type": "AddEvents",
      "Events": [
        {
          "Event": "PRLODSTWS1_1#D_FDW_SKFH-TO-PRLODSTWS1_1#BDS_STS_FDW_04G"
        }
      ]
    }
  }
}
