{
  "PRLODSTWS1_1#I_SQLEXT_SUP": {
    "Type": "Folder",
    "ControlmServer": "CTM",
    "Description": "== Conversion Messages Start ==\\n\\nMessage ID\\t: INF6107 (7338-12949)\\n\\nMessage ID\\t: INF6104 (7339-12949)\\n\\n== Conversion Messages End ==\\n",
    "OrderMethod": "Manual",
    "SubApplication": "PRLODSTWS1_1",
    "CreatedBy": "emuser",
    "Priority": "9W",
    "TimeZone": "HKG",
    "Application": "PRLODSTWS1_1",
    "When": {
      "RuleBasedCalendars": {
        "Included": [
          "RC1"
        ],
        "RC1": {
          "Type": "Calendar:RuleBased",
          "When": {
            "MonthDaysCalendar": "RCG-D-NAT",
            "DaysRelation": "OR",
            "DaysKeepActive": "01",
            "WeekDays": [
              "NONE"
            ],
            "MonthDays": [
              "NONE"
            ]
          }
        }
      }
    },
    "PRLODSTWS1_1#CMN_ODS_STS": {
      "Type": "Job:Database:StoredProcedure",
      "ConnectionProfile": "_",
      "StoredProcedure": "sqlext.CMN_ODS_STS_SP",
      "DaysKeepActive": "1",
      "SubApplication": "PRLODSTWS1_1",
      "Priority": "Very Low",
      "Host": "PRLODSTWS1",
      "CreatedBy": "emuser",
      "Description": "== Conversion Messages Start ==\\n\\nMessage ID\\t: WRN6031 (7337-12950)\\n\\n== Conversion Messages End ==\\nAdded by composer.",
      "RunAs": "controlm",
      "TimeZone": "HKG",
      "Application": "PRLODSTWS1_1",
      "Variables": [
        {
          "DB-STP_SCHEM": ""
        }
      ],
      "When": {
        "WeekDays": [
          "NONE"
        ],
        "Months": [
          "NONE"
        ],
        "MonthDays": [
          "NONE"
        ],
        "DaysRelation": "OR",
        "RuleBasedCalendars": {
          "Included": [
            "RC1"
          ]
        }
      },
      "eventsToWaitFor": {
        "Type": "WaitForEvents",
        "Events": [
          {
            "Event": "PRLODSTWS1_1#SYS_STS_STG-TO-PRLODSTWS1_1#CMN_ODS_STS"
          }
        ]
      },
      "eventsToAdd": {
        "Type": "AddEvents",
        "Events": [
          {
            "Event": "PRLODSTWS1_1#CMN_ODS_STS-TO-PRLODSTWS1_1#UNB_0480_15G"
          },
          {
            "Event": "PRLODSTWS1_1#CMN_ODS_STS-TO-PRLODSTWS1_1#FIN_1700_11G_D"
          },
          {
            "Event": "PRLODSTWS1_1#CMN_ODS_STS-TO-PRLODSTWS1_1#FIN_1710_11G_D"
          },
          {
            "Event": "PRLODSTWS1_1#CMN_ODS_STS-TO-PRLODSTWS1_1#FIN_1720_11G_D"
          },
          {
            "Event": "PRLODSTWS1_1#CMN_ODS_STS-TO-PRLODSTWS1_1#FIN_1620_11G"
          },
          {
            "Event": "PRLODSTWS1_1#CMN_ODS_STS-TO-PRLODSTWS1_1#FIN_1630_11G"
          },
          {
            "Event": "PRLODSTWS1_1#CMN_ODS_STS-TO-PRLODSTWS1_1#FIN_1640_11G"
          },
          {
            "Event": "PRLODSTWS1_1#CMN_ODS_STS-TO-PRLODSTWS1_1#UNB_0480_15G_1"
          }
        ]
      },
      "eventsToDelete": {
        "Type": "DeleteEvents",
        "Events": [
          {
            "Event": "PRLODSTWS1_1#SYS_STS_STG-TO-PRLODSTWS1_1#CMN_ODS_STS"
          }
        ]
      }
    }
  }
}
