{
  "PRLODSTWS1_1#D_RPT_CLM_30": {
    "Type": "Folder",
    "ControlmServer": "CTM",
    "Description": "== Conversion Messages Start ==\\n\\nMessage ID\\t: INF6107 (4973-8750)\\n\\nMessage ID\\t: INF6104 (4974-8750)\\n\\n== Conversion Messages End ==\\n",
    "OrderMethod": "Manual",
    "SubApplication": "PRLODSTWS1_1",
    "CreatedBy": "emuser",
    "Priority": "9W",
    "TimeZone": "HKG",
    "Application": "PRLODSTWS1_1",
    "When": {
      "RuleBasedCalendars": {
        "Included": [
          "RC1"
        ],
        "RC1": {
          "Type": "Calendar:RuleBased",
          "When": {
            "MonthDaysCalendar": "RCG-D-NAT",
            "DaysRelation": "OR",
            "DaysKeepActive": "01",
            "WeekDays": [
              "NONE"
            ],
            "MonthDays": [
              "NONE"
            ]
          }
        }
      }
    },
    "PRLODSTWS1_1#CLM_0370_CF": {
      "Type": "Job:Command",
      "DaysKeepActive": "1",
      "SubApplication": "PRLODSTWS1_1",
      "Priority": "Very Low",
      "Host": "PRLODSTWS1",
      "CreatedBy": "emuser",
      "Description": "archiving file for batch",
      "RunAs": "controlm",
      "TimeZone": "HKG",
      "Application": "PRLODSTWS1_1",
      "Command": "/home/tws/ods_batch_home/esp.batch.scripts/archiving.file.sh D_RPT_CLM ${tws.job.name} %%\\\\global\\END_DT_CHAR.",
      "When": {
        "WeekDays": [
          "NONE"
        ],
        "Months": [
          "NONE"
        ],
        "MonthDays": [
          "NONE"
        ],
        "DaysRelation": "OR",
        "RuleBasedCalendars": {
          "Included": [
            "RC1"
          ]
        }
      },
      "eventsToWaitFor": {
        "Type": "WaitForEvents",
        "Events": [
          {
            "Event": "PRLODSTWS1_1#CLM_0370_CR-TO-PRLODSTWS1_1#CLM_0370_CF"
          }
        ]
      },
      "eventsToDelete": {
        "Type": "DeleteEvents",
        "Events": [
          {
            "Event": "PRLODSTWS1_1#CLM_0370_CR-TO-PRLODSTWS1_1#CLM_0370_CF"
          }
        ]
      }
    },
    "PRLODSTWS1_1#CLM_0590_CR": {
      "Type": "Job:Command",
      "DaysKeepActive": "1",
      "SubApplication": "PRLODSTWS1_1",
      "Priority": "Very Low",
      "Host": "PRLODSTWS1",
      "CreatedBy": "emuser",
      "Description": "generate the report file for batch",
      "RunAs": "controlm",
      "TimeZone": "HKG",
      "Application": "PRLODSTWS1_1",
      "Command": "/home/tws/ods_batch_home/esp.batch.scripts/gen.report.sh D_RPT_CLM ${tws.job.name} %%\\\\global\\END_DT_CHAR.",
      "When": {
        "WeekDays": [
          "NONE"
        ],
        "Months": [
          "NONE"
        ],
        "MonthDays": [
          "NONE"
        ],
        "DaysRelation": "OR",
        "RuleBasedCalendars": {
          "Included": [
            "RC1"
          ]
        }
      },
      "eventsToWaitFor": {
        "Type": "WaitForEvents",
        "Events": [
          {
            "Event": "PRLODSTWS1_1#CLM_0590_PARAM-TO-PRLODSTWS1_1#CLM_0590_CR"
          }
        ]
      },
      "eventsToAdd": {
        "Type": "AddEvents",
        "Events": [
          {
            "Event": "PRLODSTWS1_1#CLM_0590_CR-TO-PRLODSTWS1_1#CLM_0590_CF"
          }
        ]
      },
      "eventsToDelete": {
        "Type": "DeleteEvents",
        "Events": [
          {
            "Event": "PRLODSTWS1_1#CLM_0590_PARAM-TO-PRLODSTWS1_1#CLM_0590_CR"
          }
        ]
      }
    },
    "PRLODSTWS1_1#CLM_0600_CF": {
      "Type": "Job:Command",
      "DaysKeepActive": "1",
      "SubApplication": "PRLODSTWS1_1",
      "Priority": "Very Low",
      "Host": "PRLODSTWS1",
      "CreatedBy": "emuser",
      "Description": "archiving file for batch",
      "RunAs": "controlm",
      "TimeZone": "HKG",
      "Application": "PRLODSTWS1_1",
      "Command": "/home/tws/ods_batch_home/esp.batch.scripts/archiving.file.sh D_RPT_CLM ${tws.job.name} %%\\\\global\\END_DT_CHAR.",
      "When": {
        "WeekDays": [
          "NONE"
        ],
        "Months": [
          "NONE"
        ],
        "MonthDays": [
          "NONE"
        ],
        "DaysRelation": "OR",
        "RuleBasedCalendars": {
          "Included": [
            "RC1"
          ]
        }
      },
      "eventsToWaitFor": {
        "Type": "WaitForEvents",
        "Events": [
          {
            "Event": "PRLODSTWS1_1#CLM_0600_CR-TO-PRLODSTWS1_1#CLM_0600_CF"
          }
        ]
      },
      "eventsToAdd": {
        "Type": "AddEvents",
        "Events": [
          {
            "Event": "PRLODSTWS1_1#CLM_0600_CF-TO-PRLODSTWS1_1#CLM_0600_ZP"
          }
        ]
      },
      "eventsToDelete": {
        "Type": "DeleteEvents",
        "Events": [
          {
            "Event": "PRLODSTWS1_1#CLM_0600_CR-TO-PRLODSTWS1_1#CLM_0600_CF"
          }
        ]
      }
    },
    "PRLODSTWS1_1#CLM_0370_PARAM": {
      "Type": "Job:Database:StoredProcedure",
      "ConnectionProfile": "_",
      "StoredProcedure": "sqlext.CLM_0370_PARAM_SP",
      "DaysKeepActive": "1",
      "SubApplication": "PRLODSTWS1_1",
      "Priority": "Very Low",
      "Host": "PRLODSTWS1",
      "CreatedBy": "emuser",
      "Description": "== Conversion Messages Start ==\\n\\nMessage ID\\t: WRN6031 (4967-8754)\\n\\n== Conversion Messages End ==\\nAdded by composer.",
      "RunAs": "controlm",
      "TimeZone": "HKG",
      "Application": "PRLODSTWS1_1",
      "Variables": [
        {
          "DB-STP_SCHEM": ""
        }
      ],
      "When": {
        "WeekDays": [
          "NONE"
        ],
        "Months": [
          "NONE"
        ],
        "MonthDays": [
          "NONE"
        ],
        "DaysRelation": "OR",
        "RuleBasedCalendars": {
          "Included": [
            "RC1"
          ]
        }
      },
      "eventsToWaitFor": {
        "Type": "WaitForEvents",
        "Events": [
          {
            "Event": "PRLODSTWS1_1#CLM_0370_11G-TO-PRLODSTWS1_1#CLM_0370_PARAM"
          },
          {
            "Event": "PRLODSTWS1_1#CLM_JOB_PARAM-TO-PRLODSTWS1_1#CLM_0370_PARAM"
          }
        ]
      },
      "eventsToAdd": {
        "Type": "AddEvents",
        "Events": [
          {
            "Event": "PRLODSTWS1_1#CLM_0370_PARAM-TO-PRLODSTWS1_1#CLM_0370_CR"
          }
        ]
      },
      "eventsToDelete": {
        "Type": "DeleteEvents",
        "Events": [
          {
            "Event": "PRLODSTWS1_1#CLM_0370_11G-TO-PRLODSTWS1_1#CLM_0370_PARAM"
          },
          {
            "Event": "PRLODSTWS1_1#CLM_JOB_PARAM-TO-PRLODSTWS1_1#CLM_0370_PARAM"
          }
        ]
      }
    },
    "PRLODSTWS1_1#CLM_0370_11G": {
      "Type": "Job:Database:StoredProcedure",
      "ConnectionProfile": "_",
      "StoredProcedure": "sqlext.CLM_0370_11G_SP",
      "DaysKeepActive": "1",
      "SubApplication": "PRLODSTWS1_1",
      "Priority": "Very Low",
      "Host": "PRLODSTWS1",
      "CreatedBy": "emuser",
      "Description": "== Conversion Messages Start ==\\n\\nMessage ID\\t: WRN6031 (4968-8755)\\n\\n== Conversion Messages End ==\\nAdded by composer.",
      "RunAs": "controlm",
      "TimeZone": "HKG",
      "Application": "PRLODSTWS1_1",
      "Variables": [
        {
          "DB-STP_SCHEM": ""
        }
      ],
      "When": {
        "WeekDays": [
          "NONE"
        ],
        "Months": [
          "NONE"
        ],
        "MonthDays": [
          "NONE"
        ],
        "DaysRelation": "OR",
        "RuleBasedCalendars": {
          "Included": [
            "RC1"
          ]
        }
      },
      "eventsToWaitFor": {
        "Type": "WaitForEvents",
        "Events": [
          {
            "Event": "PRLODSTWS1_1#SDM_CLAIM_CASE-TO-PRLODSTWS1_1#CLM_0370_11G"
          },
          {
            "Event": "PRLODSTWS1_1#SDM_CLAIM_CHECKLIST-TO-PRLODSTWS1_1#CLM_0370_11G"
          },
          {
            "Event": "PRLODSTWS1_1#SDM_CLAIM_PAY-TO-PRLODSTWS1_1#CLM_0370_11G"
          }
        ]
      },
      "eventsToAdd": {
        "Type": "AddEvents",
        "Events": [
          {
            "Event": "PRLODSTWS1_1#CLM_0370_11G-TO-PRLODSTWS1_1#CLM_0370_PARAM"
          }
        ]
      },
      "eventsToDelete": {
        "Type": "DeleteEvents",
        "Events": [
          {
            "Event": "PRLODSTWS1_1#SDM_CLAIM_CASE-TO-PRLODSTWS1_1#CLM_0370_11G"
          },
          {
            "Event": "PRLODSTWS1_1#SDM_CLAIM_CHECKLIST-TO-PRLODSTWS1_1#CLM_0370_11G"
          },
          {
            "Event": "PRLODSTWS1_1#SDM_CLAIM_PAY-TO-PRLODSTWS1_1#CLM_0370_11G"
          }
        ]
      }
    },
    "PRLODSTWS1_1#CLM_0600_11G": {
      "Type": "Job:Database:StoredProcedure",
      "ConnectionProfile": "_",
      "StoredProcedure": "sqlext.CLM_0600_11G_SP",
      "DaysKeepActive": "1",
      "SubApplication": "PRLODSTWS1_1",
      "Priority": "Very Low",
      "Host": "PRLODSTWS1",
      "CreatedBy": "emuser",
      "Description": "== Conversion Messages Start ==\\n\\nMessage ID\\t: WRN6031 (4969-8756)\\n\\n== Conversion Messages End ==\\nAdded by composer.",
      "RunAs": "controlm",
      "TimeZone": "HKG",
      "Application": "PRLODSTWS1_1",
      "Variables": [
        {
          "DB-STP_SCHEM": ""
        }
      ],
      "When": {
        "WeekDays": [
          "NONE"
        ],
        "Months": [
          "NONE"
        ],
        "MonthDays": [
          "NONE"
        ],
        "DaysRelation": "OR",
        "RuleBasedCalendars": {
          "Included": [
            "RC1"
          ]
        }
      },
      "eventsToWaitFor": {
        "Type": "WaitForEvents",
        "Events": [
          {
            "Event": "PRLODSTWS1_1#O_CLAIM_LIAROC_OP_RECORD-TO-PRLODSTWS1_1#CLM_0600_11G"
          },
          {
            "Event": "PRLODSTWS1_1#O_CLAIM_CASE-TO-PRLODSTWS1_1#CLM_0600_11G"
          },
          {
            "Event": "PRLODSTWS1_1#O_CLAIM_PAY-TO-PRLODSTWS1_1#CLM_0600_11G"
          },
          {
            "Event": "PRLODSTWS1_1#O_CLAIM_TYPE-TO-PRLODSTWS1_1#CLM_0600_11G"
          },
          {
            "Event": "PRLODSTWS1_1#O_VERIFACTION_MANAGER_CONF-TO-PRLODSTWS1_1#CLM_0600_11G"
          },
          {
            "Event": "PRLODSTWS1_1#O_EMPLOYEE-TO-PRLODSTWS1_1#CLM_0600_11G"
          },
          {
            "Event": "PRLODSTWS1_1#O_CONTRACT_MASTER-TO-PRLODSTWS1_1#CLM_0600_11G"
          },
          {
            "Event": "PRLODSTWS1_1#O_INSURED_LIST-TO-PRLODSTWS1_1#CLM_0600_11G"
          }
        ]
      },
      "eventsToAdd": {
        "Type": "AddEvents",
        "Events": [
          {
            "Event": "PRLODSTWS1_1#CLM_0600_11G-TO-PRLODSTWS1_1#CLM_0600_PARAM"
          }
        ]
      },
      "eventsToDelete": {
        "Type": "DeleteEvents",
        "Events": [
          {
            "Event": "PRLODSTWS1_1#O_CLAIM_LIAROC_OP_RECORD-TO-PRLODSTWS1_1#CLM_0600_11G"
          },
          {
            "Event": "PRLODSTWS1_1#O_CLAIM_CASE-TO-PRLODSTWS1_1#CLM_0600_11G"
          },
          {
            "Event": "PRLODSTWS1_1#O_CLAIM_PAY-TO-PRLODSTWS1_1#CLM_0600_11G"
          },
          {
            "Event": "PRLODSTWS1_1#O_CLAIM_TYPE-TO-PRLODSTWS1_1#CLM_0600_11G"
          },
          {
            "Event": "PRLODSTWS1_1#O_VERIFACTION_MANAGER_CONF-TO-PRLODSTWS1_1#CLM_0600_11G"
          },
          {
            "Event": "PRLODSTWS1_1#O_EMPLOYEE-TO-PRLODSTWS1_1#CLM_0600_11G"
          },
          {
            "Event": "PRLODSTWS1_1#O_CONTRACT_MASTER-TO-PRLODSTWS1_1#CLM_0600_11G"
          },
          {
            "Event": "PRLODSTWS1_1#O_INSURED_LIST-TO-PRLODSTWS1_1#CLM_0600_11G"
          }
        ]
      }
    },
    "PRLODSTWS1_1#CLM_0590_ZP": {
      "Type": "Job:Command",
      "DaysKeepActive": "1",
      "SubApplication": "PRLODSTWS1_1",
      "Priority": "Very Low",
      "Host": "PRLODSTWS1",
      "CreatedBy": "emuser",
      "Description": "zip files for batch",
      "RunAs": "controlm",
      "TimeZone": "HKG",
      "Application": "PRLODSTWS1_1",
      "Command": "/home/tws/ods_batch_home/esp.batch.scripts/zip.files.sh D_RPT_CLM ${tws.job.name} %%\\\\global\\END_DT_CHAR.",
      "When": {
        "WeekDays": [
          "NONE"
        ],
        "Months": [
          "NONE"
        ],
        "MonthDays": [
          "NONE"
        ],
        "DaysRelation": "OR",
        "RuleBasedCalendars": {
          "Included": [
            "RC1"
          ]
        }
      },
      "eventsToWaitFor": {
        "Type": "WaitForEvents",
        "Events": [
          {
            "Event": "PRLODSTWS1_1#CLM_0590_CF-TO-PRLODSTWS1_1#CLM_0590_ZP"
          }
        ]
      },
      "eventsToDelete": {
        "Type": "DeleteEvents",
        "Events": [
          {
            "Event": "PRLODSTWS1_1#CLM_0590_CF-TO-PRLODSTWS1_1#CLM_0590_ZP"
          }
        ]
      }
    },
    "PRLODSTWS1_1#CLM_0590_11G": {
      "Type": "Job:Database:StoredProcedure",
      "ConnectionProfile": "_",
      "StoredProcedure": "sqlext.CLM_0590_11G_SP",
      "DaysKeepActive": "1",
      "SubApplication": "PRLODSTWS1_1",
      "Priority": "Very Low",
      "Host": "PRLODSTWS1",
      "CreatedBy": "emuser",
      "Description": "== Conversion Messages Start ==\\n\\nMessage ID\\t: WRN6031 (4970-8758)\\n\\n== Conversion Messages End ==\\nAdded by composer.",
      "RunAs": "controlm",
      "TimeZone": "HKG",
      "Application": "PRLODSTWS1_1",
      "Variables": [
        {
          "DB-STP_SCHEM": ""
        }
      ],
      "When": {
        "WeekDays": [
          "NONE"
        ],
        "Months": [
          "NONE"
        ],
        "MonthDays": [
          "NONE"
        ],
        "DaysRelation": "OR",
        "RuleBasedCalendars": {
          "Included": [
            "RC1"
          ]
        }
      },
      "eventsToWaitFor": {
        "Type": "WaitForEvents",
        "Events": [
          {
            "Event": "PRLODSTWS1_1#O_CLAIM_LIAROC_OP_RECORD-TO-PRLODSTWS1_1#CLM_0590_11G"
          },
          {
            "Event": "PRLODSTWS1_1#O_CLAIM_CASE-TO-PRLODSTWS1_1#CLM_0590_11G"
          },
          {
            "Event": "PRLODSTWS1_1#O_CLAIM_PAY-TO-PRLODSTWS1_1#CLM_0590_11G"
          },
          {
            "Event": "PRLODSTWS1_1#O_CLAIM_TYPE-TO-PRLODSTWS1_1#CLM_0590_11G"
          },
          {
            "Event": "PRLODSTWS1_1#O_VERIFACTION_MANAGER_CONF-TO-PRLODSTWS1_1#CLM_0590_11G"
          },
          {
            "Event": "PRLODSTWS1_1#O_EMPLOYEE-TO-PRLODSTWS1_1#CLM_0590_11G"
          },
          {
            "Event": "PRLODSTWS1_1#O_STRING_RESOURCE-TO-PRLODSTWS1_1#CLM_0590_11G"
          },
          {
            "Event": "PRLODSTWS1_1#O_INSURED_LIST-TO-PRLODSTWS1_1#CLM_0590_11G"
          },
          {
            "Event": "PRLODSTWS1_1#O_JBPM_TASKINSTANCE-TO-PRLODSTWS1_1#CLM_0590_11G"
          },
          {
            "Event": "PRLODSTWS1_1#O_JBPM_VARIABLEINSTANCE-TO-PRLODSTWS1_1#CLM_0590_11G"
          },
          {
            "Event": "PRLODSTWS1_1#SDM_CONTRACT_MASTER-TO-PRLODSTWS1_1#CLM_0590_11G"
          }
        ]
      },
      "eventsToAdd": {
        "Type": "AddEvents",
        "Events": [
          {
            "Event": "PRLODSTWS1_1#CLM_0590_11G-TO-PRLODSTWS1_1#CLM_0590_PARAM"
          }
        ]
      },
      "eventsToDelete": {
        "Type": "DeleteEvents",
        "Events": [
          {
            "Event": "PRLODSTWS1_1#O_CLAIM_LIAROC_OP_RECORD-TO-PRLODSTWS1_1#CLM_0590_11G"
          },
          {
            "Event": "PRLODSTWS1_1#O_CLAIM_CASE-TO-PRLODSTWS1_1#CLM_0590_11G"
          },
          {
            "Event": "PRLODSTWS1_1#O_CLAIM_PAY-TO-PRLODSTWS1_1#CLM_0590_11G"
          },
          {
            "Event": "PRLODSTWS1_1#O_CLAIM_TYPE-TO-PRLODSTWS1_1#CLM_0590_11G"
          },
          {
            "Event": "PRLODSTWS1_1#O_VERIFACTION_MANAGER_CONF-TO-PRLODSTWS1_1#CLM_0590_11G"
          },
          {
            "Event": "PRLODSTWS1_1#O_EMPLOYEE-TO-PRLODSTWS1_1#CLM_0590_11G"
          },
          {
            "Event": "PRLODSTWS1_1#O_STRING_RESOURCE-TO-PRLODSTWS1_1#CLM_0590_11G"
          },
          {
            "Event": "PRLODSTWS1_1#O_INSURED_LIST-TO-PRLODSTWS1_1#CLM_0590_11G"
          },
          {
            "Event": "PRLODSTWS1_1#O_JBPM_TASKINSTANCE-TO-PRLODSTWS1_1#CLM_0590_11G"
          },
          {
            "Event": "PRLODSTWS1_1#O_JBPM_VARIABLEINSTANCE-TO-PRLODSTWS1_1#CLM_0590_11G"
          },
          {
            "Event": "PRLODSTWS1_1#SDM_CONTRACT_MASTER-TO-PRLODSTWS1_1#CLM_0590_11G"
          }
        ]
      }
    },
    "PRLODSTWS1_1#CLM_0600_ZP": {
      "Type": "Job:Command",
      "DaysKeepActive": "1",
      "SubApplication": "PRLODSTWS1_1",
      "Priority": "Very Low",
      "Host": "PRLODSTWS1",
      "CreatedBy": "emuser",
      "Description": "zip files for batch",
      "RunAs": "controlm",
      "TimeZone": "HKG",
      "Application": "PRLODSTWS1_1",
      "Command": "/home/tws/ods_batch_home/esp.batch.scripts/zip.files.sh D_RPT_CLM ${tws.job.name} %%\\\\global\\END_DT_CHAR.",
      "When": {
        "WeekDays": [
          "NONE"
        ],
        "Months": [
          "NONE"
        ],
        "MonthDays": [
          "NONE"
        ],
        "DaysRelation": "OR",
        "RuleBasedCalendars": {
          "Included": [
            "RC1"
          ]
        }
      },
      "eventsToWaitFor": {
        "Type": "WaitForEvents",
        "Events": [
          {
            "Event": "PRLODSTWS1_1#CLM_0600_CF-TO-PRLODSTWS1_1#CLM_0600_ZP"
          }
        ]
      },
      "eventsToDelete": {
        "Type": "DeleteEvents",
        "Events": [
          {
            "Event": "PRLODSTWS1_1#CLM_0600_CF-TO-PRLODSTWS1_1#CLM_0600_ZP"
          }
        ]
      }
    },
    "PRLODSTWS1_1#CLM_0370_CR": {
      "Type": "Job:Command",
      "DaysKeepActive": "1",
      "SubApplication": "PRLODSTWS1_1",
      "Priority": "Very Low",
      "Host": "PRLODSTWS1",
      "CreatedBy": "emuser",
      "Description": "generate the report file for batch",
      "RunAs": "controlm",
      "TimeZone": "HKG",
      "Application": "PRLODSTWS1_1",
      "Command": "/home/tws/ods_batch_home/esp.batch.scripts/gen.report.sh D_RPT_CLM ${tws.job.name} %%\\\\global\\END_DT_CHAR.",
      "When": {
        "WeekDays": [
          "NONE"
        ],
        "Months": [
          "NONE"
        ],
        "MonthDays": [
          "NONE"
        ],
        "DaysRelation": "OR",
        "RuleBasedCalendars": {
          "Included": [
            "RC1"
          ]
        }
      },
      "eventsToWaitFor": {
        "Type": "WaitForEvents",
        "Events": [
          {
            "Event": "PRLODSTWS1_1#CLM_0370_PARAM-TO-PRLODSTWS1_1#CLM_0370_CR"
          }
        ]
      },
      "eventsToAdd": {
        "Type": "AddEvents",
        "Events": [
          {
            "Event": "PRLODSTWS1_1#CLM_0370_CR-TO-PRLODSTWS1_1#CLM_0370_CF"
          }
        ]
      },
      "eventsToDelete": {
        "Type": "DeleteEvents",
        "Events": [
          {
            "Event": "PRLODSTWS1_1#CLM_0370_PARAM-TO-PRLODSTWS1_1#CLM_0370_CR"
          }
        ]
      }
    },
    "PRLODSTWS1_1#CLM_0600_CR": {
      "Type": "Job:Command",
      "DaysKeepActive": "1",
      "SubApplication": "PRLODSTWS1_1",
      "Priority": "Very Low",
      "Host": "PRLODSTWS1",
      "CreatedBy": "emuser",
      "Description": "generate the report file for batch",
      "RunAs": "controlm",
      "TimeZone": "HKG",
      "Application": "PRLODSTWS1_1",
      "Command": "/home/tws/ods_batch_home/esp.batch.scripts/gen.report.sh D_RPT_CLM ${tws.job.name} %%\\\\global\\END_DT_CHAR.",
      "When": {
        "WeekDays": [
          "NONE"
        ],
        "Months": [
          "NONE"
        ],
        "MonthDays": [
          "NONE"
        ],
        "DaysRelation": "OR",
        "RuleBasedCalendars": {
          "Included": [
            "RC1"
          ]
        }
      },
      "eventsToWaitFor": {
        "Type": "WaitForEvents",
        "Events": [
          {
            "Event": "PRLODSTWS1_1#CLM_0600_PARAM-TO-PRLODSTWS1_1#CLM_0600_CR"
          }
        ]
      },
      "eventsToAdd": {
        "Type": "AddEvents",
        "Events": [
          {
            "Event": "PRLODSTWS1_1#CLM_0600_CR-TO-PRLODSTWS1_1#CLM_0600_CF"
          }
        ]
      },
      "eventsToDelete": {
        "Type": "DeleteEvents",
        "Events": [
          {
            "Event": "PRLODSTWS1_1#CLM_0600_PARAM-TO-PRLODSTWS1_1#CLM_0600_CR"
          }
        ]
      }
    },
    "PRLODSTWS1_1#CLM_0590_PARAM": {
      "Type": "Job:Database:StoredProcedure",
      "ConnectionProfile": "_",
      "StoredProcedure": "sqlext.CLM_0590_PARAM_SP",
      "DaysKeepActive": "1",
      "SubApplication": "PRLODSTWS1_1",
      "Priority": "Very Low",
      "Host": "PRLODSTWS1",
      "CreatedBy": "emuser",
      "Description": "== Conversion Messages Start ==\\n\\nMessage ID\\t: WRN6031 (4971-8762)\\n\\n== Conversion Messages End ==\\nAdded by composer.",
      "RunAs": "controlm",
      "TimeZone": "HKG",
      "Application": "PRLODSTWS1_1",
      "Variables": [
        {
          "DB-STP_SCHEM": ""
        }
      ],
      "When": {
        "WeekDays": [
          "NONE"
        ],
        "Months": [
          "NONE"
        ],
        "MonthDays": [
          "NONE"
        ],
        "DaysRelation": "OR",
        "RuleBasedCalendars": {
          "Included": [
            "RC1"
          ]
        }
      },
      "eventsToWaitFor": {
        "Type": "WaitForEvents",
        "Events": [
          {
            "Event": "PRLODSTWS1_1#CLM_0590_11G-TO-PRLODSTWS1_1#CLM_0590_PARAM"
          },
          {
            "Event": "PRLODSTWS1_1#SDM_EMPLOYEE-TO-PRLODSTWS1_1#CLM_0590_PARAM"
          },
          {
            "Event": "PRLODSTWS1_1#CLM_JOB_PARAM-TO-PRLODSTWS1_1#CLM_0590_PARAM"
          }
        ]
      },
      "eventsToAdd": {
        "Type": "AddEvents",
        "Events": [
          {
            "Event": "PRLODSTWS1_1#CLM_0590_PARAM-TO-PRLODSTWS1_1#CLM_0590_CR"
          }
        ]
      },
      "eventsToDelete": {
        "Type": "DeleteEvents",
        "Events": [
          {
            "Event": "PRLODSTWS1_1#CLM_0590_11G-TO-PRLODSTWS1_1#CLM_0590_PARAM"
          },
          {
            "Event": "PRLODSTWS1_1#SDM_EMPLOYEE-TO-PRLODSTWS1_1#CLM_0590_PARAM"
          },
          {
            "Event": "PRLODSTWS1_1#CLM_JOB_PARAM-TO-PRLODSTWS1_1#CLM_0590_PARAM"
          }
        ]
      }
    },
    "PRLODSTWS1_1#CLM_0590_CF": {
      "Type": "Job:Command",
      "DaysKeepActive": "1",
      "SubApplication": "PRLODSTWS1_1",
      "Priority": "Very Low",
      "Host": "PRLODSTWS1",
      "CreatedBy": "emuser",
      "Description": "archiving file for batch",
      "RunAs": "controlm",
      "TimeZone": "HKG",
      "Application": "PRLODSTWS1_1",
      "Command": "/home/tws/ods_batch_home/esp.batch.scripts/archiving.file.sh D_RPT_CLM ${tws.job.name} %%\\\\global\\END_DT_CHAR.",
      "When": {
        "WeekDays": [
          "NONE"
        ],
        "Months": [
          "NONE"
        ],
        "MonthDays": [
          "NONE"
        ],
        "DaysRelation": "OR",
        "RuleBasedCalendars": {
          "Included": [
            "RC1"
          ]
        }
      },
      "eventsToWaitFor": {
        "Type": "WaitForEvents",
        "Events": [
          {
            "Event": "PRLODSTWS1_1#CLM_0590_CR-TO-PRLODSTWS1_1#CLM_0590_CF"
          }
        ]
      },
      "eventsToAdd": {
        "Type": "AddEvents",
        "Events": [
          {
            "Event": "PRLODSTWS1_1#CLM_0590_CF-TO-PRLODSTWS1_1#CLM_0590_ZP"
          }
        ]
      },
      "eventsToDelete": {
        "Type": "DeleteEvents",
        "Events": [
          {
            "Event": "PRLODSTWS1_1#CLM_0590_CR-TO-PRLODSTWS1_1#CLM_0590_CF"
          }
        ]
      }
    },
    "PRLODSTWS1_1#CLM_0600_PARAM": {
      "Type": "Job:Database:StoredProcedure",
      "ConnectionProfile": "_",
      "StoredProcedure": "sqlext.CLM_0600_PARAM_SP",
      "DaysKeepActive": "1",
      "SubApplication": "PRLODSTWS1_1",
      "Priority": "Very Low",
      "Host": "PRLODSTWS1",
      "CreatedBy": "emuser",
      "Description": "== Conversion Messages Start ==\\n\\nMessage ID\\t: WRN6031 (4972-8764)\\n\\n== Conversion Messages End ==\\nAdded by composer.",
      "RunAs": "controlm",
      "TimeZone": "HKG",
      "Application": "PRLODSTWS1_1",
      "Variables": [
        {
          "DB-STP_SCHEM": ""
        }
      ],
      "When": {
        "WeekDays": [
          "NONE"
        ],
        "Months": [
          "NONE"
        ],
        "MonthDays": [
          "NONE"
        ],
        "DaysRelation": "OR",
        "RuleBasedCalendars": {
          "Included": [
            "RC1"
          ]
        }
      },
      "eventsToWaitFor": {
        "Type": "WaitForEvents",
        "Events": [
          {
            "Event": "PRLODSTWS1_1#CLM_0600_11G-TO-PRLODSTWS1_1#CLM_0600_PARAM"
          },
          {
            "Event": "PRLODSTWS1_1#SDM_EMPLOYEE-TO-PRLODSTWS1_1#CLM_0600_PARAM"
          },
          {
            "Event": "PRLODSTWS1_1#CLM_JOB_PARAM-TO-PRLODSTWS1_1#CLM_0600_PARAM"
          }
        ]
      },
      "eventsToAdd": {
        "Type": "AddEvents",
        "Events": [
          {
            "Event": "PRLODSTWS1_1#CLM_0600_PARAM-TO-PRLODSTWS1_1#CLM_0600_CR"
          }
        ]
      },
      "eventsToDelete": {
        "Type": "DeleteEvents",
        "Events": [
          {
            "Event": "PRLODSTWS1_1#CLM_0600_11G-TO-PRLODSTWS1_1#CLM_0600_PARAM"
          },
          {
            "Event": "PRLODSTWS1_1#SDM_EMPLOYEE-TO-PRLODSTWS1_1#CLM_0600_PARAM"
          },
          {
            "Event": "PRLODSTWS1_1#CLM_JOB_PARAM-TO-PRLODSTWS1_1#CLM_0600_PARAM"
          }
        ]
      }
    },
    "eventsToAdd": {
      "Type": "AddEvents",
      "Events": [
        {
          "Event": "PRLODSTWS1_1#D_RPT_CLM_30-TO-PRLODSTWS1_1#BDS_STS_RPT_CLM"
        }
      ]
    }
  }
}
