{
  "PRLODSTWS1_1#M_RPT_CLM_40-15": {
    "Type": "Folder",
    "ControlmServer": "CTM",
    "Description": "== Conversion Messages Start ==\\n\\nMessage ID\\t: INF6107 (306-522)\\n\\nMessage ID\\t: INF6104 (307-522)\\n\\n== Conversion Messages End ==\\n",
    "OrderMethod": "Manual",
    "SubApplication": "PRLODSTWS1_1",
    "CreatedBy": "emuser",
    "Priority": "9W",
    "TimeZone": "HKG",
    "Application": "PRLODSTWS1_1",
    "When": {
      "RuleBasedCalendars": {
        "Included": [
          "RC1"
        ],
        "RC1": {
          "Type": "Calendar:RuleBased",
          "When": {
            "MonthDaysCalendar": "RCG-M-CLM-N15",
            "DaysRelation": "OR",
            "DaysKeepActive": "01",
            "WeekDays": [
              "NONE"
            ],
            "MonthDays": [
              "NONE"
            ]
          }
        }
      }
    },
    "PRLODSTWS1_1#CLM_0400_PARAM": {
      "Type": "Job:Database:StoredProcedure",
      "ConnectionProfile": "_",
      "StoredProcedure": "sqlext.CLM_0400_PARAM_SP",
      "DaysKeepActive": "1",
      "SubApplication": "PRLODSTWS1_1",
      "Priority": "Very Low",
      "Host": "PRLODSTWS1",
      "CreatedBy": "emuser",
      "Description": "== Conversion Messages Start ==\\n\\nMessage ID\\t: WRN6031 (304-523)\\n\\n== Conversion Messages End ==\\nAdded by composer.",
      "RunAs": "controlm",
      "TimeZone": "HKG",
      "Application": "PRLODSTWS1_1",
      "Variables": [
        {
          "DB-STP_SCHEM": ""
        }
      ],
      "When": {
        "WeekDays": [
          "NONE"
        ],
        "Months": [
          "NONE"
        ],
        "MonthDays": [
          "NONE"
        ],
        "DaysRelation": "OR",
        "RuleBasedCalendars": {
          "Included": [
            "RC1"
          ]
        }
      },
      "eventsToWaitFor": {
        "Type": "WaitForEvents",
        "Events": [
          {
            "Event": "PRLODSTWS1_1#CLM_0400_11G-TO-PRLODSTWS1_1#CLM_0400_PARAM"
          },
          {
            "Event": "PRLODSTWS1_1#CLM_JOB_PARAM-TO-PRLODSTWS1_1#CLM_0400_PARAM"
          }
        ]
      },
      "eventsToAdd": {
        "Type": "AddEvents",
        "Events": [
          {
            "Event": "PRLODSTWS1_1#CLM_0400_PARAM-TO-PRLODSTWS1_1#CLM_0400_CR"
          }
        ]
      },
      "eventsToDelete": {
        "Type": "DeleteEvents",
        "Events": [
          {
            "Event": "PRLODSTWS1_1#CLM_0400_11G-TO-PRLODSTWS1_1#CLM_0400_PARAM"
          },
          {
            "Event": "PRLODSTWS1_1#CLM_JOB_PARAM-TO-PRLODSTWS1_1#CLM_0400_PARAM"
          }
        ]
      }
    },
    "PRLODSTWS1_1#CLM_0400_CR": {
      "Type": "Job:Command",
      "DaysKeepActive": "1",
      "SubApplication": "PRLODSTWS1_1",
      "Priority": "Very Low",
      "Host": "PRLODSTWS1",
      "CreatedBy": "emuser",
      "Description": "generate the report file for batch",
      "RunAs": "controlm",
      "TimeZone": "HKG",
      "Application": "PRLODSTWS1_1",
      "Command": "/home/tws/ods_batch_home/esp.batch.scripts/gen.report.sh M_RPT_CLM ${tws.job.name} %%\\\\global\\END_DT_CHAR.",
      "When": {
        "WeekDays": [
          "NONE"
        ],
        "Months": [
          "NONE"
        ],
        "MonthDays": [
          "NONE"
        ],
        "DaysRelation": "OR",
        "RuleBasedCalendars": {
          "Included": [
            "RC1"
          ]
        }
      },
      "eventsToWaitFor": {
        "Type": "WaitForEvents",
        "Events": [
          {
            "Event": "PRLODSTWS1_1#CLM_0400_PARAM-TO-PRLODSTWS1_1#CLM_0400_CR"
          }
        ]
      },
      "eventsToAdd": {
        "Type": "AddEvents",
        "Events": [
          {
            "Event": "PRLODSTWS1_1#CLM_0400_CR-TO-PRLODSTWS1_1#CLM_0400_CF"
          }
        ]
      },
      "eventsToDelete": {
        "Type": "DeleteEvents",
        "Events": [
          {
            "Event": "PRLODSTWS1_1#CLM_0400_PARAM-TO-PRLODSTWS1_1#CLM_0400_CR"
          }
        ]
      }
    },
    "PRLODSTWS1_1#CLM_0400_CF": {
      "Type": "Job:Command",
      "DaysKeepActive": "1",
      "SubApplication": "PRLODSTWS1_1",
      "Priority": "Very Low",
      "Host": "PRLODSTWS1",
      "CreatedBy": "emuser",
      "Description": "archiving file for batch",
      "RunAs": "controlm",
      "TimeZone": "HKG",
      "Application": "PRLODSTWS1_1",
      "Command": "/home/tws/ods_batch_home/esp.batch.scripts/archiving.file.sh M_RPT_CLM ${tws.job.name} %%\\\\global\\END_DT_CHAR.",
      "When": {
        "WeekDays": [
          "NONE"
        ],
        "Months": [
          "NONE"
        ],
        "MonthDays": [
          "NONE"
        ],
        "DaysRelation": "OR",
        "RuleBasedCalendars": {
          "Included": [
            "RC1"
          ]
        }
      },
      "eventsToWaitFor": {
        "Type": "WaitForEvents",
        "Events": [
          {
            "Event": "PRLODSTWS1_1#CLM_0400_CR-TO-PRLODSTWS1_1#CLM_0400_CF"
          }
        ]
      },
      "eventsToDelete": {
        "Type": "DeleteEvents",
        "Events": [
          {
            "Event": "PRLODSTWS1_1#CLM_0400_CR-TO-PRLODSTWS1_1#CLM_0400_CF"
          }
        ]
      }
    },
    "PRLODSTWS1_1#CLM_0400_11G": {
      "Type": "Job:Database:StoredProcedure",
      "ConnectionProfile": "_",
      "StoredProcedure": "sqlext.CLM_0400_11G_SP",
      "DaysKeepActive": "1",
      "SubApplication": "PRLODSTWS1_1",
      "Priority": "Very Low",
      "Host": "PRLODSTWS1",
      "CreatedBy": "emuser",
      "Description": "== Conversion Messages Start ==\\n\\nMessage ID\\t: WRN6031 (305-526)\\n\\n== Conversion Messages End ==\\nAdded by composer.",
      "RunAs": "controlm",
      "TimeZone": "HKG",
      "Application": "PRLODSTWS1_1",
      "Variables": [
        {
          "DB-STP_SCHEM": ""
        }
      ],
      "When": {
        "WeekDays": [
          "NONE"
        ],
        "Months": [
          "NONE"
        ],
        "MonthDays": [
          "NONE"
        ],
        "DaysRelation": "OR",
        "RuleBasedCalendars": {
          "Included": [
            "RC1"
          ]
        }
      },
      "eventsToWaitFor": {
        "Type": "WaitForEvents",
        "Events": [
          {
            "Event": "PRLODSTWS1_1#O_CLAIM_CASE-TO-PRLODSTWS1_1#CLM_0400_11G"
          },
          {
            "Event": "PRLODSTWS1_1#O_CLAIM_CASE_DC-TO-PRLODSTWS1_1#CLM_0400_11G"
          },
          {
            "Event": "PRLODSTWS1_1#O_CLAIM_CURE-TO-PRLODSTWS1_1#CLM_0400_11G"
          },
          {
            "Event": "PRLODSTWS1_1#O_CLAIM_LIAB-TO-PRLODSTWS1_1#CLM_0400_11G"
          },
          {
            "Event": "PRLODSTWS1_1#O_CLAIM_PAY-TO-PRLODSTWS1_1#CLM_0400_11G"
          },
          {
            "Event": "PRLODSTWS1_1#O_CLAIM_POLICY-TO-PRLODSTWS1_1#CLM_0400_11G"
          },
          {
            "Event": "PRLODSTWS1_1#O_CLAIM_PRODUCT-TO-PRLODSTWS1_1#CLM_0400_11G"
          },
          {
            "Event": "PRLODSTWS1_1#O_LIAB_PAY_RELATIVE-TO-PRLODSTWS1_1#CLM_0400_11G"
          },
          {
            "Event": "PRLODSTWS1_1#O_CLAIM_INSTALMENT-TO-PRLODSTWS1_1#CLM_0400_11G"
          },
          {
            "Event": "PRLODSTWS1_1#O_CUSTOMER-TO-PRLODSTWS1_1#CLM_0400_11G"
          },
          {
            "Event": "PRLODSTWS1_1#O_CONTRACT_PRODUCT-TO-PRLODSTWS1_1#CLM_0400_11G"
          },
          {
            "Event": "PRLODSTWS1_1#O_LIABILITY-TO-PRLODSTWS1_1#CLM_0400_11G"
          },
          {
            "Event": "PRLODSTWS1_1#O_PRODUCT_LIFE-TO-PRLODSTWS1_1#CLM_0400_11G"
          },
          {
            "Event": "PRLODSTWS1_1#SDM_CLAIM_CASE-TO-PRLODSTWS1_1#CLM_0400_11G"
          },
          {
            "Event": "PRLODSTWS1_1#SDM_CLAIM_DIAGNOSIS-TO-PRLODSTWS1_1#CLM_0400_11G"
          },
          {
            "Event": "PRLODSTWS1_1#SDM_CLAIM_PAY-TO-PRLODSTWS1_1#CLM_0400_11G"
          },
          {
            "Event": "PRLODSTWS1_1#SDM_CLAIM_PRODUCT-TO-PRLODSTWS1_1#CLM_0400_11G"
          },
          {
            "Event": "PRLODSTWS1_1#SDM_CONTRACT_PRODUCT-TO-PRLODSTWS1_1#CLM_0400_11G"
          },
          {
            "Event": "PRLODSTWS1_1#SDM_SC_PCD_POL_SERVICE-TO-PRLODSTWS1_1#CLM_0400_11G"
          },
          {
            "Event": "PRLODSTWS1_1#SDM_CONTRACT_MASTER-TO-PRLODSTWS1_1#CLM_0400_11G"
          },
          {
            "Event": "PRLODSTWS1_1#SDM_INSURED_LIST-TO-PRLODSTWS1_1#CLM_0400_11G"
          }
        ]
      },
      "eventsToAdd": {
        "Type": "AddEvents",
        "Events": [
          {
            "Event": "PRLODSTWS1_1#CLM_0400_11G-TO-PRLODSTWS1_1#CLM_0400_PARAM"
          }
        ]
      },
      "eventsToDelete": {
        "Type": "DeleteEvents",
        "Events": [
          {
            "Event": "PRLODSTWS1_1#O_CLAIM_CASE-TO-PRLODSTWS1_1#CLM_0400_11G"
          },
          {
            "Event": "PRLODSTWS1_1#O_CLAIM_CASE_DC-TO-PRLODSTWS1_1#CLM_0400_11G"
          },
          {
            "Event": "PRLODSTWS1_1#O_CLAIM_CURE-TO-PRLODSTWS1_1#CLM_0400_11G"
          },
          {
            "Event": "PRLODSTWS1_1#O_CLAIM_LIAB-TO-PRLODSTWS1_1#CLM_0400_11G"
          },
          {
            "Event": "PRLODSTWS1_1#O_CLAIM_PAY-TO-PRLODSTWS1_1#CLM_0400_11G"
          },
          {
            "Event": "PRLODSTWS1_1#O_CLAIM_POLICY-TO-PRLODSTWS1_1#CLM_0400_11G"
          },
          {
            "Event": "PRLODSTWS1_1#O_CLAIM_PRODUCT-TO-PRLODSTWS1_1#CLM_0400_11G"
          },
          {
            "Event": "PRLODSTWS1_1#O_LIAB_PAY_RELATIVE-TO-PRLODSTWS1_1#CLM_0400_11G"
          },
          {
            "Event": "PRLODSTWS1_1#O_CLAIM_INSTALMENT-TO-PRLODSTWS1_1#CLM_0400_11G"
          },
          {
            "Event": "PRLODSTWS1_1#O_CUSTOMER-TO-PRLODSTWS1_1#CLM_0400_11G"
          },
          {
            "Event": "PRLODSTWS1_1#O_CONTRACT_PRODUCT-TO-PRLODSTWS1_1#CLM_0400_11G"
          },
          {
            "Event": "PRLODSTWS1_1#O_LIABILITY-TO-PRLODSTWS1_1#CLM_0400_11G"
          },
          {
            "Event": "PRLODSTWS1_1#O_PRODUCT_LIFE-TO-PRLODSTWS1_1#CLM_0400_11G"
          },
          {
            "Event": "PRLODSTWS1_1#SDM_CLAIM_CASE-TO-PRLODSTWS1_1#CLM_0400_11G"
          },
          {
            "Event": "PRLODSTWS1_1#SDM_CLAIM_DIAGNOSIS-TO-PRLODSTWS1_1#CLM_0400_11G"
          },
          {
            "Event": "PRLODSTWS1_1#SDM_CLAIM_PAY-TO-PRLODSTWS1_1#CLM_0400_11G"
          },
          {
            "Event": "PRLODSTWS1_1#SDM_CLAIM_PRODUCT-TO-PRLODSTWS1_1#CLM_0400_11G"
          },
          {
            "Event": "PRLODSTWS1_1#SDM_CONTRACT_PRODUCT-TO-PRLODSTWS1_1#CLM_0400_11G"
          },
          {
            "Event": "PRLODSTWS1_1#SDM_SC_PCD_POL_SERVICE-TO-PRLODSTWS1_1#CLM_0400_11G"
          },
          {
            "Event": "PRLODSTWS1_1#SDM_CONTRACT_MASTER-TO-PRLODSTWS1_1#CLM_0400_11G"
          },
          {
            "Event": "PRLODSTWS1_1#SDM_INSURED_LIST-TO-PRLODSTWS1_1#CLM_0400_11G"
          }
        ]
      }
    },
    "eventsToAdd": {
      "Type": "AddEvents",
      "Events": [
        {
          "Event": "PRLODSTWS1_1#M_RPT_CLM_40-15-TO-PRLODSTWS1_1#BDS_STS_RPT_CLM"
        }
      ]
    }
  }
}
