{
  "PRLODSTWS1_1#D_ODS_UNB_2": {
    "Type": "Folder",
    "ControlmServer": "CTM",
    "Description": "== Conversion Messages Start ==\\n\\nMessage ID\\t: INF6107 (4255-7414)\\n\\nMessage ID\\t: INF6104 (4256-7414)\\n\\n== Conversion Messages End ==\\n",
    "OrderMethod": "Manual",
    "SubApplication": "PRLODSTWS1_1",
    "CreatedBy": "emuser",
    "Priority": "9W",
    "TimeZone": "HKG",
    "Application": "PRLODSTWS1_1",
    "When": {
      "RuleBasedCalendars": {
        "Included": [
          "RC1"
        ],
        "RC1": {
          "Type": "Calendar:RuleBased",
          "When": {
            "MonthDaysCalendar": "RCG-D-NAT",
            "DaysRelation": "OR",
            "DaysKeepActive": "01",
            "WeekDays": [
              "NONE"
            ],
            "MonthDays": [
              "NONE"
            ]
          }
        }
      }
    },
    "PRLODSTWS1_1#O_END_CAUSE_TYPE": {
      "Type": "Job:Database:StoredProcedure",
      "ConnectionProfile": "_",
      "StoredProcedure": "sqlext.O_END_CAUSE_TYPE_SP",
      "DaysKeepActive": "1",
      "SubApplication": "PRLODSTWS1_1",
      "Priority": "Very Low",
      "Host": "PRLODSTWS1",
      "CreatedBy": "emuser",
      "Description": "== Conversion Messages Start ==\\n\\nMessage ID\\t: WRN6031 (4235-7415)\\n\\n== Conversion Messages End ==\\nAdded by composer.",
      "RunAs": "controlm",
      "TimeZone": "HKG",
      "Application": "PRLODSTWS1_1",
      "Variables": [
        {
          "DB-STP_SCHEM": ""
        }
      ],
      "When": {
        "WeekDays": [
          "NONE"
        ],
        "Months": [
          "NONE"
        ],
        "MonthDays": [
          "NONE"
        ],
        "DaysRelation": "OR",
        "RuleBasedCalendars": {
          "Included": [
            "RC1"
          ]
        }
      },
      "eventsToWaitFor": {
        "Type": "WaitForEvents",
        "Events": [
          {
            "Event": "PRLODSTWS1_1#SYS_STS_STG-TO-PRLODSTWS1_1#O_END_CAUSE_TYPE"
          }
        ]
      },
      "eventsToAdd": {
        "Type": "AddEvents",
        "Events": [
          {
            "Event": "PRLODSTWS1_1#O_END_CAUSE_TYPE-TO-PRLODSTWS1_1#SDM_END_CAUSE_TYPE"
          }
        ]
      },
      "eventsToDelete": {
        "Type": "DeleteEvents",
        "Events": [
          {
            "Event": "PRLODSTWS1_1#SYS_STS_STG-TO-PRLODSTWS1_1#O_END_CAUSE_TYPE"
          }
        ]
      }
    },
    "PRLODSTWS1_1#O_PAYER_ACCOUNT": {
      "Type": "Job:Database:StoredProcedure",
      "ConnectionProfile": "_",
      "StoredProcedure": "sqlext.O_PAYER_ACCOUNT_SP",
      "DaysKeepActive": "1",
      "SubApplication": "PRLODSTWS1_1",
      "Priority": "Very Low",
      "Host": "PRLODSTWS1",
      "CreatedBy": "emuser",
      "Description": "== Conversion Messages Start ==\\n\\nMessage ID\\t: WRN6031 (4236-7416)\\n\\n== Conversion Messages End ==\\nAdded by composer.",
      "RunAs": "controlm",
      "TimeZone": "HKG",
      "Application": "PRLODSTWS1_1",
      "Variables": [
        {
          "DB-STP_SCHEM": ""
        }
      ],
      "When": {
        "WeekDays": [
          "NONE"
        ],
        "Months": [
          "NONE"
        ],
        "MonthDays": [
          "NONE"
        ],
        "DaysRelation": "OR",
        "RuleBasedCalendars": {
          "Included": [
            "RC1"
          ]
        }
      },
      "eventsToWaitFor": {
        "Type": "WaitForEvents",
        "Events": [
          {
            "Event": "PRLODSTWS1_1#SYS_STS_STG-TO-PRLODSTWS1_1#O_PAYER_ACCOUNT"
          }
        ]
      },
      "eventsToAdd": {
        "Type": "AddEvents",
        "Events": [
          {
            "Event": "PRLODSTWS1_1#O_PAYER_ACCOUNT-TO-PRLODSTWS1_1#FDW_POLICY_CHANGE"
          },
          {
            "Event": "PRLODSTWS1_1#O_PAYER_ACCOUNT-TO-PRLODSTWS1_1#FDW_UW_POLICY"
          },
          {
            "Event": "PRLODSTWS1_1#O_PAYER_ACCOUNT-TO-PRLODSTWS1_1#FDW_NOTICE"
          },
          {
            "Event": "PRLODSTWS1_1#O_PAYER_ACCOUNT-TO-PRLODSTWS1_1#FDW_POL_NOTICE"
          },
          {
            "Event": "PRLODSTWS1_1#O_PAYER_ACCOUNT-TO-PRLODSTWS1_1#FDW_1Y_RENEW_NOTICE"
          },
          {
            "Event": "PRLODSTWS1_1#O_PAYER_ACCOUNT-TO-PRLODSTWS1_1#HNCBIA_NTC_DEDUCT"
          },
          {
            "Event": "PRLODSTWS1_1#O_PAYER_ACCOUNT-TO-PRLODSTWS1_1#JIHS_NTC_DEDUCT"
          },
          {
            "Event": "PRLODSTWS1_1#O_PAYER_ACCOUNT-TO-PRLODSTWS1_1#KB7_BRPOLICY_NEW"
          },
          {
            "Event": "PRLODSTWS1_1#O_PAYER_ACCOUNT-TO-PRLODSTWS1_1#KB9_BRPOLICY_NEW"
          },
          {
            "Event": "PRLODSTWS1_1#O_PAYER_ACCOUNT-TO-PRLODSTWS1_1#LAW_BRPOLICY_NEW_PRE"
          },
          {
            "Event": "PRLODSTWS1_1#O_PAYER_ACCOUNT-TO-PRLODSTWS1_1#FDW_POLICY_CHANGE_1"
          },
          {
            "Event": "PRLODSTWS1_1#O_PAYER_ACCOUNT-TO-PRLODSTWS1_1#FDW_UW_POLICY_1"
          },
          {
            "Event": "PRLODSTWS1_1#O_PAYER_ACCOUNT-TO-PRLODSTWS1_1#FDW_NOTICE_1"
          },
          {
            "Event": "PRLODSTWS1_1#O_PAYER_ACCOUNT-TO-PRLODSTWS1_1#FDW_POL_NOTICE_1"
          },
          {
            "Event": "PRLODSTWS1_1#O_PAYER_ACCOUNT-TO-PRLODSTWS1_1#FDW_1Y_RENEW_NOTICE_1"
          },
          {
            "Event": "PRLODSTWS1_1#O_PAYER_ACCOUNT-TO-PRLODSTWS1_1#FDW_CONTRACT_MASTER"
          },
          {
            "Event": "PRLODSTWS1_1#O_PAYER_ACCOUNT-TO-PRLODSTWS1_1#TABC_LCPOD"
          },
          {
            "Event": "PRLODSTWS1_1#O_PAYER_ACCOUNT-TO-PRLODSTWS1_1#PA_0510_11G"
          },
          {
            "Event": "PRLODSTWS1_1#O_PAYER_ACCOUNT-TO-PRLODSTWS1_1#PA_1090_11G"
          },
          {
            "Event": "PRLODSTWS1_1#O_PAYER_ACCOUNT-TO-PRLODSTWS1_1#PA_0420_11G"
          },
          {
            "Event": "PRLODSTWS1_1#O_PAYER_ACCOUNT-TO-PRLODSTWS1_1#POS_1390_11G"
          },
          {
            "Event": "PRLODSTWS1_1#O_PAYER_ACCOUNT-TO-PRLODSTWS1_1#SDM_CONTRACT_MASTER"
          },
          {
            "Event": "PRLODSTWS1_1#O_PAYER_ACCOUNT-TO-PRLODSTWS1_1#FDW_PC_M_FEPRO"
          },
          {
            "Event": "PRLODSTWS1_1#O_PAYER_ACCOUNT-TO-PRLODSTWS1_1#PA_0520_11G"
          },
          {
            "Event": "PRLODSTWS1_1#O_PAYER_ACCOUNT-TO-PRLODSTWS1_1#PA_1100_11G"
          }
        ]
      },
      "eventsToDelete": {
        "Type": "DeleteEvents",
        "Events": [
          {
            "Event": "PRLODSTWS1_1#SYS_STS_STG-TO-PRLODSTWS1_1#O_PAYER_ACCOUNT"
          }
        ]
      }
    },
    "PRLODSTWS1_1#O_LA_PH_RELA": {
      "Type": "Job:Database:StoredProcedure",
      "ConnectionProfile": "_",
      "StoredProcedure": "sqlext.O_LA_PH_RELA_SP",
      "DaysKeepActive": "1",
      "SubApplication": "PRLODSTWS1_1",
      "Priority": "Very Low",
      "Host": "PRLODSTWS1",
      "CreatedBy": "emuser",
      "Description": "== Conversion Messages Start ==\\n\\nMessage ID\\t: WRN6031 (4237-7417)\\n\\n== Conversion Messages End ==\\nAdded by composer.",
      "RunAs": "controlm",
      "TimeZone": "HKG",
      "Application": "PRLODSTWS1_1",
      "Variables": [
        {
          "DB-STP_SCHEM": ""
        }
      ],
      "When": {
        "WeekDays": [
          "NONE"
        ],
        "Months": [
          "NONE"
        ],
        "MonthDays": [
          "NONE"
        ],
        "DaysRelation": "OR",
        "RuleBasedCalendars": {
          "Included": [
            "RC1"
          ]
        }
      },
      "eventsToWaitFor": {
        "Type": "WaitForEvents",
        "Events": [
          {
            "Event": "PRLODSTWS1_1#SYS_STS_STG-TO-PRLODSTWS1_1#O_LA_PH_RELA"
          }
        ]
      },
      "eventsToAdd": {
        "Type": "AddEvents",
        "Events": [
          {
            "Event": "PRLODSTWS1_1#O_LA_PH_RELA-TO-PRLODSTWS1_1#SDM_INSURED_LIST"
          }
        ]
      },
      "eventsToDelete": {
        "Type": "DeleteEvents",
        "Events": [
          {
            "Event": "PRLODSTWS1_1#SYS_STS_STG-TO-PRLODSTWS1_1#O_LA_PH_RELA"
          }
        ]
      }
    },
    "PRLODSTWS1_1#O_LAPSE_CAUSE": {
      "Type": "Job:Database:StoredProcedure",
      "ConnectionProfile": "_",
      "StoredProcedure": "sqlext.O_LAPSE_CAUSE_SP",
      "DaysKeepActive": "1",
      "SubApplication": "PRLODSTWS1_1",
      "Priority": "Very Low",
      "Host": "PRLODSTWS1",
      "CreatedBy": "emuser",
      "Description": "== Conversion Messages Start ==\\n\\nMessage ID\\t: WRN6031 (4238-7418)\\n\\n== Conversion Messages End ==\\nAdded by composer.",
      "RunAs": "controlm",
      "TimeZone": "HKG",
      "Application": "PRLODSTWS1_1",
      "Variables": [
        {
          "DB-STP_SCHEM": ""
        }
      ],
      "When": {
        "WeekDays": [
          "NONE"
        ],
        "Months": [
          "NONE"
        ],
        "MonthDays": [
          "NONE"
        ],
        "DaysRelation": "OR",
        "RuleBasedCalendars": {
          "Included": [
            "RC1"
          ]
        }
      },
      "eventsToWaitFor": {
        "Type": "WaitForEvents",
        "Events": [
          {
            "Event": "PRLODSTWS1_1#SYS_STS_STG-TO-PRLODSTWS1_1#O_LAPSE_CAUSE"
          }
        ]
      },
      "eventsToAdd": {
        "Type": "AddEvents",
        "Events": [
          {
            "Event": "PRLODSTWS1_1#O_LAPSE_CAUSE-TO-PRLODSTWS1_1#SDM_LAPSE_CAUSE"
          }
        ]
      },
      "eventsToDelete": {
        "Type": "DeleteEvents",
        "Events": [
          {
            "Event": "PRLODSTWS1_1#SYS_STS_STG-TO-PRLODSTWS1_1#O_LAPSE_CAUSE"
          }
        ]
      }
    },
    "PRLODSTWS1_1#O_NB_MAIL_TO": {
      "Type": "Job:Database:StoredProcedure",
      "ConnectionProfile": "_",
      "StoredProcedure": "sqlext.O_NB_MAIL_TO_SP",
      "DaysKeepActive": "1",
      "SubApplication": "PRLODSTWS1_1",
      "Priority": "Very Low",
      "Host": "PRLODSTWS1",
      "CreatedBy": "emuser",
      "Description": "== Conversion Messages Start ==\\n\\nMessage ID\\t: WRN6031 (4239-7419)\\n\\n== Conversion Messages End ==\\nAdded by composer.",
      "RunAs": "controlm",
      "TimeZone": "HKG",
      "Application": "PRLODSTWS1_1",
      "Variables": [
        {
          "DB-STP_SCHEM": ""
        }
      ],
      "When": {
        "WeekDays": [
          "NONE"
        ],
        "Months": [
          "NONE"
        ],
        "MonthDays": [
          "NONE"
        ],
        "DaysRelation": "OR",
        "RuleBasedCalendars": {
          "Included": [
            "RC1"
          ]
        }
      },
      "eventsToWaitFor": {
        "Type": "WaitForEvents",
        "Events": [
          {
            "Event": "PRLODSTWS1_1#SYS_STS_STG-TO-PRLODSTWS1_1#O_NB_MAIL_TO"
          }
        ]
      },
      "eventsToAdd": {
        "Type": "AddEvents",
        "Events": [
          {
            "Event": "PRLODSTWS1_1#O_NB_MAIL_TO-TO-PRLODSTWS1_1#SDM_NB_MAIL_TO"
          }
        ]
      },
      "eventsToDelete": {
        "Type": "DeleteEvents",
        "Events": [
          {
            "Event": "PRLODSTWS1_1#SYS_STS_STG-TO-PRLODSTWS1_1#O_NB_MAIL_TO"
          }
        ]
      }
    },
    "PRLODSTWS1_1#O_LIABILITY": {
      "Type": "Job:Database:StoredProcedure",
      "ConnectionProfile": "_",
      "StoredProcedure": "sqlext.O_LIABILITY_SP",
      "DaysKeepActive": "1",
      "SubApplication": "PRLODSTWS1_1",
      "Priority": "Very Low",
      "Host": "PRLODSTWS1",
      "CreatedBy": "emuser",
      "Description": "== Conversion Messages Start ==\\n\\nMessage ID\\t: WRN6031 (4240-7420)\\n\\n== Conversion Messages End ==\\nAdded by composer.",
      "RunAs": "controlm",
      "TimeZone": "HKG",
      "Application": "PRLODSTWS1_1",
      "Variables": [
        {
          "DB-STP_SCHEM": ""
        }
      ],
      "When": {
        "WeekDays": [
          "NONE"
        ],
        "Months": [
          "NONE"
        ],
        "MonthDays": [
          "NONE"
        ],
        "DaysRelation": "OR",
        "RuleBasedCalendars": {
          "Included": [
            "RC1"
          ]
        }
      },
      "eventsToWaitFor": {
        "Type": "WaitForEvents",
        "Events": [
          {
            "Event": "PRLODSTWS1_1#SYS_STS_STG-TO-PRLODSTWS1_1#O_LIABILITY"
          }
        ]
      },
      "eventsToAdd": {
        "Type": "AddEvents",
        "Events": [
          {
            "Event": "PRLODSTWS1_1#O_LIABILITY-TO-PRLODSTWS1_1#FDW_CLAIM"
          },
          {
            "Event": "PRLODSTWS1_1#O_LIABILITY-TO-PRLODSTWS1_1#FDW_CLAIM_1"
          },
          {
            "Event": "PRLODSTWS1_1#O_LIABILITY-TO-PRLODSTWS1_1#SDM_CLAIM_LIAB"
          },
          {
            "Event": "PRLODSTWS1_1#O_LIABILITY-TO-PRLODSTWS1_1#SDM_CLAIM_PAY"
          },
          {
            "Event": "PRLODSTWS1_1#O_LIABILITY-TO-PRLODSTWS1_1#SDM_CLAIM_PRODUCT"
          },
          {
            "Event": "PRLODSTWS1_1#O_LIABILITY-TO-PRLODSTWS1_1#CLM_0360_10G"
          },
          {
            "Event": "PRLODSTWS1_1#O_LIABILITY-TO-PRLODSTWS1_1#CLM_0440_11G"
          },
          {
            "Event": "PRLODSTWS1_1#O_LIABILITY-TO-PRLODSTWS1_1#CLM_0400_11G"
          }
        ]
      },
      "eventsToDelete": {
        "Type": "DeleteEvents",
        "Events": [
          {
            "Event": "PRLODSTWS1_1#SYS_STS_STG-TO-PRLODSTWS1_1#O_LIABILITY"
          }
        ]
      }
    },
    "PRLODSTWS1_1#O_MONEY": {
      "Type": "Job:Database:StoredProcedure",
      "ConnectionProfile": "_",
      "StoredProcedure": "sqlext.O_MONEY_SP",
      "DaysKeepActive": "1",
      "SubApplication": "PRLODSTWS1_1",
      "Priority": "Very Low",
      "Host": "PRLODSTWS1",
      "CreatedBy": "emuser",
      "Description": "== Conversion Messages Start ==\\n\\nMessage ID\\t: WRN6031 (4241-7421)\\n\\n== Conversion Messages End ==\\nAdded by composer.",
      "RunAs": "controlm",
      "TimeZone": "HKG",
      "Application": "PRLODSTWS1_1",
      "Variables": [
        {
          "DB-STP_SCHEM": ""
        }
      ],
      "When": {
        "WeekDays": [
          "NONE"
        ],
        "Months": [
          "NONE"
        ],
        "MonthDays": [
          "NONE"
        ],
        "DaysRelation": "OR",
        "RuleBasedCalendars": {
          "Included": [
            "RC1"
          ]
        }
      },
      "eventsToWaitFor": {
        "Type": "WaitForEvents",
        "Events": [
          {
            "Event": "PRLODSTWS1_1#SYS_STS_STG-TO-PRLODSTWS1_1#O_MONEY"
          }
        ]
      },
      "eventsToAdd": {
        "Type": "AddEvents",
        "Events": [
          {
            "Event": "PRLODSTWS1_1#O_MONEY-TO-PRLODSTWS1_1#FDW_FUND_TXN_MSTR"
          },
          {
            "Event": "PRLODSTWS1_1#O_MONEY-TO-PRLODSTWS1_1#FDW_FUND_CPN_ALLOC"
          },
          {
            "Event": "PRLODSTWS1_1#O_MONEY-TO-PRLODSTWS1_1#FDW_FUND_TXN_CASH"
          },
          {
            "Event": "PRLODSTWS1_1#O_MONEY-TO-PRLODSTWS1_1#FDW_FUND_TXN_TRNST"
          },
          {
            "Event": "PRLODSTWS1_1#O_MONEY-TO-PRLODSTWS1_1#FDW_FUND_TRANS"
          },
          {
            "Event": "PRLODSTWS1_1#O_MONEY-TO-PRLODSTWS1_1#CTBC_FDTXNM_I"
          },
          {
            "Event": "PRLODSTWS1_1#O_MONEY-TO-PRLODSTWS1_1#CTBC_FDTXNM_IK"
          },
          {
            "Event": "PRLODSTWS1_1#O_MONEY-TO-PRLODSTWS1_1#CTBC_INVEST_TRGT"
          },
          {
            "Event": "PRLODSTWS1_1#O_MONEY-TO-PRLODSTWS1_1#FB_POLV_NEW_I"
          },
          {
            "Event": "PRLODSTWS1_1#O_MONEY-TO-PRLODSTWS1_1#FDW_POLICY_VALUE_HNCBIA"
          },
          {
            "Event": "PRLODSTWS1_1#O_MONEY-TO-PRLODSTWS1_1#SINO_FUND"
          },
          {
            "Event": "PRLODSTWS1_1#O_MONEY-TO-PRLODSTWS1_1#SPA_AUM_TIV"
          },
          {
            "Event": "PRLODSTWS1_1#O_MONEY-TO-PRLODSTWS1_1#FDW_FUND_TXN_MSTR_1"
          },
          {
            "Event": "PRLODSTWS1_1#O_MONEY-TO-PRLODSTWS1_1#FDW_FUND_CPN_ALLOC_1"
          },
          {
            "Event": "PRLODSTWS1_1#O_MONEY-TO-PRLODSTWS1_1#FDW_FUND_TXN_CASH_1"
          },
          {
            "Event": "PRLODSTWS1_1#O_MONEY-TO-PRLODSTWS1_1#FDW_FUND_TXN_TRNST_1"
          },
          {
            "Event": "PRLODSTWS1_1#O_MONEY-TO-PRLODSTWS1_1#FDW_FUND_TRANS_1"
          },
          {
            "Event": "PRLODSTWS1_1#O_MONEY-TO-PRLODSTWS1_1#YUAN_FDTXNM_I"
          },
          {
            "Event": "PRLODSTWS1_1#O_MONEY-TO-PRLODSTWS1_1#CLM_1724_11G"
          },
          {
            "Event": "PRLODSTWS1_1#O_MONEY-TO-PRLODSTWS1_1#FIN_1340_11G"
          },
          {
            "Event": "PRLODSTWS1_1#O_MONEY-TO-PRLODSTWS1_1#FIN_0370_11G"
          },
          {
            "Event": "PRLODSTWS1_1#O_MONEY-TO-PRLODSTWS1_1#FIN_1250_11G"
          },
          {
            "Event": "PRLODSTWS1_1#O_MONEY-TO-PRLODSTWS1_1#FIN_0430_11G"
          },
          {
            "Event": "PRLODSTWS1_1#O_MONEY-TO-PRLODSTWS1_1#FIN_0450_11G"
          },
          {
            "Event": "PRLODSTWS1_1#O_MONEY-TO-PRLODSTWS1_1#FIN_0460_11G"
          },
          {
            "Event": "PRLODSTWS1_1#O_MONEY-TO-PRLODSTWS1_1#FIN_1640_11G"
          },
          {
            "Event": "PRLODSTWS1_1#O_MONEY-TO-PRLODSTWS1_1#GRP_1724_11G"
          },
          {
            "Event": "PRLODSTWS1_1#O_MONEY-TO-PRLODSTWS1_1#PA_1724_11G"
          },
          {
            "Event": "PRLODSTWS1_1#O_MONEY-TO-PRLODSTWS1_1#POS_1080_11G"
          },
          {
            "Event": "PRLODSTWS1_1#O_MONEY-TO-PRLODSTWS1_1#POS_1724_11G"
          },
          {
            "Event": "PRLODSTWS1_1#O_MONEY-TO-PRLODSTWS1_1#POS_1350_11G"
          },
          {
            "Event": "PRLODSTWS1_1#O_MONEY-TO-PRLODSTWS1_1#UNB_1724_11G"
          },
          {
            "Event": "PRLODSTWS1_1#O_MONEY-TO-PRLODSTWS1_1#SDM_SERVICE_RATE"
          },
          {
            "Event": "PRLODSTWS1_1#O_MONEY-TO-PRLODSTWS1_1#SDM_FUND"
          },
          {
            "Event": "PRLODSTWS1_1#O_MONEY-TO-PRLODSTWS1_1#SDM_FUND_PRICE"
          },
          {
            "Event": "PRLODSTWS1_1#O_MONEY-TO-PRLODSTWS1_1#SDM_GL_EXCHANGE_RATE"
          },
          {
            "Event": "PRLODSTWS1_1#O_MONEY-TO-PRLODSTWS1_1#SDM_PAY_PLAN"
          },
          {
            "Event": "PRLODSTWS1_1#O_MONEY-TO-PRLODSTWS1_1#SDM_CASH"
          },
          {
            "Event": "PRLODSTWS1_1#O_MONEY-TO-PRLODSTWS1_1#SDM_POLICY_ACCOUNT"
          },
          {
            "Event": "PRLODSTWS1_1#O_MONEY-TO-PRLODSTWS1_1#SDM_SC_FOA_PRDCTN_DTL"
          },
          {
            "Event": "PRLODSTWS1_1#O_MONEY-TO-PRLODSTWS1_1#SDM_CMSN_INFO_EXTEND"
          },
          {
            "Event": "PRLODSTWS1_1#O_MONEY-TO-PRLODSTWS1_1#SDM_PRODUCTION_DETAIL"
          },
          {
            "Event": "PRLODSTWS1_1#O_MONEY-TO-PRLODSTWS1_1#SDM_PRODUCTION_ADJUST"
          },
          {
            "Event": "PRLODSTWS1_1#O_MONEY-TO-PRLODSTWS1_1#SDM_SC_APE_AGENT"
          },
          {
            "Event": "PRLODSTWS1_1#O_MONEY-TO-PRLODSTWS1_1#SDM_SC_GROUP_DETAIL"
          },
          {
            "Event": "PRLODSTWS1_1#O_MONEY-TO-PRLODSTWS1_1#SDM_COMMISION_INFO"
          },
          {
            "Event": "PRLODSTWS1_1#O_MONEY-TO-PRLODSTWS1_1#SDM_CONTRACT_PRODUCT"
          },
          {
            "Event": "PRLODSTWS1_1#O_MONEY-TO-PRLODSTWS1_1#SDM_CONTRACT_MASTER"
          },
          {
            "Event": "PRLODSTWS1_1#O_MONEY-TO-PRLODSTWS1_1#SDM_MONEY"
          },
          {
            "Event": "PRLODSTWS1_1#O_MONEY-TO-PRLODSTWS1_1#FIN_0440_11G"
          },
          {
            "Event": "PRLODSTWS1_1#O_MONEY-TO-PRLODSTWS1_1#FIN_0520_11G"
          }
        ]
      },
      "eventsToDelete": {
        "Type": "DeleteEvents",
        "Events": [
          {
            "Event": "PRLODSTWS1_1#SYS_STS_STG-TO-PRLODSTWS1_1#O_MONEY"
          }
        ]
      }
    },
    "PRLODSTWS1_1#O_PARTY_ADDR": {
      "Type": "Job:Database:StoredProcedure",
      "ConnectionProfile": "_",
      "StoredProcedure": "sqlext.O_PARTY_ADDR_SP",
      "DaysKeepActive": "1",
      "SubApplication": "PRLODSTWS1_1",
      "Priority": "Very Low",
      "Host": "PRLODSTWS1",
      "CreatedBy": "emuser",
      "Description": "== Conversion Messages Start ==\\n\\nMessage ID\\t: WRN6031 (4242-7422)\\n\\n== Conversion Messages End ==\\nAdded by composer.",
      "RunAs": "controlm",
      "TimeZone": "HKG",
      "Application": "PRLODSTWS1_1",
      "Variables": [
        {
          "DB-STP_SCHEM": ""
        }
      ],
      "When": {
        "WeekDays": [
          "NONE"
        ],
        "Months": [
          "NONE"
        ],
        "MonthDays": [
          "NONE"
        ],
        "DaysRelation": "OR",
        "RuleBasedCalendars": {
          "Included": [
            "RC1"
          ]
        }
      },
      "eventsToWaitFor": {
        "Type": "WaitForEvents",
        "Events": [
          {
            "Event": "PRLODSTWS1_1#SYS_STS_STG-TO-PRLODSTWS1_1#O_PARTY_ADDR"
          }
        ]
      },
      "eventsToAdd": {
        "Type": "AddEvents",
        "Events": [
          {
            "Event": "PRLODSTWS1_1#O_PARTY_ADDR-TO-PRLODSTWS1_1#HWAT_M_POLICY_XLS"
          },
          {
            "Event": "PRLODSTWS1_1#O_PARTY_ADDR-TO-PRLODSTWS1_1#CLM_0580_11G"
          },
          {
            "Event": "PRLODSTWS1_1#O_PARTY_ADDR-TO-PRLODSTWS1_1#SDM_PARTY_ADDR"
          }
        ]
      },
      "eventsToDelete": {
        "Type": "DeleteEvents",
        "Events": [
          {
            "Event": "PRLODSTWS1_1#SYS_STS_STG-TO-PRLODSTWS1_1#O_PARTY_ADDR"
          }
        ]
      }
    },
    "PRLODSTWS1_1#O_NB_AGENT_NOTIFY": {
      "Type": "Job:Database:StoredProcedure",
      "ConnectionProfile": "_",
      "StoredProcedure": "sqlext.O_NB_AGENT_NOTIFY_SP",
      "DaysKeepActive": "1",
      "SubApplication": "PRLODSTWS1_1",
      "Priority": "Very Low",
      "Host": "PRLODSTWS1",
      "CreatedBy": "emuser",
      "Description": "== Conversion Messages Start ==\\n\\nMessage ID\\t: WRN6031 (4243-7423)\\n\\n== Conversion Messages End ==\\nAdded by composer.",
      "RunAs": "controlm",
      "TimeZone": "HKG",
      "Application": "PRLODSTWS1_1",
      "Variables": [
        {
          "DB-STP_SCHEM": ""
        }
      ],
      "When": {
        "WeekDays": [
          "NONE"
        ],
        "Months": [
          "NONE"
        ],
        "MonthDays": [
          "NONE"
        ],
        "DaysRelation": "OR",
        "RuleBasedCalendars": {
          "Included": [
            "RC1"
          ]
        }
      },
      "eventsToWaitFor": {
        "Type": "WaitForEvents",
        "Events": [
          {
            "Event": "PRLODSTWS1_1#SYS_STS_STG-TO-PRLODSTWS1_1#O_NB_AGENT_NOTIFY"
          }
        ]
      },
      "eventsToAdd": {
        "Type": "AddEvents",
        "Events": [
          {
            "Event": "PRLODSTWS1_1#O_NB_AGENT_NOTIFY-TO-PRLODSTWS1_1#KB7_BRPOLICY_NEW"
          },
          {
            "Event": "PRLODSTWS1_1#O_NB_AGENT_NOTIFY-TO-PRLODSTWS1_1#KB9_BRPOLICY_NEW"
          },
          {
            "Event": "PRLODSTWS1_1#O_NB_AGENT_NOTIFY-TO-PRLODSTWS1_1#LAW_BRPOLICY_NEW_PRE"
          },
          {
            "Event": "PRLODSTWS1_1#O_NB_AGENT_NOTIFY-TO-PRLODSTWS1_1#SDM_NB_AGENT_NOTIFY"
          }
        ]
      },
      "eventsToDelete": {
        "Type": "DeleteEvents",
        "Events": [
          {
            "Event": "PRLODSTWS1_1#SYS_STS_STG-TO-PRLODSTWS1_1#O_NB_AGENT_NOTIFY"
          }
        ]
      }
    },
    "PRLODSTWS1_1#O_NB_PAYER_TO_PH": {
      "Type": "Job:Database:StoredProcedure",
      "ConnectionProfile": "_",
      "StoredProcedure": "sqlext.O_NB_PAYER_TO_PH_SP",
      "DaysKeepActive": "1",
      "SubApplication": "PRLODSTWS1_1",
      "Priority": "Very Low",
      "Host": "PRLODSTWS1",
      "CreatedBy": "emuser",
      "Description": "== Conversion Messages Start ==\\n\\nMessage ID\\t: WRN6031 (4244-7424)\\n\\n== Conversion Messages End ==\\nAdded by composer.",
      "RunAs": "controlm",
      "TimeZone": "HKG",
      "Application": "PRLODSTWS1_1",
      "Variables": [
        {
          "DB-STP_SCHEM": ""
        }
      ],
      "When": {
        "WeekDays": [
          "NONE"
        ],
        "Months": [
          "NONE"
        ],
        "MonthDays": [
          "NONE"
        ],
        "DaysRelation": "OR",
        "RuleBasedCalendars": {
          "Included": [
            "RC1"
          ]
        }
      },
      "eventsToWaitFor": {
        "Type": "WaitForEvents",
        "Events": [
          {
            "Event": "PRLODSTWS1_1#SYS_STS_STG-TO-PRLODSTWS1_1#O_NB_PAYER_TO_PH"
          }
        ]
      },
      "eventsToAdd": {
        "Type": "AddEvents",
        "Events": [
          {
            "Event": "PRLODSTWS1_1#O_NB_PAYER_TO_PH-TO-PRLODSTWS1_1#SDM_NB_PAYER_TO_PH"
          }
        ]
      },
      "eventsToDelete": {
        "Type": "DeleteEvents",
        "Events": [
          {
            "Event": "PRLODSTWS1_1#SYS_STS_STG-TO-PRLODSTWS1_1#O_NB_PAYER_TO_PH"
          }
        ]
      }
    },
    "PRLODSTWS1_1#O_PAY_MODE": {
      "Type": "Job:Database:StoredProcedure",
      "ConnectionProfile": "_",
      "StoredProcedure": "sqlext.O_PAY_MODE_SP",
      "DaysKeepActive": "1",
      "SubApplication": "PRLODSTWS1_1",
      "Priority": "Very Low",
      "Host": "PRLODSTWS1",
      "CreatedBy": "emuser",
      "Description": "== Conversion Messages Start ==\\n\\nMessage ID\\t: WRN6031 (4245-7425)\\n\\n== Conversion Messages End ==\\nAdded by composer.",
      "RunAs": "controlm",
      "TimeZone": "HKG",
      "Application": "PRLODSTWS1_1",
      "Variables": [
        {
          "DB-STP_SCHEM": ""
        }
      ],
      "When": {
        "WeekDays": [
          "NONE"
        ],
        "Months": [
          "NONE"
        ],
        "MonthDays": [
          "NONE"
        ],
        "DaysRelation": "OR",
        "RuleBasedCalendars": {
          "Included": [
            "RC1"
          ]
        }
      },
      "eventsToWaitFor": {
        "Type": "WaitForEvents",
        "Events": [
          {
            "Event": "PRLODSTWS1_1#O_STRING_RESOURCE-TO-PRLODSTWS1_1#O_PAY_MODE"
          },
          {
            "Event": "PRLODSTWS1_1#SYS_STS_STG-TO-PRLODSTWS1_1#O_PAY_MODE"
          }
        ]
      },
      "eventsToAdd": {
        "Type": "AddEvents",
        "Events": [
          {
            "Event": "PRLODSTWS1_1#O_PAY_MODE-TO-PRLODSTWS1_1#PA_1120_11G"
          },
          {
            "Event": "PRLODSTWS1_1#O_PAY_MODE-TO-PRLODSTWS1_1#PA_1110_11G_1"
          },
          {
            "Event": "PRLODSTWS1_1#O_PAY_MODE-TO-PRLODSTWS1_1#SC_6230_11G"
          },
          {
            "Event": "PRLODSTWS1_1#O_PAY_MODE-TO-PRLODSTWS1_1#UNB_0262_11G"
          },
          {
            "Event": "PRLODSTWS1_1#O_PAY_MODE-TO-PRLODSTWS1_1#SDM_BANK_TEXT_DETAIL"
          },
          {
            "Event": "PRLODSTWS1_1#O_PAY_MODE-TO-PRLODSTWS1_1#SDM_CASH"
          },
          {
            "Event": "PRLODSTWS1_1#O_PAY_MODE-TO-PRLODSTWS1_1#SDM_PAY_MODE"
          },
          {
            "Event": "PRLODSTWS1_1#O_PAY_MODE-TO-PRLODSTWS1_1#PA_1110_11G"
          }
        ]
      },
      "eventsToDelete": {
        "Type": "DeleteEvents",
        "Events": [
          {
            "Event": "PRLODSTWS1_1#O_STRING_RESOURCE-TO-PRLODSTWS1_1#O_PAY_MODE"
          },
          {
            "Event": "PRLODSTWS1_1#SYS_STS_STG-TO-PRLODSTWS1_1#O_PAY_MODE"
          }
        ]
      }
    },
    "PRLODSTWS1_1#O_PD_RENEW_TYPE": {
      "Type": "Job:Database:StoredProcedure",
      "ConnectionProfile": "_",
      "StoredProcedure": "sqlext.O_PD_RENEW_TYPE_SP",
      "DaysKeepActive": "1",
      "SubApplication": "PRLODSTWS1_1",
      "Priority": "Very Low",
      "Host": "PRLODSTWS1",
      "CreatedBy": "emuser",
      "Description": "== Conversion Messages Start ==\\n\\nMessage ID\\t: WRN6031 (4246-7426)\\n\\n== Conversion Messages End ==\\nAdded by composer.",
      "RunAs": "controlm",
      "TimeZone": "HKG",
      "Application": "PRLODSTWS1_1",
      "Variables": [
        {
          "DB-STP_SCHEM": ""
        }
      ],
      "When": {
        "WeekDays": [
          "NONE"
        ],
        "Months": [
          "NONE"
        ],
        "MonthDays": [
          "NONE"
        ],
        "DaysRelation": "OR",
        "RuleBasedCalendars": {
          "Included": [
            "RC1"
          ]
        }
      },
      "eventsToWaitFor": {
        "Type": "WaitForEvents",
        "Events": [
          {
            "Event": "PRLODSTWS1_1#SYS_STS_STG-TO-PRLODSTWS1_1#O_PD_RENEW_TYPE"
          }
        ]
      },
      "eventsToAdd": {
        "Type": "AddEvents",
        "Events": [
          {
            "Event": "PRLODSTWS1_1#O_PD_RENEW_TYPE-TO-PRLODSTWS1_1#SDM_PRODUCT_LIFE"
          }
        ]
      },
      "eventsToDelete": {
        "Type": "DeleteEvents",
        "Events": [
          {
            "Event": "PRLODSTWS1_1#SYS_STS_STG-TO-PRLODSTWS1_1#O_PD_RENEW_TYPE"
          }
        ]
      }
    },
    "PRLODSTWS1_1#O_NB_ACCEPTANCE_FILE": {
      "Type": "Job:Database:StoredProcedure",
      "ConnectionProfile": "_",
      "StoredProcedure": "sqlext.O_NB_ACCEPTANCE_FILE_SP",
      "DaysKeepActive": "1",
      "SubApplication": "PRLODSTWS1_1",
      "Priority": "Very Low",
      "Host": "PRLODSTWS1",
      "CreatedBy": "emuser",
      "Description": "== Conversion Messages Start ==\\n\\nMessage ID\\t: WRN6031 (4247-7427)\\n\\n== Conversion Messages End ==\\nAdded by composer.",
      "RunAs": "controlm",
      "TimeZone": "HKG",
      "Application": "PRLODSTWS1_1",
      "Variables": [
        {
          "DB-STP_SCHEM": ""
        }
      ],
      "When": {
        "WeekDays": [
          "NONE"
        ],
        "Months": [
          "NONE"
        ],
        "MonthDays": [
          "NONE"
        ],
        "DaysRelation": "OR",
        "RuleBasedCalendars": {
          "Included": [
            "RC1"
          ]
        }
      },
      "eventsToWaitFor": {
        "Type": "WaitForEvents",
        "Events": [
          {
            "Event": "PRLODSTWS1_1#SYS_STS_STG-TO-PRLODSTWS1_1#O_NB_ACCEPTANCE_FILE"
          }
        ]
      },
      "eventsToAdd": {
        "Type": "AddEvents",
        "Events": [
          {
            "Event": "PRLODSTWS1_1#O_NB_ACCEPTANCE_FILE-TO-PRLODSTWS1_1#SDM_IMAGE_UNB"
          },
          {
            "Event": "PRLODSTWS1_1#O_NB_ACCEPTANCE_FILE-TO-PRLODSTWS1_1#SDM_NB_ACCEPTANCE_FILE"
          }
        ]
      },
      "eventsToDelete": {
        "Type": "DeleteEvents",
        "Events": [
          {
            "Event": "PRLODSTWS1_1#SYS_STS_STG-TO-PRLODSTWS1_1#O_NB_ACCEPTANCE_FILE"
          }
        ]
      }
    },
    "PRLODSTWS1_1#O_NB_MAIL_TO_TYPE": {
      "Type": "Job:Database:StoredProcedure",
      "ConnectionProfile": "_",
      "StoredProcedure": "sqlext.O_NB_MAIL_TO_TYPE_SP",
      "DaysKeepActive": "1",
      "SubApplication": "PRLODSTWS1_1",
      "Priority": "Very Low",
      "Host": "PRLODSTWS1",
      "CreatedBy": "emuser",
      "Description": "== Conversion Messages Start ==\\n\\nMessage ID\\t: WRN6031 (4248-7428)\\n\\n== Conversion Messages End ==\\nAdded by composer.",
      "RunAs": "controlm",
      "TimeZone": "HKG",
      "Application": "PRLODSTWS1_1",
      "Variables": [
        {
          "DB-STP_SCHEM": ""
        }
      ],
      "When": {
        "WeekDays": [
          "NONE"
        ],
        "Months": [
          "NONE"
        ],
        "MonthDays": [
          "NONE"
        ],
        "DaysRelation": "OR",
        "RuleBasedCalendars": {
          "Included": [
            "RC1"
          ]
        }
      },
      "eventsToWaitFor": {
        "Type": "WaitForEvents",
        "Events": [
          {
            "Event": "PRLODSTWS1_1#SYS_STS_STG-TO-PRLODSTWS1_1#O_NB_MAIL_TO_TYPE"
          }
        ]
      },
      "eventsToAdd": {
        "Type": "AddEvents",
        "Events": [
          {
            "Event": "PRLODSTWS1_1#O_NB_MAIL_TO_TYPE-TO-PRLODSTWS1_1#SDM_NB_MAIL_TO"
          }
        ]
      },
      "eventsToDelete": {
        "Type": "DeleteEvents",
        "Events": [
          {
            "Event": "PRLODSTWS1_1#SYS_STS_STG-TO-PRLODSTWS1_1#O_NB_MAIL_TO_TYPE"
          }
        ]
      }
    },
    "PRLODSTWS1_1#O_PAYMODE_TYPE": {
      "Type": "Job:Database:StoredProcedure",
      "ConnectionProfile": "_",
      "StoredProcedure": "sqlext.O_PAYMODE_TYPE_SP",
      "DaysKeepActive": "1",
      "SubApplication": "PRLODSTWS1_1",
      "Priority": "Very Low",
      "Host": "PRLODSTWS1",
      "CreatedBy": "emuser",
      "Description": "== Conversion Messages Start ==\\n\\nMessage ID\\t: WRN6031 (4249-7429)\\n\\n== Conversion Messages End ==\\nAdded by composer.",
      "RunAs": "controlm",
      "TimeZone": "HKG",
      "Application": "PRLODSTWS1_1",
      "Variables": [
        {
          "DB-STP_SCHEM": ""
        }
      ],
      "When": {
        "WeekDays": [
          "NONE"
        ],
        "Months": [
          "NONE"
        ],
        "MonthDays": [
          "NONE"
        ],
        "DaysRelation": "OR",
        "RuleBasedCalendars": {
          "Included": [
            "RC1"
          ]
        }
      },
      "eventsToWaitFor": {
        "Type": "WaitForEvents",
        "Events": [
          {
            "Event": "PRLODSTWS1_1#SYS_STS_STG-TO-PRLODSTWS1_1#O_PAYMODE_TYPE"
          }
        ]
      },
      "eventsToAdd": {
        "Type": "AddEvents",
        "Events": [
          {
            "Event": "PRLODSTWS1_1#O_PAYMODE_TYPE-TO-PRLODSTWS1_1#SDM_CASH"
          },
          {
            "Event": "PRLODSTWS1_1#O_PAYMODE_TYPE-TO-PRLODSTWS1_1#SDM_PAYMODE_TYPE"
          }
        ]
      },
      "eventsToDelete": {
        "Type": "DeleteEvents",
        "Events": [
          {
            "Event": "PRLODSTWS1_1#SYS_STS_STG-TO-PRLODSTWS1_1#O_PAYMODE_TYPE"
          }
        ]
      }
    },
    "PRLODSTWS1_1#O_FIN_CHQ_CLOSE_DETAIL": {
      "Type": "Job:Database:StoredProcedure",
      "ConnectionProfile": "_",
      "StoredProcedure": "sqlext.O_FIN_CHQ_CLOSE_DETAIL_SP",
      "DaysKeepActive": "1",
      "SubApplication": "PRLODSTWS1_1",
      "Priority": "Very Low",
      "Host": "PRLODSTWS1",
      "CreatedBy": "emuser",
      "Description": "== Conversion Messages Start ==\\n\\nMessage ID\\t: WRN6031 (4250-7430)\\n\\n== Conversion Messages End ==\\nAdded by composer.",
      "RunAs": "controlm",
      "TimeZone": "HKG",
      "Application": "PRLODSTWS1_1",
      "Variables": [
        {
          "DB-STP_SCHEM": ""
        }
      ],
      "When": {
        "WeekDays": [
          "NONE"
        ],
        "Months": [
          "NONE"
        ],
        "MonthDays": [
          "NONE"
        ],
        "DaysRelation": "OR",
        "RuleBasedCalendars": {
          "Included": [
            "RC1"
          ]
        }
      },
      "eventsToWaitFor": {
        "Type": "WaitForEvents",
        "Events": [
          {
            "Event": "PRLODSTWS1_1#SYS_STS_STG-TO-PRLODSTWS1_1#O_FIN_CHQ_CLOSE_DETAIL"
          }
        ]
      },
      "eventsToAdd": {
        "Type": "AddEvents",
        "Events": [
          {
            "Event": "PRLODSTWS1_1#O_FIN_CHQ_CLOSE_DETAIL-TO-PRLODSTWS1_1#SDM_FIN_CHQ_CLOSE_DTL"
          }
        ]
      },
      "eventsToDelete": {
        "Type": "DeleteEvents",
        "Events": [
          {
            "Event": "PRLODSTWS1_1#SYS_STS_STG-TO-PRLODSTWS1_1#O_FIN_CHQ_CLOSE_DETAIL"
          }
        ]
      }
    },
    "PRLODSTWS1_1#O_PARTY": {
      "Type": "Job:Database:StoredProcedure",
      "ConnectionProfile": "_",
      "StoredProcedure": "sqlext.O_PARTY_SP",
      "DaysKeepActive": "1",
      "SubApplication": "PRLODSTWS1_1",
      "Priority": "Very Low",
      "Host": "PRLODSTWS1",
      "CreatedBy": "emuser",
      "Description": "== Conversion Messages Start ==\\n\\nMessage ID\\t: WRN6031 (4251-7431)\\n\\n== Conversion Messages End ==\\nAdded by composer.",
      "RunAs": "controlm",
      "TimeZone": "HKG",
      "Application": "PRLODSTWS1_1",
      "Variables": [
        {
          "DB-STP_SCHEM": ""
        }
      ],
      "When": {
        "WeekDays": [
          "NONE"
        ],
        "Months": [
          "NONE"
        ],
        "MonthDays": [
          "NONE"
        ],
        "DaysRelation": "OR",
        "RuleBasedCalendars": {
          "Included": [
            "RC1"
          ]
        }
      },
      "eventsToWaitFor": {
        "Type": "WaitForEvents",
        "Events": [
          {
            "Event": "PRLODSTWS1_1#SYS_STS_STG-TO-PRLODSTWS1_1#O_PARTY"
          }
        ]
      },
      "eventsToAdd": {
        "Type": "AddEvents",
        "Events": [
          {
            "Event": "PRLODSTWS1_1#O_PARTY-TO-PRLODSTWS1_1#SDM_PARTY"
          }
        ]
      },
      "eventsToDelete": {
        "Type": "DeleteEvents",
        "Events": [
          {
            "Event": "PRLODSTWS1_1#SYS_STS_STG-TO-PRLODSTWS1_1#O_PARTY"
          }
        ]
      }
    },
    "PRLODSTWS1_1#O_END_CAUSE": {
      "Type": "Job:Database:StoredProcedure",
      "ConnectionProfile": "_",
      "StoredProcedure": "sqlext.O_END_CAUSE_SP",
      "DaysKeepActive": "1",
      "SubApplication": "PRLODSTWS1_1",
      "Priority": "Very Low",
      "Host": "PRLODSTWS1",
      "CreatedBy": "emuser",
      "Description": "== Conversion Messages Start ==\\n\\nMessage ID\\t: WRN6031 (4252-7432)\\n\\n== Conversion Messages End ==\\nAdded by composer.",
      "RunAs": "controlm",
      "TimeZone": "HKG",
      "Application": "PRLODSTWS1_1",
      "Variables": [
        {
          "DB-STP_SCHEM": ""
        }
      ],
      "When": {
        "WeekDays": [
          "NONE"
        ],
        "Months": [
          "NONE"
        ],
        "MonthDays": [
          "NONE"
        ],
        "DaysRelation": "OR",
        "RuleBasedCalendars": {
          "Included": [
            "RC1"
          ]
        }
      },
      "eventsToWaitFor": {
        "Type": "WaitForEvents",
        "Events": [
          {
            "Event": "PRLODSTWS1_1#SYS_STS_STG-TO-PRLODSTWS1_1#O_END_CAUSE"
          }
        ]
      },
      "eventsToAdd": {
        "Type": "AddEvents",
        "Events": [
          {
            "Event": "PRLODSTWS1_1#O_END_CAUSE-TO-PRLODSTWS1_1#SDM_END_CAUSE"
          }
        ]
      },
      "eventsToDelete": {
        "Type": "DeleteEvents",
        "Events": [
          {
            "Event": "PRLODSTWS1_1#SYS_STS_STG-TO-PRLODSTWS1_1#O_END_CAUSE"
          }
        ]
      }
    },
    "PRLODSTWS1_1#O_LIABILITY_STATUS": {
      "Type": "Job:Database:StoredProcedure",
      "ConnectionProfile": "_",
      "StoredProcedure": "sqlext.O_LIABILITY_STATUS_SP",
      "DaysKeepActive": "1",
      "SubApplication": "PRLODSTWS1_1",
      "Priority": "Very Low",
      "Host": "PRLODSTWS1",
      "CreatedBy": "emuser",
      "Description": "== Conversion Messages Start ==\\n\\nMessage ID\\t: WRN6031 (4253-7433)\\n\\n== Conversion Messages End ==\\nAdded by composer.",
      "RunAs": "controlm",
      "TimeZone": "HKG",
      "Application": "PRLODSTWS1_1",
      "Variables": [
        {
          "DB-STP_SCHEM": ""
        }
      ],
      "When": {
        "WeekDays": [
          "NONE"
        ],
        "Months": [
          "NONE"
        ],
        "MonthDays": [
          "NONE"
        ],
        "DaysRelation": "OR",
        "RuleBasedCalendars": {
          "Included": [
            "RC1"
          ]
        }
      },
      "eventsToWaitFor": {
        "Type": "WaitForEvents",
        "Events": [
          {
            "Event": "PRLODSTWS1_1#SYS_STS_STG-TO-PRLODSTWS1_1#O_LIABILITY_STATUS"
          }
        ]
      },
      "eventsToAdd": {
        "Type": "AddEvents",
        "Events": [
          {
            "Event": "PRLODSTWS1_1#O_LIABILITY_STATUS-TO-PRLODSTWS1_1#INV_7240_11G"
          },
          {
            "Event": "PRLODSTWS1_1#O_LIABILITY_STATUS-TO-PRLODSTWS1_1#SDM_LIABILITY_STATUS"
          }
        ]
      },
      "eventsToDelete": {
        "Type": "DeleteEvents",
        "Events": [
          {
            "Event": "PRLODSTWS1_1#SYS_STS_STG-TO-PRLODSTWS1_1#O_LIABILITY_STATUS"
          }
        ]
      }
    },
    "PRLODSTWS1_1#O_INSURED_LIST": {
      "Type": "Job:Database:StoredProcedure",
      "ConnectionProfile": "_",
      "StoredProcedure": "sqlext.O_INSURED_LIST_SP",
      "DaysKeepActive": "1",
      "SubApplication": "PRLODSTWS1_1",
      "Priority": "Very Low",
      "Host": "PRLODSTWS1",
      "CreatedBy": "emuser",
      "Description": "== Conversion Messages Start ==\\n\\nMessage ID\\t: WRN6031 (4254-7434)\\n\\n== Conversion Messages End ==\\nAdded by composer.",
      "RunAs": "controlm",
      "TimeZone": "HKG",
      "Application": "PRLODSTWS1_1",
      "Variables": [
        {
          "DB-STP_SCHEM": ""
        }
      ],
      "When": {
        "WeekDays": [
          "NONE"
        ],
        "Months": [
          "NONE"
        ],
        "MonthDays": [
          "NONE"
        ],
        "DaysRelation": "OR",
        "RuleBasedCalendars": {
          "Included": [
            "RC1"
          ]
        }
      },
      "eventsToWaitFor": {
        "Type": "WaitForEvents",
        "Events": [
          {
            "Event": "PRLODSTWS1_1#SYS_STS_STG-TO-PRLODSTWS1_1#O_INSURED_LIST"
          }
        ]
      },
      "eventsToAdd": {
        "Type": "AddEvents",
        "Events": [
          {
            "Event": "PRLODSTWS1_1#O_INSURED_LIST-TO-PRLODSTWS1_1#GIB_GCIPM"
          },
          {
            "Event": "PRLODSTWS1_1#O_INSURED_LIST-TO-PRLODSTWS1_1#GIB_GCDA"
          },
          {
            "Event": "PRLODSTWS1_1#O_INSURED_LIST-TO-PRLODSTWS1_1#KB7_BRPOLICY_NEW"
          },
          {
            "Event": "PRLODSTWS1_1#O_INSURED_LIST-TO-PRLODSTWS1_1#KB9_BRPOLICY_NEW"
          },
          {
            "Event": "PRLODSTWS1_1#O_INSURED_LIST-TO-PRLODSTWS1_1#LAW_BRPOLICY_NEW_PRE"
          },
          {
            "Event": "PRLODSTWS1_1#O_INSURED_LIST-TO-PRLODSTWS1_1#LAW_W01_CMBNS_M"
          },
          {
            "Event": "PRLODSTWS1_1#O_INSURED_LIST-TO-PRLODSTWS1_1#CLM_0590_11G"
          },
          {
            "Event": "PRLODSTWS1_1#O_INSURED_LIST-TO-PRLODSTWS1_1#CLM_0600_11G"
          },
          {
            "Event": "PRLODSTWS1_1#O_INSURED_LIST-TO-PRLODSTWS1_1#SC_3410_11G"
          },
          {
            "Event": "PRLODSTWS1_1#O_INSURED_LIST-TO-PRLODSTWS1_1#SDM_CLAIM_CASE"
          },
          {
            "Event": "PRLODSTWS1_1#O_INSURED_LIST-TO-PRLODSTWS1_1#SDM_CONTRACT_PRODUCT"
          },
          {
            "Event": "PRLODSTWS1_1#O_INSURED_LIST-TO-PRLODSTWS1_1#SDM_INSURED_LIST"
          },
          {
            "Event": "PRLODSTWS1_1#O_INSURED_LIST-TO-PRLODSTWS1_1#MM_CONTRACT_PRODUCT_ADD"
          },
          {
            "Event": "PRLODSTWS1_1#O_INSURED_LIST-TO-PRLODSTWS1_1#UNB_0500_11G"
          }
        ]
      },
      "eventsToDelete": {
        "Type": "DeleteEvents",
        "Events": [
          {
            "Event": "PRLODSTWS1_1#SYS_STS_STG-TO-PRLODSTWS1_1#O_INSURED_LIST"
          }
        ]
      }
    },
    "eventsToAdd": {
      "Type": "AddEvents",
      "Events": [
        {
          "Event": "PRLODSTWS1_1#D_ODS_UNB_2-TO-PRLODSTWS1_1#SYS_BDS_STS_ODS"
        }
      ]
    }
  }
}
