{
  "PRLODSTWS1_1#D_RPT_PA_100": {
    "Type": "Folder",
    "ControlmServer": "CTM",
    "Description": "== Conversion Messages Start ==\\n\\nMessage ID\\t: INF6107 (3208-5606)\\n\\nMessage ID\\t: INF6104 (3209-5606)\\n\\n== Conversion Messages End ==\\n",
    "OrderMethod": "Manual",
    "SubApplication": "PRLODSTWS1_1",
    "CreatedBy": "emuser",
    "Priority": "9W",
    "TimeZone": "HKG",
    "Application": "PRLODSTWS1_1",
    "When": {
      "RuleBasedCalendars": {
        "Included": [
          "RC1"
        ],
        "RC1": {
          "Type": "Calendar:RuleBased",
          "When": {
            "MonthDaysCalendar": "RCG-D-NAT",
            "DaysRelation": "OR",
            "DaysKeepActive": "01",
            "WeekDays": [
              "NONE"
            ],
            "MonthDays": [
              "NONE"
            ]
          }
        }
      }
    },
    "PRLODSTWS1_1#PA_1150_P_CR": {
      "Type": "Job:Command",
      "DaysKeepActive": "1",
      "SubApplication": "PRLODSTWS1_1",
      "Priority": "Very Low",
      "Host": "PRLODSTWS1",
      "CreatedBy": "emuser",
      "Description": "generate the report file for batch",
      "RunAs": "controlm",
      "TimeZone": "HKG",
      "Application": "PRLODSTWS1_1",
      "Command": "/home/tws/ods_batch_home/esp.batch.scripts/gen.report.sh D_RPT_PA ${tws.job.name} %%\\\\global\\END_DT_CHAR.",
      "When": {
        "WeekDays": [
          "NONE"
        ],
        "Months": [
          "NONE"
        ],
        "MonthDays": [
          "NONE"
        ],
        "DaysRelation": "OR",
        "RuleBasedCalendars": {
          "Included": [
            "RC1"
          ]
        }
      },
      "eventsToWaitFor": {
        "Type": "WaitForEvents",
        "Events": [
          {
            "Event": "PRLODSTWS1_1#PA_1150_PARAM-TO-PRLODSTWS1_1#PA_1150_P_CR"
          }
        ]
      },
      "eventsToAdd": {
        "Type": "AddEvents",
        "Events": [
          {
            "Event": "PRLODSTWS1_1#PA_1150_P_CR-TO-PRLODSTWS1_1#PA_1150_P_CF"
          }
        ]
      },
      "eventsToDelete": {
        "Type": "DeleteEvents",
        "Events": [
          {
            "Event": "PRLODSTWS1_1#PA_1150_PARAM-TO-PRLODSTWS1_1#PA_1150_P_CR"
          }
        ]
      }
    },
    "PRLODSTWS1_1#PA_1130_P_CF": {
      "Type": "Job:Command",
      "DaysKeepActive": "1",
      "SubApplication": "PRLODSTWS1_1",
      "Priority": "Very Low",
      "Host": "PRLODSTWS1",
      "CreatedBy": "emuser",
      "Description": "archiving file for batch",
      "RunAs": "controlm",
      "TimeZone": "HKG",
      "Application": "PRLODSTWS1_1",
      "Command": "/home/tws/ods_batch_home/esp.batch.scripts/archiving.file.sh D_RPT_PA ${tws.job.name} %%\\\\global\\END_DT_CHAR.",
      "When": {
        "WeekDays": [
          "NONE"
        ],
        "Months": [
          "NONE"
        ],
        "MonthDays": [
          "NONE"
        ],
        "DaysRelation": "OR",
        "RuleBasedCalendars": {
          "Included": [
            "RC1"
          ]
        }
      },
      "eventsToWaitFor": {
        "Type": "WaitForEvents",
        "Events": [
          {
            "Event": "PRLODSTWS1_1#PA_1130_P_CR-TO-PRLODSTWS1_1#PA_1130_P_CF"
          }
        ]
      },
      "eventsToDelete": {
        "Type": "DeleteEvents",
        "Events": [
          {
            "Event": "PRLODSTWS1_1#PA_1130_P_CR-TO-PRLODSTWS1_1#PA_1130_P_CF"
          }
        ]
      }
    },
    "PRLODSTWS1_1#PA_1180_E_CR": {
      "Type": "Job:Command",
      "DaysKeepActive": "1",
      "SubApplication": "PRLODSTWS1_1",
      "Priority": "Very Low",
      "Host": "PRLODSTWS1",
      "CreatedBy": "emuser",
      "Description": "generate the report file for batch",
      "RunAs": "controlm",
      "TimeZone": "HKG",
      "Application": "PRLODSTWS1_1",
      "Command": "/home/tws/ods_batch_home/esp.batch.scripts/gen.report.sh D_RPT_PA ${tws.job.name} %%\\\\global\\END_DT_CHAR.",
      "When": {
        "WeekDays": [
          "NONE"
        ],
        "Months": [
          "NONE"
        ],
        "MonthDays": [
          "NONE"
        ],
        "DaysRelation": "OR",
        "RuleBasedCalendars": {
          "Included": [
            "RC1"
          ]
        }
      },
      "eventsToWaitFor": {
        "Type": "WaitForEvents",
        "Events": [
          {
            "Event": "PRLODSTWS1_1#PA_1180_PARAM-TO-PRLODSTWS1_1#PA_1180_E_CR"
          }
        ]
      },
      "eventsToAdd": {
        "Type": "AddEvents",
        "Events": [
          {
            "Event": "PRLODSTWS1_1#PA_1180_E_CR-TO-PRLODSTWS1_1#PA_1180_E_CF"
          }
        ]
      },
      "eventsToDelete": {
        "Type": "DeleteEvents",
        "Events": [
          {
            "Event": "PRLODSTWS1_1#PA_1180_PARAM-TO-PRLODSTWS1_1#PA_1180_E_CR"
          }
        ]
      }
    },
    "PRLODSTWS1_1#PA_1181_P_CR": {
      "Type": "Job:Command",
      "DaysKeepActive": "1",
      "SubApplication": "PRLODSTWS1_1",
      "Priority": "Very Low",
      "Host": "PRLODSTWS1",
      "CreatedBy": "emuser",
      "Description": "generate the report file for batch",
      "RunAs": "controlm",
      "TimeZone": "HKG",
      "Application": "PRLODSTWS1_1",
      "Command": "/home/tws/ods_batch_home/esp.batch.scripts/gen.report.sh D_RPT_PA ${tws.job.name} %%\\\\global\\END_DT_CHAR.",
      "When": {
        "WeekDays": [
          "NONE"
        ],
        "Months": [
          "NONE"
        ],
        "MonthDays": [
          "NONE"
        ],
        "DaysRelation": "OR",
        "RuleBasedCalendars": {
          "Included": [
            "RC1"
          ]
        }
      },
      "eventsToWaitFor": {
        "Type": "WaitForEvents",
        "Events": [
          {
            "Event": "PRLODSTWS1_1#PA_1180_PARAM-TO-PRLODSTWS1_1#PA_1181_P_CR"
          }
        ]
      },
      "eventsToAdd": {
        "Type": "AddEvents",
        "Events": [
          {
            "Event": "PRLODSTWS1_1#PA_1181_P_CR-TO-PRLODSTWS1_1#PA_1181_P_CF"
          }
        ]
      },
      "eventsToDelete": {
        "Type": "DeleteEvents",
        "Events": [
          {
            "Event": "PRLODSTWS1_1#PA_1180_PARAM-TO-PRLODSTWS1_1#PA_1181_P_CR"
          }
        ]
      }
    },
    "PRLODSTWS1_1#PA_1180_P_CF": {
      "Type": "Job:Command",
      "DaysKeepActive": "1",
      "SubApplication": "PRLODSTWS1_1",
      "Priority": "Very Low",
      "Host": "PRLODSTWS1",
      "CreatedBy": "emuser",
      "Description": "archiving file for batch",
      "RunAs": "controlm",
      "TimeZone": "HKG",
      "Application": "PRLODSTWS1_1",
      "Command": "/home/tws/ods_batch_home/esp.batch.scripts/archiving.file.sh D_RPT_PA ${tws.job.name} %%\\\\global\\END_DT_CHAR.",
      "When": {
        "WeekDays": [
          "NONE"
        ],
        "Months": [
          "NONE"
        ],
        "MonthDays": [
          "NONE"
        ],
        "DaysRelation": "OR",
        "RuleBasedCalendars": {
          "Included": [
            "RC1"
          ]
        }
      },
      "eventsToWaitFor": {
        "Type": "WaitForEvents",
        "Events": [
          {
            "Event": "PRLODSTWS1_1#PA_1180_P_CR-TO-PRLODSTWS1_1#PA_1180_P_CF"
          }
        ]
      },
      "eventsToDelete": {
        "Type": "DeleteEvents",
        "Events": [
          {
            "Event": "PRLODSTWS1_1#PA_1180_P_CR-TO-PRLODSTWS1_1#PA_1180_P_CF"
          }
        ]
      }
    },
    "PRLODSTWS1_1#PA_1130_E_CR": {
      "Type": "Job:Command",
      "DaysKeepActive": "1",
      "SubApplication": "PRLODSTWS1_1",
      "Priority": "Very Low",
      "Host": "PRLODSTWS1",
      "CreatedBy": "emuser",
      "Description": "generate the report file for batch",
      "RunAs": "controlm",
      "TimeZone": "HKG",
      "Application": "PRLODSTWS1_1",
      "Command": "/home/tws/ods_batch_home/esp.batch.scripts/gen.report.sh D_RPT_PA ${tws.job.name} %%\\\\global\\END_DT_CHAR.",
      "When": {
        "WeekDays": [
          "NONE"
        ],
        "Months": [
          "NONE"
        ],
        "MonthDays": [
          "NONE"
        ],
        "DaysRelation": "OR",
        "RuleBasedCalendars": {
          "Included": [
            "RC1"
          ]
        }
      },
      "eventsToWaitFor": {
        "Type": "WaitForEvents",
        "Events": [
          {
            "Event": "PRLODSTWS1_1#PA_1130_PARAM-TO-PRLODSTWS1_1#PA_1130_E_CR"
          }
        ]
      },
      "eventsToAdd": {
        "Type": "AddEvents",
        "Events": [
          {
            "Event": "PRLODSTWS1_1#PA_1130_E_CR-TO-PRLODSTWS1_1#PA_1130_E_CF"
          }
        ]
      },
      "eventsToDelete": {
        "Type": "DeleteEvents",
        "Events": [
          {
            "Event": "PRLODSTWS1_1#PA_1130_PARAM-TO-PRLODSTWS1_1#PA_1130_E_CR"
          }
        ]
      }
    },
    "PRLODSTWS1_1#PA_1150_11G": {
      "Type": "Job:Database:StoredProcedure",
      "ConnectionProfile": "_",
      "StoredProcedure": "sqlext.PA_1150_11G_SP",
      "DaysKeepActive": "1",
      "SubApplication": "PRLODSTWS1_1",
      "Priority": "Very Low",
      "Host": "PRLODSTWS1",
      "CreatedBy": "emuser",
      "Description": "== Conversion Messages Start ==\\n\\nMessage ID\\t: WRN6031 (3202-5613)\\n\\n== Conversion Messages End ==\\nAdded by composer.",
      "RunAs": "controlm",
      "TimeZone": "HKG",
      "Application": "PRLODSTWS1_1",
      "Variables": [
        {
          "DB-STP_SCHEM": ""
        }
      ],
      "When": {
        "WeekDays": [
          "NONE"
        ],
        "Months": [
          "NONE"
        ],
        "MonthDays": [
          "NONE"
        ],
        "DaysRelation": "OR",
        "RuleBasedCalendars": {
          "Included": [
            "RC1"
          ]
        }
      },
      "eventsToWaitFor": {
        "Type": "WaitForEvents",
        "Events": [
          {
            "Event": "PRLODSTWS1_1#O_CHANNEL_ORG-TO-PRLODSTWS1_1#PA_1150_11G"
          },
          {
            "Event": "PRLODSTWS1_1#O_SALES_CHANNEL-TO-PRLODSTWS1_1#PA_1150_11G"
          },
          {
            "Event": "PRLODSTWS1_1#O_BATCH_JOB_RECORD-TO-PRLODSTWS1_1#PA_1150_11G"
          },
          {
            "Event": "PRLODSTWS1_1#O_BATCH_JOB_RUN-TO-PRLODSTWS1_1#PA_1150_11G"
          },
          {
            "Event": "PRLODSTWS1_1#SDM_CONTRACT_PRODUCT-TO-PRLODSTWS1_1#PA_1150_11G"
          },
          {
            "Event": "PRLODSTWS1_1#SDM_PRODUCT_LIFE-TO-PRLODSTWS1_1#PA_1150_11G"
          },
          {
            "Event": "PRLODSTWS1_1#SDM_CONTRACT_MASTER-TO-PRLODSTWS1_1#PA_1150_11G"
          }
        ]
      },
      "eventsToAdd": {
        "Type": "AddEvents",
        "Events": [
          {
            "Event": "PRLODSTWS1_1#PA_1150_11G-TO-PRLODSTWS1_1#PA_1150_PARAM"
          }
        ]
      },
      "eventsToDelete": {
        "Type": "DeleteEvents",
        "Events": [
          {
            "Event": "PRLODSTWS1_1#O_CHANNEL_ORG-TO-PRLODSTWS1_1#PA_1150_11G"
          },
          {
            "Event": "PRLODSTWS1_1#O_SALES_CHANNEL-TO-PRLODSTWS1_1#PA_1150_11G"
          },
          {
            "Event": "PRLODSTWS1_1#O_BATCH_JOB_RECORD-TO-PRLODSTWS1_1#PA_1150_11G"
          },
          {
            "Event": "PRLODSTWS1_1#O_BATCH_JOB_RUN-TO-PRLODSTWS1_1#PA_1150_11G"
          },
          {
            "Event": "PRLODSTWS1_1#SDM_CONTRACT_PRODUCT-TO-PRLODSTWS1_1#PA_1150_11G"
          },
          {
            "Event": "PRLODSTWS1_1#SDM_PRODUCT_LIFE-TO-PRLODSTWS1_1#PA_1150_11G"
          },
          {
            "Event": "PRLODSTWS1_1#SDM_CONTRACT_MASTER-TO-PRLODSTWS1_1#PA_1150_11G"
          }
        ]
      }
    },
    "PRLODSTWS1_1#PA_1130_P_CR": {
      "Type": "Job:Command",
      "DaysKeepActive": "1",
      "SubApplication": "PRLODSTWS1_1",
      "Priority": "Very Low",
      "Host": "PRLODSTWS1",
      "CreatedBy": "emuser",
      "Description": "generate the report file for batch",
      "RunAs": "controlm",
      "TimeZone": "HKG",
      "Application": "PRLODSTWS1_1",
      "Command": "/home/tws/ods_batch_home/esp.batch.scripts/gen.report.sh D_RPT_PA ${tws.job.name} %%\\\\global\\END_DT_CHAR.",
      "When": {
        "WeekDays": [
          "NONE"
        ],
        "Months": [
          "NONE"
        ],
        "MonthDays": [
          "NONE"
        ],
        "DaysRelation": "OR",
        "RuleBasedCalendars": {
          "Included": [
            "RC1"
          ]
        }
      },
      "eventsToWaitFor": {
        "Type": "WaitForEvents",
        "Events": [
          {
            "Event": "PRLODSTWS1_1#PA_1130_PARAM-TO-PRLODSTWS1_1#PA_1130_P_CR"
          }
        ]
      },
      "eventsToAdd": {
        "Type": "AddEvents",
        "Events": [
          {
            "Event": "PRLODSTWS1_1#PA_1130_P_CR-TO-PRLODSTWS1_1#PA_1130_P_CF"
          }
        ]
      },
      "eventsToDelete": {
        "Type": "DeleteEvents",
        "Events": [
          {
            "Event": "PRLODSTWS1_1#PA_1130_PARAM-TO-PRLODSTWS1_1#PA_1130_P_CR"
          }
        ]
      }
    },
    "PRLODSTWS1_1#PA_1150_ML": {
      "Type": "Job:Command",
      "DaysKeepActive": "1",
      "SubApplication": "PRLODSTWS1_1",
      "Priority": "Very Low",
      "Host": "PRLODSTWS1",
      "CreatedBy": "emuser",
      "Description": "email and attachments for batch",
      "RunAs": "controlm",
      "TimeZone": "HKG",
      "Application": "PRLODSTWS1_1",
      "Command": "/home/tws/ods_batch_home/esp.batch.scripts/send.email.sh D_RPT_PA ${tws.job.name} %%\\\\global\\END_DT_CHAR.",
      "When": {
        "WeekDays": [
          "NONE"
        ],
        "Months": [
          "NONE"
        ],
        "MonthDays": [
          "NONE"
        ],
        "DaysRelation": "OR",
        "RuleBasedCalendars": {
          "Included": [
            "RC1"
          ]
        }
      },
      "eventsToWaitFor": {
        "Type": "WaitForEvents",
        "Events": [
          {
            "Event": "PRLODSTWS1_1#PA_1151_E_CR-TO-PRLODSTWS1_1#PA_1150_ML"
          }
        ]
      },
      "eventsToDelete": {
        "Type": "DeleteEvents",
        "Events": [
          {
            "Event": "PRLODSTWS1_1#PA_1151_E_CR-TO-PRLODSTWS1_1#PA_1150_ML"
          }
        ]
      }
    },
    "PRLODSTWS1_1#PA_1151_E_CF": {
      "Type": "Job:Command",
      "DaysKeepActive": "1",
      "SubApplication": "PRLODSTWS1_1",
      "Priority": "Very Low",
      "Host": "PRLODSTWS1",
      "CreatedBy": "emuser",
      "Description": "archiving file for batch",
      "RunAs": "controlm",
      "TimeZone": "HKG",
      "Application": "PRLODSTWS1_1",
      "Command": "/home/tws/ods_batch_home/esp.batch.scripts/archiving.file.sh D_RPT_PA ${tws.job.name} %%\\\\global\\END_DT_CHAR.",
      "When": {
        "WeekDays": [
          "NONE"
        ],
        "Months": [
          "NONE"
        ],
        "MonthDays": [
          "NONE"
        ],
        "DaysRelation": "OR",
        "RuleBasedCalendars": {
          "Included": [
            "RC1"
          ]
        }
      },
      "eventsToWaitFor": {
        "Type": "WaitForEvents",
        "Events": [
          {
            "Event": "PRLODSTWS1_1#PA_1151_E_CR-TO-PRLODSTWS1_1#PA_1151_E_CF"
          }
        ]
      },
      "eventsToDelete": {
        "Type": "DeleteEvents",
        "Events": [
          {
            "Event": "PRLODSTWS1_1#PA_1151_E_CR-TO-PRLODSTWS1_1#PA_1151_E_CF"
          }
        ]
      }
    },
    "PRLODSTWS1_1#PA_1170_P_CR": {
      "Type": "Job:Command",
      "DaysKeepActive": "1",
      "SubApplication": "PRLODSTWS1_1",
      "Priority": "Very Low",
      "Host": "PRLODSTWS1",
      "CreatedBy": "emuser",
      "Description": "generate the report file for batch",
      "RunAs": "controlm",
      "TimeZone": "HKG",
      "Application": "PRLODSTWS1_1",
      "Command": "/home/tws/ods_batch_home/esp.batch.scripts/gen.report.sh D_RPT_PA ${tws.job.name} %%\\\\global\\END_DT_CHAR.",
      "When": {
        "WeekDays": [
          "NONE"
        ],
        "Months": [
          "NONE"
        ],
        "MonthDays": [
          "NONE"
        ],
        "DaysRelation": "OR",
        "RuleBasedCalendars": {
          "Included": [
            "RC1"
          ]
        }
      },
      "eventsToWaitFor": {
        "Type": "WaitForEvents",
        "Events": [
          {
            "Event": "PRLODSTWS1_1#PA_1170_PARAM-TO-PRLODSTWS1_1#PA_1170_P_CR"
          }
        ]
      },
      "eventsToAdd": {
        "Type": "AddEvents",
        "Events": [
          {
            "Event": "PRLODSTWS1_1#PA_1170_P_CR-TO-PRLODSTWS1_1#PA_1170_P_CF"
          }
        ]
      },
      "eventsToDelete": {
        "Type": "DeleteEvents",
        "Events": [
          {
            "Event": "PRLODSTWS1_1#PA_1170_PARAM-TO-PRLODSTWS1_1#PA_1170_P_CR"
          }
        ]
      }
    },
    "PRLODSTWS1_1#PA_1130_ML": {
      "Type": "Job:Command",
      "DaysKeepActive": "1",
      "SubApplication": "PRLODSTWS1_1",
      "Priority": "Very Low",
      "Host": "PRLODSTWS1",
      "CreatedBy": "emuser",
      "Description": "email and attachments for batch",
      "RunAs": "controlm",
      "TimeZone": "HKG",
      "Application": "PRLODSTWS1_1",
      "Command": "/home/tws/ods_batch_home/esp.batch.scripts/send.email.sh D_RPT_PA ${tws.job.name} %%\\\\global\\END_DT_CHAR.",
      "When": {
        "WeekDays": [
          "NONE"
        ],
        "Months": [
          "NONE"
        ],
        "MonthDays": [
          "NONE"
        ],
        "DaysRelation": "OR",
        "RuleBasedCalendars": {
          "Included": [
            "RC1"
          ]
        }
      },
      "eventsToWaitFor": {
        "Type": "WaitForEvents",
        "Events": [
          {
            "Event": "PRLODSTWS1_1#PA_1131_E_CF-TO-PRLODSTWS1_1#PA_1130_ML"
          }
        ]
      },
      "eventsToDelete": {
        "Type": "DeleteEvents",
        "Events": [
          {
            "Event": "PRLODSTWS1_1#PA_1131_E_CF-TO-PRLODSTWS1_1#PA_1130_ML"
          }
        ]
      }
    },
    "PRLODSTWS1_1#PA_1180_E_CF": {
      "Type": "Job:Command",
      "DaysKeepActive": "1",
      "SubApplication": "PRLODSTWS1_1",
      "Priority": "Very Low",
      "Host": "PRLODSTWS1",
      "CreatedBy": "emuser",
      "Description": "archiving file for batch",
      "RunAs": "controlm",
      "TimeZone": "HKG",
      "Application": "PRLODSTWS1_1",
      "Command": "/home/tws/ods_batch_home/esp.batch.scripts/archiving.file.sh D_RPT_PA ${tws.job.name} %%\\\\global\\END_DT_CHAR.",
      "When": {
        "WeekDays": [
          "NONE"
        ],
        "Months": [
          "NONE"
        ],
        "MonthDays": [
          "NONE"
        ],
        "DaysRelation": "OR",
        "RuleBasedCalendars": {
          "Included": [
            "RC1"
          ]
        }
      },
      "eventsToWaitFor": {
        "Type": "WaitForEvents",
        "Events": [
          {
            "Event": "PRLODSTWS1_1#PA_1180_E_CR-TO-PRLODSTWS1_1#PA_1180_E_CF"
          }
        ]
      },
      "eventsToDelete": {
        "Type": "DeleteEvents",
        "Events": [
          {
            "Event": "PRLODSTWS1_1#PA_1180_E_CR-TO-PRLODSTWS1_1#PA_1180_E_CF"
          }
        ]
      }
    },
    "PRLODSTWS1_1#PA_1180_11G": {
      "Type": "Job:Database:StoredProcedure",
      "ConnectionProfile": "_",
      "StoredProcedure": "sqlext.PA_1180_11G_SP",
      "DaysKeepActive": "1",
      "SubApplication": "PRLODSTWS1_1",
      "Priority": "Very Low",
      "Host": "PRLODSTWS1",
      "CreatedBy": "emuser",
      "Description": "== Conversion Messages Start ==\\n\\nMessage ID\\t: WRN6031 (3203-5620)\\n\\n== Conversion Messages End ==\\nAdded by composer.",
      "RunAs": "controlm",
      "TimeZone": "HKG",
      "Application": "PRLODSTWS1_1",
      "Variables": [
        {
          "DB-STP_SCHEM": ""
        }
      ],
      "When": {
        "WeekDays": [
          "NONE"
        ],
        "Months": [
          "NONE"
        ],
        "MonthDays": [
          "NONE"
        ],
        "DaysRelation": "OR",
        "RuleBasedCalendars": {
          "Included": [
            "RC1"
          ]
        }
      },
      "eventsToWaitFor": {
        "Type": "WaitForEvents",
        "Events": [
          {
            "Event": "PRLODSTWS1_1#O_PA_PAY_MODE-TO-PRLODSTWS1_1#PA_1180_11G"
          },
          {
            "Event": "PRLODSTWS1_1#O_SALES_CHANNEL-TO-PRLODSTWS1_1#PA_1180_11G"
          },
          {
            "Event": "PRLODSTWS1_1#O_CLOB-TO-PRLODSTWS1_1#PA_1180_11G"
          },
          {
            "Event": "PRLODSTWS1_1#O_DOCUMENT_DATA-TO-PRLODSTWS1_1#PA_1180_11G"
          },
          {
            "Event": "PRLODSTWS1_1#O_DOCUMENT-TO-PRLODSTWS1_1#PA_1180_11G"
          },
          {
            "Event": "PRLODSTWS1_1#SDM_AGENT-TO-PRLODSTWS1_1#PA_1180_11G"
          },
          {
            "Event": "PRLODSTWS1_1#SDM_CONTRACT_PRODUCT-TO-PRLODSTWS1_1#PA_1180_11G"
          },
          {
            "Event": "PRLODSTWS1_1#SDM_PRODUCT_LIFE-TO-PRLODSTWS1_1#PA_1180_11G"
          },
          {
            "Event": "PRLODSTWS1_1#SDM_CONTRACT_MASTER-TO-PRLODSTWS1_1#PA_1180_11G"
          }
        ]
      },
      "eventsToAdd": {
        "Type": "AddEvents",
        "Events": [
          {
            "Event": "PRLODSTWS1_1#PA_1180_11G-TO-PRLODSTWS1_1#PA_1180_PARAM"
          }
        ]
      },
      "eventsToDelete": {
        "Type": "DeleteEvents",
        "Events": [
          {
            "Event": "PRLODSTWS1_1#O_PA_PAY_MODE-TO-PRLODSTWS1_1#PA_1180_11G"
          },
          {
            "Event": "PRLODSTWS1_1#O_SALES_CHANNEL-TO-PRLODSTWS1_1#PA_1180_11G"
          },
          {
            "Event": "PRLODSTWS1_1#O_CLOB-TO-PRLODSTWS1_1#PA_1180_11G"
          },
          {
            "Event": "PRLODSTWS1_1#O_DOCUMENT_DATA-TO-PRLODSTWS1_1#PA_1180_11G"
          },
          {
            "Event": "PRLODSTWS1_1#O_DOCUMENT-TO-PRLODSTWS1_1#PA_1180_11G"
          },
          {
            "Event": "PRLODSTWS1_1#SDM_AGENT-TO-PRLODSTWS1_1#PA_1180_11G"
          },
          {
            "Event": "PRLODSTWS1_1#SDM_CONTRACT_PRODUCT-TO-PRLODSTWS1_1#PA_1180_11G"
          },
          {
            "Event": "PRLODSTWS1_1#SDM_PRODUCT_LIFE-TO-PRLODSTWS1_1#PA_1180_11G"
          },
          {
            "Event": "PRLODSTWS1_1#SDM_CONTRACT_MASTER-TO-PRLODSTWS1_1#PA_1180_11G"
          }
        ]
      }
    },
    "PRLODSTWS1_1#PA_1181_P_CF": {
      "Type": "Job:Command",
      "DaysKeepActive": "1",
      "SubApplication": "PRLODSTWS1_1",
      "Priority": "Very Low",
      "Host": "PRLODSTWS1",
      "CreatedBy": "emuser",
      "Description": "archiving file for batch",
      "RunAs": "controlm",
      "TimeZone": "HKG",
      "Application": "PRLODSTWS1_1",
      "Command": "/home/tws/ods_batch_home/esp.batch.scripts/archiving.file.sh D_RPT_PA ${tws.job.name} %%\\\\global\\END_DT_CHAR.",
      "When": {
        "WeekDays": [
          "NONE"
        ],
        "Months": [
          "NONE"
        ],
        "MonthDays": [
          "NONE"
        ],
        "DaysRelation": "OR",
        "RuleBasedCalendars": {
          "Included": [
            "RC1"
          ]
        }
      },
      "eventsToWaitFor": {
        "Type": "WaitForEvents",
        "Events": [
          {
            "Event": "PRLODSTWS1_1#PA_1181_P_CR-TO-PRLODSTWS1_1#PA_1181_P_CF"
          }
        ]
      },
      "eventsToDelete": {
        "Type": "DeleteEvents",
        "Events": [
          {
            "Event": "PRLODSTWS1_1#PA_1181_P_CR-TO-PRLODSTWS1_1#PA_1181_P_CF"
          }
        ]
      }
    },
    "PRLODSTWS1_1#PA_1180_P_CR": {
      "Type": "Job:Command",
      "DaysKeepActive": "1",
      "SubApplication": "PRLODSTWS1_1",
      "Priority": "Very Low",
      "Host": "PRLODSTWS1",
      "CreatedBy": "emuser",
      "Description": "generate the report file for batch",
      "RunAs": "controlm",
      "TimeZone": "HKG",
      "Application": "PRLODSTWS1_1",
      "Command": "/home/tws/ods_batch_home/esp.batch.scripts/gen.report.sh D_RPT_PA ${tws.job.name} %%\\\\global\\END_DT_CHAR.",
      "When": {
        "WeekDays": [
          "NONE"
        ],
        "Months": [
          "NONE"
        ],
        "MonthDays": [
          "NONE"
        ],
        "DaysRelation": "OR",
        "RuleBasedCalendars": {
          "Included": [
            "RC1"
          ]
        }
      },
      "eventsToWaitFor": {
        "Type": "WaitForEvents",
        "Events": [
          {
            "Event": "PRLODSTWS1_1#PA_1180_PARAM-TO-PRLODSTWS1_1#PA_1180_P_CR"
          }
        ]
      },
      "eventsToAdd": {
        "Type": "AddEvents",
        "Events": [
          {
            "Event": "PRLODSTWS1_1#PA_1180_P_CR-TO-PRLODSTWS1_1#PA_1180_P_CF"
          }
        ]
      },
      "eventsToDelete": {
        "Type": "DeleteEvents",
        "Events": [
          {
            "Event": "PRLODSTWS1_1#PA_1180_PARAM-TO-PRLODSTWS1_1#PA_1180_P_CR"
          }
        ]
      }
    },
    "PRLODSTWS1_1#PA_1130_E_CF": {
      "Type": "Job:Command",
      "DaysKeepActive": "1",
      "SubApplication": "PRLODSTWS1_1",
      "Priority": "Very Low",
      "Host": "PRLODSTWS1",
      "CreatedBy": "emuser",
      "Description": "archiving file for batch",
      "RunAs": "controlm",
      "TimeZone": "HKG",
      "Application": "PRLODSTWS1_1",
      "Command": "/home/tws/ods_batch_home/esp.batch.scripts/archiving.file.sh D_RPT_PA ${tws.job.name} %%\\\\global\\END_DT_CHAR.",
      "When": {
        "WeekDays": [
          "NONE"
        ],
        "Months": [
          "NONE"
        ],
        "MonthDays": [
          "NONE"
        ],
        "DaysRelation": "OR",
        "RuleBasedCalendars": {
          "Included": [
            "RC1"
          ]
        }
      },
      "eventsToWaitFor": {
        "Type": "WaitForEvents",
        "Events": [
          {
            "Event": "PRLODSTWS1_1#PA_1130_E_CR-TO-PRLODSTWS1_1#PA_1130_E_CF"
          }
        ]
      },
      "eventsToDelete": {
        "Type": "DeleteEvents",
        "Events": [
          {
            "Event": "PRLODSTWS1_1#PA_1130_E_CR-TO-PRLODSTWS1_1#PA_1130_E_CF"
          }
        ]
      }
    },
    "PRLODSTWS1_1#PA_1180_ML": {
      "Type": "Job:Command",
      "DaysKeepActive": "1",
      "SubApplication": "PRLODSTWS1_1",
      "Priority": "Very Low",
      "Host": "PRLODSTWS1",
      "CreatedBy": "emuser",
      "Description": "email and attachments for batch",
      "RunAs": "controlm",
      "TimeZone": "HKG",
      "Application": "PRLODSTWS1_1",
      "Command": "/home/tws/ods_batch_home/esp.batch.scripts/send.email.sh D_RPT_PA ${tws.job.name} %%\\\\global\\END_DT_CHAR.",
      "When": {
        "WeekDays": [
          "NONE"
        ],
        "Months": [
          "NONE"
        ],
        "MonthDays": [
          "NONE"
        ],
        "DaysRelation": "OR",
        "RuleBasedCalendars": {
          "Included": [
            "RC1"
          ]
        }
      },
      "eventsToWaitFor": {
        "Type": "WaitForEvents",
        "Events": [
          {
            "Event": "PRLODSTWS1_1#PA_1181_E_CR-TO-PRLODSTWS1_1#PA_1180_ML"
          }
        ]
      },
      "eventsToDelete": {
        "Type": "DeleteEvents",
        "Events": [
          {
            "Event": "PRLODSTWS1_1#PA_1181_E_CR-TO-PRLODSTWS1_1#PA_1180_ML"
          }
        ]
      }
    },
    "PRLODSTWS1_1#PA_1150_P_CF": {
      "Type": "Job:Command",
      "DaysKeepActive": "1",
      "SubApplication": "PRLODSTWS1_1",
      "Priority": "Very Low",
      "Host": "PRLODSTWS1",
      "CreatedBy": "emuser",
      "Description": "archiving file for batch",
      "RunAs": "controlm",
      "TimeZone": "HKG",
      "Application": "PRLODSTWS1_1",
      "Command": "/home/tws/ods_batch_home/esp.batch.scripts/archiving.file.sh D_RPT_PA ${tws.job.name} %%\\\\global\\END_DT_CHAR.",
      "When": {
        "WeekDays": [
          "NONE"
        ],
        "Months": [
          "NONE"
        ],
        "MonthDays": [
          "NONE"
        ],
        "DaysRelation": "OR",
        "RuleBasedCalendars": {
          "Included": [
            "RC1"
          ]
        }
      },
      "eventsToWaitFor": {
        "Type": "WaitForEvents",
        "Events": [
          {
            "Event": "PRLODSTWS1_1#PA_1150_P_CR-TO-PRLODSTWS1_1#PA_1150_P_CF"
          }
        ]
      },
      "eventsToDelete": {
        "Type": "DeleteEvents",
        "Events": [
          {
            "Event": "PRLODSTWS1_1#PA_1150_P_CR-TO-PRLODSTWS1_1#PA_1150_P_CF"
          }
        ]
      }
    },
    "PRLODSTWS1_1#PA_1131_P_CR": {
      "Type": "Job:Command",
      "DaysKeepActive": "1",
      "SubApplication": "PRLODSTWS1_1",
      "Priority": "Very Low",
      "Host": "PRLODSTWS1",
      "CreatedBy": "emuser",
      "Description": "generate the report file for batch",
      "RunAs": "controlm",
      "TimeZone": "HKG",
      "Application": "PRLODSTWS1_1",
      "Command": "/home/tws/ods_batch_home/esp.batch.scripts/gen.report.sh D_RPT_PA ${tws.job.name} %%\\\\global\\END_DT_CHAR.",
      "When": {
        "WeekDays": [
          "NONE"
        ],
        "Months": [
          "NONE"
        ],
        "MonthDays": [
          "NONE"
        ],
        "DaysRelation": "OR",
        "RuleBasedCalendars": {
          "Included": [
            "RC1"
          ]
        }
      },
      "eventsToWaitFor": {
        "Type": "WaitForEvents",
        "Events": [
          {
            "Event": "PRLODSTWS1_1#PA_1130_PARAM-TO-PRLODSTWS1_1#PA_1131_P_CR"
          }
        ]
      },
      "eventsToAdd": {
        "Type": "AddEvents",
        "Events": [
          {
            "Event": "PRLODSTWS1_1#PA_1131_P_CR-TO-PRLODSTWS1_1#PA_1131_P_CF"
          }
        ]
      },
      "eventsToDelete": {
        "Type": "DeleteEvents",
        "Events": [
          {
            "Event": "PRLODSTWS1_1#PA_1130_PARAM-TO-PRLODSTWS1_1#PA_1131_P_CR"
          }
        ]
      }
    },
    "PRLODSTWS1_1#PA_1131_P_CF": {
      "Type": "Job:Command",
      "DaysKeepActive": "1",
      "SubApplication": "PRLODSTWS1_1",
      "Priority": "Very Low",
      "Host": "PRLODSTWS1",
      "CreatedBy": "emuser",
      "Description": "archiving file for batch",
      "RunAs": "controlm",
      "TimeZone": "HKG",
      "Application": "PRLODSTWS1_1",
      "Command": "/home/tws/ods_batch_home/esp.batch.scripts/archiving.file.sh D_RPT_PA ${tws.job.name} %%\\\\global\\END_DT_CHAR.",
      "When": {
        "WeekDays": [
          "NONE"
        ],
        "Months": [
          "NONE"
        ],
        "MonthDays": [
          "NONE"
        ],
        "DaysRelation": "OR",
        "RuleBasedCalendars": {
          "Included": [
            "RC1"
          ]
        }
      },
      "eventsToWaitFor": {
        "Type": "WaitForEvents",
        "Events": [
          {
            "Event": "PRLODSTWS1_1#PA_1131_P_CR-TO-PRLODSTWS1_1#PA_1131_P_CF"
          }
        ]
      },
      "eventsToDelete": {
        "Type": "DeleteEvents",
        "Events": [
          {
            "Event": "PRLODSTWS1_1#PA_1131_P_CR-TO-PRLODSTWS1_1#PA_1131_P_CF"
          }
        ]
      }
    },
    "PRLODSTWS1_1#PA_1151_E_CR": {
      "Type": "Job:Command",
      "DaysKeepActive": "1",
      "SubApplication": "PRLODSTWS1_1",
      "Priority": "Very Low",
      "Host": "PRLODSTWS1",
      "CreatedBy": "emuser",
      "Description": "generate the report file for batch",
      "RunAs": "controlm",
      "TimeZone": "HKG",
      "Application": "PRLODSTWS1_1",
      "Command": "/home/tws/ods_batch_home/esp.batch.scripts/gen.report.sh D_RPT_PA ${tws.job.name} %%\\\\global\\END_DT_CHAR.",
      "When": {
        "WeekDays": [
          "NONE"
        ],
        "Months": [
          "NONE"
        ],
        "MonthDays": [
          "NONE"
        ],
        "DaysRelation": "OR",
        "RuleBasedCalendars": {
          "Included": [
            "RC1"
          ]
        }
      },
      "eventsToWaitFor": {
        "Type": "WaitForEvents",
        "Events": [
          {
            "Event": "PRLODSTWS1_1#PA_1150_PARAM-TO-PRLODSTWS1_1#PA_1151_E_CR"
          }
        ]
      },
      "eventsToAdd": {
        "Type": "AddEvents",
        "Events": [
          {
            "Event": "PRLODSTWS1_1#PA_1151_E_CR-TO-PRLODSTWS1_1#PA_1150_ML"
          },
          {
            "Event": "PRLODSTWS1_1#PA_1151_E_CR-TO-PRLODSTWS1_1#PA_1151_E_CF"
          }
        ]
      },
      "eventsToDelete": {
        "Type": "DeleteEvents",
        "Events": [
          {
            "Event": "PRLODSTWS1_1#PA_1150_PARAM-TO-PRLODSTWS1_1#PA_1151_E_CR"
          }
        ]
      }
    },
    "PRLODSTWS1_1#PA_1132_P_CR": {
      "Type": "Job:Command",
      "DaysKeepActive": "1",
      "SubApplication": "PRLODSTWS1_1",
      "Priority": "Very Low",
      "Host": "PRLODSTWS1",
      "CreatedBy": "emuser",
      "Description": "generate the report file for batch",
      "RunAs": "controlm",
      "TimeZone": "HKG",
      "Application": "PRLODSTWS1_1",
      "Command": "/home/tws/ods_batch_home/esp.batch.scripts/gen.report.sh D_RPT_PA ${tws.job.name} %%\\\\global\\END_DT_CHAR.",
      "When": {
        "WeekDays": [
          "NONE"
        ],
        "Months": [
          "NONE"
        ],
        "MonthDays": [
          "NONE"
        ],
        "DaysRelation": "OR",
        "RuleBasedCalendars": {
          "Included": [
            "RC1"
          ]
        }
      },
      "eventsToWaitFor": {
        "Type": "WaitForEvents",
        "Events": [
          {
            "Event": "PRLODSTWS1_1#PA_1130_PARAM-TO-PRLODSTWS1_1#PA_1132_P_CR"
          }
        ]
      },
      "eventsToAdd": {
        "Type": "AddEvents",
        "Events": [
          {
            "Event": "PRLODSTWS1_1#PA_1132_P_CR-TO-PRLODSTWS1_1#PA_1132_P_CF"
          }
        ]
      },
      "eventsToDelete": {
        "Type": "DeleteEvents",
        "Events": [
          {
            "Event": "PRLODSTWS1_1#PA_1130_PARAM-TO-PRLODSTWS1_1#PA_1132_P_CR"
          }
        ]
      }
    },
    "PRLODSTWS1_1#PA_1130_11G": {
      "Type": "Job:Database:StoredProcedure",
      "ConnectionProfile": "_",
      "StoredProcedure": "sqlext.PA_1130_11G_SP",
      "DaysKeepActive": "1",
      "SubApplication": "PRLODSTWS1_1",
      "Priority": "Very Low",
      "Host": "PRLODSTWS1",
      "CreatedBy": "emuser",
      "Description": "== Conversion Messages Start ==\\n\\nMessage ID\\t: WRN6031 (3204-5630)\\n\\n== Conversion Messages End ==\\nAdded by composer.",
      "RunAs": "controlm",
      "TimeZone": "HKG",
      "Application": "PRLODSTWS1_1",
      "Variables": [
        {
          "DB-STP_SCHEM": ""
        }
      ],
      "When": {
        "WeekDays": [
          "NONE"
        ],
        "Months": [
          "NONE"
        ],
        "MonthDays": [
          "NONE"
        ],
        "DaysRelation": "OR",
        "RuleBasedCalendars": {
          "Included": [
            "RC1"
          ]
        }
      },
      "eventsToWaitFor": {
        "Type": "WaitForEvents",
        "Events": [
          {
            "Event": "PRLODSTWS1_1#O_CHANNEL_ORG-TO-PRLODSTWS1_1#PA_1130_11G"
          },
          {
            "Event": "PRLODSTWS1_1#O_CLOB-TO-PRLODSTWS1_1#PA_1130_11G"
          },
          {
            "Event": "PRLODSTWS1_1#O_DOCUMENT_DATA-TO-PRLODSTWS1_1#PA_1130_11G"
          },
          {
            "Event": "PRLODSTWS1_1#O_DOCUMENT-TO-PRLODSTWS1_1#PA_1130_11G"
          },
          {
            "Event": "PRLODSTWS1_1#SDM_CONTRACT_MASTER-TO-PRLODSTWS1_1#PA_1130_11G"
          }
        ]
      },
      "eventsToAdd": {
        "Type": "AddEvents",
        "Events": [
          {
            "Event": "PRLODSTWS1_1#PA_1130_11G-TO-PRLODSTWS1_1#PA_1130_PARAM"
          }
        ]
      },
      "eventsToDelete": {
        "Type": "DeleteEvents",
        "Events": [
          {
            "Event": "PRLODSTWS1_1#O_CHANNEL_ORG-TO-PRLODSTWS1_1#PA_1130_11G"
          },
          {
            "Event": "PRLODSTWS1_1#O_CLOB-TO-PRLODSTWS1_1#PA_1130_11G"
          },
          {
            "Event": "PRLODSTWS1_1#O_DOCUMENT_DATA-TO-PRLODSTWS1_1#PA_1130_11G"
          },
          {
            "Event": "PRLODSTWS1_1#O_DOCUMENT-TO-PRLODSTWS1_1#PA_1130_11G"
          },
          {
            "Event": "PRLODSTWS1_1#SDM_CONTRACT_MASTER-TO-PRLODSTWS1_1#PA_1130_11G"
          }
        ]
      }
    },
    "PRLODSTWS1_1#PA_1181_E_CF": {
      "Type": "Job:Command",
      "DaysKeepActive": "1",
      "SubApplication": "PRLODSTWS1_1",
      "Priority": "Very Low",
      "Host": "PRLODSTWS1",
      "CreatedBy": "emuser",
      "Description": "archiving file for batch",
      "RunAs": "controlm",
      "TimeZone": "HKG",
      "Application": "PRLODSTWS1_1",
      "Command": "/home/tws/ods_batch_home/esp.batch.scripts/archiving.file.sh D_RPT_PA ${tws.job.name} %%\\\\global\\END_DT_CHAR.",
      "When": {
        "WeekDays": [
          "NONE"
        ],
        "Months": [
          "NONE"
        ],
        "MonthDays": [
          "NONE"
        ],
        "DaysRelation": "OR",
        "RuleBasedCalendars": {
          "Included": [
            "RC1"
          ]
        }
      },
      "eventsToWaitFor": {
        "Type": "WaitForEvents",
        "Events": [
          {
            "Event": "PRLODSTWS1_1#PA_1181_E_CR-TO-PRLODSTWS1_1#PA_1181_E_CF"
          }
        ]
      },
      "eventsToDelete": {
        "Type": "DeleteEvents",
        "Events": [
          {
            "Event": "PRLODSTWS1_1#PA_1181_E_CR-TO-PRLODSTWS1_1#PA_1181_E_CF"
          }
        ]
      }
    },
    "PRLODSTWS1_1#PA_1150_E_CF": {
      "Type": "Job:Command",
      "DaysKeepActive": "1",
      "SubApplication": "PRLODSTWS1_1",
      "Priority": "Very Low",
      "Host": "PRLODSTWS1",
      "CreatedBy": "emuser",
      "Description": "archiving file for batch",
      "RunAs": "controlm",
      "TimeZone": "HKG",
      "Application": "PRLODSTWS1_1",
      "Command": "/home/tws/ods_batch_home/esp.batch.scripts/archiving.file.sh D_RPT_PA ${tws.job.name} %%\\\\global\\END_DT_CHAR.",
      "When": {
        "WeekDays": [
          "NONE"
        ],
        "Months": [
          "NONE"
        ],
        "MonthDays": [
          "NONE"
        ],
        "DaysRelation": "OR",
        "RuleBasedCalendars": {
          "Included": [
            "RC1"
          ]
        }
      },
      "eventsToWaitFor": {
        "Type": "WaitForEvents",
        "Events": [
          {
            "Event": "PRLODSTWS1_1#PA_1150_E_CR-TO-PRLODSTWS1_1#PA_1150_E_CF"
          }
        ]
      },
      "eventsToDelete": {
        "Type": "DeleteEvents",
        "Events": [
          {
            "Event": "PRLODSTWS1_1#PA_1150_E_CR-TO-PRLODSTWS1_1#PA_1150_E_CF"
          }
        ]
      }
    },
    "PRLODSTWS1_1#PA_1151_P_CF": {
      "Type": "Job:Command",
      "DaysKeepActive": "1",
      "SubApplication": "PRLODSTWS1_1",
      "Priority": "Very Low",
      "Host": "PRLODSTWS1",
      "CreatedBy": "emuser",
      "Description": "archiving file for batch",
      "RunAs": "controlm",
      "TimeZone": "HKG",
      "Application": "PRLODSTWS1_1",
      "Command": "/home/tws/ods_batch_home/esp.batch.scripts/archiving.file.sh D_RPT_PA ${tws.job.name} %%\\\\global\\END_DT_CHAR.",
      "When": {
        "WeekDays": [
          "NONE"
        ],
        "Months": [
          "NONE"
        ],
        "MonthDays": [
          "NONE"
        ],
        "DaysRelation": "OR",
        "RuleBasedCalendars": {
          "Included": [
            "RC1"
          ]
        }
      },
      "eventsToWaitFor": {
        "Type": "WaitForEvents",
        "Events": [
          {
            "Event": "PRLODSTWS1_1#PA_1151_P_CR-TO-PRLODSTWS1_1#PA_1151_P_CF"
          }
        ]
      },
      "eventsToDelete": {
        "Type": "DeleteEvents",
        "Events": [
          {
            "Event": "PRLODSTWS1_1#PA_1151_P_CR-TO-PRLODSTWS1_1#PA_1151_P_CF"
          }
        ]
      }
    },
    "PRLODSTWS1_1#PA_1182_P_CF": {
      "Type": "Job:Command",
      "DaysKeepActive": "1",
      "SubApplication": "PRLODSTWS1_1",
      "Priority": "Very Low",
      "Host": "PRLODSTWS1",
      "CreatedBy": "emuser",
      "Description": "archiving file for batch",
      "RunAs": "controlm",
      "TimeZone": "HKG",
      "Application": "PRLODSTWS1_1",
      "Command": "/home/tws/ods_batch_home/esp.batch.scripts/archiving.file.sh D_RPT_PA ${tws.job.name} %%\\\\global\\END_DT_CHAR.",
      "When": {
        "WeekDays": [
          "NONE"
        ],
        "Months": [
          "NONE"
        ],
        "MonthDays": [
          "NONE"
        ],
        "DaysRelation": "OR",
        "RuleBasedCalendars": {
          "Included": [
            "RC1"
          ]
        }
      },
      "eventsToWaitFor": {
        "Type": "WaitForEvents",
        "Events": [
          {
            "Event": "PRLODSTWS1_1#PA_1182_P_CR-TO-PRLODSTWS1_1#PA_1182_P_CF"
          }
        ]
      },
      "eventsToDelete": {
        "Type": "DeleteEvents",
        "Events": [
          {
            "Event": "PRLODSTWS1_1#PA_1182_P_CR-TO-PRLODSTWS1_1#PA_1182_P_CF"
          }
        ]
      }
    },
    "PRLODSTWS1_1#PA_1151_P_CR": {
      "Type": "Job:Command",
      "DaysKeepActive": "1",
      "SubApplication": "PRLODSTWS1_1",
      "Priority": "Very Low",
      "Host": "PRLODSTWS1",
      "CreatedBy": "emuser",
      "Description": "generate the report file for batch",
      "RunAs": "controlm",
      "TimeZone": "HKG",
      "Application": "PRLODSTWS1_1",
      "Command": "/home/tws/ods_batch_home/esp.batch.scripts/gen.report.sh D_RPT_PA ${tws.job.name} %%\\\\global\\END_DT_CHAR.",
      "When": {
        "WeekDays": [
          "NONE"
        ],
        "Months": [
          "NONE"
        ],
        "MonthDays": [
          "NONE"
        ],
        "DaysRelation": "OR",
        "RuleBasedCalendars": {
          "Included": [
            "RC1"
          ]
        }
      },
      "eventsToWaitFor": {
        "Type": "WaitForEvents",
        "Events": [
          {
            "Event": "PRLODSTWS1_1#PA_1150_PARAM-TO-PRLODSTWS1_1#PA_1151_P_CR"
          }
        ]
      },
      "eventsToAdd": {
        "Type": "AddEvents",
        "Events": [
          {
            "Event": "PRLODSTWS1_1#PA_1151_P_CR-TO-PRLODSTWS1_1#PA_1151_P_CF"
          }
        ]
      },
      "eventsToDelete": {
        "Type": "DeleteEvents",
        "Events": [
          {
            "Event": "PRLODSTWS1_1#PA_1150_PARAM-TO-PRLODSTWS1_1#PA_1151_P_CR"
          }
        ]
      }
    },
    "PRLODSTWS1_1#PA_1131_E_CR": {
      "Type": "Job:Command",
      "DaysKeepActive": "1",
      "SubApplication": "PRLODSTWS1_1",
      "Priority": "Very Low",
      "Host": "PRLODSTWS1",
      "CreatedBy": "emuser",
      "Description": "generate the report file for batch",
      "RunAs": "controlm",
      "TimeZone": "HKG",
      "Application": "PRLODSTWS1_1",
      "Command": "/home/tws/ods_batch_home/esp.batch.scripts/gen.report.sh D_RPT_PA ${tws.job.name} %%\\\\global\\END_DT_CHAR.",
      "When": {
        "WeekDays": [
          "NONE"
        ],
        "Months": [
          "NONE"
        ],
        "MonthDays": [
          "NONE"
        ],
        "DaysRelation": "OR",
        "RuleBasedCalendars": {
          "Included": [
            "RC1"
          ]
        }
      },
      "eventsToWaitFor": {
        "Type": "WaitForEvents",
        "Events": [
          {
            "Event": "PRLODSTWS1_1#PA_1130_PARAM-TO-PRLODSTWS1_1#PA_1131_E_CR"
          }
        ]
      },
      "eventsToAdd": {
        "Type": "AddEvents",
        "Events": [
          {
            "Event": "PRLODSTWS1_1#PA_1131_E_CR-TO-PRLODSTWS1_1#PA_1131_E_CF"
          }
        ]
      },
      "eventsToDelete": {
        "Type": "DeleteEvents",
        "Events": [
          {
            "Event": "PRLODSTWS1_1#PA_1130_PARAM-TO-PRLODSTWS1_1#PA_1131_E_CR"
          }
        ]
      }
    },
    "PRLODSTWS1_1#PA_1132_P_CF": {
      "Type": "Job:Command",
      "DaysKeepActive": "1",
      "SubApplication": "PRLODSTWS1_1",
      "Priority": "Very Low",
      "Host": "PRLODSTWS1",
      "CreatedBy": "emuser",
      "Description": "archiving file for batch",
      "RunAs": "controlm",
      "TimeZone": "HKG",
      "Application": "PRLODSTWS1_1",
      "Command": "/home/tws/ods_batch_home/esp.batch.scripts/archiving.file.sh D_RPT_PA ${tws.job.name} %%\\\\global\\END_DT_CHAR.",
      "When": {
        "WeekDays": [
          "NONE"
        ],
        "Months": [
          "NONE"
        ],
        "MonthDays": [
          "NONE"
        ],
        "DaysRelation": "OR",
        "RuleBasedCalendars": {
          "Included": [
            "RC1"
          ]
        }
      },
      "eventsToWaitFor": {
        "Type": "WaitForEvents",
        "Events": [
          {
            "Event": "PRLODSTWS1_1#PA_1132_P_CR-TO-PRLODSTWS1_1#PA_1132_P_CF"
          }
        ]
      },
      "eventsToDelete": {
        "Type": "DeleteEvents",
        "Events": [
          {
            "Event": "PRLODSTWS1_1#PA_1132_P_CR-TO-PRLODSTWS1_1#PA_1132_P_CF"
          }
        ]
      }
    },
    "PRLODSTWS1_1#PA_1181_E_CR": {
      "Type": "Job:Command",
      "DaysKeepActive": "1",
      "SubApplication": "PRLODSTWS1_1",
      "Priority": "Very Low",
      "Host": "PRLODSTWS1",
      "CreatedBy": "emuser",
      "Description": "generate the report file for batch",
      "RunAs": "controlm",
      "TimeZone": "HKG",
      "Application": "PRLODSTWS1_1",
      "Command": "/home/tws/ods_batch_home/esp.batch.scripts/gen.report.sh D_RPT_PA ${tws.job.name} %%\\\\global\\END_DT_CHAR.",
      "When": {
        "WeekDays": [
          "NONE"
        ],
        "Months": [
          "NONE"
        ],
        "MonthDays": [
          "NONE"
        ],
        "DaysRelation": "OR",
        "RuleBasedCalendars": {
          "Included": [
            "RC1"
          ]
        }
      },
      "eventsToWaitFor": {
        "Type": "WaitForEvents",
        "Events": [
          {
            "Event": "PRLODSTWS1_1#PA_1180_PARAM-TO-PRLODSTWS1_1#PA_1181_E_CR"
          }
        ]
      },
      "eventsToAdd": {
        "Type": "AddEvents",
        "Events": [
          {
            "Event": "PRLODSTWS1_1#PA_1181_E_CR-TO-PRLODSTWS1_1#PA_1180_ML"
          },
          {
            "Event": "PRLODSTWS1_1#PA_1181_E_CR-TO-PRLODSTWS1_1#PA_1181_E_CF"
          }
        ]
      },
      "eventsToDelete": {
        "Type": "DeleteEvents",
        "Events": [
          {
            "Event": "PRLODSTWS1_1#PA_1180_PARAM-TO-PRLODSTWS1_1#PA_1181_E_CR"
          }
        ]
      }
    },
    "PRLODSTWS1_1#PA_1150_E_CR": {
      "Type": "Job:Command",
      "DaysKeepActive": "1",
      "SubApplication": "PRLODSTWS1_1",
      "Priority": "Very Low",
      "Host": "PRLODSTWS1",
      "CreatedBy": "emuser",
      "Description": "generate the report file for batch",
      "RunAs": "controlm",
      "TimeZone": "HKG",
      "Application": "PRLODSTWS1_1",
      "Command": "/home/tws/ods_batch_home/esp.batch.scripts/gen.report.sh D_RPT_PA ${tws.job.name} %%\\\\global\\END_DT_CHAR.",
      "When": {
        "WeekDays": [
          "NONE"
        ],
        "Months": [
          "NONE"
        ],
        "MonthDays": [
          "NONE"
        ],
        "DaysRelation": "OR",
        "RuleBasedCalendars": {
          "Included": [
            "RC1"
          ]
        }
      },
      "eventsToWaitFor": {
        "Type": "WaitForEvents",
        "Events": [
          {
            "Event": "PRLODSTWS1_1#PA_1150_PARAM-TO-PRLODSTWS1_1#PA_1150_E_CR"
          }
        ]
      },
      "eventsToAdd": {
        "Type": "AddEvents",
        "Events": [
          {
            "Event": "PRLODSTWS1_1#PA_1150_E_CR-TO-PRLODSTWS1_1#PA_1150_E_CF"
          }
        ]
      },
      "eventsToDelete": {
        "Type": "DeleteEvents",
        "Events": [
          {
            "Event": "PRLODSTWS1_1#PA_1150_PARAM-TO-PRLODSTWS1_1#PA_1150_E_CR"
          }
        ]
      }
    },
    "PRLODSTWS1_1#PA_1150_PARAM": {
      "Type": "Job:Database:StoredProcedure",
      "ConnectionProfile": "_",
      "StoredProcedure": "sqlext.PA_1150_PARAM_SP",
      "DaysKeepActive": "1",
      "SubApplication": "PRLODSTWS1_1",
      "Priority": "Very Low",
      "Host": "PRLODSTWS1",
      "CreatedBy": "emuser",
      "Description": "== Conversion Messages Start ==\\n\\nMessage ID\\t: WRN6031 (3205-5640)\\n\\n== Conversion Messages End ==\\nAdded by composer.",
      "RunAs": "controlm",
      "TimeZone": "HKG",
      "Application": "PRLODSTWS1_1",
      "Variables": [
        {
          "DB-STP_SCHEM": ""
        }
      ],
      "When": {
        "WeekDays": [
          "NONE"
        ],
        "Months": [
          "NONE"
        ],
        "MonthDays": [
          "NONE"
        ],
        "DaysRelation": "OR",
        "RuleBasedCalendars": {
          "Included": [
            "RC1"
          ]
        }
      },
      "eventsToWaitFor": {
        "Type": "WaitForEvents",
        "Events": [
          {
            "Event": "PRLODSTWS1_1#PA_1150_11G-TO-PRLODSTWS1_1#PA_1150_PARAM"
          },
          {
            "Event": "PRLODSTWS1_1#PA_JOB_PARAM-TO-PRLODSTWS1_1#PA_1150_PARAM"
          }
        ]
      },
      "eventsToAdd": {
        "Type": "AddEvents",
        "Events": [
          {
            "Event": "PRLODSTWS1_1#PA_1150_PARAM-TO-PRLODSTWS1_1#PA_1151_E_CR"
          },
          {
            "Event": "PRLODSTWS1_1#PA_1150_PARAM-TO-PRLODSTWS1_1#PA_1152_P_CR"
          },
          {
            "Event": "PRLODSTWS1_1#PA_1150_PARAM-TO-PRLODSTWS1_1#PA_1150_E_CR"
          },
          {
            "Event": "PRLODSTWS1_1#PA_1150_PARAM-TO-PRLODSTWS1_1#PA_1151_P_CR"
          },
          {
            "Event": "PRLODSTWS1_1#PA_1150_PARAM-TO-PRLODSTWS1_1#PA_1150_P_CR"
          }
        ]
      },
      "eventsToDelete": {
        "Type": "DeleteEvents",
        "Events": [
          {
            "Event": "PRLODSTWS1_1#PA_1150_11G-TO-PRLODSTWS1_1#PA_1150_PARAM"
          },
          {
            "Event": "PRLODSTWS1_1#PA_JOB_PARAM-TO-PRLODSTWS1_1#PA_1150_PARAM"
          }
        ]
      }
    },
    "PRLODSTWS1_1#PA_1180_PARAM": {
      "Type": "Job:Database:StoredProcedure",
      "ConnectionProfile": "_",
      "StoredProcedure": "sqlext.PA_1180_PARAM_SP",
      "DaysKeepActive": "1",
      "SubApplication": "PRLODSTWS1_1",
      "Priority": "Very Low",
      "Host": "PRLODSTWS1",
      "CreatedBy": "emuser",
      "Description": "== Conversion Messages Start ==\\n\\nMessage ID\\t: WRN6031 (3206-5641)\\n\\n== Conversion Messages End ==\\nAdded by composer.",
      "RunAs": "controlm",
      "TimeZone": "HKG",
      "Application": "PRLODSTWS1_1",
      "Variables": [
        {
          "DB-STP_SCHEM": ""
        }
      ],
      "When": {
        "WeekDays": [
          "NONE"
        ],
        "Months": [
          "NONE"
        ],
        "MonthDays": [
          "NONE"
        ],
        "DaysRelation": "OR",
        "RuleBasedCalendars": {
          "Included": [
            "RC1"
          ]
        }
      },
      "eventsToWaitFor": {
        "Type": "WaitForEvents",
        "Events": [
          {
            "Event": "PRLODSTWS1_1#PA_1180_11G-TO-PRLODSTWS1_1#PA_1180_PARAM"
          },
          {
            "Event": "PRLODSTWS1_1#PA_JOB_PARAM-TO-PRLODSTWS1_1#PA_1180_PARAM"
          }
        ]
      },
      "eventsToAdd": {
        "Type": "AddEvents",
        "Events": [
          {
            "Event": "PRLODSTWS1_1#PA_1180_PARAM-TO-PRLODSTWS1_1#PA_1181_E_CR"
          },
          {
            "Event": "PRLODSTWS1_1#PA_1180_PARAM-TO-PRLODSTWS1_1#PA_1180_E_CR"
          },
          {
            "Event": "PRLODSTWS1_1#PA_1180_PARAM-TO-PRLODSTWS1_1#PA_1182_P_CR"
          },
          {
            "Event": "PRLODSTWS1_1#PA_1180_PARAM-TO-PRLODSTWS1_1#PA_1181_P_CR"
          },
          {
            "Event": "PRLODSTWS1_1#PA_1180_PARAM-TO-PRLODSTWS1_1#PA_1180_P_CR"
          }
        ]
      },
      "eventsToDelete": {
        "Type": "DeleteEvents",
        "Events": [
          {
            "Event": "PRLODSTWS1_1#PA_1180_11G-TO-PRLODSTWS1_1#PA_1180_PARAM"
          },
          {
            "Event": "PRLODSTWS1_1#PA_JOB_PARAM-TO-PRLODSTWS1_1#PA_1180_PARAM"
          }
        ]
      }
    },
    "PRLODSTWS1_1#PA_1152_P_CR": {
      "Type": "Job:Command",
      "DaysKeepActive": "1",
      "SubApplication": "PRLODSTWS1_1",
      "Priority": "Very Low",
      "Host": "PRLODSTWS1",
      "CreatedBy": "emuser",
      "Description": "generate the report file for batch",
      "RunAs": "controlm",
      "TimeZone": "HKG",
      "Application": "PRLODSTWS1_1",
      "Command": "/home/tws/ods_batch_home/esp.batch.scripts/gen.report.sh D_RPT_PA ${tws.job.name} %%\\\\global\\END_DT_CHAR.",
      "When": {
        "WeekDays": [
          "NONE"
        ],
        "Months": [
          "NONE"
        ],
        "MonthDays": [
          "NONE"
        ],
        "DaysRelation": "OR",
        "RuleBasedCalendars": {
          "Included": [
            "RC1"
          ]
        }
      },
      "eventsToWaitFor": {
        "Type": "WaitForEvents",
        "Events": [
          {
            "Event": "PRLODSTWS1_1#PA_1150_PARAM-TO-PRLODSTWS1_1#PA_1152_P_CR"
          }
        ]
      },
      "eventsToAdd": {
        "Type": "AddEvents",
        "Events": [
          {
            "Event": "PRLODSTWS1_1#PA_1152_P_CR-TO-PRLODSTWS1_1#PA_1152_P_CF"
          }
        ]
      },
      "eventsToDelete": {
        "Type": "DeleteEvents",
        "Events": [
          {
            "Event": "PRLODSTWS1_1#PA_1150_PARAM-TO-PRLODSTWS1_1#PA_1152_P_CR"
          }
        ]
      }
    },
    "PRLODSTWS1_1#PA_1130_PARAM": {
      "Type": "Job:Database:StoredProcedure",
      "ConnectionProfile": "_",
      "StoredProcedure": "sqlext.PA_1130_PARAM_SP",
      "DaysKeepActive": "1",
      "SubApplication": "PRLODSTWS1_1",
      "Priority": "Very Low",
      "Host": "PRLODSTWS1",
      "CreatedBy": "emuser",
      "Description": "== Conversion Messages Start ==\\n\\nMessage ID\\t: WRN6031 (3207-5643)\\n\\n== Conversion Messages End ==\\nAdded by composer.",
      "RunAs": "controlm",
      "TimeZone": "HKG",
      "Application": "PRLODSTWS1_1",
      "Variables": [
        {
          "DB-STP_SCHEM": ""
        }
      ],
      "When": {
        "WeekDays": [
          "NONE"
        ],
        "Months": [
          "NONE"
        ],
        "MonthDays": [
          "NONE"
        ],
        "DaysRelation": "OR",
        "RuleBasedCalendars": {
          "Included": [
            "RC1"
          ]
        }
      },
      "eventsToWaitFor": {
        "Type": "WaitForEvents",
        "Events": [
          {
            "Event": "PRLODSTWS1_1#PA_1130_11G-TO-PRLODSTWS1_1#PA_1130_PARAM"
          },
          {
            "Event": "PRLODSTWS1_1#PA_JOB_PARAM-TO-PRLODSTWS1_1#PA_1130_PARAM"
          }
        ]
      },
      "eventsToAdd": {
        "Type": "AddEvents",
        "Events": [
          {
            "Event": "PRLODSTWS1_1#PA_1130_PARAM-TO-PRLODSTWS1_1#PA_1131_E_CR"
          },
          {
            "Event": "PRLODSTWS1_1#PA_1130_PARAM-TO-PRLODSTWS1_1#PA_1130_E_CR"
          },
          {
            "Event": "PRLODSTWS1_1#PA_1130_PARAM-TO-PRLODSTWS1_1#PA_1132_P_CR"
          },
          {
            "Event": "PRLODSTWS1_1#PA_1130_PARAM-TO-PRLODSTWS1_1#PA_1131_P_CR"
          },
          {
            "Event": "PRLODSTWS1_1#PA_1130_PARAM-TO-PRLODSTWS1_1#PA_1130_P_CR"
          }
        ]
      },
      "eventsToDelete": {
        "Type": "DeleteEvents",
        "Events": [
          {
            "Event": "PRLODSTWS1_1#PA_1130_11G-TO-PRLODSTWS1_1#PA_1130_PARAM"
          },
          {
            "Event": "PRLODSTWS1_1#PA_JOB_PARAM-TO-PRLODSTWS1_1#PA_1130_PARAM"
          }
        ]
      }
    },
    "PRLODSTWS1_1#PA_1152_P_CF": {
      "Type": "Job:Command",
      "DaysKeepActive": "1",
      "SubApplication": "PRLODSTWS1_1",
      "Priority": "Very Low",
      "Host": "PRLODSTWS1",
      "CreatedBy": "emuser",
      "Description": "archiving file for batch",
      "RunAs": "controlm",
      "TimeZone": "HKG",
      "Application": "PRLODSTWS1_1",
      "Command": "/home/tws/ods_batch_home/esp.batch.scripts/archiving.file.sh D_RPT_PA ${tws.job.name} %%\\\\global\\END_DT_CHAR.",
      "When": {
        "WeekDays": [
          "NONE"
        ],
        "Months": [
          "NONE"
        ],
        "MonthDays": [
          "NONE"
        ],
        "DaysRelation": "OR",
        "RuleBasedCalendars": {
          "Included": [
            "RC1"
          ]
        }
      },
      "eventsToWaitFor": {
        "Type": "WaitForEvents",
        "Events": [
          {
            "Event": "PRLODSTWS1_1#PA_1152_P_CR-TO-PRLODSTWS1_1#PA_1152_P_CF"
          }
        ]
      },
      "eventsToDelete": {
        "Type": "DeleteEvents",
        "Events": [
          {
            "Event": "PRLODSTWS1_1#PA_1152_P_CR-TO-PRLODSTWS1_1#PA_1152_P_CF"
          }
        ]
      }
    },
    "PRLODSTWS1_1#PA_1182_P_CR": {
      "Type": "Job:Command",
      "DaysKeepActive": "1",
      "SubApplication": "PRLODSTWS1_1",
      "Priority": "Very Low",
      "Host": "PRLODSTWS1",
      "CreatedBy": "emuser",
      "Description": "generate the report file for batch",
      "RunAs": "controlm",
      "TimeZone": "HKG",
      "Application": "PRLODSTWS1_1",
      "Command": "/home/tws/ods_batch_home/esp.batch.scripts/gen.report.sh D_RPT_PA ${tws.job.name} %%\\\\global\\END_DT_CHAR.",
      "When": {
        "WeekDays": [
          "NONE"
        ],
        "Months": [
          "NONE"
        ],
        "MonthDays": [
          "NONE"
        ],
        "DaysRelation": "OR",
        "RuleBasedCalendars": {
          "Included": [
            "RC1"
          ]
        }
      },
      "eventsToWaitFor": {
        "Type": "WaitForEvents",
        "Events": [
          {
            "Event": "PRLODSTWS1_1#PA_1180_PARAM-TO-PRLODSTWS1_1#PA_1182_P_CR"
          }
        ]
      },
      "eventsToAdd": {
        "Type": "AddEvents",
        "Events": [
          {
            "Event": "PRLODSTWS1_1#PA_1182_P_CR-TO-PRLODSTWS1_1#PA_1182_P_CF"
          }
        ]
      },
      "eventsToDelete": {
        "Type": "DeleteEvents",
        "Events": [
          {
            "Event": "PRLODSTWS1_1#PA_1180_PARAM-TO-PRLODSTWS1_1#PA_1182_P_CR"
          }
        ]
      }
    },
    "PRLODSTWS1_1#PA_1131_E_CF": {
      "Type": "Job:Command",
      "DaysKeepActive": "1",
      "SubApplication": "PRLODSTWS1_1",
      "Priority": "Very Low",
      "Host": "PRLODSTWS1",
      "CreatedBy": "emuser",
      "Description": "archiving file for batch",
      "RunAs": "controlm",
      "TimeZone": "HKG",
      "Application": "PRLODSTWS1_1",
      "Command": "/home/tws/ods_batch_home/esp.batch.scripts/archiving.file.sh D_RPT_PA ${tws.job.name} %%\\\\global\\END_DT_CHAR.",
      "When": {
        "WeekDays": [
          "NONE"
        ],
        "Months": [
          "NONE"
        ],
        "MonthDays": [
          "NONE"
        ],
        "DaysRelation": "OR",
        "RuleBasedCalendars": {
          "Included": [
            "RC1"
          ]
        }
      },
      "eventsToWaitFor": {
        "Type": "WaitForEvents",
        "Events": [
          {
            "Event": "PRLODSTWS1_1#PA_1131_E_CR-TO-PRLODSTWS1_1#PA_1131_E_CF"
          }
        ]
      },
      "eventsToAdd": {
        "Type": "AddEvents",
        "Events": [
          {
            "Event": "PRLODSTWS1_1#PA_1131_E_CF-TO-PRLODSTWS1_1#PA_1130_ML"
          }
        ]
      },
      "eventsToDelete": {
        "Type": "DeleteEvents",
        "Events": [
          {
            "Event": "PRLODSTWS1_1#PA_1131_E_CR-TO-PRLODSTWS1_1#PA_1131_E_CF"
          }
        ]
      }
    },
    "eventsToAdd": {
      "Type": "AddEvents",
      "Events": [
        {
          "Event": "PRLODSTWS1_1#D_RPT_PA_100-TO-PRLODSTWS1_1#BDS_STS_RPT_PA"
        }
      ]
    }
  }
}
