{
  "PRLODSTWS1_1#D_FDW_SIC": {
    "Type": "Folder",
    "ControlmServer": "CTM",
    "Description": "== Conversion Messages Start ==\\n\\nMessage ID\\t: INF6107 (97-176)\\n\\nMessage ID\\t: INF6104 (98-176)\\n\\n== Conversion Messages End ==\\n",
    "OrderMethod": "Manual",
    "SubApplication": "PRLODSTWS1_1",
    "CreatedBy": "emuser",
    "Priority": "9W",
    "TimeZone": "HKG",
    "Application": "PRLODSTWS1_1",
    "When": {
      "RuleBasedCalendars": {
        "Included": [
          "RC1"
        ],
        "RC1": {
          "Type": "Calendar:RuleBased",
          "When": {
            "MonthDaysCalendar": "RCG-D-NAT",
            "DaysRelation": "OR",
            "DaysKeepActive": "01",
            "WeekDays": [
              "NONE"
            ],
            "MonthDays": [
              "NONE"
            ]
          }
        }
      }
    },
    "PRLODSTWS1_1#FDW_FUND_TXN_TRNST_SIC": {
      "Type": "Job:Database:StoredProcedure",
      "ConnectionProfile": "_",
      "StoredProcedure": "sqlext.FDW_FUND_TXN_TRNST_SIC_SP",
      "DaysKeepActive": "1",
      "SubApplication": "PRLODSTWS1_1",
      "Priority": "Very Low",
      "Host": "PRLODSTWS1",
      "CreatedBy": "emuser",
      "Description": "== Conversion Messages Start ==\\n\\nMessage ID\\t: WRN6031 (75-177)\\n\\n== Conversion Messages End ==\\nAdded by composer.",
      "RunAs": "controlm",
      "TimeZone": "HKG",
      "Application": "PRLODSTWS1_1",
      "Variables": [
        {
          "DB-STP_SCHEM": ""
        }
      ],
      "When": {
        "WeekDays": [
          "NONE"
        ],
        "Months": [
          "NONE"
        ],
        "MonthDays": [
          "NONE"
        ],
        "DaysRelation": "OR",
        "RuleBasedCalendars": {
          "Included": [
            "RC1"
          ]
        }
      },
      "eventsToWaitFor": {
        "Type": "WaitForEvents",
        "Events": [
          {
            "Event": "PRLODSTWS1_1#FDW_FUND_TXN_MSTR-TO-PRLODSTWS1_1#FDW_FUND_TXN_TRNST_SIC"
          },
          {
            "Event": "PRLODSTWS1_1#FDW_FUND_TXN_TRNST-TO-PRLODSTWS1_1#FDW_FUND_TXN_TRNST_SIC"
          },
          {
            "Event": "PRLODSTWS1_1#BATCH_COMPANY_INFO-TO-PRLODSTWS1_1#FDW_FUND_TXN_TRNST_SIC"
          },
          {
            "Event": "PRLODSTWS1_1#FDW_CODE_TRANS_CGY-TO-PRLODSTWS1_1#FDW_FUND_TXN_TRNST_SIC"
          },
          {
            "Event": "PRLODSTWS1_1#FDW_CODE_TRANS_KIND-TO-PRLODSTWS1_1#FDW_FUND_TXN_TRNST_SIC"
          }
        ]
      },
      "eventsToAdd": {
        "Type": "AddEvents",
        "Events": [
          {
            "Event": "PRLODSTWS1_1#FDW_FUND_TXN_TRNST_SIC-TO-PRLODSTWS1_1#TBB_FDTXNT_I"
          },
          {
            "Event": "PRLODSTWS1_1#FDW_FUND_TXN_TRNST_SIC-TO-PRLODSTWS1_1#YUAN_FDTXNT_I"
          }
        ]
      },
      "eventsToDelete": {
        "Type": "DeleteEvents",
        "Events": [
          {
            "Event": "PRLODSTWS1_1#FDW_FUND_TXN_MSTR-TO-PRLODSTWS1_1#FDW_FUND_TXN_TRNST_SIC"
          },
          {
            "Event": "PRLODSTWS1_1#FDW_FUND_TXN_TRNST-TO-PRLODSTWS1_1#FDW_FUND_TXN_TRNST_SIC"
          },
          {
            "Event": "PRLODSTWS1_1#BATCH_COMPANY_INFO-TO-PRLODSTWS1_1#FDW_FUND_TXN_TRNST_SIC"
          },
          {
            "Event": "PRLODSTWS1_1#FDW_CODE_TRANS_CGY-TO-PRLODSTWS1_1#FDW_FUND_TXN_TRNST_SIC"
          },
          {
            "Event": "PRLODSTWS1_1#FDW_CODE_TRANS_KIND-TO-PRLODSTWS1_1#FDW_FUND_TXN_TRNST_SIC"
          }
        ]
      }
    },
    "PRLODSTWS1_1#FDW_PAYMENT_SIC": {
      "Type": "Job:Database:StoredProcedure",
      "ConnectionProfile": "_",
      "StoredProcedure": "sqlext.FDW_PAYMENT_SIC_SP",
      "DaysKeepActive": "1",
      "SubApplication": "PRLODSTWS1_1",
      "Priority": "Very Low",
      "Host": "PRLODSTWS1",
      "CreatedBy": "emuser",
      "Description": "== Conversion Messages Start ==\\n\\nMessage ID\\t: WRN6031 (76-178)\\n\\n== Conversion Messages End ==\\nAdded by composer.",
      "RunAs": "controlm",
      "TimeZone": "HKG",
      "Application": "PRLODSTWS1_1",
      "Variables": [
        {
          "DB-STP_SCHEM": ""
        }
      ],
      "When": {
        "WeekDays": [
          "NONE"
        ],
        "Months": [
          "NONE"
        ],
        "MonthDays": [
          "NONE"
        ],
        "DaysRelation": "OR",
        "RuleBasedCalendars": {
          "Included": [
            "RC1"
          ]
        }
      },
      "eventsToWaitFor": {
        "Type": "WaitForEvents",
        "Events": [
          {
            "Event": "PRLODSTWS1_1#FDW_CONTRACT_MASTER_SIC-TO-PRLODSTWS1_1#FDW_PAYMENT_SIC"
          },
          {
            "Event": "PRLODSTWS1_1#FDW_CODE_MAP-TO-PRLODSTWS1_1#FDW_PAYMENT_SIC"
          },
          {
            "Event": "PRLODSTWS1_1#FDW_PAYMENT-TO-PRLODSTWS1_1#FDW_PAYMENT_SIC"
          },
          {
            "Event": "PRLODSTWS1_1#BATCH_COMPANY_INFO-TO-PRLODSTWS1_1#FDW_PAYMENT_SIC"
          },
          {
            "Event": "PRLODSTWS1_1#FDW_CODE_PLAN-TO-PRLODSTWS1_1#FDW_PAYMENT_SIC"
          }
        ]
      },
      "eventsToAdd": {
        "Type": "AddEvents",
        "Events": [
          {
            "Event": "PRLODSTWS1_1#FDW_PAYMENT_SIC-TO-PRLODSTWS1_1#TBB_BENE_L"
          },
          {
            "Event": "PRLODSTWS1_1#FDW_PAYMENT_SIC-TO-PRLODSTWS1_1#TBB_BENE_I"
          },
          {
            "Event": "PRLODSTWS1_1#FDW_PAYMENT_SIC-TO-PRLODSTWS1_1#TBB_PAYE_L"
          },
          {
            "Event": "PRLODSTWS1_1#FDW_PAYMENT_SIC-TO-PRLODSTWS1_1#TBB_PAYE_I"
          },
          {
            "Event": "PRLODSTWS1_1#FDW_PAYMENT_SIC-TO-PRLODSTWS1_1#YUAN_BENE_L"
          },
          {
            "Event": "PRLODSTWS1_1#FDW_PAYMENT_SIC-TO-PRLODSTWS1_1#YUAN_BENE_I"
          },
          {
            "Event": "PRLODSTWS1_1#FDW_PAYMENT_SIC-TO-PRLODSTWS1_1#YUAN_PAYE_L"
          },
          {
            "Event": "PRLODSTWS1_1#FDW_PAYMENT_SIC-TO-PRLODSTWS1_1#YUAN_PAYE_I"
          }
        ]
      },
      "eventsToDelete": {
        "Type": "DeleteEvents",
        "Events": [
          {
            "Event": "PRLODSTWS1_1#FDW_CONTRACT_MASTER_SIC-TO-PRLODSTWS1_1#FDW_PAYMENT_SIC"
          },
          {
            "Event": "PRLODSTWS1_1#FDW_CODE_MAP-TO-PRLODSTWS1_1#FDW_PAYMENT_SIC"
          },
          {
            "Event": "PRLODSTWS1_1#FDW_PAYMENT-TO-PRLODSTWS1_1#FDW_PAYMENT_SIC"
          },
          {
            "Event": "PRLODSTWS1_1#BATCH_COMPANY_INFO-TO-PRLODSTWS1_1#FDW_PAYMENT_SIC"
          },
          {
            "Event": "PRLODSTWS1_1#FDW_CODE_PLAN-TO-PRLODSTWS1_1#FDW_PAYMENT_SIC"
          }
        ]
      }
    },
    "PRLODSTWS1_1#FDW_PREMIUM_CMS_SIC": {
      "Type": "Job:Database:StoredProcedure",
      "ConnectionProfile": "_",
      "StoredProcedure": "sqlext.FDW_PREMIUM_CMS_SIC_SP",
      "DaysKeepActive": "1",
      "SubApplication": "PRLODSTWS1_1",
      "Priority": "Very Low",
      "Host": "PRLODSTWS1",
      "CreatedBy": "emuser",
      "Description": "== Conversion Messages Start ==\\n\\nMessage ID\\t: WRN6031 (77-179)\\n\\n== Conversion Messages End ==\\nAdded by composer.",
      "RunAs": "controlm",
      "TimeZone": "HKG",
      "Application": "PRLODSTWS1_1",
      "Variables": [
        {
          "DB-STP_SCHEM": ""
        }
      ],
      "When": {
        "WeekDays": [
          "NONE"
        ],
        "Months": [
          "NONE"
        ],
        "MonthDays": [
          "NONE"
        ],
        "DaysRelation": "OR",
        "RuleBasedCalendars": {
          "Included": [
            "RC1"
          ]
        }
      },
      "eventsToWaitFor": {
        "Type": "WaitForEvents",
        "Events": [
          {
            "Event": "PRLODSTWS1_1#FDW_CONTRACT_MASTER_SIC-TO-PRLODSTWS1_1#FDW_PREMIUM_CMS_SIC"
          },
          {
            "Event": "PRLODSTWS1_1#FDW_CONTRACT_PROD_SIC-TO-PRLODSTWS1_1#FDW_PREMIUM_CMS_SIC"
          },
          {
            "Event": "PRLODSTWS1_1#FDW_CODE_MAP-TO-PRLODSTWS1_1#FDW_PREMIUM_CMS_SIC"
          },
          {
            "Event": "PRLODSTWS1_1#FDW_CODE_POLICY_STATUS-TO-PRLODSTWS1_1#FDW_PREMIUM_CMS_SIC"
          },
          {
            "Event": "PRLODSTWS1_1#FDW_PREMIUM_CMS-TO-PRLODSTWS1_1#FDW_PREMIUM_CMS_SIC"
          },
          {
            "Event": "PRLODSTWS1_1#BATCH_COMPANY_INFO-TO-PRLODSTWS1_1#FDW_PREMIUM_CMS_SIC"
          }
        ]
      },
      "eventsToAdd": {
        "Type": "AddEvents",
        "Events": [
          {
            "Event": "PRLODSTWS1_1#FDW_PREMIUM_CMS_SIC-TO-PRLODSTWS1_1#TBB_COMM_PAYM_I"
          },
          {
            "Event": "PRLODSTWS1_1#FDW_PREMIUM_CMS_SIC-TO-PRLODSTWS1_1#TBB_COMM_PAYM_L"
          },
          {
            "Event": "PRLODSTWS1_1#FDW_PREMIUM_CMS_SIC-TO-PRLODSTWS1_1#TBB_COMM_PAYN_I"
          },
          {
            "Event": "PRLODSTWS1_1#FDW_PREMIUM_CMS_SIC-TO-PRLODSTWS1_1#TBB_COMM_PAYN_L"
          },
          {
            "Event": "PRLODSTWS1_1#FDW_PREMIUM_CMS_SIC-TO-PRLODSTWS1_1#YUAN_COMM_PAYM_I"
          },
          {
            "Event": "PRLODSTWS1_1#FDW_PREMIUM_CMS_SIC-TO-PRLODSTWS1_1#YUAN_COMM_PAYM_L"
          },
          {
            "Event": "PRLODSTWS1_1#FDW_PREMIUM_CMS_SIC-TO-PRLODSTWS1_1#YUAN_COMM_PAYN_I"
          },
          {
            "Event": "PRLODSTWS1_1#FDW_PREMIUM_CMS_SIC-TO-PRLODSTWS1_1#YUAN_COMM_PAYN_L"
          }
        ]
      },
      "eventsToDelete": {
        "Type": "DeleteEvents",
        "Events": [
          {
            "Event": "PRLODSTWS1_1#FDW_CONTRACT_MASTER_SIC-TO-PRLODSTWS1_1#FDW_PREMIUM_CMS_SIC"
          },
          {
            "Event": "PRLODSTWS1_1#FDW_CONTRACT_PROD_SIC-TO-PRLODSTWS1_1#FDW_PREMIUM_CMS_SIC"
          },
          {
            "Event": "PRLODSTWS1_1#FDW_CODE_MAP-TO-PRLODSTWS1_1#FDW_PREMIUM_CMS_SIC"
          },
          {
            "Event": "PRLODSTWS1_1#FDW_CODE_POLICY_STATUS-TO-PRLODSTWS1_1#FDW_PREMIUM_CMS_SIC"
          },
          {
            "Event": "PRLODSTWS1_1#FDW_PREMIUM_CMS-TO-PRLODSTWS1_1#FDW_PREMIUM_CMS_SIC"
          },
          {
            "Event": "PRLODSTWS1_1#BATCH_COMPANY_INFO-TO-PRLODSTWS1_1#FDW_PREMIUM_CMS_SIC"
          }
        ]
      }
    },
    "PRLODSTWS1_1#FDW_FUND_TXN_MSTR_SIC": {
      "Type": "Job:Database:StoredProcedure",
      "ConnectionProfile": "_",
      "StoredProcedure": "sqlext.FDW_FUND_TXN_MSTR_SIC_SP",
      "DaysKeepActive": "1",
      "SubApplication": "PRLODSTWS1_1",
      "Priority": "Very Low",
      "Host": "PRLODSTWS1",
      "CreatedBy": "emuser",
      "Description": "== Conversion Messages Start ==\\n\\nMessage ID\\t: WRN6031 (78-180)\\n\\n== Conversion Messages End ==\\nAdded by composer.",
      "RunAs": "controlm",
      "TimeZone": "HKG",
      "Application": "PRLODSTWS1_1",
      "Variables": [
        {
          "DB-STP_SCHEM": ""
        }
      ],
      "When": {
        "WeekDays": [
          "NONE"
        ],
        "Months": [
          "NONE"
        ],
        "MonthDays": [
          "NONE"
        ],
        "DaysRelation": "OR",
        "RuleBasedCalendars": {
          "Included": [
            "RC1"
          ]
        }
      },
      "eventsToWaitFor": {
        "Type": "WaitForEvents",
        "Events": [
          {
            "Event": "PRLODSTWS1_1#FDW_CODE_MAP-TO-PRLODSTWS1_1#FDW_FUND_TXN_MSTR_SIC"
          },
          {
            "Event": "PRLODSTWS1_1#FDW_FUND_TXN_MSTR-TO-PRLODSTWS1_1#FDW_FUND_TXN_MSTR_SIC"
          },
          {
            "Event": "PRLODSTWS1_1#BATCH_COMPANY_INFO-TO-PRLODSTWS1_1#FDW_FUND_TXN_MSTR_SIC"
          }
        ]
      },
      "eventsToAdd": {
        "Type": "AddEvents",
        "Events": [
          {
            "Event": "PRLODSTWS1_1#FDW_FUND_TXN_MSTR_SIC-TO-PRLODSTWS1_1#TBB_FDTXNM_I"
          },
          {
            "Event": "PRLODSTWS1_1#FDW_FUND_TXN_MSTR_SIC-TO-PRLODSTWS1_1#YUAN_FDTXNM_I"
          }
        ]
      },
      "eventsToDelete": {
        "Type": "DeleteEvents",
        "Events": [
          {
            "Event": "PRLODSTWS1_1#FDW_CODE_MAP-TO-PRLODSTWS1_1#FDW_FUND_TXN_MSTR_SIC"
          },
          {
            "Event": "PRLODSTWS1_1#FDW_FUND_TXN_MSTR-TO-PRLODSTWS1_1#FDW_FUND_TXN_MSTR_SIC"
          },
          {
            "Event": "PRLODSTWS1_1#BATCH_COMPANY_INFO-TO-PRLODSTWS1_1#FDW_FUND_TXN_MSTR_SIC"
          }
        ]
      }
    },
    "PRLODSTWS1_1#FDW_FUND_TXN_NAV_SIC": {
      "Type": "Job:Database:StoredProcedure",
      "ConnectionProfile": "_",
      "StoredProcedure": "sqlext.FDW_FUND_TXN_NAV_SIC_SP",
      "DaysKeepActive": "1",
      "SubApplication": "PRLODSTWS1_1",
      "Priority": "Very Low",
      "Host": "PRLODSTWS1",
      "CreatedBy": "emuser",
      "Description": "== Conversion Messages Start ==\\n\\nMessage ID\\t: WRN6031 (79-181)\\n\\n== Conversion Messages End ==\\nAdded by composer.",
      "RunAs": "controlm",
      "TimeZone": "HKG",
      "Application": "PRLODSTWS1_1",
      "Variables": [
        {
          "DB-STP_SCHEM": ""
        }
      ],
      "When": {
        "WeekDays": [
          "NONE"
        ],
        "Months": [
          "NONE"
        ],
        "MonthDays": [
          "NONE"
        ],
        "DaysRelation": "OR",
        "RuleBasedCalendars": {
          "Included": [
            "RC1"
          ]
        }
      },
      "eventsToWaitFor": {
        "Type": "WaitForEvents",
        "Events": [
          {
            "Event": "PRLODSTWS1_1#FDW_CONTRACT_PROD_SIC-TO-PRLODSTWS1_1#FDW_FUND_TXN_NAV_SIC"
          },
          {
            "Event": "PRLODSTWS1_1#FDW_FUND_TXN_NAV-TO-PRLODSTWS1_1#FDW_FUND_TXN_NAV_SIC"
          },
          {
            "Event": "PRLODSTWS1_1#BATCH_COMPANY_INFO-TO-PRLODSTWS1_1#FDW_FUND_TXN_NAV_SIC"
          },
          {
            "Event": "PRLODSTWS1_1#FDW_CODE_PLAN-TO-PRLODSTWS1_1#FDW_FUND_TXN_NAV_SIC"
          }
        ]
      },
      "eventsToAdd": {
        "Type": "AddEvents",
        "Events": [
          {
            "Event": "PRLODSTWS1_1#FDW_FUND_TXN_NAV_SIC-TO-PRLODSTWS1_1#TBB_FDTXN_NAV_I"
          },
          {
            "Event": "PRLODSTWS1_1#FDW_FUND_TXN_NAV_SIC-TO-PRLODSTWS1_1#YUAN_FDTXN_NAV_I"
          }
        ]
      },
      "eventsToDelete": {
        "Type": "DeleteEvents",
        "Events": [
          {
            "Event": "PRLODSTWS1_1#FDW_CONTRACT_PROD_SIC-TO-PRLODSTWS1_1#FDW_FUND_TXN_NAV_SIC"
          },
          {
            "Event": "PRLODSTWS1_1#FDW_FUND_TXN_NAV-TO-PRLODSTWS1_1#FDW_FUND_TXN_NAV_SIC"
          },
          {
            "Event": "PRLODSTWS1_1#BATCH_COMPANY_INFO-TO-PRLODSTWS1_1#FDW_FUND_TXN_NAV_SIC"
          },
          {
            "Event": "PRLODSTWS1_1#FDW_CODE_PLAN-TO-PRLODSTWS1_1#FDW_FUND_TXN_NAV_SIC"
          }
        ]
      }
    },
    "PRLODSTWS1_1#FDW_CLAIM_SINCERE": {
      "Type": "Job:Database:StoredProcedure",
      "ConnectionProfile": "_",
      "StoredProcedure": "sqlext.FDW_CLAIM_SINCERE_SP",
      "DaysKeepActive": "1",
      "SubApplication": "PRLODSTWS1_1",
      "Priority": "Very Low",
      "Host": "PRLODSTWS1",
      "CreatedBy": "emuser",
      "Description": "== Conversion Messages Start ==\\n\\nMessage ID\\t: WRN6031 (80-182)\\n\\n== Conversion Messages End ==\\nAdded by composer.",
      "RunAs": "controlm",
      "TimeZone": "HKG",
      "Application": "PRLODSTWS1_1",
      "Variables": [
        {
          "DB-STP_SCHEM": ""
        }
      ],
      "When": {
        "WeekDays": [
          "NONE"
        ],
        "Months": [
          "NONE"
        ],
        "MonthDays": [
          "NONE"
        ],
        "DaysRelation": "OR",
        "RuleBasedCalendars": {
          "Included": [
            "RC1"
          ]
        }
      },
      "eventsToWaitFor": {
        "Type": "WaitForEvents",
        "Events": [
          {
            "Event": "PRLODSTWS1_1#FDW_CLAIM-TO-PRLODSTWS1_1#FDW_CLAIM_SINCERE"
          },
          {
            "Event": "PRLODSTWS1_1#FDW_CODE_MAP-TO-PRLODSTWS1_1#FDW_CLAIM_SINCERE"
          },
          {
            "Event": "PRLODSTWS1_1#BATCH_COMPANY_INFO-TO-PRLODSTWS1_1#FDW_CLAIM_SINCERE"
          }
        ]
      },
      "eventsToAdd": {
        "Type": "AddEvents",
        "Events": [
          {
            "Event": "PRLODSTWS1_1#FDW_CLAIM_SINCERE-TO-PRLODSTWS1_1#TBB_CLAM_L"
          },
          {
            "Event": "PRLODSTWS1_1#FDW_CLAIM_SINCERE-TO-PRLODSTWS1_1#TBB_CLAM_I"
          },
          {
            "Event": "PRLODSTWS1_1#FDW_CLAIM_SINCERE-TO-PRLODSTWS1_1#YUAN_CLAM_L"
          },
          {
            "Event": "PRLODSTWS1_1#FDW_CLAIM_SINCERE-TO-PRLODSTWS1_1#YUAN_CLAM_I"
          }
        ]
      },
      "eventsToDelete": {
        "Type": "DeleteEvents",
        "Events": [
          {
            "Event": "PRLODSTWS1_1#FDW_CLAIM-TO-PRLODSTWS1_1#FDW_CLAIM_SINCERE"
          },
          {
            "Event": "PRLODSTWS1_1#FDW_CODE_MAP-TO-PRLODSTWS1_1#FDW_CLAIM_SINCERE"
          },
          {
            "Event": "PRLODSTWS1_1#BATCH_COMPANY_INFO-TO-PRLODSTWS1_1#FDW_CLAIM_SINCERE"
          }
        ]
      }
    },
    "PRLODSTWS1_1#FDW_POLICY_VALUE_SIC": {
      "Type": "Job:Database:StoredProcedure",
      "ConnectionProfile": "_",
      "StoredProcedure": "sqlext.FDW_POLICY_VALUE_SIC_SP",
      "DaysKeepActive": "1",
      "SubApplication": "PRLODSTWS1_1",
      "Priority": "Very Low",
      "Host": "PRLODSTWS1",
      "CreatedBy": "emuser",
      "Description": "== Conversion Messages Start ==\\n\\nMessage ID\\t: WRN6031 (81-183)\\n\\n== Conversion Messages End ==\\nAdded by composer.",
      "RunAs": "controlm",
      "TimeZone": "HKG",
      "Application": "PRLODSTWS1_1",
      "Variables": [
        {
          "DB-STP_SCHEM": ""
        }
      ],
      "When": {
        "WeekDays": [
          "NONE"
        ],
        "Months": [
          "NONE"
        ],
        "MonthDays": [
          "NONE"
        ],
        "DaysRelation": "OR",
        "RuleBasedCalendars": {
          "Included": [
            "RC1"
          ]
        }
      },
      "eventsToWaitFor": {
        "Type": "WaitForEvents",
        "Events": [
          {
            "Event": "PRLODSTWS1_1#FDW_CODE_MAP-TO-PRLODSTWS1_1#FDW_POLICY_VALUE_SIC"
          },
          {
            "Event": "PRLODSTWS1_1#FDW_POLICY_VALUE-TO-PRLODSTWS1_1#FDW_POLICY_VALUE_SIC"
          },
          {
            "Event": "PRLODSTWS1_1#O_POLICY_VALUE-TO-PRLODSTWS1_1#FDW_POLICY_VALUE_SIC"
          },
          {
            "Event": "PRLODSTWS1_1#BATCH_COMPANY_INFO-TO-PRLODSTWS1_1#FDW_POLICY_VALUE_SIC"
          }
        ]
      },
      "eventsToAdd": {
        "Type": "AddEvents",
        "Events": [
          {
            "Event": "PRLODSTWS1_1#FDW_POLICY_VALUE_SIC-TO-PRLODSTWS1_1#TBB_POLV_CV_L"
          },
          {
            "Event": "PRLODSTWS1_1#FDW_POLICY_VALUE_SIC-TO-PRLODSTWS1_1#TBB_POLV_CV_I"
          },
          {
            "Event": "PRLODSTWS1_1#FDW_POLICY_VALUE_SIC-TO-PRLODSTWS1_1#YUAN_POLV_CV_L"
          },
          {
            "Event": "PRLODSTWS1_1#FDW_POLICY_VALUE_SIC-TO-PRLODSTWS1_1#YUAN_POLV_CV_I"
          },
          {
            "Event": "PRLODSTWS1_1#FDW_POLICY_VALUE_SIC-TO-PRLODSTWS1_1#YUAN_POLY_CV_2_I"
          }
        ]
      },
      "eventsToDelete": {
        "Type": "DeleteEvents",
        "Events": [
          {
            "Event": "PRLODSTWS1_1#FDW_CODE_MAP-TO-PRLODSTWS1_1#FDW_POLICY_VALUE_SIC"
          },
          {
            "Event": "PRLODSTWS1_1#FDW_POLICY_VALUE-TO-PRLODSTWS1_1#FDW_POLICY_VALUE_SIC"
          },
          {
            "Event": "PRLODSTWS1_1#O_POLICY_VALUE-TO-PRLODSTWS1_1#FDW_POLICY_VALUE_SIC"
          },
          {
            "Event": "PRLODSTWS1_1#BATCH_COMPANY_INFO-TO-PRLODSTWS1_1#FDW_POLICY_VALUE_SIC"
          }
        ]
      }
    },
    "PRLODSTWS1_1#FDW_FUND_CPN_ALLOC_SIC": {
      "Type": "Job:Database:StoredProcedure",
      "ConnectionProfile": "_",
      "StoredProcedure": "sqlext.FDW_FUND_CPN_ALLOC_SIC_SP",
      "DaysKeepActive": "1",
      "SubApplication": "PRLODSTWS1_1",
      "Priority": "Very Low",
      "Host": "PRLODSTWS1",
      "CreatedBy": "emuser",
      "Description": "== Conversion Messages Start ==\\n\\nMessage ID\\t: WRN6031 (82-184)\\n\\n== Conversion Messages End ==\\nAdded by composer.",
      "RunAs": "controlm",
      "TimeZone": "HKG",
      "Application": "PRLODSTWS1_1",
      "Variables": [
        {
          "DB-STP_SCHEM": ""
        }
      ],
      "When": {
        "WeekDays": [
          "NONE"
        ],
        "Months": [
          "NONE"
        ],
        "MonthDays": [
          "NONE"
        ],
        "DaysRelation": "OR",
        "RuleBasedCalendars": {
          "Included": [
            "RC1"
          ]
        }
      },
      "eventsToWaitFor": {
        "Type": "WaitForEvents",
        "Events": [
          {
            "Event": "PRLODSTWS1_1#FDW_CODE_MAP-TO-PRLODSTWS1_1#FDW_FUND_CPN_ALLOC_SIC"
          },
          {
            "Event": "PRLODSTWS1_1#FDW_FUND_CPN_ALLOC-TO-PRLODSTWS1_1#FDW_FUND_CPN_ALLOC_SIC"
          },
          {
            "Event": "PRLODSTWS1_1#FDW_FUND_CPN_ALLOC_ACCUM-TO-PRLODSTWS1_1#FDW_FUND_CPN_ALLOC_SIC"
          },
          {
            "Event": "PRLODSTWS1_1#BATCH_COMPANY_INFO-TO-PRLODSTWS1_1#FDW_FUND_CPN_ALLOC_SIC"
          }
        ]
      },
      "eventsToAdd": {
        "Type": "AddEvents",
        "Events": [
          {
            "Event": "PRLODSTWS1_1#FDW_FUND_CPN_ALLOC_SIC-TO-PRLODSTWS1_1#TBB_FDCPN_ALC_I"
          },
          {
            "Event": "PRLODSTWS1_1#FDW_FUND_CPN_ALLOC_SIC-TO-PRLODSTWS1_1#YUAN_FDCPN_ALC_I"
          }
        ]
      },
      "eventsToDelete": {
        "Type": "DeleteEvents",
        "Events": [
          {
            "Event": "PRLODSTWS1_1#FDW_CODE_MAP-TO-PRLODSTWS1_1#FDW_FUND_CPN_ALLOC_SIC"
          },
          {
            "Event": "PRLODSTWS1_1#FDW_FUND_CPN_ALLOC-TO-PRLODSTWS1_1#FDW_FUND_CPN_ALLOC_SIC"
          },
          {
            "Event": "PRLODSTWS1_1#FDW_FUND_CPN_ALLOC_ACCUM-TO-PRLODSTWS1_1#FDW_FUND_CPN_ALLOC_SIC"
          },
          {
            "Event": "PRLODSTWS1_1#BATCH_COMPANY_INFO-TO-PRLODSTWS1_1#FDW_FUND_CPN_ALLOC_SIC"
          }
        ]
      }
    },
    "PRLODSTWS1_1#FDW_CONTRACT_PROD_SIC": {
      "Type": "Job:Database:StoredProcedure",
      "ConnectionProfile": "_",
      "StoredProcedure": "sqlext.FDW_CONTRACT_PROD_SIC_SP",
      "DaysKeepActive": "1",
      "SubApplication": "PRLODSTWS1_1",
      "Priority": "Very Low",
      "Host": "PRLODSTWS1",
      "CreatedBy": "emuser",
      "Description": "== Conversion Messages Start ==\\n\\nMessage ID\\t: WRN6031 (83-185)\\n\\n== Conversion Messages End ==\\nAdded by composer.",
      "RunAs": "controlm",
      "TimeZone": "HKG",
      "Application": "PRLODSTWS1_1",
      "Variables": [
        {
          "DB-STP_SCHEM": ""
        }
      ],
      "When": {
        "WeekDays": [
          "NONE"
        ],
        "Months": [
          "NONE"
        ],
        "MonthDays": [
          "NONE"
        ],
        "DaysRelation": "OR",
        "RuleBasedCalendars": {
          "Included": [
            "RC1"
          ]
        }
      },
      "eventsToWaitFor": {
        "Type": "WaitForEvents",
        "Events": [
          {
            "Event": "PRLODSTWS1_1#FDW_CONTRACT_MASTER_SIC-TO-PRLODSTWS1_1#FDW_CONTRACT_PROD_SIC"
          },
          {
            "Event": "PRLODSTWS1_1#FDW_CODE_MAP-TO-PRLODSTWS1_1#FDW_CONTRACT_PROD_SIC"
          },
          {
            "Event": "PRLODSTWS1_1#FDW_CODE_POLICY_STATUS-TO-PRLODSTWS1_1#FDW_CONTRACT_PROD_SIC"
          },
          {
            "Event": "PRLODSTWS1_1#FDW_CONTRACT_PRODUCT-TO-PRLODSTWS1_1#FDW_CONTRACT_PROD_SIC"
          },
          {
            "Event": "PRLODSTWS1_1#O_POLICY_PRODUCER_ROLE-TO-PRLODSTWS1_1#FDW_CONTRACT_PROD_SIC"
          },
          {
            "Event": "PRLODSTWS1_1#SDM_PAY_PLAN-TO-PRLODSTWS1_1#FDW_CONTRACT_PROD_SIC"
          },
          {
            "Event": "PRLODSTWS1_1#SDM_CHANNEL_ORG-TO-PRLODSTWS1_1#FDW_CONTRACT_PROD_SIC"
          },
          {
            "Event": "PRLODSTWS1_1#SYS_STS_STG-TO-PRLODSTWS1_1#FDW_CONTRACT_PROD_SIC"
          },
          {
            "Event": "PRLODSTWS1_1#BATCH_COMPANY_INFO-TO-PRLODSTWS1_1#FDW_CONTRACT_PROD_SIC"
          },
          {
            "Event": "PRLODSTWS1_1#FDW_CODE_PLAN-TO-PRLODSTWS1_1#FDW_CONTRACT_PROD_SIC"
          }
        ]
      },
      "eventsToAdd": {
        "Type": "AddEvents",
        "Events": [
          {
            "Event": "PRLODSTWS1_1#FDW_CONTRACT_PROD_SIC-TO-PRLODSTWS1_1#FDW_FUND_TXN_NAV_SIC"
          },
          {
            "Event": "PRLODSTWS1_1#FDW_CONTRACT_PROD_SIC-TO-PRLODSTWS1_1#FDW_FUND_SIC"
          },
          {
            "Event": "PRLODSTWS1_1#FDW_CONTRACT_PROD_SIC-TO-PRLODSTWS1_1#FDW_PAY_NOTICE_SIC"
          },
          {
            "Event": "PRLODSTWS1_1#FDW_CONTRACT_PROD_SIC-TO-PRLODSTWS1_1#FDW_PREMIUM_CMS_SIC"
          },
          {
            "Event": "PRLODSTWS1_1#FDW_CONTRACT_PROD_SIC-TO-PRLODSTWS1_1#FDW_COMMISION_M_SIC"
          },
          {
            "Event": "PRLODSTWS1_1#FDW_CONTRACT_PROD_SIC-TO-PRLODSTWS1_1#TBB_INPOLD"
          },
          {
            "Event": "PRLODSTWS1_1#FDW_CONTRACT_PROD_SIC-TO-PRLODSTWS1_1#TBB_LNPOLD"
          },
          {
            "Event": "PRLODSTWS1_1#FDW_CONTRACT_PROD_SIC-TO-PRLODSTWS1_1#TBB_POLICY"
          },
          {
            "Event": "PRLODSTWS1_1#FDW_CONTRACT_PROD_SIC-TO-PRLODSTWS1_1#YUAN_INPOLD"
          },
          {
            "Event": "PRLODSTWS1_1#FDW_CONTRACT_PROD_SIC-TO-PRLODSTWS1_1#YUAN_LNPOLD"
          }
        ]
      },
      "eventsToDelete": {
        "Type": "DeleteEvents",
        "Events": [
          {
            "Event": "PRLODSTWS1_1#FDW_CONTRACT_MASTER_SIC-TO-PRLODSTWS1_1#FDW_CONTRACT_PROD_SIC"
          },
          {
            "Event": "PRLODSTWS1_1#FDW_CODE_MAP-TO-PRLODSTWS1_1#FDW_CONTRACT_PROD_SIC"
          },
          {
            "Event": "PRLODSTWS1_1#FDW_CODE_POLICY_STATUS-TO-PRLODSTWS1_1#FDW_CONTRACT_PROD_SIC"
          },
          {
            "Event": "PRLODSTWS1_1#FDW_CONTRACT_PRODUCT-TO-PRLODSTWS1_1#FDW_CONTRACT_PROD_SIC"
          },
          {
            "Event": "PRLODSTWS1_1#O_POLICY_PRODUCER_ROLE-TO-PRLODSTWS1_1#FDW_CONTRACT_PROD_SIC"
          },
          {
            "Event": "PRLODSTWS1_1#SDM_PAY_PLAN-TO-PRLODSTWS1_1#FDW_CONTRACT_PROD_SIC"
          },
          {
            "Event": "PRLODSTWS1_1#SDM_CHANNEL_ORG-TO-PRLODSTWS1_1#FDW_CONTRACT_PROD_SIC"
          },
          {
            "Event": "PRLODSTWS1_1#SYS_STS_STG-TO-PRLODSTWS1_1#FDW_CONTRACT_PROD_SIC"
          },
          {
            "Event": "PRLODSTWS1_1#BATCH_COMPANY_INFO-TO-PRLODSTWS1_1#FDW_CONTRACT_PROD_SIC"
          },
          {
            "Event": "PRLODSTWS1_1#FDW_CODE_PLAN-TO-PRLODSTWS1_1#FDW_CONTRACT_PROD_SIC"
          }
        ]
      }
    },
    "PRLODSTWS1_1#FDW_FUND_TXN_SMY_SIC": {
      "Type": "Job:Database:StoredProcedure",
      "ConnectionProfile": "_",
      "StoredProcedure": "sqlext.FDW_FUND_TXN_SMY_SIC_SP",
      "DaysKeepActive": "1",
      "SubApplication": "PRLODSTWS1_1",
      "Priority": "Very Low",
      "Host": "PRLODSTWS1",
      "CreatedBy": "emuser",
      "Description": "== Conversion Messages Start ==\\n\\nMessage ID\\t: WRN6031 (84-186)\\n\\n== Conversion Messages End ==\\nAdded by composer.",
      "RunAs": "controlm",
      "TimeZone": "HKG",
      "Application": "PRLODSTWS1_1",
      "Variables": [
        {
          "DB-STP_SCHEM": ""
        }
      ],
      "When": {
        "WeekDays": [
          "NONE"
        ],
        "Months": [
          "NONE"
        ],
        "MonthDays": [
          "NONE"
        ],
        "DaysRelation": "OR",
        "RuleBasedCalendars": {
          "Included": [
            "RC1"
          ]
        }
      },
      "eventsToWaitFor": {
        "Type": "WaitForEvents",
        "Events": [
          {
            "Event": "PRLODSTWS1_1#FDW_CODE_MAP-TO-PRLODSTWS1_1#FDW_FUND_TXN_SMY_SIC"
          },
          {
            "Event": "PRLODSTWS1_1#FDW_FUND_TXN_SMY-TO-PRLODSTWS1_1#FDW_FUND_TXN_SMY_SIC"
          },
          {
            "Event": "PRLODSTWS1_1#BATCH_COMPANY_INFO-TO-PRLODSTWS1_1#FDW_FUND_TXN_SMY_SIC"
          },
          {
            "Event": "PRLODSTWS1_1#FDW_CODE_TRANS_KIND-TO-PRLODSTWS1_1#FDW_FUND_TXN_SMY_SIC"
          }
        ]
      },
      "eventsToAdd": {
        "Type": "AddEvents",
        "Events": [
          {
            "Event": "PRLODSTWS1_1#FDW_FUND_TXN_SMY_SIC-TO-PRLODSTWS1_1#TBB_FDTXNS_I"
          },
          {
            "Event": "PRLODSTWS1_1#FDW_FUND_TXN_SMY_SIC-TO-PRLODSTWS1_1#TBB_FDTXNS_UNT_I"
          },
          {
            "Event": "PRLODSTWS1_1#FDW_FUND_TXN_SMY_SIC-TO-PRLODSTWS1_1#YUAN_FDTXNS_I"
          },
          {
            "Event": "PRLODSTWS1_1#FDW_FUND_TXN_SMY_SIC-TO-PRLODSTWS1_1#YUAN_FDTXNS_UNT_I"
          }
        ]
      },
      "eventsToDelete": {
        "Type": "DeleteEvents",
        "Events": [
          {
            "Event": "PRLODSTWS1_1#FDW_CODE_MAP-TO-PRLODSTWS1_1#FDW_FUND_TXN_SMY_SIC"
          },
          {
            "Event": "PRLODSTWS1_1#FDW_FUND_TXN_SMY-TO-PRLODSTWS1_1#FDW_FUND_TXN_SMY_SIC"
          },
          {
            "Event": "PRLODSTWS1_1#BATCH_COMPANY_INFO-TO-PRLODSTWS1_1#FDW_FUND_TXN_SMY_SIC"
          },
          {
            "Event": "PRLODSTWS1_1#FDW_CODE_TRANS_KIND-TO-PRLODSTWS1_1#FDW_FUND_TXN_SMY_SIC"
          }
        ]
      }
    },
    "PRLODSTWS1_1#FDW_DEDUCT_DETAIL_SIC": {
      "Type": "Job:Database:StoredProcedure",
      "ConnectionProfile": "_",
      "StoredProcedure": "sqlext.FDW_DEDUCT_DETAIL_SIC_SP",
      "DaysKeepActive": "1",
      "SubApplication": "PRLODSTWS1_1",
      "Priority": "Very Low",
      "Host": "PRLODSTWS1",
      "CreatedBy": "emuser",
      "Description": "== Conversion Messages Start ==\\n\\nMessage ID\\t: WRN6031 (85-187)\\n\\n== Conversion Messages End ==\\nAdded by composer.",
      "RunAs": "controlm",
      "TimeZone": "HKG",
      "Application": "PRLODSTWS1_1",
      "Variables": [
        {
          "DB-STP_SCHEM": ""
        }
      ],
      "When": {
        "WeekDays": [
          "NONE"
        ],
        "Months": [
          "NONE"
        ],
        "MonthDays": [
          "NONE"
        ],
        "DaysRelation": "OR",
        "RuleBasedCalendars": {
          "Included": [
            "RC1"
          ]
        }
      },
      "eventsToWaitFor": {
        "Type": "WaitForEvents",
        "Events": [
          {
            "Event": "PRLODSTWS1_1#FDW_CODE_MAP-TO-PRLODSTWS1_1#FDW_DEDUCT_DETAIL_SIC"
          },
          {
            "Event": "PRLODSTWS1_1#FDW_CODE_POLICY_STATUS-TO-PRLODSTWS1_1#FDW_DEDUCT_DETAIL_SIC"
          },
          {
            "Event": "PRLODSTWS1_1#FDW_DEDUCT_DETAIL-TO-PRLODSTWS1_1#FDW_DEDUCT_DETAIL_SIC"
          },
          {
            "Event": "PRLODSTWS1_1#SYS_STS_STG-TO-PRLODSTWS1_1#FDW_DEDUCT_DETAIL_SIC"
          },
          {
            "Event": "PRLODSTWS1_1#BATCH_COMPANY_INFO-TO-PRLODSTWS1_1#FDW_DEDUCT_DETAIL_SIC"
          }
        ]
      },
      "eventsToAdd": {
        "Type": "AddEvents",
        "Events": [
          {
            "Event": "PRLODSTWS1_1#FDW_DEDUCT_DETAIL_SIC-TO-PRLODSTWS1_1#TBB_DFAL_L"
          },
          {
            "Event": "PRLODSTWS1_1#FDW_DEDUCT_DETAIL_SIC-TO-PRLODSTWS1_1#TBB_DFAL_I"
          },
          {
            "Event": "PRLODSTWS1_1#FDW_DEDUCT_DETAIL_SIC-TO-PRLODSTWS1_1#YUAN_DFAL_L"
          },
          {
            "Event": "PRLODSTWS1_1#FDW_DEDUCT_DETAIL_SIC-TO-PRLODSTWS1_1#YUAN_DFAL_I"
          }
        ]
      },
      "eventsToDelete": {
        "Type": "DeleteEvents",
        "Events": [
          {
            "Event": "PRLODSTWS1_1#FDW_CODE_MAP-TO-PRLODSTWS1_1#FDW_DEDUCT_DETAIL_SIC"
          },
          {
            "Event": "PRLODSTWS1_1#FDW_CODE_POLICY_STATUS-TO-PRLODSTWS1_1#FDW_DEDUCT_DETAIL_SIC"
          },
          {
            "Event": "PRLODSTWS1_1#FDW_DEDUCT_DETAIL-TO-PRLODSTWS1_1#FDW_DEDUCT_DETAIL_SIC"
          },
          {
            "Event": "PRLODSTWS1_1#SYS_STS_STG-TO-PRLODSTWS1_1#FDW_DEDUCT_DETAIL_SIC"
          },
          {
            "Event": "PRLODSTWS1_1#BATCH_COMPANY_INFO-TO-PRLODSTWS1_1#FDW_DEDUCT_DETAIL_SIC"
          }
        ]
      }
    },
    "PRLODSTWS1_1#FDW_UNPAYMENT_SIC": {
      "Type": "Job:Database:StoredProcedure",
      "ConnectionProfile": "_",
      "StoredProcedure": "sqlext.FDW_UNPAYMENT_SIC_SP",
      "DaysKeepActive": "1",
      "SubApplication": "PRLODSTWS1_1",
      "Priority": "Very Low",
      "Host": "PRLODSTWS1",
      "CreatedBy": "emuser",
      "Description": "== Conversion Messages Start ==\\n\\nMessage ID\\t: WRN6031 (86-188)\\n\\n== Conversion Messages End ==\\nAdded by composer.",
      "RunAs": "controlm",
      "TimeZone": "HKG",
      "Application": "PRLODSTWS1_1",
      "Variables": [
        {
          "DB-STP_SCHEM": ""
        }
      ],
      "When": {
        "WeekDays": [
          "NONE"
        ],
        "Months": [
          "NONE"
        ],
        "MonthDays": [
          "NONE"
        ],
        "DaysRelation": "OR",
        "RuleBasedCalendars": {
          "Included": [
            "RC1"
          ]
        }
      },
      "eventsToWaitFor": {
        "Type": "WaitForEvents",
        "Events": [
          {
            "Event": "PRLODSTWS1_1#FDW_CONTRACT_MASTER_SIC-TO-PRLODSTWS1_1#FDW_UNPAYMENT_SIC"
          },
          {
            "Event": "PRLODSTWS1_1#O_STRING_RESOURCE-TO-PRLODSTWS1_1#FDW_UNPAYMENT_SIC"
          },
          {
            "Event": "PRLODSTWS1_1#POS_REF_SERVICE_KPI-TO-PRLODSTWS1_1#FDW_UNPAYMENT_SIC"
          },
          {
            "Event": "PRLODSTWS1_1#SDM_PAY_PLAN-TO-PRLODSTWS1_1#FDW_UNPAYMENT_SIC"
          },
          {
            "Event": "PRLODSTWS1_1#SDM_BANK_ACCOUNT-TO-PRLODSTWS1_1#FDW_UNPAYMENT_SIC"
          },
          {
            "Event": "PRLODSTWS1_1#SDM_CASH-TO-PRLODSTWS1_1#FDW_UNPAYMENT_SIC"
          },
          {
            "Event": "PRLODSTWS1_1#SDM_CHEQUE-TO-PRLODSTWS1_1#FDW_UNPAYMENT_SIC"
          },
          {
            "Event": "PRLODSTWS1_1#SDM_PAY_DUE-TO-PRLODSTWS1_1#FDW_UNPAYMENT_SIC"
          },
          {
            "Event": "PRLODSTWS1_1#SDM_POLICY_CHANGE-TO-PRLODSTWS1_1#FDW_UNPAYMENT_SIC"
          }
        ]
      },
      "eventsToAdd": {
        "Type": "AddEvents",
        "Events": [
          {
            "Event": "PRLODSTWS1_1#FDW_UNPAYMENT_SIC-TO-PRLODSTWS1_1#LNBENT_TBB"
          },
          {
            "Event": "PRLODSTWS1_1#FDW_UNPAYMENT_SIC-TO-PRLODSTWS1_1#INBENT_TBB"
          },
          {
            "Event": "PRLODSTWS1_1#FDW_UNPAYMENT_SIC-TO-PRLODSTWS1_1#YUAN_LNBENT"
          },
          {
            "Event": "PRLODSTWS1_1#FDW_UNPAYMENT_SIC-TO-PRLODSTWS1_1#YUAN_INBENT"
          }
        ]
      },
      "eventsToDelete": {
        "Type": "DeleteEvents",
        "Events": [
          {
            "Event": "PRLODSTWS1_1#FDW_CONTRACT_MASTER_SIC-TO-PRLODSTWS1_1#FDW_UNPAYMENT_SIC"
          },
          {
            "Event": "PRLODSTWS1_1#O_STRING_RESOURCE-TO-PRLODSTWS1_1#FDW_UNPAYMENT_SIC"
          },
          {
            "Event": "PRLODSTWS1_1#POS_REF_SERVICE_KPI-TO-PRLODSTWS1_1#FDW_UNPAYMENT_SIC"
          },
          {
            "Event": "PRLODSTWS1_1#SDM_PAY_PLAN-TO-PRLODSTWS1_1#FDW_UNPAYMENT_SIC"
          },
          {
            "Event": "PRLODSTWS1_1#SDM_BANK_ACCOUNT-TO-PRLODSTWS1_1#FDW_UNPAYMENT_SIC"
          },
          {
            "Event": "PRLODSTWS1_1#SDM_CASH-TO-PRLODSTWS1_1#FDW_UNPAYMENT_SIC"
          },
          {
            "Event": "PRLODSTWS1_1#SDM_CHEQUE-TO-PRLODSTWS1_1#FDW_UNPAYMENT_SIC"
          },
          {
            "Event": "PRLODSTWS1_1#SDM_PAY_DUE-TO-PRLODSTWS1_1#FDW_UNPAYMENT_SIC"
          },
          {
            "Event": "PRLODSTWS1_1#SDM_POLICY_CHANGE-TO-PRLODSTWS1_1#FDW_UNPAYMENT_SIC"
          }
        ]
      }
    },
    "PRLODSTWS1_1#FDW_DOCUMENT_SIC": {
      "Type": "Job:Database:StoredProcedure",
      "ConnectionProfile": "_",
      "StoredProcedure": "sqlext.FDW_DOCUMENT_SIC_SP",
      "DaysKeepActive": "1",
      "SubApplication": "PRLODSTWS1_1",
      "Priority": "Very Low",
      "Host": "PRLODSTWS1",
      "CreatedBy": "emuser",
      "Description": "== Conversion Messages Start ==\\n\\nMessage ID\\t: WRN6031 (87-189)\\n\\n== Conversion Messages End ==\\nAdded by composer.",
      "RunAs": "controlm",
      "TimeZone": "HKG",
      "Application": "PRLODSTWS1_1",
      "Variables": [
        {
          "DB-STP_SCHEM": ""
        }
      ],
      "When": {
        "WeekDays": [
          "NONE"
        ],
        "Months": [
          "NONE"
        ],
        "MonthDays": [
          "NONE"
        ],
        "DaysRelation": "OR",
        "RuleBasedCalendars": {
          "Included": [
            "RC1"
          ]
        }
      },
      "eventsToWaitFor": {
        "Type": "WaitForEvents",
        "Events": [
          {
            "Event": "PRLODSTWS1_1#FDW_CODE_MAP-TO-PRLODSTWS1_1#FDW_DOCUMENT_SIC"
          },
          {
            "Event": "PRLODSTWS1_1#FDW_DOCUMENT-TO-PRLODSTWS1_1#FDW_DOCUMENT_SIC"
          },
          {
            "Event": "PRLODSTWS1_1#BATCH_COMPANY_INFO-TO-PRLODSTWS1_1#FDW_DOCUMENT_SIC"
          }
        ]
      },
      "eventsToAdd": {
        "Type": "AddEvents",
        "Events": [
          {
            "Event": "PRLODSTWS1_1#FDW_DOCUMENT_SIC-TO-PRLODSTWS1_1#TBB_NTC_DOC_L"
          },
          {
            "Event": "PRLODSTWS1_1#FDW_DOCUMENT_SIC-TO-PRLODSTWS1_1#TBB_NTC_DOC_I"
          },
          {
            "Event": "PRLODSTWS1_1#FDW_DOCUMENT_SIC-TO-PRLODSTWS1_1#FDW_TBB_NOTE_PDF"
          },
          {
            "Event": "PRLODSTWS1_1#FDW_DOCUMENT_SIC-TO-PRLODSTWS1_1#YUAN_NTC_DOC_L"
          },
          {
            "Event": "PRLODSTWS1_1#FDW_DOCUMENT_SIC-TO-PRLODSTWS1_1#YUAN_NTC_DOC_I"
          },
          {
            "Event": "PRLODSTWS1_1#FDW_DOCUMENT_SIC-TO-PRLODSTWS1_1#YUAN_NUNAD"
          }
        ]
      },
      "eventsToDelete": {
        "Type": "DeleteEvents",
        "Events": [
          {
            "Event": "PRLODSTWS1_1#FDW_CODE_MAP-TO-PRLODSTWS1_1#FDW_DOCUMENT_SIC"
          },
          {
            "Event": "PRLODSTWS1_1#FDW_DOCUMENT-TO-PRLODSTWS1_1#FDW_DOCUMENT_SIC"
          },
          {
            "Event": "PRLODSTWS1_1#BATCH_COMPANY_INFO-TO-PRLODSTWS1_1#FDW_DOCUMENT_SIC"
          }
        ]
      }
    },
    "PRLODSTWS1_1#FDW_FUND_TXN_CASH_SIC": {
      "Type": "Job:Database:StoredProcedure",
      "ConnectionProfile": "_",
      "StoredProcedure": "sqlext.FDW_FUND_TXN_CASH_SIC_SP",
      "DaysKeepActive": "1",
      "SubApplication": "PRLODSTWS1_1",
      "Priority": "Very Low",
      "Host": "PRLODSTWS1",
      "CreatedBy": "emuser",
      "Description": "== Conversion Messages Start ==\\n\\nMessage ID\\t: WRN6031 (88-190)\\n\\n== Conversion Messages End ==\\nAdded by composer.",
      "RunAs": "controlm",
      "TimeZone": "HKG",
      "Application": "PRLODSTWS1_1",
      "Variables": [
        {
          "DB-STP_SCHEM": ""
        }
      ],
      "When": {
        "WeekDays": [
          "NONE"
        ],
        "Months": [
          "NONE"
        ],
        "MonthDays": [
          "NONE"
        ],
        "DaysRelation": "OR",
        "RuleBasedCalendars": {
          "Included": [
            "RC1"
          ]
        }
      },
      "eventsToWaitFor": {
        "Type": "WaitForEvents",
        "Events": [
          {
            "Event": "PRLODSTWS1_1#FDW_CODE_MAP-TO-PRLODSTWS1_1#FDW_FUND_TXN_CASH_SIC"
          },
          {
            "Event": "PRLODSTWS1_1#FDW_FUND_TXN_CASH-TO-PRLODSTWS1_1#FDW_FUND_TXN_CASH_SIC"
          },
          {
            "Event": "PRLODSTWS1_1#FDW_FUND_TXN_DTL-TO-PRLODSTWS1_1#FDW_FUND_TXN_CASH_SIC"
          },
          {
            "Event": "PRLODSTWS1_1#BATCH_COMPANY_INFO-TO-PRLODSTWS1_1#FDW_FUND_TXN_CASH_SIC"
          },
          {
            "Event": "PRLODSTWS1_1#FDW_CODE_TRANS_KIND-TO-PRLODSTWS1_1#FDW_FUND_TXN_CASH_SIC"
          }
        ]
      },
      "eventsToAdd": {
        "Type": "AddEvents",
        "Events": [
          {
            "Event": "PRLODSTWS1_1#FDW_FUND_TXN_CASH_SIC-TO-PRLODSTWS1_1#TBB_FDTXNS_FEE_I"
          },
          {
            "Event": "PRLODSTWS1_1#FDW_FUND_TXN_CASH_SIC-TO-PRLODSTWS1_1#YUAN_FDTXNS_FEE_I"
          }
        ]
      },
      "eventsToDelete": {
        "Type": "DeleteEvents",
        "Events": [
          {
            "Event": "PRLODSTWS1_1#FDW_CODE_MAP-TO-PRLODSTWS1_1#FDW_FUND_TXN_CASH_SIC"
          },
          {
            "Event": "PRLODSTWS1_1#FDW_FUND_TXN_CASH-TO-PRLODSTWS1_1#FDW_FUND_TXN_CASH_SIC"
          },
          {
            "Event": "PRLODSTWS1_1#FDW_FUND_TXN_DTL-TO-PRLODSTWS1_1#FDW_FUND_TXN_CASH_SIC"
          },
          {
            "Event": "PRLODSTWS1_1#BATCH_COMPANY_INFO-TO-PRLODSTWS1_1#FDW_FUND_TXN_CASH_SIC"
          },
          {
            "Event": "PRLODSTWS1_1#FDW_CODE_TRANS_KIND-TO-PRLODSTWS1_1#FDW_FUND_TXN_CASH_SIC"
          }
        ]
      }
    },
    "PRLODSTWS1_1#FDW_1Y_RENEW_NOTICE_SIC": {
      "Type": "Job:Database:StoredProcedure",
      "ConnectionProfile": "_",
      "StoredProcedure": "sqlext.FDW_1Y_RENEW_NOTICE_SIC_SP",
      "DaysKeepActive": "1",
      "SubApplication": "PRLODSTWS1_1",
      "Priority": "Very Low",
      "Host": "PRLODSTWS1",
      "CreatedBy": "emuser",
      "Description": "== Conversion Messages Start ==\\n\\nMessage ID\\t: WRN6031 (89-191)\\n\\n== Conversion Messages End ==\\nAdded by composer.",
      "RunAs": "controlm",
      "TimeZone": "HKG",
      "Application": "PRLODSTWS1_1",
      "Variables": [
        {
          "DB-STP_SCHEM": ""
        }
      ],
      "When": {
        "WeekDays": [
          "NONE"
        ],
        "Months": [
          "NONE"
        ],
        "MonthDays": [
          "NONE"
        ],
        "DaysRelation": "OR",
        "RuleBasedCalendars": {
          "Included": [
            "RC1"
          ]
        }
      },
      "eventsToWaitFor": {
        "Type": "WaitForEvents",
        "Events": [
          {
            "Event": "PRLODSTWS1_1#FDW_CONTRACT_MASTER_SIC-TO-PRLODSTWS1_1#FDW_1Y_RENEW_NOTICE_SIC"
          },
          {
            "Event": "PRLODSTWS1_1#FDW_1Y_RENEW_NOTICE-TO-PRLODSTWS1_1#FDW_1Y_RENEW_NOTICE_SIC"
          },
          {
            "Event": "PRLODSTWS1_1#FDW_CODE_MAP-TO-PRLODSTWS1_1#FDW_1Y_RENEW_NOTICE_SIC"
          },
          {
            "Event": "PRLODSTWS1_1#BATCH_COMPANY_INFO-TO-PRLODSTWS1_1#FDW_1Y_RENEW_NOTICE_SIC"
          }
        ]
      },
      "eventsToAdd": {
        "Type": "AddEvents",
        "Events": [
          {
            "Event": "PRLODSTWS1_1#FDW_1Y_RENEW_NOTICE_SIC-TO-PRLODSTWS1_1#TBB_NTC_1Y_L"
          },
          {
            "Event": "PRLODSTWS1_1#FDW_1Y_RENEW_NOTICE_SIC-TO-PRLODSTWS1_1#TBB_NTC_1Y_I"
          },
          {
            "Event": "PRLODSTWS1_1#FDW_1Y_RENEW_NOTICE_SIC-TO-PRLODSTWS1_1#YUAN_NTC_1Y_L"
          },
          {
            "Event": "PRLODSTWS1_1#FDW_1Y_RENEW_NOTICE_SIC-TO-PRLODSTWS1_1#YUAN_NTC_1Y_I"
          }
        ]
      },
      "eventsToDelete": {
        "Type": "DeleteEvents",
        "Events": [
          {
            "Event": "PRLODSTWS1_1#FDW_CONTRACT_MASTER_SIC-TO-PRLODSTWS1_1#FDW_1Y_RENEW_NOTICE_SIC"
          },
          {
            "Event": "PRLODSTWS1_1#FDW_1Y_RENEW_NOTICE-TO-PRLODSTWS1_1#FDW_1Y_RENEW_NOTICE_SIC"
          },
          {
            "Event": "PRLODSTWS1_1#FDW_CODE_MAP-TO-PRLODSTWS1_1#FDW_1Y_RENEW_NOTICE_SIC"
          },
          {
            "Event": "PRLODSTWS1_1#BATCH_COMPANY_INFO-TO-PRLODSTWS1_1#FDW_1Y_RENEW_NOTICE_SIC"
          }
        ]
      }
    },
    "PRLODSTWS1_1#FDW_RENEW_NOTICE_SIC": {
      "Type": "Job:Database:StoredProcedure",
      "ConnectionProfile": "_",
      "StoredProcedure": "sqlext.FDW_RENEW_NOTICE_SIC_SP",
      "DaysKeepActive": "1",
      "SubApplication": "PRLODSTWS1_1",
      "Priority": "Very Low",
      "Host": "PRLODSTWS1",
      "CreatedBy": "emuser",
      "Description": "== Conversion Messages Start ==\\n\\nMessage ID\\t: WRN6031 (90-192)\\n\\n== Conversion Messages End ==\\nAdded by composer.",
      "RunAs": "controlm",
      "TimeZone": "HKG",
      "Application": "PRLODSTWS1_1",
      "Variables": [
        {
          "DB-STP_SCHEM": ""
        }
      ],
      "When": {
        "WeekDays": [
          "NONE"
        ],
        "Months": [
          "NONE"
        ],
        "MonthDays": [
          "NONE"
        ],
        "DaysRelation": "OR",
        "RuleBasedCalendars": {
          "Included": [
            "RC1"
          ]
        }
      },
      "eventsToWaitFor": {
        "Type": "WaitForEvents",
        "Events": [
          {
            "Event": "PRLODSTWS1_1#FDW_CONTRACT_MASTER_SIC-TO-PRLODSTWS1_1#FDW_RENEW_NOTICE_SIC"
          },
          {
            "Event": "PRLODSTWS1_1#FDW_CHANNEL_CODE-TO-PRLODSTWS1_1#FDW_RENEW_NOTICE_SIC"
          },
          {
            "Event": "PRLODSTWS1_1#FDW_CODE_MAP-TO-PRLODSTWS1_1#FDW_RENEW_NOTICE_SIC"
          },
          {
            "Event": "PRLODSTWS1_1#FDW_RENEW_NOTICE-TO-PRLODSTWS1_1#FDW_RENEW_NOTICE_SIC"
          },
          {
            "Event": "PRLODSTWS1_1#BATCH_COMPANY_INFO-TO-PRLODSTWS1_1#FDW_RENEW_NOTICE_SIC"
          },
          {
            "Event": "PRLODSTWS1_1#FDW_CODE_PLAN-TO-PRLODSTWS1_1#FDW_RENEW_NOTICE_SIC"
          }
        ]
      },
      "eventsToAdd": {
        "Type": "AddEvents",
        "Events": [
          {
            "Event": "PRLODSTWS1_1#FDW_RENEW_NOTICE_SIC-TO-PRLODSTWS1_1#TBB_RENEW_DATAIL"
          },
          {
            "Event": "PRLODSTWS1_1#FDW_RENEW_NOTICE_SIC-TO-PRLODSTWS1_1#YUAN_NTC_RENEW_L"
          },
          {
            "Event": "PRLODSTWS1_1#FDW_RENEW_NOTICE_SIC-TO-PRLODSTWS1_1#YUAN_NTC_RENEW_I"
          },
          {
            "Event": "PRLODSTWS1_1#FDW_RENEW_NOTICE_SIC-TO-PRLODSTWS1_1#TBB_NTC_RENEW_L"
          },
          {
            "Event": "PRLODSTWS1_1#FDW_RENEW_NOTICE_SIC-TO-PRLODSTWS1_1#TBB_NTC_RENEW_I"
          }
        ]
      },
      "eventsToDelete": {
        "Type": "DeleteEvents",
        "Events": [
          {
            "Event": "PRLODSTWS1_1#FDW_CONTRACT_MASTER_SIC-TO-PRLODSTWS1_1#FDW_RENEW_NOTICE_SIC"
          },
          {
            "Event": "PRLODSTWS1_1#FDW_CHANNEL_CODE-TO-PRLODSTWS1_1#FDW_RENEW_NOTICE_SIC"
          },
          {
            "Event": "PRLODSTWS1_1#FDW_CODE_MAP-TO-PRLODSTWS1_1#FDW_RENEW_NOTICE_SIC"
          },
          {
            "Event": "PRLODSTWS1_1#FDW_RENEW_NOTICE-TO-PRLODSTWS1_1#FDW_RENEW_NOTICE_SIC"
          },
          {
            "Event": "PRLODSTWS1_1#BATCH_COMPANY_INFO-TO-PRLODSTWS1_1#FDW_RENEW_NOTICE_SIC"
          },
          {
            "Event": "PRLODSTWS1_1#FDW_CODE_PLAN-TO-PRLODSTWS1_1#FDW_RENEW_NOTICE_SIC"
          }
        ]
      }
    },
    "PRLODSTWS1_1#FDW_COMMISION_M_SIC": {
      "Type": "Job:Database:StoredProcedure",
      "ConnectionProfile": "_",
      "StoredProcedure": "sqlext.FDW_COMMISION_M_SIC_SP",
      "DaysKeepActive": "1",
      "SubApplication": "PRLODSTWS1_1",
      "Priority": "Very Low",
      "Host": "PRLODSTWS1",
      "CreatedBy": "emuser",
      "Description": "== Conversion Messages Start ==\\n\\nMessage ID\\t: WRN6031 (91-193)\\n\\n== Conversion Messages End ==\\nAdded by composer.",
      "RunAs": "controlm",
      "TimeZone": "HKG",
      "Application": "PRLODSTWS1_1",
      "Variables": [
        {
          "DB-STP_SCHEM": ""
        }
      ],
      "When": {
        "WeekDays": [
          "NONE"
        ],
        "Months": [
          "NONE"
        ],
        "MonthDays": [
          "NONE"
        ],
        "DaysRelation": "OR",
        "RuleBasedCalendars": {
          "Included": [
            "RC1"
          ]
        }
      },
      "eventsToWaitFor": {
        "Type": "WaitForEvents",
        "Events": [
          {
            "Event": "PRLODSTWS1_1#FDW_CONTRACT_MASTER_SIC-TO-PRLODSTWS1_1#FDW_COMMISION_M_SIC"
          },
          {
            "Event": "PRLODSTWS1_1#FDW_CONTRACT_PROD_SIC-TO-PRLODSTWS1_1#FDW_COMMISION_M_SIC"
          },
          {
            "Event": "PRLODSTWS1_1#FDW_CMBNS_M-TO-PRLODSTWS1_1#FDW_COMMISION_M_SIC"
          },
          {
            "Event": "PRLODSTWS1_1#FDW_CODE_MAP-TO-PRLODSTWS1_1#FDW_COMMISION_M_SIC"
          },
          {
            "Event": "PRLODSTWS1_1#BATCH_COMPANY_INFO-TO-PRLODSTWS1_1#FDW_COMMISION_M_SIC"
          }
        ]
      },
      "eventsToAdd": {
        "Type": "AddEvents",
        "Events": [
          {
            "Event": "PRLODSTWS1_1#FDW_COMMISION_M_SIC-TO-PRLODSTWS1_1#TBB_COMM_M"
          },
          {
            "Event": "PRLODSTWS1_1#FDW_COMMISION_M_SIC-TO-PRLODSTWS1_1#TBB_COMM_M_A"
          },
          {
            "Event": "PRLODSTWS1_1#FDW_COMMISION_M_SIC-TO-PRLODSTWS1_1#TBB_COMM_M_B"
          },
          {
            "Event": "PRLODSTWS1_1#FDW_COMMISION_M_SIC-TO-PRLODSTWS1_1#YUAN_COMM_M_A"
          },
          {
            "Event": "PRLODSTWS1_1#FDW_COMMISION_M_SIC-TO-PRLODSTWS1_1#YUAN_COMM_M_B"
          }
        ]
      },
      "eventsToDelete": {
        "Type": "DeleteEvents",
        "Events": [
          {
            "Event": "PRLODSTWS1_1#FDW_CONTRACT_MASTER_SIC-TO-PRLODSTWS1_1#FDW_COMMISION_M_SIC"
          },
          {
            "Event": "PRLODSTWS1_1#FDW_CONTRACT_PROD_SIC-TO-PRLODSTWS1_1#FDW_COMMISION_M_SIC"
          },
          {
            "Event": "PRLODSTWS1_1#FDW_CMBNS_M-TO-PRLODSTWS1_1#FDW_COMMISION_M_SIC"
          },
          {
            "Event": "PRLODSTWS1_1#FDW_CODE_MAP-TO-PRLODSTWS1_1#FDW_COMMISION_M_SIC"
          },
          {
            "Event": "PRLODSTWS1_1#BATCH_COMPANY_INFO-TO-PRLODSTWS1_1#FDW_COMMISION_M_SIC"
          }
        ]
      }
    },
    "PRLODSTWS1_1#FDW_PAY_NOTICE_SIC": {
      "Type": "Job:Database:StoredProcedure",
      "ConnectionProfile": "_",
      "StoredProcedure": "sqlext.FDW_PAY_NOTICE_SIC_SP",
      "DaysKeepActive": "1",
      "SubApplication": "PRLODSTWS1_1",
      "Priority": "Very Low",
      "Host": "PRLODSTWS1",
      "CreatedBy": "emuser",
      "Description": "== Conversion Messages Start ==\\n\\nMessage ID\\t: WRN6031 (92-194)\\n\\n== Conversion Messages End ==\\nAdded by composer.",
      "RunAs": "controlm",
      "TimeZone": "HKG",
      "Application": "PRLODSTWS1_1",
      "Variables": [
        {
          "DB-STP_SCHEM": ""
        }
      ],
      "When": {
        "WeekDays": [
          "NONE"
        ],
        "Months": [
          "NONE"
        ],
        "MonthDays": [
          "NONE"
        ],
        "DaysRelation": "OR",
        "RuleBasedCalendars": {
          "Included": [
            "RC1"
          ]
        }
      },
      "eventsToWaitFor": {
        "Type": "WaitForEvents",
        "Events": [
          {
            "Event": "PRLODSTWS1_1#FDW_CONTRACT_PROD_SIC-TO-PRLODSTWS1_1#FDW_PAY_NOTICE_SIC"
          },
          {
            "Event": "PRLODSTWS1_1#FDW_CODE_MAP-TO-PRLODSTWS1_1#FDW_PAY_NOTICE_SIC"
          },
          {
            "Event": "PRLODSTWS1_1#FDW_PAY_NOTICE-TO-PRLODSTWS1_1#FDW_PAY_NOTICE_SIC"
          },
          {
            "Event": "PRLODSTWS1_1#BATCH_COMPANY_INFO-TO-PRLODSTWS1_1#FDW_PAY_NOTICE_SIC"
          }
        ]
      },
      "eventsToAdd": {
        "Type": "AddEvents",
        "Events": [
          {
            "Event": "PRLODSTWS1_1#FDW_PAY_NOTICE_SIC-TO-PRLODSTWS1_1#LNPPAY_TBB"
          },
          {
            "Event": "PRLODSTWS1_1#FDW_PAY_NOTICE_SIC-TO-PRLODSTWS1_1#INPPAY_TBB"
          },
          {
            "Event": "PRLODSTWS1_1#FDW_PAY_NOTICE_SIC-TO-PRLODSTWS1_1#YUAN_LNPPAY"
          },
          {
            "Event": "PRLODSTWS1_1#FDW_PAY_NOTICE_SIC-TO-PRLODSTWS1_1#YUAN_INPPAY"
          }
        ]
      },
      "eventsToDelete": {
        "Type": "DeleteEvents",
        "Events": [
          {
            "Event": "PRLODSTWS1_1#FDW_CONTRACT_PROD_SIC-TO-PRLODSTWS1_1#FDW_PAY_NOTICE_SIC"
          },
          {
            "Event": "PRLODSTWS1_1#FDW_CODE_MAP-TO-PRLODSTWS1_1#FDW_PAY_NOTICE_SIC"
          },
          {
            "Event": "PRLODSTWS1_1#FDW_PAY_NOTICE-TO-PRLODSTWS1_1#FDW_PAY_NOTICE_SIC"
          },
          {
            "Event": "PRLODSTWS1_1#BATCH_COMPANY_INFO-TO-PRLODSTWS1_1#FDW_PAY_NOTICE_SIC"
          }
        ]
      }
    },
    "PRLODSTWS1_1#FDW_POLICY_LOAN_SIC": {
      "Type": "Job:Database:StoredProcedure",
      "ConnectionProfile": "_",
      "StoredProcedure": "sqlext.FDW_POLICY_LOAN_SIC_SP",
      "DaysKeepActive": "1",
      "SubApplication": "PRLODSTWS1_1",
      "Priority": "Very Low",
      "Host": "PRLODSTWS1",
      "CreatedBy": "emuser",
      "Description": "== Conversion Messages Start ==\\n\\nMessage ID\\t: WRN6031 (93-195)\\n\\n== Conversion Messages End ==\\nAdded by composer.",
      "RunAs": "controlm",
      "TimeZone": "HKG",
      "Application": "PRLODSTWS1_1",
      "Variables": [
        {
          "DB-STP_SCHEM": ""
        }
      ],
      "When": {
        "WeekDays": [
          "NONE"
        ],
        "Months": [
          "NONE"
        ],
        "MonthDays": [
          "NONE"
        ],
        "DaysRelation": "OR",
        "RuleBasedCalendars": {
          "Included": [
            "RC1"
          ]
        }
      },
      "eventsToWaitFor": {
        "Type": "WaitForEvents",
        "Events": [
          {
            "Event": "PRLODSTWS1_1#FDW_CODE_MAP-TO-PRLODSTWS1_1#FDW_POLICY_LOAN_SIC"
          },
          {
            "Event": "PRLODSTWS1_1#FDW_POLICY_LOAN-TO-PRLODSTWS1_1#FDW_POLICY_LOAN_SIC"
          },
          {
            "Event": "PRLODSTWS1_1#BATCH_COMPANY_INFO-TO-PRLODSTWS1_1#FDW_POLICY_LOAN_SIC"
          }
        ]
      },
      "eventsToAdd": {
        "Type": "AddEvents",
        "Events": [
          {
            "Event": "PRLODSTWS1_1#FDW_POLICY_LOAN_SIC-TO-PRLODSTWS1_1#TBB_POLN_LN_L"
          },
          {
            "Event": "PRLODSTWS1_1#FDW_POLICY_LOAN_SIC-TO-PRLODSTWS1_1#TBB_POLN_LN_I"
          },
          {
            "Event": "PRLODSTWS1_1#FDW_POLICY_LOAN_SIC-TO-PRLODSTWS1_1#YUAN_POLN_LN_L"
          },
          {
            "Event": "PRLODSTWS1_1#FDW_POLICY_LOAN_SIC-TO-PRLODSTWS1_1#YUAN_POLN_LN_I"
          }
        ]
      },
      "eventsToDelete": {
        "Type": "DeleteEvents",
        "Events": [
          {
            "Event": "PRLODSTWS1_1#FDW_CODE_MAP-TO-PRLODSTWS1_1#FDW_POLICY_LOAN_SIC"
          },
          {
            "Event": "PRLODSTWS1_1#FDW_POLICY_LOAN-TO-PRLODSTWS1_1#FDW_POLICY_LOAN_SIC"
          },
          {
            "Event": "PRLODSTWS1_1#BATCH_COMPANY_INFO-TO-PRLODSTWS1_1#FDW_POLICY_LOAN_SIC"
          }
        ]
      }
    },
    "PRLODSTWS1_1#FDW_POLICY_CHANGE_SIC": {
      "Type": "Job:Database:StoredProcedure",
      "ConnectionProfile": "_",
      "StoredProcedure": "sqlext.FDW_POLICY_CHANGE_SIC_SP",
      "DaysKeepActive": "1",
      "SubApplication": "PRLODSTWS1_1",
      "Priority": "Very Low",
      "Host": "PRLODSTWS1",
      "CreatedBy": "emuser",
      "Description": "== Conversion Messages Start ==\\n\\nMessage ID\\t: WRN6031 (94-196)\\n\\n== Conversion Messages End ==\\nAdded by composer.",
      "RunAs": "controlm",
      "TimeZone": "HKG",
      "Application": "PRLODSTWS1_1",
      "Variables": [
        {
          "DB-STP_SCHEM": ""
        }
      ],
      "When": {
        "WeekDays": [
          "NONE"
        ],
        "Months": [
          "NONE"
        ],
        "MonthDays": [
          "NONE"
        ],
        "DaysRelation": "OR",
        "RuleBasedCalendars": {
          "Included": [
            "RC1"
          ]
        }
      },
      "eventsToWaitFor": {
        "Type": "WaitForEvents",
        "Events": [
          {
            "Event": "PRLODSTWS1_1#FDW_CODE_MAP-TO-PRLODSTWS1_1#FDW_POLICY_CHANGE_SIC"
          },
          {
            "Event": "PRLODSTWS1_1#FDW_CODE_POLICY_STATUS-TO-PRLODSTWS1_1#FDW_POLICY_CHANGE_SIC"
          },
          {
            "Event": "PRLODSTWS1_1#FDW_POLICY_CHANGE-TO-PRLODSTWS1_1#FDW_POLICY_CHANGE_SIC"
          },
          {
            "Event": "PRLODSTWS1_1#BATCH_COMPANY_INFO-TO-PRLODSTWS1_1#FDW_POLICY_CHANGE_SIC"
          }
        ]
      },
      "eventsToAdd": {
        "Type": "AddEvents",
        "Events": [
          {
            "Event": "PRLODSTWS1_1#FDW_POLICY_CHANGE_SIC-TO-PRLODSTWS1_1#TBB_CTCL_L"
          },
          {
            "Event": "PRLODSTWS1_1#FDW_POLICY_CHANGE_SIC-TO-PRLODSTWS1_1#TBB_CTCL_I"
          },
          {
            "Event": "PRLODSTWS1_1#FDW_POLICY_CHANGE_SIC-TO-PRLODSTWS1_1#YUAN_CTCL_L"
          },
          {
            "Event": "PRLODSTWS1_1#FDW_POLICY_CHANGE_SIC-TO-PRLODSTWS1_1#YUAN_CTCL_I"
          }
        ]
      },
      "eventsToDelete": {
        "Type": "DeleteEvents",
        "Events": [
          {
            "Event": "PRLODSTWS1_1#FDW_CODE_MAP-TO-PRLODSTWS1_1#FDW_POLICY_CHANGE_SIC"
          },
          {
            "Event": "PRLODSTWS1_1#FDW_CODE_POLICY_STATUS-TO-PRLODSTWS1_1#FDW_POLICY_CHANGE_SIC"
          },
          {
            "Event": "PRLODSTWS1_1#FDW_POLICY_CHANGE-TO-PRLODSTWS1_1#FDW_POLICY_CHANGE_SIC"
          },
          {
            "Event": "PRLODSTWS1_1#BATCH_COMPANY_INFO-TO-PRLODSTWS1_1#FDW_POLICY_CHANGE_SIC"
          }
        ]
      }
    },
    "PRLODSTWS1_1#FDW_FUND_SIC": {
      "Type": "Job:Database:StoredProcedure",
      "ConnectionProfile": "_",
      "StoredProcedure": "sqlext.FDW_FUND_SIC_SP",
      "DaysKeepActive": "1",
      "SubApplication": "PRLODSTWS1_1",
      "Priority": "Very Low",
      "Host": "PRLODSTWS1",
      "CreatedBy": "emuser",
      "Description": "== Conversion Messages Start ==\\n\\nMessage ID\\t: WRN6031 (95-197)\\n\\n== Conversion Messages End ==\\nAdded by composer.",
      "RunAs": "controlm",
      "TimeZone": "HKG",
      "Application": "PRLODSTWS1_1",
      "Variables": [
        {
          "DB-STP_SCHEM": ""
        }
      ],
      "When": {
        "WeekDays": [
          "NONE"
        ],
        "Months": [
          "NONE"
        ],
        "MonthDays": [
          "NONE"
        ],
        "DaysRelation": "OR",
        "RuleBasedCalendars": {
          "Included": [
            "RC1"
          ]
        }
      },
      "eventsToWaitFor": {
        "Type": "WaitForEvents",
        "Events": [
          {
            "Event": "PRLODSTWS1_1#FDW_CONTRACT_MASTER_SIC-TO-PRLODSTWS1_1#FDW_FUND_SIC"
          },
          {
            "Event": "PRLODSTWS1_1#FDW_CONTRACT_PROD_SIC-TO-PRLODSTWS1_1#FDW_FUND_SIC"
          },
          {
            "Event": "PRLODSTWS1_1#FDW_CODE_MAP-TO-PRLODSTWS1_1#FDW_FUND_SIC"
          },
          {
            "Event": "PRLODSTWS1_1#FDW_FUND-TO-PRLODSTWS1_1#FDW_FUND_SIC"
          },
          {
            "Event": "PRLODSTWS1_1#BATCH_COMPANY_INFO-TO-PRLODSTWS1_1#FDW_FUND_SIC"
          },
          {
            "Event": "PRLODSTWS1_1#FDW_CODE_PLAN-TO-PRLODSTWS1_1#FDW_FUND_SIC"
          }
        ]
      },
      "eventsToAdd": {
        "Type": "AddEvents",
        "Events": [
          {
            "Event": "PRLODSTWS1_1#FDW_FUND_SIC-TO-PRLODSTWS1_1#TBB_FUND_I"
          },
          {
            "Event": "PRLODSTWS1_1#FDW_FUND_SIC-TO-PRLODSTWS1_1#YUAN_FUND_I"
          }
        ]
      },
      "eventsToDelete": {
        "Type": "DeleteEvents",
        "Events": [
          {
            "Event": "PRLODSTWS1_1#FDW_CONTRACT_MASTER_SIC-TO-PRLODSTWS1_1#FDW_FUND_SIC"
          },
          {
            "Event": "PRLODSTWS1_1#FDW_CONTRACT_PROD_SIC-TO-PRLODSTWS1_1#FDW_FUND_SIC"
          },
          {
            "Event": "PRLODSTWS1_1#FDW_CODE_MAP-TO-PRLODSTWS1_1#FDW_FUND_SIC"
          },
          {
            "Event": "PRLODSTWS1_1#FDW_FUND-TO-PRLODSTWS1_1#FDW_FUND_SIC"
          },
          {
            "Event": "PRLODSTWS1_1#BATCH_COMPANY_INFO-TO-PRLODSTWS1_1#FDW_FUND_SIC"
          },
          {
            "Event": "PRLODSTWS1_1#FDW_CODE_PLAN-TO-PRLODSTWS1_1#FDW_FUND_SIC"
          }
        ]
      }
    },
    "PRLODSTWS1_1#FDW_CONTRACT_MASTER_SIC": {
      "Type": "Job:Database:StoredProcedure",
      "ConnectionProfile": "_",
      "StoredProcedure": "sqlext.FDW_CONTRACT_MASTER_SIC_SP",
      "DaysKeepActive": "1",
      "SubApplication": "PRLODSTWS1_1",
      "Priority": "Very Low",
      "Host": "PRLODSTWS1",
      "CreatedBy": "emuser",
      "Description": "== Conversion Messages Start ==\\n\\nMessage ID\\t: WRN6031 (96-198)\\n\\n== Conversion Messages End ==\\nAdded by composer.",
      "RunAs": "controlm",
      "TimeZone": "HKG",
      "Application": "PRLODSTWS1_1",
      "Variables": [
        {
          "DB-STP_SCHEM": ""
        }
      ],
      "When": {
        "WeekDays": [
          "NONE"
        ],
        "Months": [
          "NONE"
        ],
        "MonthDays": [
          "NONE"
        ],
        "DaysRelation": "OR",
        "RuleBasedCalendars": {
          "Included": [
            "RC1"
          ]
        }
      },
      "eventsToWaitFor": {
        "Type": "WaitForEvents",
        "Events": [
          {
            "Event": "PRLODSTWS1_1#FDW_MASTER_TOTAL_PREM-TO-PRLODSTWS1_1#FDW_CONTRACT_MASTER_SIC"
          },
          {
            "Event": "PRLODSTWS1_1#FDW_CODE_MAP-TO-PRLODSTWS1_1#FDW_CONTRACT_MASTER_SIC"
          },
          {
            "Event": "PRLODSTWS1_1#FDW_CODE_POLICY_STATUS-TO-PRLODSTWS1_1#FDW_CONTRACT_MASTER_SIC"
          },
          {
            "Event": "PRLODSTWS1_1#FDW_CONTRACT_MASTER-TO-PRLODSTWS1_1#FDW_CONTRACT_MASTER_SIC"
          },
          {
            "Event": "PRLODSTWS1_1#FDW_POLICY_X_PARTY-TO-PRLODSTWS1_1#FDW_CONTRACT_MASTER_SIC"
          },
          {
            "Event": "PRLODSTWS1_1#O_CASH-TO-PRLODSTWS1_1#FDW_CONTRACT_MASTER_SIC"
          },
          {
            "Event": "PRLODSTWS1_1#O_POLICY_PRODUCER_ROLE-TO-PRLODSTWS1_1#FDW_CONTRACT_MASTER_SIC"
          },
          {
            "Event": "PRLODSTWS1_1#SDM_PAY_PLAN-TO-PRLODSTWS1_1#FDW_CONTRACT_MASTER_SIC"
          },
          {
            "Event": "PRLODSTWS1_1#SDM_CHANNEL_ORG-TO-PRLODSTWS1_1#FDW_CONTRACT_MASTER_SIC"
          },
          {
            "Event": "PRLODSTWS1_1#SYS_STS_STG-TO-PRLODSTWS1_1#FDW_CONTRACT_MASTER_SIC"
          },
          {
            "Event": "PRLODSTWS1_1#BATCH_COMPANY_INFO-TO-PRLODSTWS1_1#FDW_CONTRACT_MASTER_SIC"
          },
          {
            "Event": "PRLODSTWS1_1#FDW_CODE_PLAN-TO-PRLODSTWS1_1#FDW_CONTRACT_MASTER_SIC"
          }
        ]
      },
      "eventsToAdd": {
        "Type": "AddEvents",
        "Events": [
          {
            "Event": "PRLODSTWS1_1#FDW_CONTRACT_MASTER_SIC-TO-PRLODSTWS1_1#FDW_FUND_SIC"
          },
          {
            "Event": "PRLODSTWS1_1#FDW_CONTRACT_MASTER_SIC-TO-PRLODSTWS1_1#FDW_RENEW_NOTICE_SIC"
          },
          {
            "Event": "PRLODSTWS1_1#FDW_CONTRACT_MASTER_SIC-TO-PRLODSTWS1_1#FDW_1Y_RENEW_NOTICE_SIC"
          },
          {
            "Event": "PRLODSTWS1_1#FDW_CONTRACT_MASTER_SIC-TO-PRLODSTWS1_1#FDW_PAYMENT_SIC"
          },
          {
            "Event": "PRLODSTWS1_1#FDW_CONTRACT_MASTER_SIC-TO-PRLODSTWS1_1#FDW_UNPAYMENT_SIC"
          },
          {
            "Event": "PRLODSTWS1_1#FDW_CONTRACT_MASTER_SIC-TO-PRLODSTWS1_1#FDW_CONTRACT_PROD_SIC"
          },
          {
            "Event": "PRLODSTWS1_1#FDW_CONTRACT_MASTER_SIC-TO-PRLODSTWS1_1#FDW_PREMIUM_CMS_SIC"
          },
          {
            "Event": "PRLODSTWS1_1#FDW_CONTRACT_MASTER_SIC-TO-PRLODSTWS1_1#FDW_COMMISION_M_SIC"
          },
          {
            "Event": "PRLODSTWS1_1#FDW_CONTRACT_MASTER_SIC-TO-PRLODSTWS1_1#LNBENT_TBB"
          },
          {
            "Event": "PRLODSTWS1_1#FDW_CONTRACT_MASTER_SIC-TO-PRLODSTWS1_1#INBENT_TBB"
          },
          {
            "Event": "PRLODSTWS1_1#FDW_CONTRACT_MASTER_SIC-TO-PRLODSTWS1_1#TBB_INPOLM"
          },
          {
            "Event": "PRLODSTWS1_1#FDW_CONTRACT_MASTER_SIC-TO-PRLODSTWS1_1#TBB_LNPOLM"
          },
          {
            "Event": "PRLODSTWS1_1#FDW_CONTRACT_MASTER_SIC-TO-PRLODSTWS1_1#TBB_POLICY"
          },
          {
            "Event": "PRLODSTWS1_1#FDW_CONTRACT_MASTER_SIC-TO-PRLODSTWS1_1#TBB_INVALID"
          },
          {
            "Event": "PRLODSTWS1_1#FDW_CONTRACT_MASTER_SIC-TO-PRLODSTWS1_1#TBB_NTC_DOC_L"
          },
          {
            "Event": "PRLODSTWS1_1#FDW_CONTRACT_MASTER_SIC-TO-PRLODSTWS1_1#TBB_NTC_DOC_I"
          },
          {
            "Event": "PRLODSTWS1_1#FDW_CONTRACT_MASTER_SIC-TO-PRLODSTWS1_1#YUAN_LNBENT"
          },
          {
            "Event": "PRLODSTWS1_1#FDW_CONTRACT_MASTER_SIC-TO-PRLODSTWS1_1#YUAN_INBENT"
          },
          {
            "Event": "PRLODSTWS1_1#FDW_CONTRACT_MASTER_SIC-TO-PRLODSTWS1_1#YUAN_INPOLM"
          },
          {
            "Event": "PRLODSTWS1_1#FDW_CONTRACT_MASTER_SIC-TO-PRLODSTWS1_1#YUAN_LNPOLM"
          }
        ]
      },
      "eventsToDelete": {
        "Type": "DeleteEvents",
        "Events": [
          {
            "Event": "PRLODSTWS1_1#FDW_MASTER_TOTAL_PREM-TO-PRLODSTWS1_1#FDW_CONTRACT_MASTER_SIC"
          },
          {
            "Event": "PRLODSTWS1_1#FDW_CODE_MAP-TO-PRLODSTWS1_1#FDW_CONTRACT_MASTER_SIC"
          },
          {
            "Event": "PRLODSTWS1_1#FDW_CODE_POLICY_STATUS-TO-PRLODSTWS1_1#FDW_CONTRACT_MASTER_SIC"
          },
          {
            "Event": "PRLODSTWS1_1#FDW_CONTRACT_MASTER-TO-PRLODSTWS1_1#FDW_CONTRACT_MASTER_SIC"
          },
          {
            "Event": "PRLODSTWS1_1#FDW_POLICY_X_PARTY-TO-PRLODSTWS1_1#FDW_CONTRACT_MASTER_SIC"
          },
          {
            "Event": "PRLODSTWS1_1#O_CASH-TO-PRLODSTWS1_1#FDW_CONTRACT_MASTER_SIC"
          },
          {
            "Event": "PRLODSTWS1_1#O_POLICY_PRODUCER_ROLE-TO-PRLODSTWS1_1#FDW_CONTRACT_MASTER_SIC"
          },
          {
            "Event": "PRLODSTWS1_1#SDM_PAY_PLAN-TO-PRLODSTWS1_1#FDW_CONTRACT_MASTER_SIC"
          },
          {
            "Event": "PRLODSTWS1_1#SDM_CHANNEL_ORG-TO-PRLODSTWS1_1#FDW_CONTRACT_MASTER_SIC"
          },
          {
            "Event": "PRLODSTWS1_1#SYS_STS_STG-TO-PRLODSTWS1_1#FDW_CONTRACT_MASTER_SIC"
          },
          {
            "Event": "PRLODSTWS1_1#BATCH_COMPANY_INFO-TO-PRLODSTWS1_1#FDW_CONTRACT_MASTER_SIC"
          },
          {
            "Event": "PRLODSTWS1_1#FDW_CODE_PLAN-TO-PRLODSTWS1_1#FDW_CONTRACT_MASTER_SIC"
          }
        ]
      }
    },
    "eventsToAdd": {
      "Type": "AddEvents",
      "Events": [
        {
          "Event": "PRLODSTWS1_1#D_FDW_SIC-TO-PRLODSTWS1_1#BDS_STS_FDW_04G"
        }
      ]
    }
  }
}
