{
  "PRLODSTWS1_1#D_RPT_FIN_81": {
    "Type": "Folder",
    "ControlmServer": "CTM",
    "Description": "== Conversion Messages Start ==\\n\\nMessage ID\\t: INF6107 (3050-5311)\\n\\nMessage ID\\t: INF6104 (3051-5311)\\n\\n== Conversion Messages End ==\\n",
    "OrderMethod": "Manual",
    "SubApplication": "PRLODSTWS1_1",
    "CreatedBy": "emuser",
    "Priority": "9W",
    "TimeZone": "HKG",
    "Application": "PRLODSTWS1_1",
    "When": {
      "RuleBasedCalendars": {
        "Included": [
          "RC1"
        ],
        "RC1": {
          "Type": "Calendar:RuleBased",
          "When": {
            "MonthDaysCalendar": "RCG-D-NAT",
            "DaysRelation": "OR",
            "DaysKeepActive": "01",
            "WeekDays": [
              "NONE"
            ],
            "MonthDays": [
              "NONE"
            ]
          }
        }
      }
    },
    "PRLODSTWS1_1#FIN_1700_PARAM": {
      "Type": "Job:Database:StoredProcedure",
      "ConnectionProfile": "_",
      "StoredProcedure": "sqlext.FIN_1700_PARAM_SP",
      "DaysKeepActive": "1",
      "SubApplication": "PRLODSTWS1_1",
      "Priority": "Very Low",
      "Host": "PRLODSTWS1",
      "CreatedBy": "emuser",
      "Description": "== Conversion Messages Start ==\\n\\nMessage ID\\t: WRN6031 (3041-5312)\\n\\n== Conversion Messages End ==\\nAdded by composer.",
      "RunAs": "controlm",
      "TimeZone": "HKG",
      "Application": "PRLODSTWS1_1",
      "Variables": [
        {
          "DB-STP_SCHEM": ""
        }
      ],
      "When": {
        "WeekDays": [
          "NONE"
        ],
        "Months": [
          "NONE"
        ],
        "MonthDays": [
          "NONE"
        ],
        "DaysRelation": "OR",
        "RuleBasedCalendars": {
          "Included": [
            "RC1"
          ]
        }
      },
      "eventsToWaitFor": {
        "Type": "WaitForEvents",
        "Events": [
          {
            "Event": "PRLODSTWS1_1#FIN_1700_11G-TO-PRLODSTWS1_1#FIN_1700_PARAM_2"
          },
          {
            "Event": "PRLODSTWS1_1#FIN_JOB_PARAM-TO-PRLODSTWS1_1#FIN_1700_PARAM"
          }
        ]
      },
      "eventsToAdd": {
        "Type": "AddEvents",
        "Events": [
          {
            "Event": "PRLODSTWS1_1#FIN_1700_PARAM-TO-PRLODSTWS1_1#FIN_1700_CR_2"
          }
        ]
      },
      "eventsToDelete": {
        "Type": "DeleteEvents",
        "Events": [
          {
            "Event": "PRLODSTWS1_1#FIN_1700_11G-TO-PRLODSTWS1_1#FIN_1700_PARAM_2"
          },
          {
            "Event": "PRLODSTWS1_1#FIN_JOB_PARAM-TO-PRLODSTWS1_1#FIN_1700_PARAM"
          }
        ]
      }
    },
    "PRLODSTWS1_1#FIN_1700_CR": {
      "Type": "Job:Command",
      "DaysKeepActive": "1",
      "SubApplication": "PRLODSTWS1_1",
      "Priority": "Very Low",
      "Host": "PRLODSTWS1",
      "CreatedBy": "emuser",
      "Description": "generate the report file for batch",
      "RunAs": "controlm",
      "TimeZone": "HKG",
      "Application": "PRLODSTWS1_1",
      "Command": "/home/tws/ods_batch_home/esp.batch.scripts/gen.report.sh D_RPT_FIN ${tws.job.name} %%\\\\global\\END_DT_CHAR.",
      "When": {
        "WeekDays": [
          "NONE"
        ],
        "Months": [
          "NONE"
        ],
        "MonthDays": [
          "NONE"
        ],
        "DaysRelation": "OR",
        "RuleBasedCalendars": {
          "Included": [
            "RC1"
          ]
        }
      },
      "eventsToWaitFor": {
        "Type": "WaitForEvents",
        "Events": [
          {
            "Event": "PRLODSTWS1_1#FIN_1700_PARAM-TO-PRLODSTWS1_1#FIN_1700_CR_2"
          }
        ]
      },
      "eventsToAdd": {
        "Type": "AddEvents",
        "Events": [
          {
            "Event": "PRLODSTWS1_1#FIN_1700_CR-TO-PRLODSTWS1_1#FIN_1700_CF_2"
          }
        ]
      },
      "eventsToDelete": {
        "Type": "DeleteEvents",
        "Events": [
          {
            "Event": "PRLODSTWS1_1#FIN_1700_PARAM-TO-PRLODSTWS1_1#FIN_1700_CR_2"
          }
        ]
      }
    },
    "PRLODSTWS1_1#FIN_1700_11G_D": {
      "Type": "Job:Database:StoredProcedure",
      "ConnectionProfile": "_",
      "StoredProcedure": "sqlext.FIN_1700_11G_D_SP",
      "DaysKeepActive": "1",
      "SubApplication": "PRLODSTWS1_1",
      "Priority": "Very Low",
      "Host": "PRLODSTWS1",
      "CreatedBy": "emuser",
      "Description": "== Conversion Messages Start ==\\n\\nMessage ID\\t: WRN6031 (3042-5314)\\n\\n== Conversion Messages End ==\\nAdded by composer.",
      "RunAs": "controlm",
      "TimeZone": "HKG",
      "Application": "PRLODSTWS1_1",
      "Variables": [
        {
          "DB-STP_SCHEM": ""
        }
      ],
      "When": {
        "WeekDays": [
          "NONE"
        ],
        "Months": [
          "NONE"
        ],
        "MonthDays": [
          "NONE"
        ],
        "DaysRelation": "OR",
        "RuleBasedCalendars": {
          "Included": [
            "RC1"
          ]
        }
      },
      "eventsToWaitFor": {
        "Type": "WaitForEvents",
        "Events": [
          {
            "Event": "PRLODSTWS1_1#O_CASH_FIN-TO-PRLODSTWS1_1#FIN_1700_11G_D"
          },
          {
            "Event": "PRLODSTWS1_1#O_TRANS_QUERY_DETAIL-TO-PRLODSTWS1_1#FIN_1700_11G_D"
          },
          {
            "Event": "PRLODSTWS1_1#O_CASH-TO-PRLODSTWS1_1#FIN_1700_11G_D"
          },
          {
            "Event": "PRLODSTWS1_1#O_STRING_RESOURCE-TO-PRLODSTWS1_1#FIN_1700_11G_D"
          },
          {
            "Event": "PRLODSTWS1_1#SDM_CASH_H-TO-PRLODSTWS1_1#FIN_1700_11G_D"
          },
          {
            "Event": "PRLODSTWS1_1#SDM_CONTRACT_MASTER-TO-PRLODSTWS1_1#FIN_1700_11G_D"
          },
          {
            "Event": "PRLODSTWS1_1#CMN_ODS_STS-TO-PRLODSTWS1_1#FIN_1700_11G_D"
          }
        ]
      },
      "eventsToAdd": {
        "Type": "AddEvents",
        "Events": [
          {
            "Event": "PRLODSTWS1_1#FIN_1700_11G_D-TO-PRLODSTWS1_1#FIN_1700_11G_2"
          }
        ]
      },
      "eventsToDelete": {
        "Type": "DeleteEvents",
        "Events": [
          {
            "Event": "PRLODSTWS1_1#O_CASH_FIN-TO-PRLODSTWS1_1#FIN_1700_11G_D"
          },
          {
            "Event": "PRLODSTWS1_1#O_TRANS_QUERY_DETAIL-TO-PRLODSTWS1_1#FIN_1700_11G_D"
          },
          {
            "Event": "PRLODSTWS1_1#O_CASH-TO-PRLODSTWS1_1#FIN_1700_11G_D"
          },
          {
            "Event": "PRLODSTWS1_1#O_STRING_RESOURCE-TO-PRLODSTWS1_1#FIN_1700_11G_D"
          },
          {
            "Event": "PRLODSTWS1_1#SDM_CASH_H-TO-PRLODSTWS1_1#FIN_1700_11G_D"
          },
          {
            "Event": "PRLODSTWS1_1#SDM_CONTRACT_MASTER-TO-PRLODSTWS1_1#FIN_1700_11G_D"
          },
          {
            "Event": "PRLODSTWS1_1#CMN_ODS_STS-TO-PRLODSTWS1_1#FIN_1700_11G_D"
          }
        ]
      }
    },
    "PRLODSTWS1_1#FIN_1710_CF": {
      "Type": "Job:Command",
      "DaysKeepActive": "1",
      "SubApplication": "PRLODSTWS1_1",
      "Priority": "Very Low",
      "Host": "PRLODSTWS1",
      "CreatedBy": "emuser",
      "Description": "archiving file for batch",
      "RunAs": "controlm",
      "TimeZone": "HKG",
      "Application": "PRLODSTWS1_1",
      "Command": "/home/tws/ods_batch_home/esp.batch.scripts/archiving.file.sh D_RPT_FIN ${tws.job.name} %%\\\\global\\END_DT_CHAR.",
      "When": {
        "WeekDays": [
          "NONE"
        ],
        "Months": [
          "NONE"
        ],
        "MonthDays": [
          "NONE"
        ],
        "DaysRelation": "OR",
        "RuleBasedCalendars": {
          "Included": [
            "RC1"
          ]
        }
      },
      "eventsToWaitFor": {
        "Type": "WaitForEvents",
        "Events": [
          {
            "Event": "PRLODSTWS1_1#FIN_1710_CR-TO-PRLODSTWS1_1#FIN_1710_CF_1"
          }
        ]
      },
      "eventsToDelete": {
        "Type": "DeleteEvents",
        "Events": [
          {
            "Event": "PRLODSTWS1_1#FIN_1710_CR-TO-PRLODSTWS1_1#FIN_1710_CF_1"
          }
        ]
      }
    },
    "PRLODSTWS1_1#FIN_1720_PARAM": {
      "Type": "Job:Database:StoredProcedure",
      "ConnectionProfile": "_",
      "StoredProcedure": "sqlext.FIN_1720_PARAM_SP",
      "DaysKeepActive": "1",
      "SubApplication": "PRLODSTWS1_1",
      "Priority": "Very Low",
      "Host": "PRLODSTWS1",
      "CreatedBy": "emuser",
      "Description": "== Conversion Messages Start ==\\n\\nMessage ID\\t: WRN6031 (3043-5316)\\n\\n== Conversion Messages End ==\\nAdded by composer.",
      "RunAs": "controlm",
      "TimeZone": "HKG",
      "Application": "PRLODSTWS1_1",
      "Variables": [
        {
          "DB-STP_SCHEM": ""
        }
      ],
      "When": {
        "WeekDays": [
          "NONE"
        ],
        "Months": [
          "NONE"
        ],
        "MonthDays": [
          "NONE"
        ],
        "DaysRelation": "OR",
        "RuleBasedCalendars": {
          "Included": [
            "RC1"
          ]
        }
      },
      "eventsToWaitFor": {
        "Type": "WaitForEvents",
        "Events": [
          {
            "Event": "PRLODSTWS1_1#FIN_1720_11G-TO-PRLODSTWS1_1#FIN_1720_PARAM_1"
          },
          {
            "Event": "PRLODSTWS1_1#FIN_JOB_PARAM-TO-PRLODSTWS1_1#FIN_1720_PARAM"
          }
        ]
      },
      "eventsToAdd": {
        "Type": "AddEvents",
        "Events": [
          {
            "Event": "PRLODSTWS1_1#FIN_1720_PARAM-TO-PRLODSTWS1_1#FIN_1720_CR_1"
          }
        ]
      },
      "eventsToDelete": {
        "Type": "DeleteEvents",
        "Events": [
          {
            "Event": "PRLODSTWS1_1#FIN_1720_11G-TO-PRLODSTWS1_1#FIN_1720_PARAM_1"
          },
          {
            "Event": "PRLODSTWS1_1#FIN_JOB_PARAM-TO-PRLODSTWS1_1#FIN_1720_PARAM"
          }
        ]
      }
    },
    "PRLODSTWS1_1#FIN_1710_PARAM": {
      "Type": "Job:Database:StoredProcedure",
      "ConnectionProfile": "_",
      "StoredProcedure": "sqlext.FIN_1710_PARAM_SP",
      "DaysKeepActive": "1",
      "SubApplication": "PRLODSTWS1_1",
      "Priority": "Very Low",
      "Host": "PRLODSTWS1",
      "CreatedBy": "emuser",
      "Description": "== Conversion Messages Start ==\\n\\nMessage ID\\t: WRN6031 (3044-5317)\\n\\n== Conversion Messages End ==\\nAdded by composer.",
      "RunAs": "controlm",
      "TimeZone": "HKG",
      "Application": "PRLODSTWS1_1",
      "Variables": [
        {
          "DB-STP_SCHEM": ""
        }
      ],
      "When": {
        "WeekDays": [
          "NONE"
        ],
        "Months": [
          "NONE"
        ],
        "MonthDays": [
          "NONE"
        ],
        "DaysRelation": "OR",
        "RuleBasedCalendars": {
          "Included": [
            "RC1"
          ]
        }
      },
      "eventsToWaitFor": {
        "Type": "WaitForEvents",
        "Events": [
          {
            "Event": "PRLODSTWS1_1#FIN_1710_11G-TO-PRLODSTWS1_1#FIN_1710_PARAM_1"
          },
          {
            "Event": "PRLODSTWS1_1#FIN_JOB_PARAM-TO-PRLODSTWS1_1#FIN_1710_PARAM"
          }
        ]
      },
      "eventsToAdd": {
        "Type": "AddEvents",
        "Events": [
          {
            "Event": "PRLODSTWS1_1#FIN_1710_PARAM-TO-PRLODSTWS1_1#FIN_1710_CR_1"
          }
        ]
      },
      "eventsToDelete": {
        "Type": "DeleteEvents",
        "Events": [
          {
            "Event": "PRLODSTWS1_1#FIN_1710_11G-TO-PRLODSTWS1_1#FIN_1710_PARAM_1"
          },
          {
            "Event": "PRLODSTWS1_1#FIN_JOB_PARAM-TO-PRLODSTWS1_1#FIN_1710_PARAM"
          }
        ]
      }
    },
    "PRLODSTWS1_1#FIN_1710_11G_D": {
      "Type": "Job:Database:StoredProcedure",
      "ConnectionProfile": "_",
      "StoredProcedure": "sqlext.FIN_1710_11G_D_SP",
      "DaysKeepActive": "1",
      "SubApplication": "PRLODSTWS1_1",
      "Priority": "Very Low",
      "Host": "PRLODSTWS1",
      "CreatedBy": "emuser",
      "Description": "== Conversion Messages Start ==\\n\\nMessage ID\\t: WRN6031 (3045-5318)\\n\\n== Conversion Messages End ==\\nAdded by composer.",
      "RunAs": "controlm",
      "TimeZone": "HKG",
      "Application": "PRLODSTWS1_1",
      "Variables": [
        {
          "DB-STP_SCHEM": ""
        }
      ],
      "When": {
        "WeekDays": [
          "NONE"
        ],
        "Months": [
          "NONE"
        ],
        "MonthDays": [
          "NONE"
        ],
        "DaysRelation": "OR",
        "RuleBasedCalendars": {
          "Included": [
            "RC1"
          ]
        }
      },
      "eventsToWaitFor": {
        "Type": "WaitForEvents",
        "Events": [
          {
            "Event": "PRLODSTWS1_1#O_CASH_FIN-TO-PRLODSTWS1_1#FIN_1710_11G_D"
          },
          {
            "Event": "PRLODSTWS1_1#O_COMMISION_FEE-TO-PRLODSTWS1_1#FIN_1710_11G_D"
          },
          {
            "Event": "PRLODSTWS1_1#O_FIN_SEPARATE_ADJUST_FIN-TO-PRLODSTWS1_1#FIN_1710_11G_D"
          },
          {
            "Event": "PRLODSTWS1_1#O_FIN_SEPREATE_ADJUST-TO-PRLODSTWS1_1#FIN_1710_11G_D"
          },
          {
            "Event": "PRLODSTWS1_1#O_TRANS_QUERY_DETAIL-TO-PRLODSTWS1_1#FIN_1710_11G_D"
          },
          {
            "Event": "PRLODSTWS1_1#O_CASH-TO-PRLODSTWS1_1#FIN_1710_11G_D"
          },
          {
            "Event": "PRLODSTWS1_1#O_STRING_RESOURCE-TO-PRLODSTWS1_1#FIN_1710_11G_D"
          },
          {
            "Event": "PRLODSTWS1_1#SDM_CASH_H-TO-PRLODSTWS1_1#FIN_1710_11G_D"
          },
          {
            "Event": "PRLODSTWS1_1#SDM_AGENT-TO-PRLODSTWS1_1#FIN_1710_11G_D"
          },
          {
            "Event": "PRLODSTWS1_1#CMN_ODS_STS-TO-PRLODSTWS1_1#FIN_1710_11G_D"
          }
        ]
      },
      "eventsToAdd": {
        "Type": "AddEvents",
        "Events": [
          {
            "Event": "PRLODSTWS1_1#FIN_1710_11G_D-TO-PRLODSTWS1_1#FIN_1710_11G_1"
          }
        ]
      },
      "eventsToDelete": {
        "Type": "DeleteEvents",
        "Events": [
          {
            "Event": "PRLODSTWS1_1#O_CASH_FIN-TO-PRLODSTWS1_1#FIN_1710_11G_D"
          },
          {
            "Event": "PRLODSTWS1_1#O_COMMISION_FEE-TO-PRLODSTWS1_1#FIN_1710_11G_D"
          },
          {
            "Event": "PRLODSTWS1_1#O_FIN_SEPARATE_ADJUST_FIN-TO-PRLODSTWS1_1#FIN_1710_11G_D"
          },
          {
            "Event": "PRLODSTWS1_1#O_FIN_SEPREATE_ADJUST-TO-PRLODSTWS1_1#FIN_1710_11G_D"
          },
          {
            "Event": "PRLODSTWS1_1#O_TRANS_QUERY_DETAIL-TO-PRLODSTWS1_1#FIN_1710_11G_D"
          },
          {
            "Event": "PRLODSTWS1_1#O_CASH-TO-PRLODSTWS1_1#FIN_1710_11G_D"
          },
          {
            "Event": "PRLODSTWS1_1#O_STRING_RESOURCE-TO-PRLODSTWS1_1#FIN_1710_11G_D"
          },
          {
            "Event": "PRLODSTWS1_1#SDM_CASH_H-TO-PRLODSTWS1_1#FIN_1710_11G_D"
          },
          {
            "Event": "PRLODSTWS1_1#SDM_AGENT-TO-PRLODSTWS1_1#FIN_1710_11G_D"
          },
          {
            "Event": "PRLODSTWS1_1#CMN_ODS_STS-TO-PRLODSTWS1_1#FIN_1710_11G_D"
          }
        ]
      }
    },
    "PRLODSTWS1_1#FIN_1720_11G": {
      "Type": "Job:Database:StoredProcedure",
      "ConnectionProfile": "_",
      "StoredProcedure": "sqlext.FIN_1720_11G_SP",
      "DaysKeepActive": "1",
      "SubApplication": "PRLODSTWS1_1",
      "Priority": "Very Low",
      "Host": "PRLODSTWS1",
      "CreatedBy": "emuser",
      "Description": "== Conversion Messages Start ==\\n\\nMessage ID\\t: WRN6031 (3046-5319)\\n\\n== Conversion Messages End ==\\nAdded by composer.",
      "RunAs": "controlm",
      "TimeZone": "HKG",
      "Application": "PRLODSTWS1_1",
      "Variables": [
        {
          "DB-STP_SCHEM": ""
        }
      ],
      "When": {
        "WeekDays": [
          "NONE"
        ],
        "Months": [
          "NONE"
        ],
        "MonthDays": [
          "NONE"
        ],
        "DaysRelation": "OR",
        "RuleBasedCalendars": {
          "Included": [
            "RC1"
          ]
        }
      },
      "eventsToWaitFor": {
        "Type": "WaitForEvents",
        "Events": [
          {
            "Event": "PRLODSTWS1_1#FIN_1720_11G_D-TO-PRLODSTWS1_1#FIN_1720_11G_1"
          }
        ]
      },
      "eventsToAdd": {
        "Type": "AddEvents",
        "Events": [
          {
            "Event": "PRLODSTWS1_1#FIN_1720_11G-TO-PRLODSTWS1_1#FIN_1720_PARAM_1"
          }
        ]
      },
      "eventsToDelete": {
        "Type": "DeleteEvents",
        "Events": [
          {
            "Event": "PRLODSTWS1_1#FIN_1720_11G_D-TO-PRLODSTWS1_1#FIN_1720_11G_1"
          }
        ]
      }
    },
    "PRLODSTWS1_1#FIN_1720_11G_D": {
      "Type": "Job:Database:StoredProcedure",
      "ConnectionProfile": "_",
      "StoredProcedure": "sqlext.FIN_1720_11G_D_SP",
      "DaysKeepActive": "1",
      "SubApplication": "PRLODSTWS1_1",
      "Priority": "Very Low",
      "Host": "PRLODSTWS1",
      "CreatedBy": "emuser",
      "Description": "== Conversion Messages Start ==\\n\\nMessage ID\\t: WRN6031 (3047-5320)\\n\\n== Conversion Messages End ==\\nAdded by composer.",
      "RunAs": "controlm",
      "TimeZone": "HKG",
      "Application": "PRLODSTWS1_1",
      "Variables": [
        {
          "DB-STP_SCHEM": ""
        }
      ],
      "When": {
        "WeekDays": [
          "NONE"
        ],
        "Months": [
          "NONE"
        ],
        "MonthDays": [
          "NONE"
        ],
        "DaysRelation": "OR",
        "RuleBasedCalendars": {
          "Included": [
            "RC1"
          ]
        }
      },
      "eventsToWaitFor": {
        "Type": "WaitForEvents",
        "Events": [
          {
            "Event": "PRLODSTWS1_1#O_CASH_FIN-TO-PRLODSTWS1_1#FIN_1720_11G_D"
          },
          {
            "Event": "PRLODSTWS1_1#O_TRANS_QUERY_DETAIL-TO-PRLODSTWS1_1#FIN_1720_11G_D"
          },
          {
            "Event": "PRLODSTWS1_1#O_CASH-TO-PRLODSTWS1_1#FIN_1720_11G_D"
          },
          {
            "Event": "PRLODSTWS1_1#SDM_CONTRACT_MASTER-TO-PRLODSTWS1_1#FIN_1720_11G_D"
          },
          {
            "Event": "PRLODSTWS1_1#CMN_ODS_STS-TO-PRLODSTWS1_1#FIN_1720_11G_D"
          }
        ]
      },
      "eventsToAdd": {
        "Type": "AddEvents",
        "Events": [
          {
            "Event": "PRLODSTWS1_1#FIN_1720_11G_D-TO-PRLODSTWS1_1#FIN_1720_11G_1"
          }
        ]
      },
      "eventsToDelete": {
        "Type": "DeleteEvents",
        "Events": [
          {
            "Event": "PRLODSTWS1_1#O_CASH_FIN-TO-PRLODSTWS1_1#FIN_1720_11G_D"
          },
          {
            "Event": "PRLODSTWS1_1#O_TRANS_QUERY_DETAIL-TO-PRLODSTWS1_1#FIN_1720_11G_D"
          },
          {
            "Event": "PRLODSTWS1_1#O_CASH-TO-PRLODSTWS1_1#FIN_1720_11G_D"
          },
          {
            "Event": "PRLODSTWS1_1#SDM_CONTRACT_MASTER-TO-PRLODSTWS1_1#FIN_1720_11G_D"
          },
          {
            "Event": "PRLODSTWS1_1#CMN_ODS_STS-TO-PRLODSTWS1_1#FIN_1720_11G_D"
          }
        ]
      }
    },
    "PRLODSTWS1_1#FIN_1720_CR": {
      "Type": "Job:Command",
      "DaysKeepActive": "1",
      "SubApplication": "PRLODSTWS1_1",
      "Priority": "Very Low",
      "Host": "PRLODSTWS1",
      "CreatedBy": "emuser",
      "Description": "generate the report file for batch",
      "RunAs": "controlm",
      "TimeZone": "HKG",
      "Application": "PRLODSTWS1_1",
      "Command": "/home/tws/ods_batch_home/esp.batch.scripts/gen.report.sh D_RPT_FIN ${tws.job.name} %%\\\\global\\END_DT_CHAR.",
      "When": {
        "WeekDays": [
          "NONE"
        ],
        "Months": [
          "NONE"
        ],
        "MonthDays": [
          "NONE"
        ],
        "DaysRelation": "OR",
        "RuleBasedCalendars": {
          "Included": [
            "RC1"
          ]
        }
      },
      "eventsToWaitFor": {
        "Type": "WaitForEvents",
        "Events": [
          {
            "Event": "PRLODSTWS1_1#FIN_1720_PARAM-TO-PRLODSTWS1_1#FIN_1720_CR_1"
          }
        ]
      },
      "eventsToAdd": {
        "Type": "AddEvents",
        "Events": [
          {
            "Event": "PRLODSTWS1_1#FIN_1720_CR-TO-PRLODSTWS1_1#FIN_1720_CF_1"
          }
        ]
      },
      "eventsToDelete": {
        "Type": "DeleteEvents",
        "Events": [
          {
            "Event": "PRLODSTWS1_1#FIN_1720_PARAM-TO-PRLODSTWS1_1#FIN_1720_CR_1"
          }
        ]
      }
    },
    "PRLODSTWS1_1#FIN_1710_CR": {
      "Type": "Job:Command",
      "DaysKeepActive": "1",
      "SubApplication": "PRLODSTWS1_1",
      "Priority": "Very Low",
      "Host": "PRLODSTWS1",
      "CreatedBy": "emuser",
      "Description": "generate the report file for batch",
      "RunAs": "controlm",
      "TimeZone": "HKG",
      "Application": "PRLODSTWS1_1",
      "Command": "/home/tws/ods_batch_home/esp.batch.scripts/gen.report.sh D_RPT_FIN ${tws.job.name} %%\\\\global\\END_DT_CHAR.",
      "When": {
        "WeekDays": [
          "NONE"
        ],
        "Months": [
          "NONE"
        ],
        "MonthDays": [
          "NONE"
        ],
        "DaysRelation": "OR",
        "RuleBasedCalendars": {
          "Included": [
            "RC1"
          ]
        }
      },
      "eventsToWaitFor": {
        "Type": "WaitForEvents",
        "Events": [
          {
            "Event": "PRLODSTWS1_1#FIN_1710_PARAM-TO-PRLODSTWS1_1#FIN_1710_CR_1"
          }
        ]
      },
      "eventsToAdd": {
        "Type": "AddEvents",
        "Events": [
          {
            "Event": "PRLODSTWS1_1#FIN_1710_CR-TO-PRLODSTWS1_1#FIN_1710_CF_1"
          }
        ]
      },
      "eventsToDelete": {
        "Type": "DeleteEvents",
        "Events": [
          {
            "Event": "PRLODSTWS1_1#FIN_1710_PARAM-TO-PRLODSTWS1_1#FIN_1710_CR_1"
          }
        ]
      }
    },
    "PRLODSTWS1_1#FIN_1700_11G": {
      "Type": "Job:Database:StoredProcedure",
      "ConnectionProfile": "_",
      "StoredProcedure": "sqlext.FIN_1700_11G_SP",
      "DaysKeepActive": "1",
      "SubApplication": "PRLODSTWS1_1",
      "Priority": "Very Low",
      "Host": "PRLODSTWS1",
      "CreatedBy": "emuser",
      "Description": "== Conversion Messages Start ==\\n\\nMessage ID\\t: WRN6031 (3048-5323)\\n\\n== Conversion Messages End ==\\nAdded by composer.",
      "RunAs": "controlm",
      "TimeZone": "HKG",
      "Application": "PRLODSTWS1_1",
      "Variables": [
        {
          "DB-STP_SCHEM": ""
        }
      ],
      "When": {
        "WeekDays": [
          "NONE"
        ],
        "Months": [
          "NONE"
        ],
        "MonthDays": [
          "NONE"
        ],
        "DaysRelation": "OR",
        "RuleBasedCalendars": {
          "Included": [
            "RC1"
          ]
        }
      },
      "eventsToWaitFor": {
        "Type": "WaitForEvents",
        "Events": [
          {
            "Event": "PRLODSTWS1_1#FIN_1700_11G_D-TO-PRLODSTWS1_1#FIN_1700_11G_2"
          }
        ]
      },
      "eventsToAdd": {
        "Type": "AddEvents",
        "Events": [
          {
            "Event": "PRLODSTWS1_1#FIN_1700_11G-TO-PRLODSTWS1_1#FIN_1700_PARAM_2"
          }
        ]
      },
      "eventsToDelete": {
        "Type": "DeleteEvents",
        "Events": [
          {
            "Event": "PRLODSTWS1_1#FIN_1700_11G_D-TO-PRLODSTWS1_1#FIN_1700_11G_2"
          }
        ]
      }
    },
    "PRLODSTWS1_1#FIN_1700_CF": {
      "Type": "Job:Command",
      "DaysKeepActive": "1",
      "SubApplication": "PRLODSTWS1_1",
      "Priority": "Very Low",
      "Host": "PRLODSTWS1",
      "CreatedBy": "emuser",
      "Description": "archiving file for batch",
      "RunAs": "controlm",
      "TimeZone": "HKG",
      "Application": "PRLODSTWS1_1",
      "Command": "/home/tws/ods_batch_home/esp.batch.scripts/archiving.file.sh D_RPT_FIN ${tws.job.name} %%\\\\global\\END_DT_CHAR.",
      "When": {
        "WeekDays": [
          "NONE"
        ],
        "Months": [
          "NONE"
        ],
        "MonthDays": [
          "NONE"
        ],
        "DaysRelation": "OR",
        "RuleBasedCalendars": {
          "Included": [
            "RC1"
          ]
        }
      },
      "eventsToWaitFor": {
        "Type": "WaitForEvents",
        "Events": [
          {
            "Event": "PRLODSTWS1_1#FIN_1700_CR-TO-PRLODSTWS1_1#FIN_1700_CF_2"
          }
        ]
      },
      "eventsToDelete": {
        "Type": "DeleteEvents",
        "Events": [
          {
            "Event": "PRLODSTWS1_1#FIN_1700_CR-TO-PRLODSTWS1_1#FIN_1700_CF_2"
          }
        ]
      }
    },
    "PRLODSTWS1_1#FIN_1720_CF": {
      "Type": "Job:Command",
      "DaysKeepActive": "1",
      "SubApplication": "PRLODSTWS1_1",
      "Priority": "Very Low",
      "Host": "PRLODSTWS1",
      "CreatedBy": "emuser",
      "Description": "archiving file for batch",
      "RunAs": "controlm",
      "TimeZone": "HKG",
      "Application": "PRLODSTWS1_1",
      "Command": "/home/tws/ods_batch_home/esp.batch.scripts/archiving.file.sh D_RPT_FIN ${tws.job.name} %%\\\\global\\END_DT_CHAR.",
      "When": {
        "WeekDays": [
          "NONE"
        ],
        "Months": [
          "NONE"
        ],
        "MonthDays": [
          "NONE"
        ],
        "DaysRelation": "OR",
        "RuleBasedCalendars": {
          "Included": [
            "RC1"
          ]
        }
      },
      "eventsToWaitFor": {
        "Type": "WaitForEvents",
        "Events": [
          {
            "Event": "PRLODSTWS1_1#FIN_1720_CR-TO-PRLODSTWS1_1#FIN_1720_CF_1"
          }
        ]
      },
      "eventsToDelete": {
        "Type": "DeleteEvents",
        "Events": [
          {
            "Event": "PRLODSTWS1_1#FIN_1720_CR-TO-PRLODSTWS1_1#FIN_1720_CF_1"
          }
        ]
      }
    },
    "PRLODSTWS1_1#FIN_1710_11G": {
      "Type": "Job:Database:StoredProcedure",
      "ConnectionProfile": "_",
      "StoredProcedure": "sqlext.FIN_1710_11G_SP",
      "DaysKeepActive": "1",
      "SubApplication": "PRLODSTWS1_1",
      "Priority": "Very Low",
      "Host": "PRLODSTWS1",
      "CreatedBy": "emuser",
      "Description": "== Conversion Messages Start ==\\n\\nMessage ID\\t: WRN6031 (3049-5326)\\n\\n== Conversion Messages End ==\\nAdded by composer.",
      "RunAs": "controlm",
      "TimeZone": "HKG",
      "Application": "PRLODSTWS1_1",
      "Variables": [
        {
          "DB-STP_SCHEM": ""
        }
      ],
      "When": {
        "WeekDays": [
          "NONE"
        ],
        "Months": [
          "NONE"
        ],
        "MonthDays": [
          "NONE"
        ],
        "DaysRelation": "OR",
        "RuleBasedCalendars": {
          "Included": [
            "RC1"
          ]
        }
      },
      "eventsToWaitFor": {
        "Type": "WaitForEvents",
        "Events": [
          {
            "Event": "PRLODSTWS1_1#FIN_1710_11G_D-TO-PRLODSTWS1_1#FIN_1710_11G_1"
          }
        ]
      },
      "eventsToAdd": {
        "Type": "AddEvents",
        "Events": [
          {
            "Event": "PRLODSTWS1_1#FIN_1710_11G-TO-PRLODSTWS1_1#FIN_1710_PARAM_1"
          }
        ]
      },
      "eventsToDelete": {
        "Type": "DeleteEvents",
        "Events": [
          {
            "Event": "PRLODSTWS1_1#FIN_1710_11G_D-TO-PRLODSTWS1_1#FIN_1710_11G_1"
          }
        ]
      }
    },
    "eventsToAdd": {
      "Type": "AddEvents",
      "Events": [
        {
          "Event": "PRLODSTWS1_1#D_RPT_FIN_81-TO-PRLODSTWS1_1#BDS_STS_RPT_FIN"
        }
      ]
    }
  }
}
