{
  "PRLODSTWS1_1#D_ODS_ACCT_F": {
    "Type": "Folder",
    "ControlmServer": "CTM",
    "Description": "== Conversion Messages Start ==\\n\\nMessage ID\\t: INF6107 (713-1143)\\n\\nMessage ID\\t: INF6104 (714-1143)\\n\\n== Conversion Messages End ==\\n",
    "OrderMethod": "Manual",
    "SubApplication": "PRLODSTWS1_1",
    "CreatedBy": "emuser",
    "Priority": "9W",
    "TimeZone": "HKG",
    "Application": "PRLODSTWS1_1",
    "When": {
      "RuleBasedCalendars": {
        "Included": [
          "RC1"
        ],
        "RC1": {
          "Type": "Calendar:RuleBased",
          "When": {
            "MonthDaysCalendar": "RCG-D-NAT",
            "DaysRelation": "OR",
            "DaysKeepActive": "01",
            "WeekDays": [
              "NONE"
            ],
            "MonthDays": [
              "NONE"
            ]
          }
        }
      }
    },
    "PRLODSTWS1_1#O_ACCT_F_FIN_1360_F": {
      "Type": "Job:Database:StoredProcedure",
      "ConnectionProfile": "_",
      "StoredProcedure": "sqlext.O_ACCT_F_FIN_1360_F_SP",
      "DaysKeepActive": "1",
      "SubApplication": "PRLODSTWS1_1",
      "Priority": "Very Low",
      "Host": "PRLODSTWS1",
      "CreatedBy": "emuser",
      "Description": "== Conversion Messages Start ==\\n\\nMessage ID\\t: WRN6031 (710-1144)\\n\\n== Conversion Messages End ==\\nAdded by composer.",
      "RunAs": "controlm",
      "TimeZone": "HKG",
      "Application": "PRLODSTWS1_1",
      "Variables": [
        {
          "DB-STP_SCHEM": ""
        }
      ],
      "When": {
        "WeekDays": [
          "NONE"
        ],
        "Months": [
          "NONE"
        ],
        "MonthDays": [
          "NONE"
        ],
        "DaysRelation": "OR",
        "RuleBasedCalendars": {
          "Included": [
            "RC1"
          ]
        }
      },
      "eventsToWaitFor": {
        "Type": "WaitForEvents",
        "Events": [
          {
            "Event": "PRLODSTWS1_1#ACCT_F_FIN_1360_F_LD-TO-PRLODSTWS1_1#O_ACCT_F_FIN_1360_F"
          }
        ]
      },
      "eventsToAdd": {
        "Type": "AddEvents",
        "Events": [
          {
            "Event": "PRLODSTWS1_1#O_ACCT_F_FIN_1360_F-TO-PRLODSTWS1_1#ACCT_F_FIN_1360_F_RMH"
          }
        ]
      },
      "eventsToDelete": {
        "Type": "DeleteEvents",
        "Events": [
          {
            "Event": "PRLODSTWS1_1#ACCT_F_FIN_1360_F_LD-TO-PRLODSTWS1_1#O_ACCT_F_FIN_1360_F"
          }
        ]
      }
    },
    "PRLODSTWS1_1#FIN_1360_F": {
      "Type": "Job:Database:StoredProcedure",
      "ConnectionProfile": "_",
      "StoredProcedure": "sqlext.FIN_1360_F_SP",
      "DaysKeepActive": "1",
      "SubApplication": "PRLODSTWS1_1",
      "Priority": "Very Low",
      "Host": "PRLODSTWS1",
      "CreatedBy": "emuser",
      "Description": "== Conversion Messages Start ==\\n\\nMessage ID\\t: WRN6031 (711-1145)\\n\\n== Conversion Messages End ==\\nAdded by composer.",
      "RunAs": "controlm",
      "TimeZone": "HKG",
      "Application": "PRLODSTWS1_1",
      "Variables": [
        {
          "DB-STP_SCHEM": ""
        }
      ],
      "When": {
        "WeekDays": [
          "NONE"
        ],
        "Months": [
          "NONE"
        ],
        "MonthDays": [
          "NONE"
        ],
        "DaysRelation": "OR",
        "RuleBasedCalendars": {
          "Included": [
            "RC1"
          ]
        }
      },
      "eventsToWaitFor": {
        "Type": "WaitForEvents",
        "Events": [
          {
            "Event": "PRLODSTWS1_1#ACCT_F_FIN_1360_F_CPD-TO-PRLODSTWS1_1#FIN_1360_F"
          }
        ]
      },
      "eventsToAdd": {
        "Type": "AddEvents",
        "Events": [
          {
            "Event": "PRLODSTWS1_1#FIN_1360_F-TO-PRLODSTWS1_1#ACCT_F_FIN_1360_F_LD"
          }
        ]
      },
      "eventsToDelete": {
        "Type": "DeleteEvents",
        "Events": [
          {
            "Event": "PRLODSTWS1_1#ACCT_F_FIN_1360_F_CPD-TO-PRLODSTWS1_1#FIN_1360_F"
          }
        ]
      }
    },
    "PRLODSTWS1_1#ACCT_F_FIN_1360_F_WH": {
      "Type": "Job:EmbeddedScript",
      "Script": "date",
      "DaysKeepActive": "1",
      "SubApplication": "PRLODSTWS1_1",
      "Priority": "Very Low",
      "FileName": "PRLODSTWS1_1#ACCT_F_FIN_1360_F_WH.cmd",
      "Host": "PRLODSTWS1",
      "CreatedBy": "emuser",
      "Description": "== Conversion Messages Start ==\\n\\nMessage ID\\t: INF6110 (712-1146)\\n\\n== Conversion Messages End ==\\nCommon Remote Batch Template",
      "RunAs": "controlm",
      "TimeZone": "HKG",
      "Application": "PRLODSTWS1_1",
      "When": {
        "WeekDays": [
          "NONE"
        ],
        "Months": [
          "NONE"
        ],
        "MonthDays": [
          "NONE"
        ],
        "DaysRelation": "OR",
        "RuleBasedCalendars": {
          "Included": [
            "RC1"
          ]
        }
      },
      "eventsToWaitFor": {
        "Type": "WaitForEvents",
        "Events": [
          {
            "Event": "PRLODSTWS1_1#SYS_STS_STG-TO-PRLODSTWS1_1#ACCT_F_FIN_1360_F_WH"
          },
          {
            "Event": "PRLODSTWS1_1#ACCT_F_FIN_1360_F_WH@PRLODSTWS1_1#D_ODS_ACCT_F_opens_0"
          }
        ]
      },
      "eventsToAdd": {
        "Type": "AddEvents",
        "Events": [
          {
            "Event": "PRLODSTWS1_1#ACCT_F_FIN_1360_F_WH-TO-PRLODSTWS1_1#ACCT_F_FIN_1360_F_CPH"
          }
        ]
      },
      "eventsToDelete": {
        "Type": "DeleteEvents",
        "Events": [
          {
            "Event": "PRLODSTWS1_1#SYS_STS_STG-TO-PRLODSTWS1_1#ACCT_F_FIN_1360_F_WH"
          },
          {
            "Event": "PRLODSTWS1_1#ACCT_F_FIN_1360_F_WH@PRLODSTWS1_1#D_ODS_ACCT_F_opens_0"
          }
        ]
      }
    },
    "PRLODSTWS1_1#ACCT_F_FIN_1360_F_WH_opens_0": {
      "Type": "Job:FileWatcher:Create",
      "TimeLimit": "1380",
      "Wildcard": true,
      "Path": "%%DIR_SOURCEACCT_F/RQ/CTRL/FIN_1360_F/FIN_1360_F_%%END_DT_CHAR.txt",
      "SubApplication": "PRLODSTWS1_1",
      "Priority": "Very Low",
      "FileName": "PRLODSTWS1_1#ACCT_F_FIN_1360_F_WH_opens_0",
      "Host": "PRLODSTWS1_1",
      "FilePath": "Not in use for File Watcher jobs",
      "CreatedBy": "emuser",
      "Description": "Assisting job created for PRLODSTWS1_1#ACCT_F_FIN_1360_F_WH",
      "RunAs": "controlm",
      "Application": "PRLODSTWS1_1",
      "Variables": [
        {
          "END_DT_CHAR": "20220609"
        },
        {
          "DIR_SOURCE": "/home/tws/ods_batch_home/etl/SOURCE/"
        },
        {
          "FileWatch-PATH": "Not in use for File Watcher jobs"
        }
      ],
      "When": {
        "WeekDays": [
          "NONE"
        ],
        "Months": [
          "NONE"
        ],
        "MonthDays": [
          "NONE"
        ],
        "DaysRelation": "OR",
        "RuleBasedCalendars": {
          "Included": [
            "RC1"
          ]
        }
      },
      "eventsToAdd": {
        "Type": "AddEvents",
        "Events": [
          {
            "Event": "PRLODSTWS1_1#ACCT_F_FIN_1360_F_WH@PRLODSTWS1_1#D_ODS_ACCT_F_opens_0"
          }
        ]
      }
    },
    "PRLODSTWS1_1#ACCT_F_FIN_1360_F_LD": {
      "Type": "Job:EmbeddedScript",
      "Script": "^DIR_OUTPUT_STG^ACCT_F/FIN_1360_F/FIN_1360_F.sh ^ETLUSER^  ^ETLPWD^ ^DW_HOST^ ^END_DT_CHAR^",
      "DaysKeepActive": "1",
      "SubApplication": "PRLODSTWS1_1",
      "Priority": "Very Low",
      "FileName": "PRLODSTWS1_1#ACCT_F_FIN_1360_F_LD.cmd",
      "Host": "PRLODSTWS1",
      "CreatedBy": "emuser",
      "Description": "Common Local Batch Template",
      "RunAs": "controlm",
      "TimeZone": "HKG",
      "Application": "PRLODSTWS1_1",
      "When": {
        "WeekDays": [
          "NONE"
        ],
        "Months": [
          "NONE"
        ],
        "MonthDays": [
          "NONE"
        ],
        "DaysRelation": "OR",
        "RuleBasedCalendars": {
          "Included": [
            "RC1"
          ]
        }
      },
      "eventsToWaitFor": {
        "Type": "WaitForEvents",
        "Events": [
          {
            "Event": "PRLODSTWS1_1#FIN_1360_F-TO-PRLODSTWS1_1#ACCT_F_FIN_1360_F_LD"
          }
        ]
      },
      "eventsToAdd": {
        "Type": "AddEvents",
        "Events": [
          {
            "Event": "PRLODSTWS1_1#ACCT_F_FIN_1360_F_LD-TO-PRLODSTWS1_1#O_ACCT_F_FIN_1360_F"
          }
        ]
      },
      "eventsToDelete": {
        "Type": "DeleteEvents",
        "Events": [
          {
            "Event": "PRLODSTWS1_1#FIN_1360_F-TO-PRLODSTWS1_1#ACCT_F_FIN_1360_F_LD"
          }
        ]
      }
    },
    "PRLODSTWS1_1#ACCT_F_FIN_1360_F_RMH": {
      "Type": "Job:EmbeddedScript",
      "Script": "/usr/bin/rm ^DIR_SOURCE^ACCT_F/RQ/CTRL/FIN_1360_F/FIN_1360_F_^END_DT_CHAR^.txt",
      "DaysKeepActive": "1",
      "SubApplication": "PRLODSTWS1_1",
      "Priority": "Very Low",
      "FileName": "PRLODSTWS1_1#ACCT_F_FIN_1360_F_RMH.cmd",
      "Host": "PRLODSTWS1",
      "CreatedBy": "emuser",
      "Description": "Common Local Batch Template",
      "RunAs": "controlm",
      "TimeZone": "HKG",
      "Application": "PRLODSTWS1_1",
      "When": {
        "WeekDays": [
          "NONE"
        ],
        "Months": [
          "NONE"
        ],
        "MonthDays": [
          "NONE"
        ],
        "DaysRelation": "OR",
        "RuleBasedCalendars": {
          "Included": [
            "RC1"
          ]
        }
      },
      "eventsToWaitFor": {
        "Type": "WaitForEvents",
        "Events": [
          {
            "Event": "PRLODSTWS1_1#O_ACCT_F_FIN_1360_F-TO-PRLODSTWS1_1#ACCT_F_FIN_1360_F_RMH"
          }
        ]
      },
      "eventsToAdd": {
        "Type": "AddEvents",
        "Events": [
          {
            "Event": "PRLODSTWS1_1#ACCT_F_FIN_1360_F_RMH-TO-PRLODSTWS1_1#ACCT_F_FIN_1360_F_RMD"
          }
        ]
      },
      "eventsToDelete": {
        "Type": "DeleteEvents",
        "Events": [
          {
            "Event": "PRLODSTWS1_1#O_ACCT_F_FIN_1360_F-TO-PRLODSTWS1_1#ACCT_F_FIN_1360_F_RMH"
          }
        ]
      }
    },
    "PRLODSTWS1_1#ACCT_F_FIN_1360_F_CPH": {
      "Type": "Job:EmbeddedScript",
      "Script": "/usr/bin/cp ^DIR_SOURCE^ACCT_F/RQ/CTRL/FIN_1360_F/FIN_1360_F_^END_DT_CHAR^.txt ^DIR_TEMP^/ACCT_F/FIN_1360_F.H",
      "DaysKeepActive": "1",
      "SubApplication": "PRLODSTWS1_1",
      "Priority": "Very Low",
      "FileName": "PRLODSTWS1_1#ACCT_F_FIN_1360_F_CPH.cmd",
      "Host": "PRLODSTWS1",
      "CreatedBy": "emuser",
      "Description": "Common Local Batch Template",
      "RunAs": "controlm",
      "TimeZone": "HKG",
      "Application": "PRLODSTWS1_1",
      "When": {
        "WeekDays": [
          "NONE"
        ],
        "Months": [
          "NONE"
        ],
        "MonthDays": [
          "NONE"
        ],
        "DaysRelation": "OR",
        "RuleBasedCalendars": {
          "Included": [
            "RC1"
          ]
        }
      },
      "eventsToWaitFor": {
        "Type": "WaitForEvents",
        "Events": [
          {
            "Event": "PRLODSTWS1_1#ACCT_F_FIN_1360_F_WH-TO-PRLODSTWS1_1#ACCT_F_FIN_1360_F_CPH"
          }
        ]
      },
      "eventsToAdd": {
        "Type": "AddEvents",
        "Events": [
          {
            "Event": "PRLODSTWS1_1#ACCT_F_FIN_1360_F_CPH-TO-PRLODSTWS1_1#ACCT_F_FIN_1360_F_CPD"
          }
        ]
      },
      "eventsToDelete": {
        "Type": "DeleteEvents",
        "Events": [
          {
            "Event": "PRLODSTWS1_1#ACCT_F_FIN_1360_F_WH-TO-PRLODSTWS1_1#ACCT_F_FIN_1360_F_CPH"
          }
        ]
      }
    },
    "PRLODSTWS1_1#ACCT_F_FIN_1360_F_RMD": {
      "Type": "Job:EmbeddedScript",
      "Script": "/usr/bin/rm ^DIR_SOURCE^ACCT_F/RQ/DATA/FIN_1360_F/FIN_1360_F_^END_DT_CHAR^.txt",
      "DaysKeepActive": "1",
      "SubApplication": "PRLODSTWS1_1",
      "Priority": "Very Low",
      "FileName": "PRLODSTWS1_1#ACCT_F_FIN_1360_F_RMD.cmd",
      "Host": "PRLODSTWS1",
      "CreatedBy": "emuser",
      "Description": "Common Local Batch Template",
      "RunAs": "controlm",
      "TimeZone": "HKG",
      "Application": "PRLODSTWS1_1",
      "When": {
        "WeekDays": [
          "NONE"
        ],
        "Months": [
          "NONE"
        ],
        "MonthDays": [
          "NONE"
        ],
        "DaysRelation": "OR",
        "RuleBasedCalendars": {
          "Included": [
            "RC1"
          ]
        }
      },
      "eventsToWaitFor": {
        "Type": "WaitForEvents",
        "Events": [
          {
            "Event": "PRLODSTWS1_1#ACCT_F_FIN_1360_F_RMH-TO-PRLODSTWS1_1#ACCT_F_FIN_1360_F_RMD"
          }
        ]
      },
      "eventsToDelete": {
        "Type": "DeleteEvents",
        "Events": [
          {
            "Event": "PRLODSTWS1_1#ACCT_F_FIN_1360_F_RMH-TO-PRLODSTWS1_1#ACCT_F_FIN_1360_F_RMD"
          }
        ]
      }
    },
    "PRLODSTWS1_1#ACCT_F_FIN_1360_F_CPD": {
      "Type": "Job:EmbeddedScript",
      "Script": "/usr/bin/cp ^DIR_SOURCE^ACCT_F/RQ/DATA/FIN_1360_F/FIN_1360_F_^END_DT_CHAR^.txt  ^DIR_TEMP^/ACCT_F/FIN_1360_F.D",
      "DaysKeepActive": "1",
      "SubApplication": "PRLODSTWS1_1",
      "Priority": "Very Low",
      "FileName": "PRLODSTWS1_1#ACCT_F_FIN_1360_F_CPD.cmd",
      "Host": "PRLODSTWS1",
      "CreatedBy": "emuser",
      "Description": "Common Local Batch Template",
      "RunAs": "controlm",
      "TimeZone": "HKG",
      "Application": "PRLODSTWS1_1",
      "When": {
        "WeekDays": [
          "NONE"
        ],
        "Months": [
          "NONE"
        ],
        "MonthDays": [
          "NONE"
        ],
        "DaysRelation": "OR",
        "RuleBasedCalendars": {
          "Included": [
            "RC1"
          ]
        }
      },
      "eventsToWaitFor": {
        "Type": "WaitForEvents",
        "Events": [
          {
            "Event": "PRLODSTWS1_1#ACCT_F_FIN_1360_F_CPH-TO-PRLODSTWS1_1#ACCT_F_FIN_1360_F_CPD"
          }
        ]
      },
      "eventsToAdd": {
        "Type": "AddEvents",
        "Events": [
          {
            "Event": "PRLODSTWS1_1#ACCT_F_FIN_1360_F_CPD-TO-PRLODSTWS1_1#FIN_1360_F"
          }
        ]
      },
      "eventsToDelete": {
        "Type": "DeleteEvents",
        "Events": [
          {
            "Event": "PRLODSTWS1_1#ACCT_F_FIN_1360_F_CPH-TO-PRLODSTWS1_1#ACCT_F_FIN_1360_F_CPD"
          }
        ]
      }
    }
  }
}
