{
  "PRLODSTWS1_1#I_FDW_CORE": {
    "Type": "Folder",
    "ControlmServer": "CTM",
    "Description": "== Conversion Messages Start ==\\n\\nMessage ID\\t: INF6107 (7605-13416)\\n\\nMessage ID\\t: INF6104 (7606-13416)\\n\\n== Conversion Messages End ==\\n",
    "OrderMethod": "Manual",
    "SubApplication": "PRLODSTWS1_1",
    "CreatedBy": "emuser",
    "Priority": "9W",
    "TimeZone": "HKG",
    "Application": "PRLODSTWS1_1",
    "When": {
      "RuleBasedCalendars": {
        "Included": [
          "RC1"
        ],
        "RC1": {
          "Type": "Calendar:RuleBased",
          "When": {
            "MonthDaysCalendar": "RCG-D-NAT",
            "DaysRelation": "OR",
            "DaysKeepActive": "01",
            "WeekDays": [
              "NONE"
            ],
            "MonthDays": [
              "NONE"
            ]
          }
        }
      }
    },
    "PRLODSTWS1_1#FDW_FLEX_MAPPING": {
      "Type": "Job:Database:StoredProcedure",
      "ConnectionProfile": "_",
      "StoredProcedure": "sqlext.FDW_FLEX_MAPPING_SP",
      "DaysKeepActive": "1",
      "SubApplication": "PRLODSTWS1_1",
      "Priority": "Very Low",
      "Host": "PRLODSTWS1",
      "CreatedBy": "emuser",
      "Description": "== Conversion Messages Start ==\\n\\nMessage ID\\t: WRN6031 (7601-13417)\\n\\n== Conversion Messages End ==\\nAdded by composer.",
      "RunAs": "controlm",
      "TimeZone": "HKG",
      "Application": "PRLODSTWS1_1",
      "Variables": [
        {
          "DB-STP_SCHEM": ""
        }
      ],
      "When": {
        "WeekDays": [
          "NONE"
        ],
        "Months": [
          "NONE"
        ],
        "MonthDays": [
          "NONE"
        ],
        "DaysRelation": "OR",
        "RuleBasedCalendars": {
          "Included": [
            "RC1"
          ]
        }
      },
      "eventsToWaitFor": {
        "Type": "WaitForEvents",
        "Events": [
          {
            "Event": "PRLODSTWS1_1#SYS_STS_STG-TO-PRLODSTWS1_1#FDW_FLEX_MAPPING"
          }
        ]
      },
      "eventsToDelete": {
        "Type": "DeleteEvents",
        "Events": [
          {
            "Event": "PRLODSTWS1_1#SYS_STS_STG-TO-PRLODSTWS1_1#FDW_FLEX_MAPPING"
          }
        ]
      }
    },
    "PRLODSTWS1_1#FDW_DEDUCT_MAPPING": {
      "Type": "Job:Database:StoredProcedure",
      "ConnectionProfile": "_",
      "StoredProcedure": "sqlext.FDW_DEDUCT_MAPPING_SP",
      "DaysKeepActive": "1",
      "SubApplication": "PRLODSTWS1_1",
      "Priority": "Very Low",
      "Host": "PRLODSTWS1",
      "CreatedBy": "emuser",
      "Description": "== Conversion Messages Start ==\\n\\nMessage ID\\t: WRN6031 (7602-13418)\\n\\n== Conversion Messages End ==\\nAdded by composer.",
      "RunAs": "controlm",
      "TimeZone": "HKG",
      "Application": "PRLODSTWS1_1",
      "Variables": [
        {
          "DB-STP_SCHEM": ""
        }
      ],
      "When": {
        "WeekDays": [
          "NONE"
        ],
        "Months": [
          "NONE"
        ],
        "MonthDays": [
          "NONE"
        ],
        "DaysRelation": "OR",
        "RuleBasedCalendars": {
          "Included": [
            "RC1"
          ]
        }
      },
      "eventsToWaitFor": {
        "Type": "WaitForEvents",
        "Events": [
          {
            "Event": "PRLODSTWS1_1#SYS_STS_STG-TO-PRLODSTWS1_1#FDW_DEDUCT_MAPPING"
          }
        ]
      },
      "eventsToDelete": {
        "Type": "DeleteEvents",
        "Events": [
          {
            "Event": "PRLODSTWS1_1#SYS_STS_STG-TO-PRLODSTWS1_1#FDW_DEDUCT_MAPPING"
          }
        ]
      }
    },
    "PRLODSTWS1_1#FDW_PROK_CHANNEL_INFO": {
      "Type": "Job:Database:StoredProcedure",
      "ConnectionProfile": "_",
      "StoredProcedure": "sqlext.FDW_PROK_CHANNEL_INFO_SP",
      "DaysKeepActive": "1",
      "SubApplication": "PRLODSTWS1_1",
      "Priority": "Very Low",
      "Host": "PRLODSTWS1",
      "CreatedBy": "emuser",
      "Description": "== Conversion Messages Start ==\\n\\nMessage ID\\t: WRN6031 (7603-13419)\\n\\n== Conversion Messages End ==\\nAdded by composer.",
      "RunAs": "controlm",
      "TimeZone": "HKG",
      "Application": "PRLODSTWS1_1",
      "Variables": [
        {
          "DB-STP_SCHEM": ""
        }
      ],
      "When": {
        "WeekDays": [
          "NONE"
        ],
        "Months": [
          "NONE"
        ],
        "MonthDays": [
          "NONE"
        ],
        "DaysRelation": "OR",
        "RuleBasedCalendars": {
          "Included": [
            "RC1"
          ]
        }
      },
      "eventsToWaitFor": {
        "Type": "WaitForEvents",
        "Events": [
          {
            "Event": "PRLODSTWS1_1#SYS_STS_STG-TO-PRLODSTWS1_1#FDW_PROK_CHANNEL_INFO"
          }
        ]
      },
      "eventsToDelete": {
        "Type": "DeleteEvents",
        "Events": [
          {
            "Event": "PRLODSTWS1_1#SYS_STS_STG-TO-PRLODSTWS1_1#FDW_PROK_CHANNEL_INFO"
          }
        ]
      }
    },
    "PRLODSTWS1_1#FDW_PREM_MAPPING": {
      "Type": "Job:Database:StoredProcedure",
      "ConnectionProfile": "_",
      "StoredProcedure": "sqlext.FDW_PREM_MAPPING_SP",
      "DaysKeepActive": "1",
      "SubApplication": "PRLODSTWS1_1",
      "Priority": "Very Low",
      "Host": "PRLODSTWS1",
      "CreatedBy": "emuser",
      "Description": "== Conversion Messages Start ==\\n\\nMessage ID\\t: WRN6031 (7604-13420)\\n\\n== Conversion Messages End ==\\nAdded by composer.",
      "RunAs": "controlm",
      "TimeZone": "HKG",
      "Application": "PRLODSTWS1_1",
      "Variables": [
        {
          "DB-STP_SCHEM": ""
        }
      ],
      "When": {
        "WeekDays": [
          "NONE"
        ],
        "Months": [
          "NONE"
        ],
        "MonthDays": [
          "NONE"
        ],
        "DaysRelation": "OR",
        "RuleBasedCalendars": {
          "Included": [
            "RC1"
          ]
        }
      },
      "eventsToWaitFor": {
        "Type": "WaitForEvents",
        "Events": [
          {
            "Event": "PRLODSTWS1_1#SYS_STS_STG-TO-PRLODSTWS1_1#FDW_PREM_MAPPING"
          }
        ]
      },
      "eventsToAdd": {
        "Type": "AddEvents",
        "Events": [
          {
            "Event": "PRLODSTWS1_1#FDW_PREM_MAPPING-TO-PRLODSTWS1_1#FDW_PRODUCT_TOTAL_PREM"
          }
        ]
      },
      "eventsToDelete": {
        "Type": "DeleteEvents",
        "Events": [
          {
            "Event": "PRLODSTWS1_1#SYS_STS_STG-TO-PRLODSTWS1_1#FDW_PREM_MAPPING"
          }
        ]
      }
    },
    "eventsToAdd": {
      "Type": "AddEvents",
      "Events": [
        {
          "Event": "PRLODSTWS1_1#I_FDW_CORE-TO-PRLODSTWS1_1#BDS_STS_FDW_05G"
        }
      ]
    }
  }
}
