{
  "PRLODSTWS1_1#D_ODS_FIN_E": {
    "Type": "Folder",
    "ControlmServer": "CTM",
    "Description": "== Conversion Messages Start ==\\n\\nMessage ID\\t: INF6107 (3852-6759)\\n\\nMessage ID\\t: INF6104 (3853-6759)\\n\\n== Conversion Messages End ==\\n",
    "OrderMethod": "Manual",
    "SubApplication": "PRLODSTWS1_1",
    "CreatedBy": "emuser",
    "Priority": "9W",
    "TimeZone": "HKG",
    "Application": "PRLODSTWS1_1",
    "When": {
      "RuleBasedCalendars": {
        "Included": [
          "RC1"
        ],
        "RC1": {
          "Type": "Calendar:RuleBased",
          "When": {
            "MonthDaysCalendar": "RCG-D-NAT",
            "DaysRelation": "OR",
            "DaysKeepActive": "01",
            "WeekDays": [
              "NONE"
            ],
            "MonthDays": [
              "NONE"
            ]
          }
        }
      }
    },
    "PRLODSTWS1_1#FIN_1360_E": {
      "Type": "Job:Database:StoredProcedure",
      "ConnectionProfile": "_",
      "StoredProcedure": "sqlext.FIN_1360_E_SP",
      "DaysKeepActive": "1",
      "SubApplication": "PRLODSTWS1_1",
      "Priority": "Very Low",
      "Host": "PRLODSTWS1",
      "CreatedBy": "emuser",
      "Description": "== Conversion Messages Start ==\\n\\nMessage ID\\t: WRN6031 (3849-6760)\\n\\n== Conversion Messages End ==\\nAdded by composer.",
      "RunAs": "controlm",
      "TimeZone": "HKG",
      "Application": "PRLODSTWS1_1",
      "Variables": [
        {
          "DB-STP_SCHEM": ""
        }
      ],
      "When": {
        "WeekDays": [
          "NONE"
        ],
        "Months": [
          "NONE"
        ],
        "MonthDays": [
          "NONE"
        ],
        "DaysRelation": "OR",
        "RuleBasedCalendars": {
          "Included": [
            "RC1"
          ]
        }
      },
      "eventsToWaitFor": {
        "Type": "WaitForEvents",
        "Events": [
          {
            "Event": "PRLODSTWS1_1#FIN_E_FIN_1360_E_CPD-TO-PRLODSTWS1_1#FIN_1360_E"
          }
        ]
      },
      "eventsToAdd": {
        "Type": "AddEvents",
        "Events": [
          {
            "Event": "PRLODSTWS1_1#FIN_1360_E-TO-PRLODSTWS1_1#FIN_E_FIN_1360_E_LD"
          }
        ]
      },
      "eventsToDelete": {
        "Type": "DeleteEvents",
        "Events": [
          {
            "Event": "PRLODSTWS1_1#FIN_E_FIN_1360_E_CPD-TO-PRLODSTWS1_1#FIN_1360_E"
          }
        ]
      }
    },
    "PRLODSTWS1_1#FIN_E_FIN_1360_E_LD": {
      "Type": "Job:EmbeddedScript",
      "Script": "^DIR_OUTPUT_STG^FIN_E/FIN_1360_E/FIN_1360_E.sh ^ETLUSER^  ^ETLPWD^ ^DW_HOST^ ^END_DT_CHAR^",
      "DaysKeepActive": "1",
      "SubApplication": "PRLODSTWS1_1",
      "Priority": "Very Low",
      "FileName": "PRLODSTWS1_1#FIN_E_FIN_1360_E_LD.cmd",
      "Host": "PRLODSTWS1",
      "CreatedBy": "emuser",
      "Description": "Common Local Batch Template",
      "RunAs": "controlm",
      "TimeZone": "HKG",
      "Application": "PRLODSTWS1_1",
      "When": {
        "WeekDays": [
          "NONE"
        ],
        "Months": [
          "NONE"
        ],
        "MonthDays": [
          "NONE"
        ],
        "DaysRelation": "OR",
        "RuleBasedCalendars": {
          "Included": [
            "RC1"
          ]
        }
      },
      "eventsToWaitFor": {
        "Type": "WaitForEvents",
        "Events": [
          {
            "Event": "PRLODSTWS1_1#FIN_1360_E-TO-PRLODSTWS1_1#FIN_E_FIN_1360_E_LD"
          }
        ]
      },
      "eventsToAdd": {
        "Type": "AddEvents",
        "Events": [
          {
            "Event": "PRLODSTWS1_1#FIN_E_FIN_1360_E_LD-TO-PRLODSTWS1_1#O_FIN_E_FIN_1360_E"
          }
        ]
      },
      "eventsToDelete": {
        "Type": "DeleteEvents",
        "Events": [
          {
            "Event": "PRLODSTWS1_1#FIN_1360_E-TO-PRLODSTWS1_1#FIN_E_FIN_1360_E_LD"
          }
        ]
      }
    },
    "PRLODSTWS1_1#FIN_E_FIN_1360_E_WH": {
      "Type": "Job:EmbeddedScript",
      "Script": "date",
      "DaysKeepActive": "1",
      "SubApplication": "PRLODSTWS1_1",
      "Priority": "Very Low",
      "FileName": "PRLODSTWS1_1#FIN_E_FIN_1360_E_WH.cmd",
      "Host": "PRLODSTWS1",
      "CreatedBy": "emuser",
      "Description": "== Conversion Messages Start ==\\n\\nMessage ID\\t: INF6110 (3850-6762)\\n\\n== Conversion Messages End ==\\nCommon Remote Batch Template",
      "RunAs": "controlm",
      "TimeZone": "HKG",
      "Application": "PRLODSTWS1_1",
      "When": {
        "WeekDays": [
          "NONE"
        ],
        "Months": [
          "NONE"
        ],
        "MonthDays": [
          "NONE"
        ],
        "DaysRelation": "OR",
        "RuleBasedCalendars": {
          "Included": [
            "RC1"
          ]
        }
      },
      "eventsToWaitFor": {
        "Type": "WaitForEvents",
        "Events": [
          {
            "Event": "PRLODSTWS1_1#SYS_STS_STG-TO-PRLODSTWS1_1#FIN_E_FIN_1360_E_WH"
          },
          {
            "Event": "PRLODSTWS1_1#FIN_E_FIN_1360_E_WH@PRLODSTWS1_1#D_ODS_FIN_E_opens_0"
          }
        ]
      },
      "eventsToAdd": {
        "Type": "AddEvents",
        "Events": [
          {
            "Event": "PRLODSTWS1_1#FIN_E_FIN_1360_E_WH-TO-PRLODSTWS1_1#FIN_E_FIN_1360_E_CPH"
          }
        ]
      },
      "eventsToDelete": {
        "Type": "DeleteEvents",
        "Events": [
          {
            "Event": "PRLODSTWS1_1#SYS_STS_STG-TO-PRLODSTWS1_1#FIN_E_FIN_1360_E_WH"
          },
          {
            "Event": "PRLODSTWS1_1#FIN_E_FIN_1360_E_WH@PRLODSTWS1_1#D_ODS_FIN_E_opens_0"
          }
        ]
      }
    },
    "PRLODSTWS1_1#FIN_E_FIN_1360_E_WH_opens_0": {
      "Type": "Job:FileWatcher:Create",
      "TimeLimit": "1380",
      "Wildcard": true,
      "Path": "%%DIR_SOURCEFIN_E/RQ/CTRL/FIN_1360_E/FIN_1360_E_%%END_DT_CHAR.txt",
      "SubApplication": "PRLODSTWS1_1",
      "Priority": "Very Low",
      "FileName": "PRLODSTWS1_1#FIN_E_FIN_1360_E_WH_opens_0",
      "Host": "PRLODSTWS1_1",
      "FilePath": "Not in use for File Watcher jobs",
      "CreatedBy": "emuser",
      "Description": "Assisting job created for PRLODSTWS1_1#FIN_E_FIN_1360_E_WH",
      "RunAs": "controlm",
      "Application": "PRLODSTWS1_1",
      "Variables": [
        {
          "END_DT_CHAR": "20220609"
        },
        {
          "DIR_SOURCE": "/home/tws/ods_batch_home/etl/SOURCE/"
        },
        {
          "FileWatch-PATH": "Not in use for File Watcher jobs"
        }
      ],
      "When": {
        "WeekDays": [
          "NONE"
        ],
        "Months": [
          "NONE"
        ],
        "MonthDays": [
          "NONE"
        ],
        "DaysRelation": "OR",
        "RuleBasedCalendars": {
          "Included": [
            "RC1"
          ]
        }
      },
      "eventsToAdd": {
        "Type": "AddEvents",
        "Events": [
          {
            "Event": "PRLODSTWS1_1#FIN_E_FIN_1360_E_WH@PRLODSTWS1_1#D_ODS_FIN_E_opens_0"
          }
        ]
      }
    },
    "PRLODSTWS1_1#FIN_E_FIN_1360_E_RMH": {
      "Type": "Job:EmbeddedScript",
      "Script": "/usr/bin/rm ^DIR_SOURCE^FIN_E/RQ/CTRL/FIN_1360_E/FIN_1360_E_^END_DT_CHAR^.txt",
      "DaysKeepActive": "1",
      "SubApplication": "PRLODSTWS1_1",
      "Priority": "Very Low",
      "FileName": "PRLODSTWS1_1#FIN_E_FIN_1360_E_RMH.cmd",
      "Host": "PRLODSTWS1",
      "CreatedBy": "emuser",
      "Description": "Common Local Batch Template",
      "RunAs": "controlm",
      "TimeZone": "HKG",
      "Application": "PRLODSTWS1_1",
      "When": {
        "WeekDays": [
          "NONE"
        ],
        "Months": [
          "NONE"
        ],
        "MonthDays": [
          "NONE"
        ],
        "DaysRelation": "OR",
        "RuleBasedCalendars": {
          "Included": [
            "RC1"
          ]
        }
      },
      "eventsToWaitFor": {
        "Type": "WaitForEvents",
        "Events": [
          {
            "Event": "PRLODSTWS1_1#O_FIN_E_FIN_1360_E-TO-PRLODSTWS1_1#FIN_E_FIN_1360_E_RMH"
          }
        ]
      },
      "eventsToAdd": {
        "Type": "AddEvents",
        "Events": [
          {
            "Event": "PRLODSTWS1_1#FIN_E_FIN_1360_E_RMH-TO-PRLODSTWS1_1#FIN_E_FIN_1360_E_RMD"
          }
        ]
      },
      "eventsToDelete": {
        "Type": "DeleteEvents",
        "Events": [
          {
            "Event": "PRLODSTWS1_1#O_FIN_E_FIN_1360_E-TO-PRLODSTWS1_1#FIN_E_FIN_1360_E_RMH"
          }
        ]
      }
    },
    "PRLODSTWS1_1#FIN_E_FIN_1360_E_CPH": {
      "Type": "Job:EmbeddedScript",
      "Script": "/usr/bin/cp ^DIR_SOURCE^FIN_E/RQ/CTRL/FIN_1360_E/FIN_1360_E_^END_DT_CHAR^.txt ^DIR_TEMP^/FIN_E/FIN_1360_E.H",
      "DaysKeepActive": "1",
      "SubApplication": "PRLODSTWS1_1",
      "Priority": "Very Low",
      "FileName": "PRLODSTWS1_1#FIN_E_FIN_1360_E_CPH.cmd",
      "Host": "PRLODSTWS1",
      "CreatedBy": "emuser",
      "Description": "Common Local Batch Template",
      "RunAs": "controlm",
      "TimeZone": "HKG",
      "Application": "PRLODSTWS1_1",
      "When": {
        "WeekDays": [
          "NONE"
        ],
        "Months": [
          "NONE"
        ],
        "MonthDays": [
          "NONE"
        ],
        "DaysRelation": "OR",
        "RuleBasedCalendars": {
          "Included": [
            "RC1"
          ]
        }
      },
      "eventsToWaitFor": {
        "Type": "WaitForEvents",
        "Events": [
          {
            "Event": "PRLODSTWS1_1#FIN_E_FIN_1360_E_WH-TO-PRLODSTWS1_1#FIN_E_FIN_1360_E_CPH"
          }
        ]
      },
      "eventsToAdd": {
        "Type": "AddEvents",
        "Events": [
          {
            "Event": "PRLODSTWS1_1#FIN_E_FIN_1360_E_CPH-TO-PRLODSTWS1_1#FIN_E_FIN_1360_E_CPD"
          }
        ]
      },
      "eventsToDelete": {
        "Type": "DeleteEvents",
        "Events": [
          {
            "Event": "PRLODSTWS1_1#FIN_E_FIN_1360_E_WH-TO-PRLODSTWS1_1#FIN_E_FIN_1360_E_CPH"
          }
        ]
      }
    },
    "PRLODSTWS1_1#O_FIN_E_FIN_1360_E": {
      "Type": "Job:Database:StoredProcedure",
      "ConnectionProfile": "_",
      "StoredProcedure": "sqlext.O_FIN_E_FIN_1360_E_SP",
      "DaysKeepActive": "1",
      "SubApplication": "PRLODSTWS1_1",
      "Priority": "Very Low",
      "Host": "PRLODSTWS1",
      "CreatedBy": "emuser",
      "Description": "== Conversion Messages Start ==\\n\\nMessage ID\\t: WRN6031 (3851-6766)\\n\\n== Conversion Messages End ==\\nAdded by composer.",
      "RunAs": "controlm",
      "TimeZone": "HKG",
      "Application": "PRLODSTWS1_1",
      "Variables": [
        {
          "DB-STP_SCHEM": ""
        }
      ],
      "When": {
        "WeekDays": [
          "NONE"
        ],
        "Months": [
          "NONE"
        ],
        "MonthDays": [
          "NONE"
        ],
        "DaysRelation": "OR",
        "RuleBasedCalendars": {
          "Included": [
            "RC1"
          ]
        }
      },
      "eventsToWaitFor": {
        "Type": "WaitForEvents",
        "Events": [
          {
            "Event": "PRLODSTWS1_1#FIN_E_FIN_1360_E_LD-TO-PRLODSTWS1_1#O_FIN_E_FIN_1360_E"
          }
        ]
      },
      "eventsToAdd": {
        "Type": "AddEvents",
        "Events": [
          {
            "Event": "PRLODSTWS1_1#O_FIN_E_FIN_1360_E-TO-PRLODSTWS1_1#FIN_E_FIN_1360_E_RMH"
          }
        ]
      },
      "eventsToDelete": {
        "Type": "DeleteEvents",
        "Events": [
          {
            "Event": "PRLODSTWS1_1#FIN_E_FIN_1360_E_LD-TO-PRLODSTWS1_1#O_FIN_E_FIN_1360_E"
          }
        ]
      }
    },
    "PRLODSTWS1_1#FIN_E_FIN_1360_E_RMD": {
      "Type": "Job:EmbeddedScript",
      "Script": "/usr/bin/rm ^DIR_SOURCE^FIN_E/RQ/DATA/FIN_1360_E/FIN_1360_E_^END_DT_CHAR^.txt",
      "DaysKeepActive": "1",
      "SubApplication": "PRLODSTWS1_1",
      "Priority": "Very Low",
      "FileName": "PRLODSTWS1_1#FIN_E_FIN_1360_E_RMD.cmd",
      "Host": "PRLODSTWS1",
      "CreatedBy": "emuser",
      "Description": "Common Local Batch Template",
      "RunAs": "controlm",
      "TimeZone": "HKG",
      "Application": "PRLODSTWS1_1",
      "When": {
        "WeekDays": [
          "NONE"
        ],
        "Months": [
          "NONE"
        ],
        "MonthDays": [
          "NONE"
        ],
        "DaysRelation": "OR",
        "RuleBasedCalendars": {
          "Included": [
            "RC1"
          ]
        }
      },
      "eventsToWaitFor": {
        "Type": "WaitForEvents",
        "Events": [
          {
            "Event": "PRLODSTWS1_1#FIN_E_FIN_1360_E_RMH-TO-PRLODSTWS1_1#FIN_E_FIN_1360_E_RMD"
          }
        ]
      },
      "eventsToDelete": {
        "Type": "DeleteEvents",
        "Events": [
          {
            "Event": "PRLODSTWS1_1#FIN_E_FIN_1360_E_RMH-TO-PRLODSTWS1_1#FIN_E_FIN_1360_E_RMD"
          }
        ]
      }
    },
    "PRLODSTWS1_1#FIN_E_FIN_1360_E_CPD": {
      "Type": "Job:EmbeddedScript",
      "Script": "/usr/bin/cp ^DIR_SOURCE^FIN_E/RQ/DATA/FIN_1360_E/FIN_1360_E_^END_DT_CHAR^.txt  ^DIR_TEMP^/FIN_E/FIN_1360_E.D",
      "DaysKeepActive": "1",
      "SubApplication": "PRLODSTWS1_1",
      "Priority": "Very Low",
      "FileName": "PRLODSTWS1_1#FIN_E_FIN_1360_E_CPD.cmd",
      "Host": "PRLODSTWS1",
      "CreatedBy": "emuser",
      "Description": "Common Local Batch Template",
      "RunAs": "controlm",
      "TimeZone": "HKG",
      "Application": "PRLODSTWS1_1",
      "When": {
        "WeekDays": [
          "NONE"
        ],
        "Months": [
          "NONE"
        ],
        "MonthDays": [
          "NONE"
        ],
        "DaysRelation": "OR",
        "RuleBasedCalendars": {
          "Included": [
            "RC1"
          ]
        }
      },
      "eventsToWaitFor": {
        "Type": "WaitForEvents",
        "Events": [
          {
            "Event": "PRLODSTWS1_1#FIN_E_FIN_1360_E_CPH-TO-PRLODSTWS1_1#FIN_E_FIN_1360_E_CPD"
          }
        ]
      },
      "eventsToAdd": {
        "Type": "AddEvents",
        "Events": [
          {
            "Event": "PRLODSTWS1_1#FIN_E_FIN_1360_E_CPD-TO-PRLODSTWS1_1#FIN_1360_E"
          }
        ]
      },
      "eventsToDelete": {
        "Type": "DeleteEvents",
        "Events": [
          {
            "Event": "PRLODSTWS1_1#FIN_E_FIN_1360_E_CPH-TO-PRLODSTWS1_1#FIN_E_FIN_1360_E_CPD"
          }
        ]
      }
    }
  }
}
