{
  "PRLODSTWS1#FINALPOSTREPORTS": {
    "Type": "Folder",
    "ControlmServer": "CTM",
    "Description": "== Conversion Messages Start ==\\n\\nMessage ID\\t: INF6107 (6669-11937)\\n\\n== Conversion Messages End ==\\n",
    "OrderMethod": "Manual",
    "SubApplication": "PRLODSTWS1",
    "CreatedBy": "emuser",
    "Priority": "Very Low",
    "Application": "PRLODSTWS1",
    "When": {
      "RuleBasedCalendars": {
        "Included": [
          "RULE1"
        ],
        "RULE1": {
          "Type": "Calendar:RuleBased",
          "When": {
            "DaysRelation": "OR",
            "DaysKeepActive": "01",
            "WeekDays": [
              "NONE"
            ],
            "MonthDays": [
              "ALL"
            ]
          }
        }
      }
    },
    "PRLODSTWS1#CHECKSYNC": {
      "Type": "Job:Command",
      "DaysKeepActive": "1",
      "SubApplication": "PRLODSTWS1",
      "Priority": "Very Low",
      "Host": "PRLODSTWS1",
      "CreatedBy": "tws",
      "Description": "Added by composer for job stream: PRLODSTWS1#FINALPOSTREPORTS.",
      "RunAs": "tws",
      "Application": "PRLODSTWS1",
      "Command": "/opt/IBM/TWA/TWS/bin/planman checksync",
      "When": {
        "WeekDays": [
          "NONE"
        ],
        "Months": [
          "NONE"
        ],
        "MonthDays": [
          "NONE"
        ],
        "DaysRelation": "OR",
        "RuleBasedCalendars": {
          "Included": [
            "RULE1"
          ]
        }
      },
      "IfBase:Folder:CompletionStatus_0": {
        "Type": "If:CompletionStatus",
        "CompletionStatus": "NOTOK",
        "Event:Add_0": {
          "Type": "Event:Add",
          "Event": "PRLODSTWS1#CHECKSYNC-TO-PRLODSTWS1#UPDATESTATS"
        }
      },
      "eventsToAdd": {
        "Type": "AddEvents",
        "Events": [
          {
            "Event": "PRLODSTWS1#CHECKSYNC-TO-PRLODSTWS1#UPDATESTATS"
          }
        ]
      }
    },
    "PRLODSTWS1#UPDATESTATS": {
      "Type": "Job:Command",
      "DaysKeepActive": "1",
      "SubApplication": "PRLODSTWS1",
      "Priority": "Very Low",
      "Host": "PRLODSTWS1",
      "CreatedBy": "tws",
      "Description": "Added by composer for job stream: PRLODSTWS1#FINALPOSTREPORTS.",
      "RunAs": "tws",
      "Application": "PRLODSTWS1",
      "Command": "/opt/IBM/TWA/TWS/UpdateStats",
      "When": {
        "WeekDays": [
          "NONE"
        ],
        "Months": [
          "NONE"
        ],
        "MonthDays": [
          "NONE"
        ],
        "DaysRelation": "OR",
        "RuleBasedCalendars": {
          "Included": [
            "RULE1"
          ]
        }
      },
      "IfBase:Folder:CompletionStatus_0": {
        "Type": "If:CompletionStatus",
        "CompletionStatus": "NOTOK",
        "Event:Delete_0": {
          "Type": "Event:Delete",
          "Event": "PRLODSTWS1#CHECKSYNC-TO-PRLODSTWS1#UPDATESTATS"
        }
      },
      "eventsToWaitFor": {
        "Type": "WaitForEvents",
        "Events": [
          {
            "Event": "PRLODSTWS1#CHECKSYNC-TO-PRLODSTWS1#UPDATESTATS"
          }
        ]
      },
      "eventsToDelete": {
        "Type": "DeleteEvents",
        "Events": [
          {
            "Event": "PRLODSTWS1#CHECKSYNC-TO-PRLODSTWS1#UPDATESTATS"
          }
        ]
      }
    },
    "PRLODSTWS1#CREATEPOSTREPORTS": {
      "Type": "Job:Command",
      "DaysKeepActive": "1",
      "SubApplication": "PRLODSTWS1",
      "Priority": "Very Low",
      "Host": "PRLODSTWS1",
      "CreatedBy": "tws",
      "Description": "Added by composer for job stream: PRLODSTWS1#FINALPOSTREPORTS.",
      "RunAs": "tws",
      "Application": "PRLODSTWS1",
      "Command": "/opt/IBM/TWA/TWS/CreatePostReports",
      "When": {
        "WeekDays": [
          "NONE"
        ],
        "Months": [
          "NONE"
        ],
        "MonthDays": [
          "NONE"
        ],
        "DaysRelation": "OR",
        "RuleBasedCalendars": {
          "Included": [
            "RULE1"
          ]
        }
      }
    },
    "eventsToWaitFor": {
      "Type": "WaitForEvents",
      "Events": [
        {
          "Event": "PRLODSTWS1#SWITCHPLAN-TO-PRLODSTWS1#FINALPOSTREPORTS",
          "Date": "PreviousOrderDate"
        }
      ]
    },
    "eventsToDelete": {
      "Type": "DeleteEvents",
      "Events": [
        {
          "Event": "PRLODSTWS1#SWITCHPLAN-TO-PRLODSTWS1#FINALPOSTREPORTS",
          "Date": "PreviousOrderDate"
        }
      ]
    }
  }
}
