{
  "PRLODSTWS1_1#D_FDW_EIA": {
    "Type": "Folder",
    "ControlmServer": "CTM",
    "Description": "== Conversion Messages Start ==\\n\\nMessage ID\\t: INF6107 (2891-5042)\\n\\nMessage ID\\t: INF6104 (2892-5042)\\n\\n== Conversion Messages End ==\\n",
    "OrderMethod": "Manual",
    "SubApplication": "PRLODSTWS1_1",
    "CreatedBy": "emuser",
    "Priority": "9W",
    "TimeZone": "HKG",
    "Application": "PRLODSTWS1_1",
    "When": {
      "RuleBasedCalendars": {
        "Included": [
          "RC1"
        ],
        "RC1": {
          "Type": "Calendar:RuleBased",
          "When": {
            "MonthDaysCalendar": "RCG-D-NAT",
            "DaysRelation": "OR",
            "DaysKeepActive": "01",
            "WeekDays": [
              "NONE"
            ],
            "MonthDays": [
              "NONE"
            ]
          }
        }
      }
    },
    "PRLODSTWS1_1#EIA_CMBNS_M_XLS": {
      "Type": "Job:Database:StoredProcedure",
      "ConnectionProfile": "_",
      "StoredProcedure": "sqlext.EIA_CMBNS_M_XLS_SP",
      "DaysKeepActive": "1",
      "SubApplication": "PRLODSTWS1_1",
      "Priority": "Very Low",
      "Host": "PRLODSTWS1",
      "CreatedBy": "emuser",
      "Description": "== Conversion Messages Start ==\\n\\nMessage ID\\t: WRN6031 (2877-5043)\\n\\n== Conversion Messages End ==\\nAdded by composer.",
      "RunAs": "controlm",
      "TimeZone": "HKG",
      "Application": "PRLODSTWS1_1",
      "Variables": [
        {
          "DB-STP_SCHEM": ""
        }
      ],
      "When": {
        "WeekDays": [
          "NONE"
        ],
        "Months": [
          "NONE"
        ],
        "MonthDays": [
          "NONE"
        ],
        "DaysRelation": "OR",
        "RuleBasedCalendars": {
          "Included": [
            "RC1"
          ]
        }
      },
      "eventsToWaitFor": {
        "Type": "WaitForEvents",
        "Events": [
          {
            "Event": "PRLODSTWS1_1#FDW_CMBNS_M_EIA-TO-PRLODSTWS1_1#EIA_CMBNS_M_XLS"
          },
          {
            "Event": "PRLODSTWS1_1#BATCH_INFO_DETAIL-TO-PRLODSTWS1_1#EIA_CMBNS_M_XLS"
          }
        ]
      },
      "eventsToAdd": {
        "Type": "AddEvents",
        "Events": [
          {
            "Event": "PRLODSTWS1_1#EIA_CMBNS_M_XLS-TO-PRLODSTWS1_1#EIA_CMBNS_M_XLS_PARAM"
          }
        ]
      },
      "eventsToDelete": {
        "Type": "DeleteEvents",
        "Events": [
          {
            "Event": "PRLODSTWS1_1#FDW_CMBNS_M_EIA-TO-PRLODSTWS1_1#EIA_CMBNS_M_XLS"
          },
          {
            "Event": "PRLODSTWS1_1#BATCH_INFO_DETAIL-TO-PRLODSTWS1_1#EIA_CMBNS_M_XLS"
          }
        ]
      }
    },
    "PRLODSTWS1_1#FDW_COMMISION_M_EIA": {
      "Type": "Job:Database:StoredProcedure",
      "ConnectionProfile": "_",
      "StoredProcedure": "sqlext.FDW_COMMISION_M_EIA_SP",
      "DaysKeepActive": "1",
      "SubApplication": "PRLODSTWS1_1",
      "Priority": "Very Low",
      "Host": "PRLODSTWS1",
      "CreatedBy": "emuser",
      "Description": "== Conversion Messages Start ==\\n\\nMessage ID\\t: WRN6031 (2878-5044)\\n\\n== Conversion Messages End ==\\nAdded by composer.",
      "RunAs": "controlm",
      "TimeZone": "HKG",
      "Application": "PRLODSTWS1_1",
      "Variables": [
        {
          "DB-STP_SCHEM": ""
        }
      ],
      "When": {
        "WeekDays": [
          "NONE"
        ],
        "Months": [
          "NONE"
        ],
        "MonthDays": [
          "NONE"
        ],
        "DaysRelation": "OR",
        "RuleBasedCalendars": {
          "Included": [
            "RC1"
          ]
        }
      },
      "eventsToWaitFor": {
        "Type": "WaitForEvents",
        "Events": [
          {
            "Event": "PRLODSTWS1_1#FDW_CODE_MAP-TO-PRLODSTWS1_1#FDW_COMMISION_M_EIA"
          },
          {
            "Event": "PRLODSTWS1_1#FDW_COMMISION_M-TO-PRLODSTWS1_1#FDW_COMMISION_M_EIA"
          }
        ]
      },
      "eventsToAdd": {
        "Type": "AddEvents",
        "Events": [
          {
            "Event": "PRLODSTWS1_1#FDW_COMMISION_M_EIA-TO-PRLODSTWS1_1#EIA_COMM_M"
          },
          {
            "Event": "PRLODSTWS1_1#FDW_COMMISION_M_EIA-TO-PRLODSTWS1_1#EIA_COMM_M_HCB"
          },
          {
            "Event": "PRLODSTWS1_1#FDW_COMMISION_M_EIA-TO-PRLODSTWS1_1#FDW_CMBNS_M_EIA"
          }
        ]
      },
      "eventsToDelete": {
        "Type": "DeleteEvents",
        "Events": [
          {
            "Event": "PRLODSTWS1_1#FDW_CODE_MAP-TO-PRLODSTWS1_1#FDW_COMMISION_M_EIA"
          },
          {
            "Event": "PRLODSTWS1_1#FDW_COMMISION_M-TO-PRLODSTWS1_1#FDW_COMMISION_M_EIA"
          }
        ]
      }
    },
    "PRLODSTWS1_1#EIA_COMM_M_HCB_PARAM": {
      "Type": "Job:Database:StoredProcedure",
      "ConnectionProfile": "_",
      "StoredProcedure": "sqlext.EIA_COMM_M_HCB_PARAM_SP",
      "DaysKeepActive": "1",
      "SubApplication": "PRLODSTWS1_1",
      "Priority": "Very Low",
      "Host": "PRLODSTWS1",
      "CreatedBy": "emuser",
      "Description": "== Conversion Messages Start ==\\n\\nMessage ID\\t: WRN6031 (2879-5045)\\n\\n== Conversion Messages End ==\\nAdded by composer.",
      "RunAs": "controlm",
      "TimeZone": "HKG",
      "Application": "PRLODSTWS1_1",
      "Variables": [
        {
          "DB-STP_SCHEM": ""
        }
      ],
      "When": {
        "WeekDays": [
          "NONE"
        ],
        "Months": [
          "NONE"
        ],
        "MonthDays": [
          "NONE"
        ],
        "DaysRelation": "OR",
        "RuleBasedCalendars": {
          "Included": [
            "RC1"
          ]
        }
      },
      "eventsToWaitFor": {
        "Type": "WaitForEvents",
        "Events": [
          {
            "Event": "PRLODSTWS1_1#EIA_COMM_M_HCB-TO-PRLODSTWS1_1#EIA_COMM_M_HCB_PARAM"
          }
        ]
      },
      "eventsToAdd": {
        "Type": "AddEvents",
        "Events": [
          {
            "Event": "PRLODSTWS1_1#EIA_COMM_M_HCB_PARAM-TO-PRLODSTWS1_1#EIA_COMM_M_HCB_EX"
          }
        ]
      },
      "eventsToDelete": {
        "Type": "DeleteEvents",
        "Events": [
          {
            "Event": "PRLODSTWS1_1#EIA_COMM_M_HCB-TO-PRLODSTWS1_1#EIA_COMM_M_HCB_PARAM"
          }
        ]
      }
    },
    "PRLODSTWS1_1#EIA_COMM_M_HCB_EX": {
      "Type": "Job:Command",
      "DaysKeepActive": "1",
      "SubApplication": "PRLODSTWS1_1",
      "Priority": "Very Low",
      "Host": "PRLODSTWS1",
      "CreatedBy": "emuser",
      "Description": "CSV Export for batch",
      "RunAs": "controlm",
      "TimeZone": "HKG",
      "Application": "PRLODSTWS1_1",
      "Command": "/home/tws/ods_batch_home/esp.batch.scripts/gen.table2File.sh D_FDW_EIA ${tws.job.name} %%\\\\global\\END_DT_CHAR.",
      "When": {
        "WeekDays": [
          "NONE"
        ],
        "Months": [
          "NONE"
        ],
        "MonthDays": [
          "NONE"
        ],
        "DaysRelation": "OR",
        "RuleBasedCalendars": {
          "Included": [
            "RC1"
          ]
        }
      },
      "eventsToWaitFor": {
        "Type": "WaitForEvents",
        "Events": [
          {
            "Event": "PRLODSTWS1_1#EIA_COMM_M_HCB_PARAM-TO-PRLODSTWS1_1#EIA_COMM_M_HCB_EX"
          }
        ]
      },
      "eventsToAdd": {
        "Type": "AddEvents",
        "Events": [
          {
            "Event": "PRLODSTWS1_1#EIA_COMM_M_HCB_EX-TO-PRLODSTWS1_1#EIA_COMM_M_HCB_CM"
          }
        ]
      },
      "eventsToDelete": {
        "Type": "DeleteEvents",
        "Events": [
          {
            "Event": "PRLODSTWS1_1#EIA_COMM_M_HCB_PARAM-TO-PRLODSTWS1_1#EIA_COMM_M_HCB_EX"
          }
        ]
      }
    },
    "PRLODSTWS1_1#EIA_CMBNS_M_EI_FP": {
      "Type": "Job:Command",
      "DaysKeepActive": "1",
      "SubApplication": "PRLODSTWS1_1",
      "Priority": "Very Low",
      "Host": "PRLODSTWS1",
      "CreatedBy": "emuser",
      "Description": "Ftp files for batch",
      "RunAs": "controlm",
      "TimeZone": "HKG",
      "Application": "PRLODSTWS1_1",
      "Command": "/home/tws/ods_batch_home/esp.batch.scripts/ftp.files.sh D_FDW_EIA ${tws.job.name} %%\\\\global\\END_DT_CHAR.",
      "When": {
        "WeekDays": [
          "NONE"
        ],
        "Months": [
          "NONE"
        ],
        "MonthDays": [
          "NONE"
        ],
        "DaysRelation": "OR",
        "RuleBasedCalendars": {
          "Included": [
            "RC1"
          ]
        }
      },
      "eventsToWaitFor": {
        "Type": "WaitForEvents",
        "Events": [
          {
            "Event": "PRLODSTWS1_1#EIA_CMBNS_M_EI_CM-TO-PRLODSTWS1_1#EIA_CMBNS_M_EI_FP"
          }
        ]
      },
      "eventsToDelete": {
        "Type": "DeleteEvents",
        "Events": [
          {
            "Event": "PRLODSTWS1_1#EIA_CMBNS_M_EI_CM-TO-PRLODSTWS1_1#EIA_CMBNS_M_EI_FP"
          }
        ]
      }
    },
    "PRLODSTWS1_1#EIA_COMM_M_FP": {
      "Type": "Job:Command",
      "DaysKeepActive": "1",
      "SubApplication": "PRLODSTWS1_1",
      "Priority": "Very Low",
      "Host": "PRLODSTWS1",
      "CreatedBy": "emuser",
      "Description": "Ftp files for batch",
      "RunAs": "controlm",
      "TimeZone": "HKG",
      "Application": "PRLODSTWS1_1",
      "Command": "/home/tws/ods_batch_home/esp.batch.scripts/ftp.files.sh D_FDW_EIA ${tws.job.name} %%\\\\global\\END_DT_CHAR.",
      "When": {
        "WeekDays": [
          "NONE"
        ],
        "Months": [
          "NONE"
        ],
        "MonthDays": [
          "NONE"
        ],
        "DaysRelation": "OR",
        "RuleBasedCalendars": {
          "Included": [
            "RC1"
          ]
        }
      },
      "eventsToWaitFor": {
        "Type": "WaitForEvents",
        "Events": [
          {
            "Event": "PRLODSTWS1_1#EIA_COMM_M_CM-TO-PRLODSTWS1_1#EIA_COMM_M_FP"
          }
        ]
      },
      "eventsToDelete": {
        "Type": "DeleteEvents",
        "Events": [
          {
            "Event": "PRLODSTWS1_1#EIA_COMM_M_CM-TO-PRLODSTWS1_1#EIA_COMM_M_FP"
          }
        ]
      }
    },
    "PRLODSTWS1_1#FDW_CMBNS_M_EIA": {
      "Type": "Job:Database:StoredProcedure",
      "ConnectionProfile": "_",
      "StoredProcedure": "sqlext.FDW_CMBNS_M_EIA_SP",
      "DaysKeepActive": "1",
      "SubApplication": "PRLODSTWS1_1",
      "Priority": "Very Low",
      "Host": "PRLODSTWS1",
      "CreatedBy": "emuser",
      "Description": "== Conversion Messages Start ==\\n\\nMessage ID\\t: WRN6031 (2880-5049)\\n\\n== Conversion Messages End ==\\nAdded by composer.",
      "RunAs": "controlm",
      "TimeZone": "HKG",
      "Application": "PRLODSTWS1_1",
      "Variables": [
        {
          "DB-STP_SCHEM": ""
        }
      ],
      "When": {
        "WeekDays": [
          "NONE"
        ],
        "Months": [
          "NONE"
        ],
        "MonthDays": [
          "NONE"
        ],
        "DaysRelation": "OR",
        "RuleBasedCalendars": {
          "Included": [
            "RC1"
          ]
        }
      },
      "eventsToWaitFor": {
        "Type": "WaitForEvents",
        "Events": [
          {
            "Event": "PRLODSTWS1_1#FDW_COMMISION_M_EIA-TO-PRLODSTWS1_1#FDW_CMBNS_M_EIA"
          },
          {
            "Event": "PRLODSTWS1_1#FDW_BONUS_M-TO-PRLODSTWS1_1#FDW_CMBNS_M_EIA"
          },
          {
            "Event": "PRLODSTWS1_1#FDW_CODE_MAP-TO-PRLODSTWS1_1#FDW_CMBNS_M_EIA"
          },
          {
            "Event": "PRLODSTWS1_1#FDW_CONTRACT_MASTER-TO-PRLODSTWS1_1#FDW_CMBNS_M_EIA"
          }
        ]
      },
      "eventsToAdd": {
        "Type": "AddEvents",
        "Events": [
          {
            "Event": "PRLODSTWS1_1#FDW_CMBNS_M_EIA-TO-PRLODSTWS1_1#EIA_CMBNS_M_EI"
          },
          {
            "Event": "PRLODSTWS1_1#FDW_CMBNS_M_EIA-TO-PRLODSTWS1_1#EIA_CMBNS_M_XLS"
          }
        ]
      },
      "eventsToDelete": {
        "Type": "DeleteEvents",
        "Events": [
          {
            "Event": "PRLODSTWS1_1#FDW_COMMISION_M_EIA-TO-PRLODSTWS1_1#FDW_CMBNS_M_EIA"
          },
          {
            "Event": "PRLODSTWS1_1#FDW_BONUS_M-TO-PRLODSTWS1_1#FDW_CMBNS_M_EIA"
          },
          {
            "Event": "PRLODSTWS1_1#FDW_CODE_MAP-TO-PRLODSTWS1_1#FDW_CMBNS_M_EIA"
          },
          {
            "Event": "PRLODSTWS1_1#FDW_CONTRACT_MASTER-TO-PRLODSTWS1_1#FDW_CMBNS_M_EIA"
          }
        ]
      }
    },
    "PRLODSTWS1_1#ADMT_COMM_M_B_CM": {
      "Type": "Job:Command",
      "DaysKeepActive": "1",
      "SubApplication": "PRLODSTWS1_1",
      "Priority": "Very Low",
      "Host": "PRLODSTWS1",
      "CreatedBy": "emuser",
      "Description": "Common Shell Template",
      "RunAs": "controlm",
      "TimeZone": "HKG",
      "Application": "PRLODSTWS1_1",
      "Command": "/home/tws/ods_batch_home/esp.batch.scripts/run.cmd.sh D_FDW_EIA ${tws.job.name} %%\\\\global\\END_DT_CHAR.",
      "When": {
        "WeekDays": [
          "NONE"
        ],
        "Months": [
          "NONE"
        ],
        "MonthDays": [
          "NONE"
        ],
        "DaysRelation": "OR",
        "RuleBasedCalendars": {
          "Included": [
            "RC1"
          ]
        }
      },
      "eventsToWaitFor": {
        "Type": "WaitForEvents",
        "Events": [
          {
            "Event": "PRLODSTWS1_1#ADMT_COMM_M_B_EX-TO-PRLODSTWS1_1#ADMT_COMM_M_B_CM"
          }
        ]
      },
      "eventsToAdd": {
        "Type": "AddEvents",
        "Events": [
          {
            "Event": "PRLODSTWS1_1#ADMT_COMM_M_B_CM-TO-PRLODSTWS1_1#ADMT_COMM_M_B_FP"
          }
        ]
      },
      "eventsToDelete": {
        "Type": "DeleteEvents",
        "Events": [
          {
            "Event": "PRLODSTWS1_1#ADMT_COMM_M_B_EX-TO-PRLODSTWS1_1#ADMT_COMM_M_B_CM"
          }
        ]
      }
    },
    "PRLODSTWS1_1#ADMT_COMM_M_E_FP": {
      "Type": "Job:Command",
      "DaysKeepActive": "1",
      "SubApplication": "PRLODSTWS1_1",
      "Priority": "Very Low",
      "Host": "PRLODSTWS1",
      "CreatedBy": "emuser",
      "Description": "Ftp files for batch",
      "RunAs": "controlm",
      "TimeZone": "HKG",
      "Application": "PRLODSTWS1_1",
      "Command": "/home/tws/ods_batch_home/esp.batch.scripts/ftp.files.sh D_FDW_EIA ${tws.job.name} %%\\\\global\\END_DT_CHAR.",
      "When": {
        "WeekDays": [
          "NONE"
        ],
        "Months": [
          "NONE"
        ],
        "MonthDays": [
          "NONE"
        ],
        "DaysRelation": "OR",
        "RuleBasedCalendars": {
          "Included": [
            "RC1"
          ]
        }
      },
      "eventsToWaitFor": {
        "Type": "WaitForEvents",
        "Events": [
          {
            "Event": "PRLODSTWS1_1#ADMT_COMM_M_E_CM-TO-PRLODSTWS1_1#ADMT_COMM_M_E_FP"
          }
        ]
      },
      "eventsToDelete": {
        "Type": "DeleteEvents",
        "Events": [
          {
            "Event": "PRLODSTWS1_1#ADMT_COMM_M_E_CM-TO-PRLODSTWS1_1#ADMT_COMM_M_E_FP"
          }
        ]
      }
    },
    "PRLODSTWS1_1#EIA_CMBNS_M_EI_PARAM": {
      "Type": "Job:Database:StoredProcedure",
      "ConnectionProfile": "_",
      "StoredProcedure": "sqlext.EIA_CMBNS_M_EI_PARAM_SP",
      "DaysKeepActive": "1",
      "SubApplication": "PRLODSTWS1_1",
      "Priority": "Very Low",
      "Host": "PRLODSTWS1",
      "CreatedBy": "emuser",
      "Description": "== Conversion Messages Start ==\\n\\nMessage ID\\t: WRN6031 (2881-5052)\\n\\n== Conversion Messages End ==\\nAdded by composer.",
      "RunAs": "controlm",
      "TimeZone": "HKG",
      "Application": "PRLODSTWS1_1",
      "Variables": [
        {
          "DB-STP_SCHEM": ""
        }
      ],
      "When": {
        "WeekDays": [
          "NONE"
        ],
        "Months": [
          "NONE"
        ],
        "MonthDays": [
          "NONE"
        ],
        "DaysRelation": "OR",
        "RuleBasedCalendars": {
          "Included": [
            "RC1"
          ]
        }
      },
      "eventsToWaitFor": {
        "Type": "WaitForEvents",
        "Events": [
          {
            "Event": "PRLODSTWS1_1#EIA_CMBNS_M_EI-TO-PRLODSTWS1_1#EIA_CMBNS_M_EI_PARAM"
          }
        ]
      },
      "eventsToAdd": {
        "Type": "AddEvents",
        "Events": [
          {
            "Event": "PRLODSTWS1_1#EIA_CMBNS_M_EI_PARAM-TO-PRLODSTWS1_1#EIA_CMBNS_M_EI_EX"
          }
        ]
      },
      "eventsToDelete": {
        "Type": "DeleteEvents",
        "Events": [
          {
            "Event": "PRLODSTWS1_1#EIA_CMBNS_M_EI-TO-PRLODSTWS1_1#EIA_CMBNS_M_EI_PARAM"
          }
        ]
      }
    },
    "PRLODSTWS1_1#EIA_COMM_M_HCB_CM": {
      "Type": "Job:Command",
      "DaysKeepActive": "1",
      "SubApplication": "PRLODSTWS1_1",
      "Priority": "Very Low",
      "Host": "PRLODSTWS1",
      "CreatedBy": "emuser",
      "Description": "Common Shell Template",
      "RunAs": "controlm",
      "TimeZone": "HKG",
      "Application": "PRLODSTWS1_1",
      "Command": "/home/tws/ods_batch_home/esp.batch.scripts/run.cmd.sh D_FDW_EIA ${tws.job.name} %%\\\\global\\END_DT_CHAR.",
      "When": {
        "WeekDays": [
          "NONE"
        ],
        "Months": [
          "NONE"
        ],
        "MonthDays": [
          "NONE"
        ],
        "DaysRelation": "OR",
        "RuleBasedCalendars": {
          "Included": [
            "RC1"
          ]
        }
      },
      "eventsToWaitFor": {
        "Type": "WaitForEvents",
        "Events": [
          {
            "Event": "PRLODSTWS1_1#EIA_COMM_M_HCB_EX-TO-PRLODSTWS1_1#EIA_COMM_M_HCB_CM"
          }
        ]
      },
      "eventsToAdd": {
        "Type": "AddEvents",
        "Events": [
          {
            "Event": "PRLODSTWS1_1#EIA_COMM_M_HCB_CM-TO-PRLODSTWS1_1#EIA_COMM_M_HCB_FP"
          }
        ]
      },
      "eventsToDelete": {
        "Type": "DeleteEvents",
        "Events": [
          {
            "Event": "PRLODSTWS1_1#EIA_COMM_M_HCB_EX-TO-PRLODSTWS1_1#EIA_COMM_M_HCB_CM"
          }
        ]
      }
    },
    "PRLODSTWS1_1#EIA_CMBNS_M_XLS_PARAM": {
      "Type": "Job:Database:StoredProcedure",
      "ConnectionProfile": "_",
      "StoredProcedure": "sqlext.EIA_CMBNS_M_XLS_PARAM_SP",
      "DaysKeepActive": "1",
      "SubApplication": "PRLODSTWS1_1",
      "Priority": "Very Low",
      "Host": "PRLODSTWS1",
      "CreatedBy": "emuser",
      "Description": "== Conversion Messages Start ==\\n\\nMessage ID\\t: WRN6031 (2882-5054)\\n\\n== Conversion Messages End ==\\nAdded by composer.",
      "RunAs": "controlm",
      "TimeZone": "HKG",
      "Application": "PRLODSTWS1_1",
      "Variables": [
        {
          "DB-STP_SCHEM": ""
        }
      ],
      "When": {
        "WeekDays": [
          "NONE"
        ],
        "Months": [
          "NONE"
        ],
        "MonthDays": [
          "NONE"
        ],
        "DaysRelation": "OR",
        "RuleBasedCalendars": {
          "Included": [
            "RC1"
          ]
        }
      },
      "eventsToWaitFor": {
        "Type": "WaitForEvents",
        "Events": [
          {
            "Event": "PRLODSTWS1_1#EIA_CMBNS_M_XLS-TO-PRLODSTWS1_1#EIA_CMBNS_M_XLS_PARAM"
          }
        ]
      },
      "eventsToAdd": {
        "Type": "AddEvents",
        "Events": [
          {
            "Event": "PRLODSTWS1_1#EIA_CMBNS_M_XLS_PARAM-TO-PRLODSTWS1_1#EIA_CMBNS_M_XLS_EX"
          }
        ]
      },
      "eventsToDelete": {
        "Type": "DeleteEvents",
        "Events": [
          {
            "Event": "PRLODSTWS1_1#EIA_CMBNS_M_XLS-TO-PRLODSTWS1_1#EIA_CMBNS_M_XLS_PARAM"
          }
        ]
      }
    },
    "PRLODSTWS1_1#ADMT_COMM_M_B_EX": {
      "Type": "Job:Command",
      "DaysKeepActive": "1",
      "SubApplication": "PRLODSTWS1_1",
      "Priority": "Very Low",
      "Host": "PRLODSTWS1",
      "CreatedBy": "emuser",
      "Description": "CSV Export for batch",
      "RunAs": "controlm",
      "TimeZone": "HKG",
      "Application": "PRLODSTWS1_1",
      "Command": "/home/tws/ods_batch_home/esp.batch.scripts/gen.table2File.sh D_FDW_EIA ${tws.job.name} %%\\\\global\\END_DT_CHAR.",
      "When": {
        "WeekDays": [
          "NONE"
        ],
        "Months": [
          "NONE"
        ],
        "MonthDays": [
          "NONE"
        ],
        "DaysRelation": "OR",
        "RuleBasedCalendars": {
          "Included": [
            "RC1"
          ]
        }
      },
      "eventsToWaitFor": {
        "Type": "WaitForEvents",
        "Events": [
          {
            "Event": "PRLODSTWS1_1#ADMT_COMM_M_B_PARAM-TO-PRLODSTWS1_1#ADMT_COMM_M_B_EX"
          }
        ]
      },
      "eventsToAdd": {
        "Type": "AddEvents",
        "Events": [
          {
            "Event": "PRLODSTWS1_1#ADMT_COMM_M_B_EX-TO-PRLODSTWS1_1#ADMT_COMM_M_B_CM"
          }
        ]
      },
      "eventsToDelete": {
        "Type": "DeleteEvents",
        "Events": [
          {
            "Event": "PRLODSTWS1_1#ADMT_COMM_M_B_PARAM-TO-PRLODSTWS1_1#ADMT_COMM_M_B_EX"
          }
        ]
      }
    },
    "PRLODSTWS1_1#EIA_CMBNS_M_XLS_CM": {
      "Type": "Job:Command",
      "DaysKeepActive": "1",
      "SubApplication": "PRLODSTWS1_1",
      "Priority": "Very Low",
      "Host": "PRLODSTWS1",
      "CreatedBy": "emuser",
      "Description": "Common Shell Template",
      "RunAs": "controlm",
      "TimeZone": "HKG",
      "Application": "PRLODSTWS1_1",
      "Command": "/home/tws/ods_batch_home/esp.batch.scripts/run.cmd.sh D_FDW_EIA ${tws.job.name} %%\\\\global\\END_DT_CHAR.",
      "When": {
        "WeekDays": [
          "NONE"
        ],
        "Months": [
          "NONE"
        ],
        "MonthDays": [
          "NONE"
        ],
        "DaysRelation": "OR",
        "RuleBasedCalendars": {
          "Included": [
            "RC1"
          ]
        }
      },
      "eventsToWaitFor": {
        "Type": "WaitForEvents",
        "Events": [
          {
            "Event": "PRLODSTWS1_1#EIA_CMBNS_M_XLS_EX-TO-PRLODSTWS1_1#EIA_CMBNS_M_XLS_CM"
          }
        ]
      },
      "eventsToAdd": {
        "Type": "AddEvents",
        "Events": [
          {
            "Event": "PRLODSTWS1_1#EIA_CMBNS_M_XLS_CM-TO-PRLODSTWS1_1#EIA_CMBNS_M_XLS_FP"
          }
        ]
      },
      "eventsToDelete": {
        "Type": "DeleteEvents",
        "Events": [
          {
            "Event": "PRLODSTWS1_1#EIA_CMBNS_M_XLS_EX-TO-PRLODSTWS1_1#EIA_CMBNS_M_XLS_CM"
          }
        ]
      }
    },
    "PRLODSTWS1_1#EIA_CMBNS_M_EI_EX": {
      "Type": "Job:Command",
      "DaysKeepActive": "1",
      "SubApplication": "PRLODSTWS1_1",
      "Priority": "Very Low",
      "Host": "PRLODSTWS1",
      "CreatedBy": "emuser",
      "Description": "CSV Export for batch",
      "RunAs": "controlm",
      "TimeZone": "HKG",
      "Application": "PRLODSTWS1_1",
      "Command": "/home/tws/ods_batch_home/esp.batch.scripts/gen.table2File.sh D_FDW_EIA ${tws.job.name} %%\\\\global\\END_DT_CHAR.",
      "When": {
        "WeekDays": [
          "NONE"
        ],
        "Months": [
          "NONE"
        ],
        "MonthDays": [
          "NONE"
        ],
        "DaysRelation": "OR",
        "RuleBasedCalendars": {
          "Included": [
            "RC1"
          ]
        }
      },
      "eventsToWaitFor": {
        "Type": "WaitForEvents",
        "Events": [
          {
            "Event": "PRLODSTWS1_1#EIA_CMBNS_M_EI_PARAM-TO-PRLODSTWS1_1#EIA_CMBNS_M_EI_EX"
          }
        ]
      },
      "eventsToAdd": {
        "Type": "AddEvents",
        "Events": [
          {
            "Event": "PRLODSTWS1_1#EIA_CMBNS_M_EI_EX-TO-PRLODSTWS1_1#EIA_CMBNS_M_EI_CM"
          }
        ]
      },
      "eventsToDelete": {
        "Type": "DeleteEvents",
        "Events": [
          {
            "Event": "PRLODSTWS1_1#EIA_CMBNS_M_EI_PARAM-TO-PRLODSTWS1_1#EIA_CMBNS_M_EI_EX"
          }
        ]
      }
    },
    "PRLODSTWS1_1#EIA_COMM_M_EX": {
      "Type": "Job:Command",
      "DaysKeepActive": "1",
      "SubApplication": "PRLODSTWS1_1",
      "Priority": "Very Low",
      "Host": "PRLODSTWS1",
      "CreatedBy": "emuser",
      "Description": "CSV Export for batch",
      "RunAs": "controlm",
      "TimeZone": "HKG",
      "Application": "PRLODSTWS1_1",
      "Command": "/home/tws/ods_batch_home/esp.batch.scripts/gen.table2File.sh D_FDW_EIA ${tws.job.name} %%\\\\global\\END_DT_CHAR.",
      "When": {
        "WeekDays": [
          "NONE"
        ],
        "Months": [
          "NONE"
        ],
        "MonthDays": [
          "NONE"
        ],
        "DaysRelation": "OR",
        "RuleBasedCalendars": {
          "Included": [
            "RC1"
          ]
        }
      },
      "eventsToWaitFor": {
        "Type": "WaitForEvents",
        "Events": [
          {
            "Event": "PRLODSTWS1_1#EIA_COMM_M_PARAM-TO-PRLODSTWS1_1#EIA_COMM_M_EX"
          }
        ]
      },
      "eventsToAdd": {
        "Type": "AddEvents",
        "Events": [
          {
            "Event": "PRLODSTWS1_1#EIA_COMM_M_EX-TO-PRLODSTWS1_1#EIA_COMM_M_CM"
          }
        ]
      },
      "eventsToDelete": {
        "Type": "DeleteEvents",
        "Events": [
          {
            "Event": "PRLODSTWS1_1#EIA_COMM_M_PARAM-TO-PRLODSTWS1_1#EIA_COMM_M_EX"
          }
        ]
      }
    },
    "PRLODSTWS1_1#EIA_CMBNS_M_XLS_EX": {
      "Type": "Job:Command",
      "DaysKeepActive": "1",
      "SubApplication": "PRLODSTWS1_1",
      "Priority": "Very Low",
      "Host": "PRLODSTWS1",
      "CreatedBy": "emuser",
      "Description": "CSV Export for batch",
      "RunAs": "controlm",
      "TimeZone": "HKG",
      "Application": "PRLODSTWS1_1",
      "Command": "/home/tws/ods_batch_home/esp.batch.scripts/gen.table2File.sh D_FDW_EIA ${tws.job.name} %%\\\\global\\END_DT_CHAR.",
      "When": {
        "WeekDays": [
          "NONE"
        ],
        "Months": [
          "NONE"
        ],
        "MonthDays": [
          "NONE"
        ],
        "DaysRelation": "OR",
        "RuleBasedCalendars": {
          "Included": [
            "RC1"
          ]
        }
      },
      "eventsToWaitFor": {
        "Type": "WaitForEvents",
        "Events": [
          {
            "Event": "PRLODSTWS1_1#EIA_CMBNS_M_XLS_PARAM-TO-PRLODSTWS1_1#EIA_CMBNS_M_XLS_EX"
          }
        ]
      },
      "eventsToAdd": {
        "Type": "AddEvents",
        "Events": [
          {
            "Event": "PRLODSTWS1_1#EIA_CMBNS_M_XLS_EX-TO-PRLODSTWS1_1#EIA_CMBNS_M_XLS_CM"
          }
        ]
      },
      "eventsToDelete": {
        "Type": "DeleteEvents",
        "Events": [
          {
            "Event": "PRLODSTWS1_1#EIA_CMBNS_M_XLS_PARAM-TO-PRLODSTWS1_1#EIA_CMBNS_M_XLS_EX"
          }
        ]
      }
    },
    "PRLODSTWS1_1#EIA_COMM_M_PARAM": {
      "Type": "Job:Database:StoredProcedure",
      "ConnectionProfile": "_",
      "StoredProcedure": "sqlext.EIA_COMM_M_PARAM_SP",
      "DaysKeepActive": "1",
      "SubApplication": "PRLODSTWS1_1",
      "Priority": "Very Low",
      "Host": "PRLODSTWS1",
      "CreatedBy": "emuser",
      "Description": "== Conversion Messages Start ==\\n\\nMessage ID\\t: WRN6031 (2883-5060)\\n\\n== Conversion Messages End ==\\nAdded by composer.",
      "RunAs": "controlm",
      "TimeZone": "HKG",
      "Application": "PRLODSTWS1_1",
      "Variables": [
        {
          "DB-STP_SCHEM": ""
        }
      ],
      "When": {
        "WeekDays": [
          "NONE"
        ],
        "Months": [
          "NONE"
        ],
        "MonthDays": [
          "NONE"
        ],
        "DaysRelation": "OR",
        "RuleBasedCalendars": {
          "Included": [
            "RC1"
          ]
        }
      },
      "eventsToWaitFor": {
        "Type": "WaitForEvents",
        "Events": [
          {
            "Event": "PRLODSTWS1_1#EIA_COMM_M-TO-PRLODSTWS1_1#EIA_COMM_M_PARAM"
          }
        ]
      },
      "eventsToAdd": {
        "Type": "AddEvents",
        "Events": [
          {
            "Event": "PRLODSTWS1_1#EIA_COMM_M_PARAM-TO-PRLODSTWS1_1#EIA_COMM_M_EX"
          }
        ]
      },
      "eventsToDelete": {
        "Type": "DeleteEvents",
        "Events": [
          {
            "Event": "PRLODSTWS1_1#EIA_COMM_M-TO-PRLODSTWS1_1#EIA_COMM_M_PARAM"
          }
        ]
      }
    },
    "PRLODSTWS1_1#EIA_CMBNS_M_EI_CM": {
      "Type": "Job:Command",
      "DaysKeepActive": "1",
      "SubApplication": "PRLODSTWS1_1",
      "Priority": "Very Low",
      "Host": "PRLODSTWS1",
      "CreatedBy": "emuser",
      "Description": "Common Shell Template",
      "RunAs": "controlm",
      "TimeZone": "HKG",
      "Application": "PRLODSTWS1_1",
      "Command": "/home/tws/ods_batch_home/esp.batch.scripts/run.cmd.sh D_FDW_EIA ${tws.job.name} %%\\\\global\\END_DT_CHAR.",
      "When": {
        "WeekDays": [
          "NONE"
        ],
        "Months": [
          "NONE"
        ],
        "MonthDays": [
          "NONE"
        ],
        "DaysRelation": "OR",
        "RuleBasedCalendars": {
          "Included": [
            "RC1"
          ]
        }
      },
      "eventsToWaitFor": {
        "Type": "WaitForEvents",
        "Events": [
          {
            "Event": "PRLODSTWS1_1#EIA_CMBNS_M_EI_EX-TO-PRLODSTWS1_1#EIA_CMBNS_M_EI_CM"
          }
        ]
      },
      "eventsToAdd": {
        "Type": "AddEvents",
        "Events": [
          {
            "Event": "PRLODSTWS1_1#EIA_CMBNS_M_EI_CM-TO-PRLODSTWS1_1#EIA_CMBNS_M_EI_FP"
          }
        ]
      },
      "eventsToDelete": {
        "Type": "DeleteEvents",
        "Events": [
          {
            "Event": "PRLODSTWS1_1#EIA_CMBNS_M_EI_EX-TO-PRLODSTWS1_1#EIA_CMBNS_M_EI_CM"
          }
        ]
      }
    },
    "PRLODSTWS1_1#ADMT_COMM_M_E_PARAM": {
      "Type": "Job:Database:StoredProcedure",
      "ConnectionProfile": "_",
      "StoredProcedure": "sqlext.ADMT_COMM_M_E_PARAM_SP",
      "DaysKeepActive": "1",
      "SubApplication": "PRLODSTWS1_1",
      "Priority": "Very Low",
      "Host": "PRLODSTWS1",
      "CreatedBy": "emuser",
      "Description": "== Conversion Messages Start ==\\n\\nMessage ID\\t: WRN6031 (2884-5062)\\n\\n== Conversion Messages End ==\\nAdded by composer.",
      "RunAs": "controlm",
      "TimeZone": "HKG",
      "Application": "PRLODSTWS1_1",
      "Variables": [
        {
          "DB-STP_SCHEM": ""
        }
      ],
      "When": {
        "WeekDays": [
          "NONE"
        ],
        "Months": [
          "NONE"
        ],
        "MonthDays": [
          "NONE"
        ],
        "DaysRelation": "OR",
        "RuleBasedCalendars": {
          "Included": [
            "RC1"
          ]
        }
      },
      "eventsToWaitFor": {
        "Type": "WaitForEvents",
        "Events": [
          {
            "Event": "PRLODSTWS1_1#ADMT_COMM_M_E-TO-PRLODSTWS1_1#ADMT_COMM_M_E_PARAM"
          }
        ]
      },
      "eventsToAdd": {
        "Type": "AddEvents",
        "Events": [
          {
            "Event": "PRLODSTWS1_1#ADMT_COMM_M_E_PARAM-TO-PRLODSTWS1_1#ADMT_COMM_M_E_EX"
          }
        ]
      },
      "eventsToDelete": {
        "Type": "DeleteEvents",
        "Events": [
          {
            "Event": "PRLODSTWS1_1#ADMT_COMM_M_E-TO-PRLODSTWS1_1#ADMT_COMM_M_E_PARAM"
          }
        ]
      }
    },
    "PRLODSTWS1_1#EIA_CMBNS_M_EI": {
      "Type": "Job:Database:StoredProcedure",
      "ConnectionProfile": "_",
      "StoredProcedure": "sqlext.EIA_CMBNS_M_EI_SP",
      "DaysKeepActive": "1",
      "SubApplication": "PRLODSTWS1_1",
      "Priority": "Very Low",
      "Host": "PRLODSTWS1",
      "CreatedBy": "emuser",
      "Description": "== Conversion Messages Start ==\\n\\nMessage ID\\t: WRN6031 (2885-5063)\\n\\n== Conversion Messages End ==\\nAdded by composer.",
      "RunAs": "controlm",
      "TimeZone": "HKG",
      "Application": "PRLODSTWS1_1",
      "Variables": [
        {
          "DB-STP_SCHEM": ""
        }
      ],
      "When": {
        "WeekDays": [
          "NONE"
        ],
        "Months": [
          "NONE"
        ],
        "MonthDays": [
          "NONE"
        ],
        "DaysRelation": "OR",
        "RuleBasedCalendars": {
          "Included": [
            "RC1"
          ]
        }
      },
      "eventsToWaitFor": {
        "Type": "WaitForEvents",
        "Events": [
          {
            "Event": "PRLODSTWS1_1#FDW_CMBNS_M_EIA-TO-PRLODSTWS1_1#EIA_CMBNS_M_EI"
          },
          {
            "Event": "PRLODSTWS1_1#BATCH_INFO_DETAIL-TO-PRLODSTWS1_1#EIA_CMBNS_M_EI"
          }
        ]
      },
      "eventsToAdd": {
        "Type": "AddEvents",
        "Events": [
          {
            "Event": "PRLODSTWS1_1#EIA_CMBNS_M_EI-TO-PRLODSTWS1_1#EIA_CMBNS_M_EI_PARAM"
          }
        ]
      },
      "eventsToDelete": {
        "Type": "DeleteEvents",
        "Events": [
          {
            "Event": "PRLODSTWS1_1#FDW_CMBNS_M_EIA-TO-PRLODSTWS1_1#EIA_CMBNS_M_EI"
          },
          {
            "Event": "PRLODSTWS1_1#BATCH_INFO_DETAIL-TO-PRLODSTWS1_1#EIA_CMBNS_M_EI"
          }
        ]
      }
    },
    "PRLODSTWS1_1#EIA_COMM_M_CM": {
      "Type": "Job:Command",
      "DaysKeepActive": "1",
      "SubApplication": "PRLODSTWS1_1",
      "Priority": "Very Low",
      "Host": "PRLODSTWS1",
      "CreatedBy": "emuser",
      "Description": "Common Shell Template",
      "RunAs": "controlm",
      "TimeZone": "HKG",
      "Application": "PRLODSTWS1_1",
      "Command": "/home/tws/ods_batch_home/esp.batch.scripts/run.cmd.sh D_FDW_EIA ${tws.job.name} %%\\\\global\\END_DT_CHAR.",
      "When": {
        "WeekDays": [
          "NONE"
        ],
        "Months": [
          "NONE"
        ],
        "MonthDays": [
          "NONE"
        ],
        "DaysRelation": "OR",
        "RuleBasedCalendars": {
          "Included": [
            "RC1"
          ]
        }
      },
      "eventsToWaitFor": {
        "Type": "WaitForEvents",
        "Events": [
          {
            "Event": "PRLODSTWS1_1#EIA_COMM_M_EX-TO-PRLODSTWS1_1#EIA_COMM_M_CM"
          }
        ]
      },
      "eventsToAdd": {
        "Type": "AddEvents",
        "Events": [
          {
            "Event": "PRLODSTWS1_1#EIA_COMM_M_CM-TO-PRLODSTWS1_1#EIA_COMM_M_FP"
          }
        ]
      },
      "eventsToDelete": {
        "Type": "DeleteEvents",
        "Events": [
          {
            "Event": "PRLODSTWS1_1#EIA_COMM_M_EX-TO-PRLODSTWS1_1#EIA_COMM_M_CM"
          }
        ]
      }
    },
    "PRLODSTWS1_1#EIA_COMM_M_HCB": {
      "Type": "Job:Database:StoredProcedure",
      "ConnectionProfile": "_",
      "StoredProcedure": "sqlext.EIA_COMM_M_HCB_SP",
      "DaysKeepActive": "1",
      "SubApplication": "PRLODSTWS1_1",
      "Priority": "Very Low",
      "Host": "PRLODSTWS1",
      "CreatedBy": "emuser",
      "Description": "== Conversion Messages Start ==\\n\\nMessage ID\\t: WRN6031 (2886-5065)\\n\\n== Conversion Messages End ==\\nAdded by composer.",
      "RunAs": "controlm",
      "TimeZone": "HKG",
      "Application": "PRLODSTWS1_1",
      "Variables": [
        {
          "DB-STP_SCHEM": ""
        }
      ],
      "When": {
        "WeekDays": [
          "NONE"
        ],
        "Months": [
          "NONE"
        ],
        "MonthDays": [
          "NONE"
        ],
        "DaysRelation": "OR",
        "RuleBasedCalendars": {
          "Included": [
            "RC1"
          ]
        }
      },
      "eventsToWaitFor": {
        "Type": "WaitForEvents",
        "Events": [
          {
            "Event": "PRLODSTWS1_1#FDW_COMMISION_M_EIA-TO-PRLODSTWS1_1#EIA_COMM_M_HCB"
          },
          {
            "Event": "PRLODSTWS1_1#BATCH_INFO_DETAIL-TO-PRLODSTWS1_1#EIA_COMM_M_HCB"
          }
        ]
      },
      "eventsToAdd": {
        "Type": "AddEvents",
        "Events": [
          {
            "Event": "PRLODSTWS1_1#EIA_COMM_M_HCB-TO-PRLODSTWS1_1#EIA_COMM_M_HCB_PARAM"
          }
        ]
      },
      "eventsToDelete": {
        "Type": "DeleteEvents",
        "Events": [
          {
            "Event": "PRLODSTWS1_1#FDW_COMMISION_M_EIA-TO-PRLODSTWS1_1#EIA_COMM_M_HCB"
          },
          {
            "Event": "PRLODSTWS1_1#BATCH_INFO_DETAIL-TO-PRLODSTWS1_1#EIA_COMM_M_HCB"
          }
        ]
      }
    },
    "PRLODSTWS1_1#ADMT_COMM_M_B_FP": {
      "Type": "Job:Command",
      "DaysKeepActive": "1",
      "SubApplication": "PRLODSTWS1_1",
      "Priority": "Very Low",
      "Host": "PRLODSTWS1",
      "CreatedBy": "emuser",
      "Description": "Ftp files for batch",
      "RunAs": "controlm",
      "TimeZone": "HKG",
      "Application": "PRLODSTWS1_1",
      "Command": "/home/tws/ods_batch_home/esp.batch.scripts/ftp.files.sh D_FDW_EIA ${tws.job.name} %%\\\\global\\END_DT_CHAR.",
      "When": {
        "WeekDays": [
          "NONE"
        ],
        "Months": [
          "NONE"
        ],
        "MonthDays": [
          "NONE"
        ],
        "DaysRelation": "OR",
        "RuleBasedCalendars": {
          "Included": [
            "RC1"
          ]
        }
      },
      "eventsToWaitFor": {
        "Type": "WaitForEvents",
        "Events": [
          {
            "Event": "PRLODSTWS1_1#ADMT_COMM_M_B_CM-TO-PRLODSTWS1_1#ADMT_COMM_M_B_FP"
          }
        ]
      },
      "eventsToDelete": {
        "Type": "DeleteEvents",
        "Events": [
          {
            "Event": "PRLODSTWS1_1#ADMT_COMM_M_B_CM-TO-PRLODSTWS1_1#ADMT_COMM_M_B_FP"
          }
        ]
      }
    },
    "PRLODSTWS1_1#ADMT_COMM_M_E_CM": {
      "Type": "Job:Command",
      "DaysKeepActive": "1",
      "SubApplication": "PRLODSTWS1_1",
      "Priority": "Very Low",
      "Host": "PRLODSTWS1",
      "CreatedBy": "emuser",
      "Description": "Common Shell Template",
      "RunAs": "controlm",
      "TimeZone": "HKG",
      "Application": "PRLODSTWS1_1",
      "Command": "/home/tws/ods_batch_home/esp.batch.scripts/run.cmd.sh D_FDW_EIA ${tws.job.name} %%\\\\global\\END_DT_CHAR.",
      "When": {
        "WeekDays": [
          "NONE"
        ],
        "Months": [
          "NONE"
        ],
        "MonthDays": [
          "NONE"
        ],
        "DaysRelation": "OR",
        "RuleBasedCalendars": {
          "Included": [
            "RC1"
          ]
        }
      },
      "eventsToWaitFor": {
        "Type": "WaitForEvents",
        "Events": [
          {
            "Event": "PRLODSTWS1_1#ADMT_COMM_M_E_EX-TO-PRLODSTWS1_1#ADMT_COMM_M_E_CM"
          }
        ]
      },
      "eventsToAdd": {
        "Type": "AddEvents",
        "Events": [
          {
            "Event": "PRLODSTWS1_1#ADMT_COMM_M_E_CM-TO-PRLODSTWS1_1#ADMT_COMM_M_E_FP"
          }
        ]
      },
      "eventsToDelete": {
        "Type": "DeleteEvents",
        "Events": [
          {
            "Event": "PRLODSTWS1_1#ADMT_COMM_M_E_EX-TO-PRLODSTWS1_1#ADMT_COMM_M_E_CM"
          }
        ]
      }
    },
    "PRLODSTWS1_1#ADMT_COMM_M_E": {
      "Type": "Job:Database:StoredProcedure",
      "ConnectionProfile": "_",
      "StoredProcedure": "sqlext.ADMT_COMM_M_E_SP",
      "DaysKeepActive": "1",
      "SubApplication": "PRLODSTWS1_1",
      "Priority": "Very Low",
      "Host": "PRLODSTWS1",
      "CreatedBy": "emuser",
      "Description": "== Conversion Messages Start ==\\n\\nMessage ID\\t: WRN6031 (2887-5068)\\n\\n== Conversion Messages End ==\\nAdded by composer.",
      "RunAs": "controlm",
      "TimeZone": "HKG",
      "Application": "PRLODSTWS1_1",
      "Variables": [
        {
          "DB-STP_SCHEM": ""
        }
      ],
      "When": {
        "WeekDays": [
          "NONE"
        ],
        "Months": [
          "NONE"
        ],
        "MonthDays": [
          "NONE"
        ],
        "DaysRelation": "OR",
        "RuleBasedCalendars": {
          "Included": [
            "RC1"
          ]
        }
      },
      "eventsToWaitFor": {
        "Type": "WaitForEvents",
        "Events": [
          {
            "Event": "PRLODSTWS1_1#BATCH_INFO_DETAIL-TO-PRLODSTWS1_1#ADMT_COMM_M_E"
          },
          {
            "Event": "PRLODSTWS1_1#FDW_COMMISION_M_ADMT-TO-PRLODSTWS1_1#ADMT_COMM_M_E"
          }
        ]
      },
      "eventsToAdd": {
        "Type": "AddEvents",
        "Events": [
          {
            "Event": "PRLODSTWS1_1#ADMT_COMM_M_E-TO-PRLODSTWS1_1#ADMT_COMM_M_E_PARAM"
          }
        ]
      },
      "eventsToDelete": {
        "Type": "DeleteEvents",
        "Events": [
          {
            "Event": "PRLODSTWS1_1#BATCH_INFO_DETAIL-TO-PRLODSTWS1_1#ADMT_COMM_M_E"
          },
          {
            "Event": "PRLODSTWS1_1#FDW_COMMISION_M_ADMT-TO-PRLODSTWS1_1#ADMT_COMM_M_E"
          }
        ]
      }
    },
    "PRLODSTWS1_1#EIA_COMM_M_HCB_FP": {
      "Type": "Job:Command",
      "DaysKeepActive": "1",
      "SubApplication": "PRLODSTWS1_1",
      "Priority": "Very Low",
      "Host": "PRLODSTWS1",
      "CreatedBy": "emuser",
      "Description": "Ftp files for batch",
      "RunAs": "controlm",
      "TimeZone": "HKG",
      "Application": "PRLODSTWS1_1",
      "Command": "/home/tws/ods_batch_home/esp.batch.scripts/ftp.files.sh D_FDW_EIA ${tws.job.name} %%\\\\global\\END_DT_CHAR.",
      "When": {
        "WeekDays": [
          "NONE"
        ],
        "Months": [
          "NONE"
        ],
        "MonthDays": [
          "NONE"
        ],
        "DaysRelation": "OR",
        "RuleBasedCalendars": {
          "Included": [
            "RC1"
          ]
        }
      },
      "eventsToWaitFor": {
        "Type": "WaitForEvents",
        "Events": [
          {
            "Event": "PRLODSTWS1_1#EIA_COMM_M_HCB_CM-TO-PRLODSTWS1_1#EIA_COMM_M_HCB_FP"
          }
        ]
      },
      "eventsToDelete": {
        "Type": "DeleteEvents",
        "Events": [
          {
            "Event": "PRLODSTWS1_1#EIA_COMM_M_HCB_CM-TO-PRLODSTWS1_1#EIA_COMM_M_HCB_FP"
          }
        ]
      }
    },
    "PRLODSTWS1_1#ADMT_COMM_M_B": {
      "Type": "Job:Database:StoredProcedure",
      "ConnectionProfile": "_",
      "StoredProcedure": "sqlext.ADMT_COMM_M_B_SP",
      "DaysKeepActive": "1",
      "SubApplication": "PRLODSTWS1_1",
      "Priority": "Very Low",
      "Host": "PRLODSTWS1",
      "CreatedBy": "emuser",
      "Description": "== Conversion Messages Start ==\\n\\nMessage ID\\t: WRN6031 (2888-5070)\\n\\n== Conversion Messages End ==\\nAdded by composer.",
      "RunAs": "controlm",
      "TimeZone": "HKG",
      "Application": "PRLODSTWS1_1",
      "Variables": [
        {
          "DB-STP_SCHEM": ""
        }
      ],
      "When": {
        "WeekDays": [
          "NONE"
        ],
        "Months": [
          "NONE"
        ],
        "MonthDays": [
          "NONE"
        ],
        "DaysRelation": "OR",
        "RuleBasedCalendars": {
          "Included": [
            "RC1"
          ]
        }
      },
      "eventsToWaitFor": {
        "Type": "WaitForEvents",
        "Events": [
          {
            "Event": "PRLODSTWS1_1#BATCH_INFO_DETAIL-TO-PRLODSTWS1_1#ADMT_COMM_M_B"
          },
          {
            "Event": "PRLODSTWS1_1#FDW_COMMISION_M_ADMT-TO-PRLODSTWS1_1#ADMT_COMM_M_B"
          }
        ]
      },
      "eventsToAdd": {
        "Type": "AddEvents",
        "Events": [
          {
            "Event": "PRLODSTWS1_1#ADMT_COMM_M_B-TO-PRLODSTWS1_1#ADMT_COMM_M_B_PARAM"
          }
        ]
      },
      "eventsToDelete": {
        "Type": "DeleteEvents",
        "Events": [
          {
            "Event": "PRLODSTWS1_1#BATCH_INFO_DETAIL-TO-PRLODSTWS1_1#ADMT_COMM_M_B"
          },
          {
            "Event": "PRLODSTWS1_1#FDW_COMMISION_M_ADMT-TO-PRLODSTWS1_1#ADMT_COMM_M_B"
          }
        ]
      }
    },
    "PRLODSTWS1_1#ADMT_COMM_M_B_PARAM": {
      "Type": "Job:Database:StoredProcedure",
      "ConnectionProfile": "_",
      "StoredProcedure": "sqlext.ADMT_COMM_M_B_PARAM_SP",
      "DaysKeepActive": "1",
      "SubApplication": "PRLODSTWS1_1",
      "Priority": "Very Low",
      "Host": "PRLODSTWS1",
      "CreatedBy": "emuser",
      "Description": "== Conversion Messages Start ==\\n\\nMessage ID\\t: WRN6031 (2889-5071)\\n\\n== Conversion Messages End ==\\nAdded by composer.",
      "RunAs": "controlm",
      "TimeZone": "HKG",
      "Application": "PRLODSTWS1_1",
      "Variables": [
        {
          "DB-STP_SCHEM": ""
        }
      ],
      "When": {
        "WeekDays": [
          "NONE"
        ],
        "Months": [
          "NONE"
        ],
        "MonthDays": [
          "NONE"
        ],
        "DaysRelation": "OR",
        "RuleBasedCalendars": {
          "Included": [
            "RC1"
          ]
        }
      },
      "eventsToWaitFor": {
        "Type": "WaitForEvents",
        "Events": [
          {
            "Event": "PRLODSTWS1_1#ADMT_COMM_M_B-TO-PRLODSTWS1_1#ADMT_COMM_M_B_PARAM"
          }
        ]
      },
      "eventsToAdd": {
        "Type": "AddEvents",
        "Events": [
          {
            "Event": "PRLODSTWS1_1#ADMT_COMM_M_B_PARAM-TO-PRLODSTWS1_1#ADMT_COMM_M_B_EX"
          }
        ]
      },
      "eventsToDelete": {
        "Type": "DeleteEvents",
        "Events": [
          {
            "Event": "PRLODSTWS1_1#ADMT_COMM_M_B-TO-PRLODSTWS1_1#ADMT_COMM_M_B_PARAM"
          }
        ]
      }
    },
    "PRLODSTWS1_1#ADMT_COMM_M_E_EX": {
      "Type": "Job:Command",
      "DaysKeepActive": "1",
      "SubApplication": "PRLODSTWS1_1",
      "Priority": "Very Low",
      "Host": "PRLODSTWS1",
      "CreatedBy": "emuser",
      "Description": "CSV Export for batch",
      "RunAs": "controlm",
      "TimeZone": "HKG",
      "Application": "PRLODSTWS1_1",
      "Command": "/home/tws/ods_batch_home/esp.batch.scripts/gen.table2File.sh D_FDW_EIA ${tws.job.name} %%\\\\global\\END_DT_CHAR.",
      "When": {
        "WeekDays": [
          "NONE"
        ],
        "Months": [
          "NONE"
        ],
        "MonthDays": [
          "NONE"
        ],
        "DaysRelation": "OR",
        "RuleBasedCalendars": {
          "Included": [
            "RC1"
          ]
        }
      },
      "eventsToWaitFor": {
        "Type": "WaitForEvents",
        "Events": [
          {
            "Event": "PRLODSTWS1_1#ADMT_COMM_M_E_PARAM-TO-PRLODSTWS1_1#ADMT_COMM_M_E_EX"
          }
        ]
      },
      "eventsToAdd": {
        "Type": "AddEvents",
        "Events": [
          {
            "Event": "PRLODSTWS1_1#ADMT_COMM_M_E_EX-TO-PRLODSTWS1_1#ADMT_COMM_M_E_CM"
          }
        ]
      },
      "eventsToDelete": {
        "Type": "DeleteEvents",
        "Events": [
          {
            "Event": "PRLODSTWS1_1#ADMT_COMM_M_E_PARAM-TO-PRLODSTWS1_1#ADMT_COMM_M_E_EX"
          }
        ]
      }
    },
    "PRLODSTWS1_1#EIA_COMM_M": {
      "Type": "Job:Database:StoredProcedure",
      "ConnectionProfile": "_",
      "StoredProcedure": "sqlext.EIA_COMM_M_SP",
      "DaysKeepActive": "1",
      "SubApplication": "PRLODSTWS1_1",
      "Priority": "Very Low",
      "Host": "PRLODSTWS1",
      "CreatedBy": "emuser",
      "Description": "== Conversion Messages Start ==\\n\\nMessage ID\\t: WRN6031 (2890-5073)\\n\\n== Conversion Messages End ==\\nAdded by composer.",
      "RunAs": "controlm",
      "TimeZone": "HKG",
      "Application": "PRLODSTWS1_1",
      "Variables": [
        {
          "DB-STP_SCHEM": ""
        }
      ],
      "When": {
        "WeekDays": [
          "NONE"
        ],
        "Months": [
          "NONE"
        ],
        "MonthDays": [
          "NONE"
        ],
        "DaysRelation": "OR",
        "RuleBasedCalendars": {
          "Included": [
            "RC1"
          ]
        }
      },
      "eventsToWaitFor": {
        "Type": "WaitForEvents",
        "Events": [
          {
            "Event": "PRLODSTWS1_1#FDW_COMMISION_M_EIA-TO-PRLODSTWS1_1#EIA_COMM_M"
          },
          {
            "Event": "PRLODSTWS1_1#BATCH_INFO_DETAIL-TO-PRLODSTWS1_1#EIA_COMM_M"
          }
        ]
      },
      "eventsToAdd": {
        "Type": "AddEvents",
        "Events": [
          {
            "Event": "PRLODSTWS1_1#EIA_COMM_M-TO-PRLODSTWS1_1#EIA_COMM_M_PARAM"
          }
        ]
      },
      "eventsToDelete": {
        "Type": "DeleteEvents",
        "Events": [
          {
            "Event": "PRLODSTWS1_1#FDW_COMMISION_M_EIA-TO-PRLODSTWS1_1#EIA_COMM_M"
          },
          {
            "Event": "PRLODSTWS1_1#BATCH_INFO_DETAIL-TO-PRLODSTWS1_1#EIA_COMM_M"
          }
        ]
      }
    },
    "PRLODSTWS1_1#EIA_CMBNS_M_XLS_FP": {
      "Type": "Job:Command",
      "DaysKeepActive": "1",
      "SubApplication": "PRLODSTWS1_1",
      "Priority": "Very Low",
      "Host": "PRLODSTWS1",
      "CreatedBy": "emuser",
      "Description": "Ftp files for batch",
      "RunAs": "controlm",
      "TimeZone": "HKG",
      "Application": "PRLODSTWS1_1",
      "Command": "/home/tws/ods_batch_home/esp.batch.scripts/ftp.files.sh D_FDW_EIA ${tws.job.name} %%\\\\global\\END_DT_CHAR.",
      "When": {
        "WeekDays": [
          "NONE"
        ],
        "Months": [
          "NONE"
        ],
        "MonthDays": [
          "NONE"
        ],
        "DaysRelation": "OR",
        "RuleBasedCalendars": {
          "Included": [
            "RC1"
          ]
        }
      },
      "eventsToWaitFor": {
        "Type": "WaitForEvents",
        "Events": [
          {
            "Event": "PRLODSTWS1_1#EIA_CMBNS_M_XLS_CM-TO-PRLODSTWS1_1#EIA_CMBNS_M_XLS_FP"
          }
        ]
      },
      "eventsToDelete": {
        "Type": "DeleteEvents",
        "Events": [
          {
            "Event": "PRLODSTWS1_1#EIA_CMBNS_M_XLS_CM-TO-PRLODSTWS1_1#EIA_CMBNS_M_XLS_FP"
          }
        ]
      }
    },
    "eventsToAdd": {
      "Type": "AddEvents",
      "Events": [
        {
          "Event": "PRLODSTWS1_1#D_FDW_EIA-TO-PRLODSTWS1_1#BDS_STS_FDW_02G"
        }
      ]
    }
  }
}
