{
  "PRLODSTWS1_1#D_RPT_POS_PAR": {
    "Type": "Folder",
    "ControlmServer": "CTM",
    "Description": "== Conversion Messages Start ==\\n\\nMessage ID\\t: INF6107 (7242-12761)\\n\\nMessage ID\\t: INF6104 (7243-12761)\\n\\n== Conversion Messages End ==\\n",
    "OrderMethod": "Manual",
    "SubApplication": "PRLODSTWS1_1",
    "CreatedBy": "emuser",
    "Priority": "9W",
    "TimeZone": "HKG",
    "Application": "PRLODSTWS1_1",
    "When": {
      "RuleBasedCalendars": {
        "Included": [
          "RC1"
        ],
        "RC1": {
          "Type": "Calendar:RuleBased",
          "When": {
            "MonthDaysCalendar": "RCG-D-NAT",
            "DaysRelation": "OR",
            "DaysKeepActive": "01",
            "WeekDays": [
              "NONE"
            ],
            "MonthDays": [
              "NONE"
            ]
          }
        }
      }
    },
    "PRLODSTWS1_1#POS_JOB_PARAM": {
      "Type": "Job:Database:StoredProcedure",
      "ConnectionProfile": "_",
      "StoredProcedure": "sqlext.POS_JOB_PARAM_SP",
      "DaysKeepActive": "1",
      "SubApplication": "PRLODSTWS1_1",
      "Priority": "Very Low",
      "Host": "PRLODSTWS1",
      "CreatedBy": "emuser",
      "Description": "== Conversion Messages Start ==\\n\\nMessage ID\\t: WRN6031 (7237-12762)\\n\\n== Conversion Messages End ==\\nAdded by composer.",
      "RunAs": "controlm",
      "TimeZone": "HKG",
      "Application": "PRLODSTWS1_1",
      "Variables": [
        {
          "DB-STP_SCHEM": ""
        }
      ],
      "When": {
        "WeekDays": [
          "NONE"
        ],
        "Months": [
          "NONE"
        ],
        "MonthDays": [
          "NONE"
        ],
        "DaysRelation": "OR",
        "RuleBasedCalendars": {
          "Included": [
            "RC1"
          ]
        }
      },
      "eventsToWaitFor": {
        "Type": "WaitForEvents",
        "Events": [
          {
            "Event": "PRLODSTWS1_1#SYS_STS_STG-TO-PRLODSTWS1_1#POS_JOB_PARAM"
          }
        ]
      },
      "eventsToAdd": {
        "Type": "AddEvents",
        "Events": [
          {
            "Event": "PRLODSTWS1_1#POS_JOB_PARAM-TO-PRLODSTWS1_1#POS_0760_PARAM"
          },
          {
            "Event": "PRLODSTWS1_1#POS_JOB_PARAM-TO-PRLODSTWS1_1#POS_0770_PARAM"
          },
          {
            "Event": "PRLODSTWS1_1#POS_JOB_PARAM-TO-PRLODSTWS1_1#POS_0781_PARAM"
          },
          {
            "Event": "PRLODSTWS1_1#POS_JOB_PARAM-TO-PRLODSTWS1_1#POS_0780_PARAM"
          },
          {
            "Event": "PRLODSTWS1_1#POS_JOB_PARAM-TO-PRLODSTWS1_1#POS_0880_PARAM"
          },
          {
            "Event": "PRLODSTWS1_1#POS_JOB_PARAM-TO-PRLODSTWS1_1#POS_1140_PARAM"
          },
          {
            "Event": "PRLODSTWS1_1#POS_JOB_PARAM-TO-PRLODSTWS1_1#POS_0930_PARAM"
          },
          {
            "Event": "PRLODSTWS1_1#POS_JOB_PARAM-TO-PRLODSTWS1_1#POS_0940_PARAM"
          },
          {
            "Event": "PRLODSTWS1_1#POS_JOB_PARAM-TO-PRLODSTWS1_1#POS_0950_PARAM"
          },
          {
            "Event": "PRLODSTWS1_1#POS_JOB_PARAM-TO-PRLODSTWS1_1#POS_0960_PARAM"
          },
          {
            "Event": "PRLODSTWS1_1#POS_JOB_PARAM-TO-PRLODSTWS1_1#POS_0970_PARAM"
          },
          {
            "Event": "PRLODSTWS1_1#POS_JOB_PARAM-TO-PRLODSTWS1_1#POS_1000_PARAM"
          },
          {
            "Event": "PRLODSTWS1_1#POS_JOB_PARAM-TO-PRLODSTWS1_1#POS_1080_PARAM"
          },
          {
            "Event": "PRLODSTWS1_1#POS_JOB_PARAM-TO-PRLODSTWS1_1#POS_1090_PARAM"
          },
          {
            "Event": "PRLODSTWS1_1#POS_JOB_PARAM-TO-PRLODSTWS1_1#POS_1110_PARAM"
          },
          {
            "Event": "PRLODSTWS1_1#POS_JOB_PARAM-TO-PRLODSTWS1_1#POS_1130_PARAM"
          },
          {
            "Event": "PRLODSTWS1_1#POS_JOB_PARAM-TO-PRLODSTWS1_1#POS_1240_PARAM"
          },
          {
            "Event": "PRLODSTWS1_1#POS_JOB_PARAM-TO-PRLODSTWS1_1#POS_1250_PARAM"
          },
          {
            "Event": "PRLODSTWS1_1#POS_JOB_PARAM-TO-PRLODSTWS1_1#POS_1260_PARAM"
          },
          {
            "Event": "PRLODSTWS1_1#POS_JOB_PARAM-TO-PRLODSTWS1_1#POS_1270_PARAM"
          },
          {
            "Event": "PRLODSTWS1_1#POS_JOB_PARAM-TO-PRLODSTWS1_1#POS_1300_PARAM"
          },
          {
            "Event": "PRLODSTWS1_1#POS_JOB_PARAM-TO-PRLODSTWS1_1#POS_1290_PARAM"
          },
          {
            "Event": "PRLODSTWS1_1#POS_JOB_PARAM-TO-PRLODSTWS1_1#POS_1310_PARAM"
          },
          {
            "Event": "PRLODSTWS1_1#POS_JOB_PARAM-TO-PRLODSTWS1_1#POS_1320_PARAM"
          },
          {
            "Event": "PRLODSTWS1_1#POS_JOB_PARAM-TO-PRLODSTWS1_1#POS_1330_PARAM"
          },
          {
            "Event": "PRLODSTWS1_1#POS_JOB_PARAM-TO-PRLODSTWS1_1#POS_1390_PARAM"
          },
          {
            "Event": "PRLODSTWS1_1#POS_JOB_PARAM-TO-PRLODSTWS1_1#POS_1440_PARAM"
          },
          {
            "Event": "PRLODSTWS1_1#POS_JOB_PARAM-TO-PRLODSTWS1_1#POS_1460_PARAM"
          },
          {
            "Event": "PRLODSTWS1_1#POS_JOB_PARAM-TO-PRLODSTWS1_1#POS_1490_PARAM"
          },
          {
            "Event": "PRLODSTWS1_1#POS_JOB_PARAM-TO-PRLODSTWS1_1#POS_1600_PARAM"
          },
          {
            "Event": "PRLODSTWS1_1#POS_JOB_PARAM-TO-PRLODSTWS1_1#POS_1724_PARAM"
          },
          {
            "Event": "PRLODSTWS1_1#POS_JOB_PARAM-TO-PRLODSTWS1_1#POS_1840_PARAM"
          },
          {
            "Event": "PRLODSTWS1_1#POS_JOB_PARAM-TO-PRLODSTWS1_1#POS_1820_PARAM"
          },
          {
            "Event": "PRLODSTWS1_1#POS_JOB_PARAM-TO-PRLODSTWS1_1#POS_1830_PARAM"
          },
          {
            "Event": "PRLODSTWS1_1#POS_JOB_PARAM-TO-PRLODSTWS1_1#POS_1870_PARAM"
          },
          {
            "Event": "PRLODSTWS1_1#POS_JOB_PARAM-TO-PRLODSTWS1_1#POS_1880_PARAM"
          },
          {
            "Event": "PRLODSTWS1_1#POS_JOB_PARAM-TO-PRLODSTWS1_1#POS_1900_PARAM"
          },
          {
            "Event": "PRLODSTWS1_1#POS_JOB_PARAM-TO-PRLODSTWS1_1#POS_1910_PARAM"
          },
          {
            "Event": "PRLODSTWS1_1#POS_JOB_PARAM-TO-PRLODSTWS1_1#POS_1920_PARAM"
          },
          {
            "Event": "PRLODSTWS1_1#POS_JOB_PARAM-TO-PRLODSTWS1_1#POS_1010_PARAM"
          },
          {
            "Event": "PRLODSTWS1_1#POS_JOB_PARAM-TO-PRLODSTWS1_1#POS_1410_PARAM"
          },
          {
            "Event": "PRLODSTWS1_1#POS_JOB_PARAM-TO-PRLODSTWS1_1#POS_1530_PARAM"
          },
          {
            "Event": "PRLODSTWS1_1#POS_JOB_PARAM-TO-PRLODSTWS1_1#POS_1610_PARAM"
          },
          {
            "Event": "PRLODSTWS1_1#POS_JOB_PARAM-TO-PRLODSTWS1_1#POS_1340_PARAM"
          },
          {
            "Event": "PRLODSTWS1_1#POS_JOB_PARAM-TO-PRLODSTWS1_1#POS_1350_PARAM"
          },
          {
            "Event": "PRLODSTWS1_1#POS_JOB_PARAM-TO-PRLODSTWS1_1#POS_1370_PARAM"
          },
          {
            "Event": "PRLODSTWS1_1#POS_JOB_PARAM-TO-PRLODSTWS1_1#POS_1660_PARAM"
          },
          {
            "Event": "PRLODSTWS1_1#POS_JOB_PARAM-TO-PRLODSTWS1_1#POS_1850_PARAM"
          },
          {
            "Event": "PRLODSTWS1_1#POS_JOB_PARAM-TO-PRLODSTWS1_1#POS_1860_PARAM"
          },
          {
            "Event": "PRLODSTWS1_1#POS_JOB_PARAM-TO-PRLODSTWS1_1#POS_1280_PARAM"
          },
          {
            "Event": "PRLODSTWS1_1#POS_JOB_PARAM-TO-PRLODSTWS1_1#POS_1360_PARAM"
          },
          {
            "Event": "PRLODSTWS1_1#POS_JOB_PARAM-TO-PRLODSTWS1_1#POS_1380_PARAM"
          },
          {
            "Event": "PRLODSTWS1_1#POS_JOB_PARAM-TO-PRLODSTWS1_1#POS_1580_PARAM"
          },
          {
            "Event": "PRLODSTWS1_1#POS_JOB_PARAM-TO-PRLODSTWS1_1#POS_7030_PARAM"
          },
          {
            "Event": "PRLODSTWS1_1#POS_JOB_PARAM-TO-PRLODSTWS1_1#POS_7080_PARAM"
          },
          {
            "Event": "PRLODSTWS1_1#POS_JOB_PARAM-TO-PRLODSTWS1_1#POS_7130_PARAM"
          },
          {
            "Event": "PRLODSTWS1_1#POS_JOB_PARAM-TO-PRLODSTWS1_1#POS_7150_PARAM"
          },
          {
            "Event": "PRLODSTWS1_1#POS_JOB_PARAM-TO-PRLODSTWS1_1#POS_7170_PARAM"
          },
          {
            "Event": "PRLODSTWS1_1#POS_JOB_PARAM-TO-PRLODSTWS1_1#POS_1160_PARAM"
          },
          {
            "Event": "PRLODSTWS1_1#POS_JOB_PARAM-TO-PRLODSTWS1_1#POS_0430_PARAM"
          },
          {
            "Event": "PRLODSTWS1_1#POS_JOB_PARAM-TO-PRLODSTWS1_1#POS_0490_PARAM"
          },
          {
            "Event": "PRLODSTWS1_1#POS_JOB_PARAM-TO-PRLODSTWS1_1#POS_0510_PARAM"
          },
          {
            "Event": "PRLODSTWS1_1#POS_JOB_PARAM-TO-PRLODSTWS1_1#POS_0640_PARAM"
          },
          {
            "Event": "PRLODSTWS1_1#POS_JOB_PARAM-TO-PRLODSTWS1_1#POS_0670_PARAM"
          },
          {
            "Event": "PRLODSTWS1_1#POS_JOB_PARAM-TO-PRLODSTWS1_1#POS_0790_PARAM"
          },
          {
            "Event": "PRLODSTWS1_1#POS_JOB_PARAM-TO-PRLODSTWS1_1#POS_0800_PARAM"
          },
          {
            "Event": "PRLODSTWS1_1#POS_JOB_PARAM-TO-PRLODSTWS1_1#POS_0840_PARAM"
          },
          {
            "Event": "PRLODSTWS1_1#POS_JOB_PARAM-TO-PRLODSTWS1_1#POS_1400_PARAM"
          },
          {
            "Event": "PRLODSTWS1_1#POS_JOB_PARAM-TO-PRLODSTWS1_1#POS_1450_PARAM"
          },
          {
            "Event": "PRLODSTWS1_1#POS_JOB_PARAM-TO-PRLODSTWS1_1#POS_1470_PARAM"
          },
          {
            "Event": "PRLODSTWS1_1#POS_JOB_PARAM-TO-PRLODSTWS1_1#POS_1500_PARAM"
          },
          {
            "Event": "PRLODSTWS1_1#POS_JOB_PARAM-TO-PRLODSTWS1_1#POS_1721_PARAM"
          },
          {
            "Event": "PRLODSTWS1_1#POS_JOB_PARAM-TO-PRLODSTWS1_1#POS_1510_PARAM"
          },
          {
            "Event": "PRLODSTWS1_1#POS_JOB_PARAM-TO-PRLODSTWS1_1#POS_0920_PARAM"
          }
        ]
      },
      "eventsToDelete": {
        "Type": "DeleteEvents",
        "Events": [
          {
            "Event": "PRLODSTWS1_1#SYS_STS_STG-TO-PRLODSTWS1_1#POS_JOB_PARAM"
          }
        ]
      }
    },
    "PRLODSTWS1_1#POS_REF_CS_QUOTATION": {
      "Type": "Job:Database:StoredProcedure",
      "ConnectionProfile": "_",
      "StoredProcedure": "sqlext.POS_REF_CS_QUOTATION_SP",
      "DaysKeepActive": "1",
      "SubApplication": "PRLODSTWS1_1",
      "Priority": "Very Low",
      "Host": "PRLODSTWS1",
      "CreatedBy": "emuser",
      "Description": "== Conversion Messages Start ==\\n\\nMessage ID\\t: WRN6031 (7238-12763)\\n\\n== Conversion Messages End ==\\nAdded by composer.",
      "RunAs": "controlm",
      "TimeZone": "HKG",
      "Application": "PRLODSTWS1_1",
      "Variables": [
        {
          "DB-STP_SCHEM": ""
        }
      ],
      "When": {
        "WeekDays": [
          "NONE"
        ],
        "Months": [
          "NONE"
        ],
        "MonthDays": [
          "NONE"
        ],
        "DaysRelation": "OR",
        "RuleBasedCalendars": {
          "Included": [
            "RC1"
          ]
        }
      },
      "eventsToWaitFor": {
        "Type": "WaitForEvents",
        "Events": [
          {
            "Event": "PRLODSTWS1_1#SYS_STS_STG-TO-PRLODSTWS1_1#POS_REF_CS_QUOTATION"
          }
        ]
      },
      "eventsToAdd": {
        "Type": "AddEvents",
        "Events": [
          {
            "Event": "PRLODSTWS1_1#POS_REF_CS_QUOTATION-TO-PRLODSTWS1_1#POS_0840_11G"
          }
        ]
      },
      "eventsToDelete": {
        "Type": "DeleteEvents",
        "Events": [
          {
            "Event": "PRLODSTWS1_1#SYS_STS_STG-TO-PRLODSTWS1_1#POS_REF_CS_QUOTATION"
          }
        ]
      }
    },
    "PRLODSTWS1_1#POS_REF_KPI": {
      "Type": "Job:Database:StoredProcedure",
      "ConnectionProfile": "_",
      "StoredProcedure": "sqlext.POS_REF_KPI_SP",
      "DaysKeepActive": "1",
      "SubApplication": "PRLODSTWS1_1",
      "Priority": "Very Low",
      "Host": "PRLODSTWS1",
      "CreatedBy": "emuser",
      "Description": "== Conversion Messages Start ==\\n\\nMessage ID\\t: WRN6031 (7239-12764)\\n\\n== Conversion Messages End ==\\nAdded by composer.",
      "RunAs": "controlm",
      "TimeZone": "HKG",
      "Application": "PRLODSTWS1_1",
      "Variables": [
        {
          "DB-STP_SCHEM": ""
        }
      ],
      "When": {
        "WeekDays": [
          "NONE"
        ],
        "Months": [
          "NONE"
        ],
        "MonthDays": [
          "NONE"
        ],
        "DaysRelation": "OR",
        "RuleBasedCalendars": {
          "Included": [
            "RC1"
          ]
        }
      },
      "eventsToWaitFor": {
        "Type": "WaitForEvents",
        "Events": [
          {
            "Event": "PRLODSTWS1_1#SYS_STS_STG-TO-PRLODSTWS1_1#POS_REF_KPI"
          }
        ]
      },
      "eventsToAdd": {
        "Type": "AddEvents",
        "Events": [
          {
            "Event": "PRLODSTWS1_1#POS_REF_KPI-TO-PRLODSTWS1_1#POS_1650_12G"
          },
          {
            "Event": "PRLODSTWS1_1#POS_REF_KPI-TO-PRLODSTWS1_1#POS_0490_11G"
          },
          {
            "Event": "PRLODSTWS1_1#POS_REF_KPI-TO-PRLODSTWS1_1#POS_0490_12G"
          },
          {
            "Event": "PRLODSTWS1_1#POS_REF_KPI-TO-PRLODSTWS1_1#POS_0670_11G"
          },
          {
            "Event": "PRLODSTWS1_1#POS_REF_KPI-TO-PRLODSTWS1_1#POS_0790_12G"
          },
          {
            "Event": "PRLODSTWS1_1#POS_REF_KPI-TO-PRLODSTWS1_1#POS_0800_11G"
          }
        ]
      },
      "eventsToDelete": {
        "Type": "DeleteEvents",
        "Events": [
          {
            "Event": "PRLODSTWS1_1#SYS_STS_STG-TO-PRLODSTWS1_1#POS_REF_KPI"
          }
        ]
      }
    },
    "PRLODSTWS1_1#POS_REF_SERVICE_KPI": {
      "Type": "Job:Database:StoredProcedure",
      "ConnectionProfile": "_",
      "StoredProcedure": "sqlext.POS_REF_SERVICE_KPI_SP",
      "DaysKeepActive": "1",
      "SubApplication": "PRLODSTWS1_1",
      "Priority": "Very Low",
      "Host": "PRLODSTWS1",
      "CreatedBy": "emuser",
      "Description": "== Conversion Messages Start ==\\n\\nMessage ID\\t: WRN6031 (7240-12765)\\n\\n== Conversion Messages End ==\\nAdded by composer.",
      "RunAs": "controlm",
      "TimeZone": "HKG",
      "Application": "PRLODSTWS1_1",
      "Variables": [
        {
          "DB-STP_SCHEM": ""
        }
      ],
      "When": {
        "WeekDays": [
          "NONE"
        ],
        "Months": [
          "NONE"
        ],
        "MonthDays": [
          "NONE"
        ],
        "DaysRelation": "OR",
        "RuleBasedCalendars": {
          "Included": [
            "RC1"
          ]
        }
      },
      "eventsToWaitFor": {
        "Type": "WaitForEvents",
        "Events": [
          {
            "Event": "PRLODSTWS1_1#SYS_STS_STG-TO-PRLODSTWS1_1#POS_REF_SERVICE_KPI"
          }
        ]
      },
      "eventsToAdd": {
        "Type": "AddEvents",
        "Events": [
          {
            "Event": "PRLODSTWS1_1#POS_REF_SERVICE_KPI-TO-PRLODSTWS1_1#FDW_UNPAYMENT_SIC"
          },
          {
            "Event": "PRLODSTWS1_1#POS_REF_SERVICE_KPI-TO-PRLODSTWS1_1#POS_0760_11G"
          },
          {
            "Event": "PRLODSTWS1_1#POS_REF_SERVICE_KPI-TO-PRLODSTWS1_1#POS_1330_11G"
          },
          {
            "Event": "PRLODSTWS1_1#POS_REF_SERVICE_KPI-TO-PRLODSTWS1_1#POS_1340_11G"
          },
          {
            "Event": "PRLODSTWS1_1#POS_REF_SERVICE_KPI-TO-PRLODSTWS1_1#POS_1370_11G"
          },
          {
            "Event": "PRLODSTWS1_1#POS_REF_SERVICE_KPI-TO-PRLODSTWS1_1#POS_1660_11G"
          },
          {
            "Event": "PRLODSTWS1_1#POS_REF_SERVICE_KPI-TO-PRLODSTWS1_1#POS_7030_11G"
          },
          {
            "Event": "PRLODSTWS1_1#POS_REF_SERVICE_KPI-TO-PRLODSTWS1_1#POS_7080_11G"
          },
          {
            "Event": "PRLODSTWS1_1#POS_REF_SERVICE_KPI-TO-PRLODSTWS1_1#POS_7130_11G"
          },
          {
            "Event": "PRLODSTWS1_1#POS_REF_SERVICE_KPI-TO-PRLODSTWS1_1#POS_0490_11G"
          },
          {
            "Event": "PRLODSTWS1_1#POS_REF_SERVICE_KPI-TO-PRLODSTWS1_1#POS_0510_11G"
          },
          {
            "Event": "PRLODSTWS1_1#POS_REF_SERVICE_KPI-TO-PRLODSTWS1_1#POS_0670_11G"
          },
          {
            "Event": "PRLODSTWS1_1#POS_REF_SERVICE_KPI-TO-PRLODSTWS1_1#POS_0790_11G"
          },
          {
            "Event": "PRLODSTWS1_1#POS_REF_SERVICE_KPI-TO-PRLODSTWS1_1#POS_0800_11G"
          },
          {
            "Event": "PRLODSTWS1_1#POS_REF_SERVICE_KPI-TO-PRLODSTWS1_1#POS_0800_12G"
          },
          {
            "Event": "PRLODSTWS1_1#POS_REF_SERVICE_KPI-TO-PRLODSTWS1_1#POS_0800_13G"
          },
          {
            "Event": "PRLODSTWS1_1#POS_REF_SERVICE_KPI-TO-PRLODSTWS1_1#POS_1470_11G"
          }
        ]
      },
      "eventsToDelete": {
        "Type": "DeleteEvents",
        "Events": [
          {
            "Event": "PRLODSTWS1_1#SYS_STS_STG-TO-PRLODSTWS1_1#POS_REF_SERVICE_KPI"
          }
        ]
      }
    },
    "PRLODSTWS1_1#POS_REF_PARM": {
      "Type": "Job:Database:StoredProcedure",
      "ConnectionProfile": "_",
      "StoredProcedure": "sqlext.POS_REF_PARM_SP",
      "DaysKeepActive": "1",
      "SubApplication": "PRLODSTWS1_1",
      "Priority": "Very Low",
      "Host": "PRLODSTWS1",
      "CreatedBy": "emuser",
      "Description": "== Conversion Messages Start ==\\n\\nMessage ID\\t: WRN6031 (7241-12766)\\n\\n== Conversion Messages End ==\\nAdded by composer.",
      "RunAs": "controlm",
      "TimeZone": "HKG",
      "Application": "PRLODSTWS1_1",
      "Variables": [
        {
          "DB-STP_SCHEM": ""
        }
      ],
      "When": {
        "WeekDays": [
          "NONE"
        ],
        "Months": [
          "NONE"
        ],
        "MonthDays": [
          "NONE"
        ],
        "DaysRelation": "OR",
        "RuleBasedCalendars": {
          "Included": [
            "RC1"
          ]
        }
      },
      "eventsToWaitFor": {
        "Type": "WaitForEvents",
        "Events": [
          {
            "Event": "PRLODSTWS1_1#SYS_STS_STG-TO-PRLODSTWS1_1#POS_REF_PARM"
          }
        ]
      },
      "eventsToAdd": {
        "Type": "AddEvents",
        "Events": [
          {
            "Event": "PRLODSTWS1_1#POS_REF_PARM-TO-PRLODSTWS1_1#FDW_PAY_NOTICE"
          },
          {
            "Event": "PRLODSTWS1_1#POS_REF_PARM-TO-PRLODSTWS1_1#FDW_PAY_NOTICE_1"
          },
          {
            "Event": "PRLODSTWS1_1#POS_REF_PARM-TO-PRLODSTWS1_1#TSH_PAY_EXP"
          },
          {
            "Event": "PRLODSTWS1_1#POS_REF_PARM-TO-PRLODSTWS1_1#POS_0910_11G"
          },
          {
            "Event": "PRLODSTWS1_1#POS_REF_PARM-TO-PRLODSTWS1_1#POS_1300_11G"
          },
          {
            "Event": "PRLODSTWS1_1#POS_REF_PARM-TO-PRLODSTWS1_1#POS_1290_11G"
          },
          {
            "Event": "PRLODSTWS1_1#POS_REF_PARM-TO-PRLODSTWS1_1#POS_1320_11G"
          },
          {
            "Event": "PRLODSTWS1_1#POS_REF_PARM-TO-PRLODSTWS1_1#POS_1330_11G"
          },
          {
            "Event": "PRLODSTWS1_1#POS_REF_PARM-TO-PRLODSTWS1_1#POS_1350_11G"
          },
          {
            "Event": "PRLODSTWS1_1#POS_REF_PARM-TO-PRLODSTWS1_1#POS_0790_15G"
          },
          {
            "Event": "PRLODSTWS1_1#POS_REF_PARM-TO-PRLODSTWS1_1#POS_1400_12G"
          },
          {
            "Event": "PRLODSTWS1_1#POS_REF_PARM-TO-PRLODSTWS1_1#POS_1470_11G"
          },
          {
            "Event": "PRLODSTWS1_1#POS_REF_PARM-TO-PRLODSTWS1_1#POS_1510_11G"
          },
          {
            "Event": "PRLODSTWS1_1#POS_REF_PARM-TO-PRLODSTWS1_1#POS_1510_12G"
          }
        ]
      },
      "eventsToDelete": {
        "Type": "DeleteEvents",
        "Events": [
          {
            "Event": "PRLODSTWS1_1#SYS_STS_STG-TO-PRLODSTWS1_1#POS_REF_PARM"
          }
        ]
      }
    },
    "eventsToAdd": {
      "Type": "AddEvents",
      "Events": [
        {
          "Event": "PRLODSTWS1_1#D_RPT_POS_PAR-TO-PRLODSTWS1_1#BDS_STS_RPT_POS"
        }
      ]
    }
  }
}
