{
  "PRLODSTWS1_1#M_MM_MM": {
    "Type": "Folder",
    "ControlmServer": "CTM",
    "Description": "== Conversion Messages Start ==\\n\\nMessage ID\\t: INF6107 (2246-4069)\\n\\nMessage ID\\t: INF6104 (2247-4069)\\n\\n== Conversion Messages End ==\\n",
    "OrderMethod": "Manual",
    "SubApplication": "PRLODSTWS1_1",
    "CreatedBy": "emuser",
    "Priority": "9W",
    "TimeZone": "HKG",
    "Application": "PRLODSTWS1_1",
    "When": {
      "RuleBasedCalendars": {
        "Included": [
          "RC1"
        ],
        "RC1": {
          "Type": "Calendar:RuleBased",
          "When": {
            "MonthDaysCalendar": "RCG-M-NAT",
            "DaysRelation": "OR",
            "DaysKeepActive": "01",
            "WeekDays": [
              "NONE"
            ],
            "MonthDays": [
              "NONE"
            ]
          }
        }
      }
    },
    "PRLODSTWS1_1#MM_DS_AGENT_ASSESS_M": {
      "Type": "Job:Database:StoredProcedure",
      "ConnectionProfile": "_",
      "StoredProcedure": "sqlext.MM_DS_AGENT_ASSESS_M_SP",
      "DaysKeepActive": "1",
      "SubApplication": "PRLODSTWS1_1",
      "Priority": "Very Low",
      "Host": "PRLODSTWS1",
      "CreatedBy": "emuser",
      "Description": "== Conversion Messages Start ==\\n\\nMessage ID\\t: WRN6031 (2237-4070)\\n\\n== Conversion Messages End ==\\nAdded by composer.",
      "RunAs": "controlm",
      "TimeZone": "HKG",
      "Application": "PRLODSTWS1_1",
      "Variables": [
        {
          "DB-STP_SCHEM": ""
        }
      ],
      "When": {
        "WeekDays": [
          "NONE"
        ],
        "Months": [
          "NONE"
        ],
        "MonthDays": [
          "NONE"
        ],
        "DaysRelation": "OR",
        "RuleBasedCalendars": {
          "Included": [
            "RC1"
          ]
        }
      },
      "eventsToWaitFor": {
        "Type": "WaitForEvents",
        "Events": [
          {
            "Event": "PRLODSTWS1_1#O_ASSESS_INFO-TO-PRLODSTWS1_1#MM_DS_AGENT_ASSESS_M"
          },
          {
            "Event": "PRLODSTWS1_1#O_SC_COMP_UPLOAD_VAL-TO-PRLODSTWS1_1#MM_DS_AGENT_ASSESS_M"
          },
          {
            "Event": "PRLODSTWS1_1#O_STRING_RESOURCE-TO-PRLODSTWS1_1#MM_DS_AGENT_ASSESS_M"
          },
          {
            "Event": "PRLODSTWS1_1#SDM_AGENT_GRADE-TO-PRLODSTWS1_1#MM_DS_AGENT_ASSESS_M"
          },
          {
            "Event": "PRLODSTWS1_1#SDM_AGENT_SNAP-TO-PRLODSTWS1_1#MM_DS_AGENT_ASSESS_M"
          }
        ]
      },
      "eventsToDelete": {
        "Type": "DeleteEvents",
        "Events": [
          {
            "Event": "PRLODSTWS1_1#O_ASSESS_INFO-TO-PRLODSTWS1_1#MM_DS_AGENT_ASSESS_M"
          },
          {
            "Event": "PRLODSTWS1_1#O_SC_COMP_UPLOAD_VAL-TO-PRLODSTWS1_1#MM_DS_AGENT_ASSESS_M"
          },
          {
            "Event": "PRLODSTWS1_1#O_STRING_RESOURCE-TO-PRLODSTWS1_1#MM_DS_AGENT_ASSESS_M"
          },
          {
            "Event": "PRLODSTWS1_1#SDM_AGENT_GRADE-TO-PRLODSTWS1_1#MM_DS_AGENT_ASSESS_M"
          },
          {
            "Event": "PRLODSTWS1_1#SDM_AGENT_SNAP-TO-PRLODSTWS1_1#MM_DS_AGENT_ASSESS_M"
          }
        ]
      }
    },
    "PRLODSTWS1_1#MM_CONTRACT_MASTER": {
      "Type": "Job:Database:StoredProcedure",
      "ConnectionProfile": "_",
      "StoredProcedure": "sqlext.MM_CONTRACT_MASTER_SP",
      "DaysKeepActive": "1",
      "SubApplication": "PRLODSTWS1_1",
      "Priority": "Very Low",
      "Host": "PRLODSTWS1",
      "CreatedBy": "emuser",
      "Description": "== Conversion Messages Start ==\\n\\nMessage ID\\t: WRN6031 (2238-4071)\\n\\n== Conversion Messages End ==\\nAdded by composer.",
      "RunAs": "controlm",
      "TimeZone": "HKG",
      "Application": "PRLODSTWS1_1",
      "Variables": [
        {
          "DB-STP_SCHEM": ""
        }
      ],
      "When": {
        "WeekDays": [
          "NONE"
        ],
        "Months": [
          "NONE"
        ],
        "MonthDays": [
          "NONE"
        ],
        "DaysRelation": "OR",
        "RuleBasedCalendars": {
          "Included": [
            "RC1"
          ]
        }
      },
      "eventsToWaitFor": {
        "Type": "WaitForEvents",
        "Events": [
          {
            "Event": "PRLODSTWS1_1#MM_CONTRACT_PRODUCT-TO-PRLODSTWS1_1#MM_CONTRACT_MASTER_1"
          },
          {
            "Event": "PRLODSTWS1_1#O_POL_CS_SPECIAL_INFO-TO-PRLODSTWS1_1#MM_CONTRACT_MASTER"
          },
          {
            "Event": "PRLODSTWS1_1#O_AGENT_STATUS-TO-PRLODSTWS1_1#MM_CONTRACT_MASTER"
          },
          {
            "Event": "PRLODSTWS1_1#O_POLICY_PRODUCER_ROLE-TO-PRLODSTWS1_1#MM_CONTRACT_MASTER"
          },
          {
            "Event": "PRLODSTWS1_1#O_SC_POLICY_PRODUCER_CHG-TO-PRLODSTWS1_1#MM_CONTRACT_MASTER"
          },
          {
            "Event": "PRLODSTWS1_1#O_STRING_RESOURCE-TO-PRLODSTWS1_1#MM_CONTRACT_MASTER"
          },
          {
            "Event": "PRLODSTWS1_1#SDM_CUSTOMER-TO-PRLODSTWS1_1#MM_CONTRACT_MASTER"
          },
          {
            "Event": "PRLODSTWS1_1#SDM_FIN_MSR_PROD_SET-TO-PRLODSTWS1_1#MM_CONTRACT_MASTER"
          },
          {
            "Event": "PRLODSTWS1_1#SDM_GL_EXCHANGE_RATE-TO-PRLODSTWS1_1#MM_CONTRACT_MASTER"
          },
          {
            "Event": "PRLODSTWS1_1#SDM_BANK_ACCOUNT-TO-PRLODSTWS1_1#MM_CONTRACT_MASTER"
          },
          {
            "Event": "PRLODSTWS1_1#SDM_POLICY_ACCOUNT-TO-PRLODSTWS1_1#MM_CONTRACT_MASTER"
          },
          {
            "Event": "PRLODSTWS1_1#SDM_VIP_CUSTOMER-TO-PRLODSTWS1_1#MM_CONTRACT_MASTER"
          },
          {
            "Event": "PRLODSTWS1_1#SDM_SC_PLCY_PRDCR_CHG-TO-PRLODSTWS1_1#MM_CONTRACT_MASTER"
          },
          {
            "Event": "PRLODSTWS1_1#SDM_AGENT-TO-PRLODSTWS1_1#MM_CONTRACT_MASTER"
          },
          {
            "Event": "PRLODSTWS1_1#SDM_AGENT_SNAP-TO-PRLODSTWS1_1#MM_CONTRACT_MASTER"
          },
          {
            "Event": "PRLODSTWS1_1#SDM_CHANNEL_ORG-TO-PRLODSTWS1_1#MM_CONTRACT_MASTER"
          },
          {
            "Event": "PRLODSTWS1_1#SDM_CONTRACT_PRODUCT-TO-PRLODSTWS1_1#MM_CONTRACT_MASTER"
          },
          {
            "Event": "PRLODSTWS1_1#SDM_PLCY_PRDCR_RL-TO-PRLODSTWS1_1#MM_CONTRACT_MASTER"
          },
          {
            "Event": "PRLODSTWS1_1#SDM_POLICY_HOLDER-TO-PRLODSTWS1_1#MM_CONTRACT_MASTER"
          },
          {
            "Event": "PRLODSTWS1_1#SDM_PRODUCT_LIFE-TO-PRLODSTWS1_1#MM_CONTRACT_MASTER"
          },
          {
            "Event": "PRLODSTWS1_1#SDM_CONTRACT_MASTER-TO-PRLODSTWS1_1#MM_CONTRACT_MASTER"
          },
          {
            "Event": "PRLODSTWS1_1#SDM_INSURED_LIST-TO-PRLODSTWS1_1#MM_CONTRACT_MASTER"
          },
          {
            "Event": "PRLODSTWS1_1#SDM_NB_AGENT_NOTIFY-TO-PRLODSTWS1_1#MM_CONTRACT_MASTER"
          }
        ]
      },
      "eventsToDelete": {
        "Type": "DeleteEvents",
        "Events": [
          {
            "Event": "PRLODSTWS1_1#MM_CONTRACT_PRODUCT-TO-PRLODSTWS1_1#MM_CONTRACT_MASTER_1"
          },
          {
            "Event": "PRLODSTWS1_1#O_POL_CS_SPECIAL_INFO-TO-PRLODSTWS1_1#MM_CONTRACT_MASTER"
          },
          {
            "Event": "PRLODSTWS1_1#O_AGENT_STATUS-TO-PRLODSTWS1_1#MM_CONTRACT_MASTER"
          },
          {
            "Event": "PRLODSTWS1_1#O_POLICY_PRODUCER_ROLE-TO-PRLODSTWS1_1#MM_CONTRACT_MASTER"
          },
          {
            "Event": "PRLODSTWS1_1#O_SC_POLICY_PRODUCER_CHG-TO-PRLODSTWS1_1#MM_CONTRACT_MASTER"
          },
          {
            "Event": "PRLODSTWS1_1#O_STRING_RESOURCE-TO-PRLODSTWS1_1#MM_CONTRACT_MASTER"
          },
          {
            "Event": "PRLODSTWS1_1#SDM_CUSTOMER-TO-PRLODSTWS1_1#MM_CONTRACT_MASTER"
          },
          {
            "Event": "PRLODSTWS1_1#SDM_FIN_MSR_PROD_SET-TO-PRLODSTWS1_1#MM_CONTRACT_MASTER"
          },
          {
            "Event": "PRLODSTWS1_1#SDM_GL_EXCHANGE_RATE-TO-PRLODSTWS1_1#MM_CONTRACT_MASTER"
          },
          {
            "Event": "PRLODSTWS1_1#SDM_BANK_ACCOUNT-TO-PRLODSTWS1_1#MM_CONTRACT_MASTER"
          },
          {
            "Event": "PRLODSTWS1_1#SDM_POLICY_ACCOUNT-TO-PRLODSTWS1_1#MM_CONTRACT_MASTER"
          },
          {
            "Event": "PRLODSTWS1_1#SDM_VIP_CUSTOMER-TO-PRLODSTWS1_1#MM_CONTRACT_MASTER"
          },
          {
            "Event": "PRLODSTWS1_1#SDM_SC_PLCY_PRDCR_CHG-TO-PRLODSTWS1_1#MM_CONTRACT_MASTER"
          },
          {
            "Event": "PRLODSTWS1_1#SDM_AGENT-TO-PRLODSTWS1_1#MM_CONTRACT_MASTER"
          },
          {
            "Event": "PRLODSTWS1_1#SDM_AGENT_SNAP-TO-PRLODSTWS1_1#MM_CONTRACT_MASTER"
          },
          {
            "Event": "PRLODSTWS1_1#SDM_CHANNEL_ORG-TO-PRLODSTWS1_1#MM_CONTRACT_MASTER"
          },
          {
            "Event": "PRLODSTWS1_1#SDM_CONTRACT_PRODUCT-TO-PRLODSTWS1_1#MM_CONTRACT_MASTER"
          },
          {
            "Event": "PRLODSTWS1_1#SDM_PLCY_PRDCR_RL-TO-PRLODSTWS1_1#MM_CONTRACT_MASTER"
          },
          {
            "Event": "PRLODSTWS1_1#SDM_POLICY_HOLDER-TO-PRLODSTWS1_1#MM_CONTRACT_MASTER"
          },
          {
            "Event": "PRLODSTWS1_1#SDM_PRODUCT_LIFE-TO-PRLODSTWS1_1#MM_CONTRACT_MASTER"
          },
          {
            "Event": "PRLODSTWS1_1#SDM_CONTRACT_MASTER-TO-PRLODSTWS1_1#MM_CONTRACT_MASTER"
          },
          {
            "Event": "PRLODSTWS1_1#SDM_INSURED_LIST-TO-PRLODSTWS1_1#MM_CONTRACT_MASTER"
          },
          {
            "Event": "PRLODSTWS1_1#SDM_NB_AGENT_NOTIFY-TO-PRLODSTWS1_1#MM_CONTRACT_MASTER"
          }
        ]
      }
    },
    "PRLODSTWS1_1#MM_POLICY_PAY_RECORD": {
      "Type": "Job:Database:StoredProcedure",
      "ConnectionProfile": "_",
      "StoredProcedure": "sqlext.MM_POLICY_PAY_RECORD_SP",
      "DaysKeepActive": "1",
      "SubApplication": "PRLODSTWS1_1",
      "Priority": "Very Low",
      "Host": "PRLODSTWS1",
      "CreatedBy": "emuser",
      "Description": "== Conversion Messages Start ==\\n\\nMessage ID\\t: WRN6031 (2239-4072)\\n\\n== Conversion Messages End ==\\nAdded by composer.",
      "RunAs": "controlm",
      "TimeZone": "HKG",
      "Application": "PRLODSTWS1_1",
      "Variables": [
        {
          "DB-STP_SCHEM": ""
        }
      ],
      "When": {
        "WeekDays": [
          "NONE"
        ],
        "Months": [
          "NONE"
        ],
        "MonthDays": [
          "NONE"
        ],
        "DaysRelation": "OR",
        "RuleBasedCalendars": {
          "Included": [
            "RC1"
          ]
        }
      },
      "eventsToWaitFor": {
        "Type": "WaitForEvents",
        "Events": [
          {
            "Event": "PRLODSTWS1_1#SDM_CASH-TO-PRLODSTWS1_1#MM_POLICY_PAY_RECORD"
          },
          {
            "Event": "PRLODSTWS1_1#SDM_PA_CASH_REFUND-TO-PRLODSTWS1_1#MM_POLICY_PAY_RECORD"
          },
          {
            "Event": "PRLODSTWS1_1#SDM_AGENT-TO-PRLODSTWS1_1#MM_POLICY_PAY_RECORD"
          },
          {
            "Event": "PRLODSTWS1_1#SDM_CONTRACT_MASTER-TO-PRLODSTWS1_1#MM_POLICY_PAY_RECORD"
          }
        ]
      },
      "eventsToDelete": {
        "Type": "DeleteEvents",
        "Events": [
          {
            "Event": "PRLODSTWS1_1#SDM_CASH-TO-PRLODSTWS1_1#MM_POLICY_PAY_RECORD"
          },
          {
            "Event": "PRLODSTWS1_1#SDM_PA_CASH_REFUND-TO-PRLODSTWS1_1#MM_POLICY_PAY_RECORD"
          },
          {
            "Event": "PRLODSTWS1_1#SDM_AGENT-TO-PRLODSTWS1_1#MM_POLICY_PAY_RECORD"
          },
          {
            "Event": "PRLODSTWS1_1#SDM_CONTRACT_MASTER-TO-PRLODSTWS1_1#MM_POLICY_PAY_RECORD"
          }
        ]
      }
    },
    "PRLODSTWS1_1#MM_PROD_PREM_M": {
      "Type": "Job:Database:StoredProcedure",
      "ConnectionProfile": "_",
      "StoredProcedure": "sqlext.MM_PROD_PREM_M_SP",
      "DaysKeepActive": "1",
      "SubApplication": "PRLODSTWS1_1",
      "Priority": "Very Low",
      "Host": "PRLODSTWS1",
      "CreatedBy": "emuser",
      "Description": "== Conversion Messages Start ==\\n\\nMessage ID\\t: WRN6031 (2240-4073)\\n\\n== Conversion Messages End ==\\nAdded by composer.",
      "RunAs": "controlm",
      "TimeZone": "HKG",
      "Application": "PRLODSTWS1_1",
      "Variables": [
        {
          "DB-STP_SCHEM": ""
        }
      ],
      "When": {
        "WeekDays": [
          "NONE"
        ],
        "Months": [
          "NONE"
        ],
        "MonthDays": [
          "NONE"
        ],
        "DaysRelation": "OR",
        "RuleBasedCalendars": {
          "Included": [
            "RC1"
          ]
        }
      },
      "eventsToWaitFor": {
        "Type": "WaitForEvents",
        "Events": [
          {
            "Event": "PRLODSTWS1_1#FIN_0430_11G-TO-PRLODSTWS1_1#MM_PROD_PREM_M"
          },
          {
            "Event": "PRLODSTWS1_1#O_PREM_INFO_HIS-TO-PRLODSTWS1_1#MM_PROD_PREM_M"
          }
        ]
      },
      "eventsToDelete": {
        "Type": "DeleteEvents",
        "Events": [
          {
            "Event": "PRLODSTWS1_1#FIN_0430_11G-TO-PRLODSTWS1_1#MM_PROD_PREM_M"
          },
          {
            "Event": "PRLODSTWS1_1#O_PREM_INFO_HIS-TO-PRLODSTWS1_1#MM_PROD_PREM_M"
          }
        ]
      }
    },
    "PRLODSTWS1_1#MM_PROD_PREM_ACCUM": {
      "Type": "Job:Database:StoredProcedure",
      "ConnectionProfile": "_",
      "StoredProcedure": "sqlext.MM_PROD_PREM_ACCUM_SP",
      "DaysKeepActive": "1",
      "SubApplication": "PRLODSTWS1_1",
      "Priority": "Very Low",
      "Host": "PRLODSTWS1",
      "CreatedBy": "emuser",
      "Description": "== Conversion Messages Start ==\\n\\nMessage ID\\t: WRN6031 (2241-4074)\\n\\n== Conversion Messages End ==\\nAdded by composer.",
      "RunAs": "controlm",
      "TimeZone": "HKG",
      "Application": "PRLODSTWS1_1",
      "Variables": [
        {
          "DB-STP_SCHEM": ""
        }
      ],
      "When": {
        "WeekDays": [
          "NONE"
        ],
        "Months": [
          "NONE"
        ],
        "MonthDays": [
          "NONE"
        ],
        "DaysRelation": "OR",
        "RuleBasedCalendars": {
          "Included": [
            "RC1"
          ]
        }
      },
      "eventsToWaitFor": {
        "Type": "WaitForEvents",
        "Events": [
          {
            "Event": "PRLODSTWS1_1#OV_CONTRACT_PRODUCT-TO-PRLODSTWS1_1#MM_PROD_PREM_ACCUM"
          }
        ]
      },
      "eventsToDelete": {
        "Type": "DeleteEvents",
        "Events": [
          {
            "Event": "PRLODSTWS1_1#OV_CONTRACT_PRODUCT-TO-PRLODSTWS1_1#MM_PROD_PREM_ACCUM"
          }
        ]
      }
    },
    "PRLODSTWS1_1#MM_BENEFICIARY": {
      "Type": "Job:Database:StoredProcedure",
      "ConnectionProfile": "_",
      "StoredProcedure": "sqlext.MM_BENEFICIARY_SP",
      "DaysKeepActive": "1",
      "SubApplication": "PRLODSTWS1_1",
      "Priority": "Very Low",
      "Host": "PRLODSTWS1",
      "CreatedBy": "emuser",
      "Description": "== Conversion Messages Start ==\\n\\nMessage ID\\t: WRN6031 (2242-4075)\\n\\n== Conversion Messages End ==\\nAdded by composer.",
      "RunAs": "controlm",
      "TimeZone": "HKG",
      "Application": "PRLODSTWS1_1",
      "Variables": [
        {
          "DB-STP_SCHEM": ""
        }
      ],
      "When": {
        "WeekDays": [
          "NONE"
        ],
        "Months": [
          "NONE"
        ],
        "MonthDays": [
          "NONE"
        ],
        "DaysRelation": "OR",
        "RuleBasedCalendars": {
          "Included": [
            "RC1"
          ]
        }
      },
      "eventsToWaitFor": {
        "Type": "WaitForEvents",
        "Events": [
          {
            "Event": "PRLODSTWS1_1#O_STRING_RESOURCE-TO-PRLODSTWS1_1#MM_BENEFICIARY"
          },
          {
            "Event": "PRLODSTWS1_1#SDM_CONTRACT_PRODUCT-TO-PRLODSTWS1_1#MM_BENEFICIARY"
          },
          {
            "Event": "PRLODSTWS1_1#SDM_CONTRACT_BENE-TO-PRLODSTWS1_1#MM_BENEFICIARY"
          }
        ]
      },
      "eventsToDelete": {
        "Type": "DeleteEvents",
        "Events": [
          {
            "Event": "PRLODSTWS1_1#O_STRING_RESOURCE-TO-PRLODSTWS1_1#MM_BENEFICIARY"
          },
          {
            "Event": "PRLODSTWS1_1#SDM_CONTRACT_PRODUCT-TO-PRLODSTWS1_1#MM_BENEFICIARY"
          },
          {
            "Event": "PRLODSTWS1_1#SDM_CONTRACT_BENE-TO-PRLODSTWS1_1#MM_BENEFICIARY"
          }
        ]
      }
    },
    "PRLODSTWS1_1#MM_ANNUITY_ALLOCATION": {
      "Type": "Job:Database:StoredProcedure",
      "ConnectionProfile": "_",
      "StoredProcedure": "sqlext.MM_ANNUITY_ALLOCATION_SP",
      "DaysKeepActive": "1",
      "SubApplication": "PRLODSTWS1_1",
      "Priority": "Very Low",
      "Host": "PRLODSTWS1",
      "CreatedBy": "emuser",
      "Description": "== Conversion Messages Start ==\\n\\nMessage ID\\t: WRN6031 (2243-4076)\\n\\n== Conversion Messages End ==\\nAdded by composer.",
      "RunAs": "controlm",
      "TimeZone": "HKG",
      "Application": "PRLODSTWS1_1",
      "Variables": [
        {
          "DB-STP_SCHEM": ""
        }
      ],
      "When": {
        "WeekDays": [
          "NONE"
        ],
        "Months": [
          "NONE"
        ],
        "MonthDays": [
          "NONE"
        ],
        "DaysRelation": "OR",
        "RuleBasedCalendars": {
          "Included": [
            "RC1"
          ]
        }
      },
      "eventsToWaitFor": {
        "Type": "WaitForEvents",
        "Events": [
          {
            "Event": "PRLODSTWS1_1#OV_PAY_PLAN-TO-PRLODSTWS1_1#MM_ANNUITY_ALLOCATION"
          },
          {
            "Event": "PRLODSTWS1_1#O_PAY_DUE-TO-PRLODSTWS1_1#MM_ANNUITY_ALLOCATION"
          },
          {
            "Event": "PRLODSTWS1_1#O_PAY_DUE_LIST-TO-PRLODSTWS1_1#MM_ANNUITY_ALLOCATION"
          },
          {
            "Event": "PRLODSTWS1_1#SDM_PAY_MODE-TO-PRLODSTWS1_1#MM_ANNUITY_ALLOCATION"
          }
        ]
      },
      "eventsToDelete": {
        "Type": "DeleteEvents",
        "Events": [
          {
            "Event": "PRLODSTWS1_1#OV_PAY_PLAN-TO-PRLODSTWS1_1#MM_ANNUITY_ALLOCATION"
          },
          {
            "Event": "PRLODSTWS1_1#O_PAY_DUE-TO-PRLODSTWS1_1#MM_ANNUITY_ALLOCATION"
          },
          {
            "Event": "PRLODSTWS1_1#O_PAY_DUE_LIST-TO-PRLODSTWS1_1#MM_ANNUITY_ALLOCATION"
          },
          {
            "Event": "PRLODSTWS1_1#SDM_PAY_MODE-TO-PRLODSTWS1_1#MM_ANNUITY_ALLOCATION"
          }
        ]
      }
    },
    "PRLODSTWS1_1#MM_CONTRACT_PRODUCT": {
      "Type": "Job:Database:StoredProcedure",
      "ConnectionProfile": "_",
      "StoredProcedure": "sqlext.MM_CONTRACT_PRODUCT_SP",
      "DaysKeepActive": "1",
      "SubApplication": "PRLODSTWS1_1",
      "Priority": "Very Low",
      "Host": "PRLODSTWS1",
      "CreatedBy": "emuser",
      "Description": "== Conversion Messages Start ==\\n\\nMessage ID\\t: WRN6031 (2244-4077)\\n\\n== Conversion Messages End ==\\nAdded by composer.",
      "RunAs": "controlm",
      "TimeZone": "HKG",
      "Application": "PRLODSTWS1_1",
      "Variables": [
        {
          "DB-STP_SCHEM": ""
        }
      ],
      "When": {
        "WeekDays": [
          "NONE"
        ],
        "Months": [
          "NONE"
        ],
        "MonthDays": [
          "NONE"
        ],
        "DaysRelation": "OR",
        "RuleBasedCalendars": {
          "Included": [
            "RC1"
          ]
        }
      },
      "eventsToWaitFor": {
        "Type": "WaitForEvents",
        "Events": [
          {
            "Event": "PRLODSTWS1_1#O_PAY_PLAN-TO-PRLODSTWS1_1#MM_CONTRACT_PRODUCT"
          },
          {
            "Event": "PRLODSTWS1_1#O_PAY_PLAN_TYPE-TO-PRLODSTWS1_1#MM_CONTRACT_PRODUCT"
          },
          {
            "Event": "PRLODSTWS1_1#O_STRING_RESOURCE-TO-PRLODSTWS1_1#MM_CONTRACT_PRODUCT"
          },
          {
            "Event": "PRLODSTWS1_1#SDM_CLAIM_PRODUCT-TO-PRLODSTWS1_1#MM_CONTRACT_PRODUCT"
          },
          {
            "Event": "PRLODSTWS1_1#SDM_CUSTOMER-TO-PRLODSTWS1_1#MM_CONTRACT_PRODUCT"
          },
          {
            "Event": "PRLODSTWS1_1#SDM_GL_EXCHANGE_RATE-TO-PRLODSTWS1_1#MM_CONTRACT_PRODUCT"
          },
          {
            "Event": "PRLODSTWS1_1#SDM_PRODUCTION_DETAIL-TO-PRLODSTWS1_1#MM_CONTRACT_PRODUCT"
          },
          {
            "Event": "PRLODSTWS1_1#SDM_SC_APE_AGENT-TO-PRLODSTWS1_1#MM_CONTRACT_PRODUCT"
          },
          {
            "Event": "PRLODSTWS1_1#SDM_CONTRACT_PRODUCT-TO-PRLODSTWS1_1#MM_CONTRACT_PRODUCT"
          },
          {
            "Event": "PRLODSTWS1_1#SDM_CONTRACT_PROD_PREM-TO-PRLODSTWS1_1#MM_CONTRACT_PRODUCT"
          },
          {
            "Event": "PRLODSTWS1_1#SDM_PRODUCT_LIFE-TO-PRLODSTWS1_1#MM_CONTRACT_PRODUCT"
          },
          {
            "Event": "PRLODSTWS1_1#SDM_PREM_TRANS_MER-TO-PRLODSTWS1_1#MM_CONTRACT_PRODUCT"
          },
          {
            "Event": "PRLODSTWS1_1#SDM_ADDRESS-TO-PRLODSTWS1_1#MM_CONTRACT_PRODUCT"
          },
          {
            "Event": "PRLODSTWS1_1#SDM_CONTRACT_BENE-TO-PRLODSTWS1_1#MM_CONTRACT_PRODUCT"
          },
          {
            "Event": "PRLODSTWS1_1#SDM_INSURED_LIST-TO-PRLODSTWS1_1#MM_CONTRACT_PRODUCT"
          },
          {
            "Event": "PRLODSTWS1_1#SDM_NB_AGENT_NOTIFY-TO-PRLODSTWS1_1#MM_CONTRACT_PRODUCT"
          },
          {
            "Event": "PRLODSTWS1_1#MM_PROD_PAY_AMT_ANN-TO-PRLODSTWS1_1#MM_CONTRACT_PRODUCT"
          },
          {
            "Event": "PRLODSTWS1_1#MM_PROD_PAY_AMT_MAT-TO-PRLODSTWS1_1#MM_CONTRACT_PRODUCT"
          },
          {
            "Event": "PRLODSTWS1_1#MM_PROD_PAY_AMT_PB-TO-PRLODSTWS1_1#MM_CONTRACT_PRODUCT"
          },
          {
            "Event": "PRLODSTWS1_1#MM_PROD_PAY_AMT_SB-TO-PRLODSTWS1_1#MM_CONTRACT_PRODUCT"
          }
        ]
      },
      "eventsToAdd": {
        "Type": "AddEvents",
        "Events": [
          {
            "Event": "PRLODSTWS1_1#MM_CONTRACT_PRODUCT-TO-PRLODSTWS1_1#MM_CONTRACT_MASTER_1"
          }
        ]
      },
      "eventsToDelete": {
        "Type": "DeleteEvents",
        "Events": [
          {
            "Event": "PRLODSTWS1_1#O_PAY_PLAN-TO-PRLODSTWS1_1#MM_CONTRACT_PRODUCT"
          },
          {
            "Event": "PRLODSTWS1_1#O_PAY_PLAN_TYPE-TO-PRLODSTWS1_1#MM_CONTRACT_PRODUCT"
          },
          {
            "Event": "PRLODSTWS1_1#O_STRING_RESOURCE-TO-PRLODSTWS1_1#MM_CONTRACT_PRODUCT"
          },
          {
            "Event": "PRLODSTWS1_1#SDM_CLAIM_PRODUCT-TO-PRLODSTWS1_1#MM_CONTRACT_PRODUCT"
          },
          {
            "Event": "PRLODSTWS1_1#SDM_CUSTOMER-TO-PRLODSTWS1_1#MM_CONTRACT_PRODUCT"
          },
          {
            "Event": "PRLODSTWS1_1#SDM_GL_EXCHANGE_RATE-TO-PRLODSTWS1_1#MM_CONTRACT_PRODUCT"
          },
          {
            "Event": "PRLODSTWS1_1#SDM_PRODUCTION_DETAIL-TO-PRLODSTWS1_1#MM_CONTRACT_PRODUCT"
          },
          {
            "Event": "PRLODSTWS1_1#SDM_SC_APE_AGENT-TO-PRLODSTWS1_1#MM_CONTRACT_PRODUCT"
          },
          {
            "Event": "PRLODSTWS1_1#SDM_CONTRACT_PRODUCT-TO-PRLODSTWS1_1#MM_CONTRACT_PRODUCT"
          },
          {
            "Event": "PRLODSTWS1_1#SDM_CONTRACT_PROD_PREM-TO-PRLODSTWS1_1#MM_CONTRACT_PRODUCT"
          },
          {
            "Event": "PRLODSTWS1_1#SDM_PRODUCT_LIFE-TO-PRLODSTWS1_1#MM_CONTRACT_PRODUCT"
          },
          {
            "Event": "PRLODSTWS1_1#SDM_PREM_TRANS_MER-TO-PRLODSTWS1_1#MM_CONTRACT_PRODUCT"
          },
          {
            "Event": "PRLODSTWS1_1#SDM_ADDRESS-TO-PRLODSTWS1_1#MM_CONTRACT_PRODUCT"
          },
          {
            "Event": "PRLODSTWS1_1#SDM_CONTRACT_BENE-TO-PRLODSTWS1_1#MM_CONTRACT_PRODUCT"
          },
          {
            "Event": "PRLODSTWS1_1#SDM_INSURED_LIST-TO-PRLODSTWS1_1#MM_CONTRACT_PRODUCT"
          },
          {
            "Event": "PRLODSTWS1_1#SDM_NB_AGENT_NOTIFY-TO-PRLODSTWS1_1#MM_CONTRACT_PRODUCT"
          },
          {
            "Event": "PRLODSTWS1_1#MM_PROD_PAY_AMT_ANN-TO-PRLODSTWS1_1#MM_CONTRACT_PRODUCT"
          },
          {
            "Event": "PRLODSTWS1_1#MM_PROD_PAY_AMT_MAT-TO-PRLODSTWS1_1#MM_CONTRACT_PRODUCT"
          },
          {
            "Event": "PRLODSTWS1_1#MM_PROD_PAY_AMT_PB-TO-PRLODSTWS1_1#MM_CONTRACT_PRODUCT"
          },
          {
            "Event": "PRLODSTWS1_1#MM_PROD_PAY_AMT_SB-TO-PRLODSTWS1_1#MM_CONTRACT_PRODUCT"
          }
        ]
      }
    },
    "PRLODSTWS1_1#MM_CONTRACT_PRODUCT_ADD": {
      "Type": "Job:Database:StoredProcedure",
      "ConnectionProfile": "_",
      "StoredProcedure": "sqlext.MM_CONTRACT_PRODUCT_ADD_SP",
      "DaysKeepActive": "1",
      "SubApplication": "PRLODSTWS1_1",
      "Priority": "Very Low",
      "Host": "PRLODSTWS1",
      "CreatedBy": "emuser",
      "Description": "== Conversion Messages Start ==\\n\\nMessage ID\\t: WRN6031 (2245-4078)\\n\\n== Conversion Messages End ==\\nAdded by composer.",
      "RunAs": "controlm",
      "TimeZone": "HKG",
      "Application": "PRLODSTWS1_1",
      "Variables": [
        {
          "DB-STP_SCHEM": ""
        }
      ],
      "When": {
        "WeekDays": [
          "NONE"
        ],
        "Months": [
          "NONE"
        ],
        "MonthDays": [
          "NONE"
        ],
        "DaysRelation": "OR",
        "RuleBasedCalendars": {
          "Included": [
            "RC1"
          ]
        }
      },
      "eventsToWaitFor": {
        "Type": "WaitForEvents",
        "Events": [
          {
            "Event": "PRLODSTWS1_1#O_PAY_PLAN-TO-PRLODSTWS1_1#MM_CONTRACT_PRODUCT_ADD"
          },
          {
            "Event": "PRLODSTWS1_1#O_PRODUCT_CS_RULE-TO-PRLODSTWS1_1#MM_CONTRACT_PRODUCT_ADD"
          },
          {
            "Event": "PRLODSTWS1_1#O_STRING_RESOURCE-TO-PRLODSTWS1_1#MM_CONTRACT_PRODUCT_ADD"
          },
          {
            "Event": "PRLODSTWS1_1#O_CONTRACT_MASTER-TO-PRLODSTWS1_1#MM_CONTRACT_PRODUCT_ADD"
          },
          {
            "Event": "PRLODSTWS1_1#O_CONTRACT_PRODUCT-TO-PRLODSTWS1_1#MM_CONTRACT_PRODUCT_ADD"
          },
          {
            "Event": "PRLODSTWS1_1#O_INSURED_LIST-TO-PRLODSTWS1_1#MM_CONTRACT_PRODUCT_ADD"
          },
          {
            "Event": "PRLODSTWS1_1#O_PRODUCT_LIFE-TO-PRLODSTWS1_1#MM_CONTRACT_PRODUCT_ADD"
          },
          {
            "Event": "PRLODSTWS1_1#O_BENEFIT_INSURED-TO-PRLODSTWS1_1#MM_CONTRACT_PRODUCT_ADD"
          },
          {
            "Event": "PRLODSTWS1_1#SDM_CUSTOMER-TO-PRLODSTWS1_1#MM_CONTRACT_PRODUCT_ADD"
          },
          {
            "Event": "PRLODSTWS1_1#SDM_CONTRACT_PRODUCT-TO-PRLODSTWS1_1#MM_CONTRACT_PRODUCT_ADD"
          },
          {
            "Event": "PRLODSTWS1_1#SDM_CONTRACT_MASTER-TO-PRLODSTWS1_1#MM_CONTRACT_PRODUCT_ADD"
          },
          {
            "Event": "PRLODSTWS1_1#SDM_INSURED_LIST-TO-PRLODSTWS1_1#MM_CONTRACT_PRODUCT_ADD"
          },
          {
            "Event": "PRLODSTWS1_1#SYS_STS_STG-TO-PRLODSTWS1_1#MM_CONTRACT_PRODUCT_ADD"
          }
        ]
      },
      "eventsToDelete": {
        "Type": "DeleteEvents",
        "Events": [
          {
            "Event": "PRLODSTWS1_1#O_PAY_PLAN-TO-PRLODSTWS1_1#MM_CONTRACT_PRODUCT_ADD"
          },
          {
            "Event": "PRLODSTWS1_1#O_PRODUCT_CS_RULE-TO-PRLODSTWS1_1#MM_CONTRACT_PRODUCT_ADD"
          },
          {
            "Event": "PRLODSTWS1_1#O_STRING_RESOURCE-TO-PRLODSTWS1_1#MM_CONTRACT_PRODUCT_ADD"
          },
          {
            "Event": "PRLODSTWS1_1#O_CONTRACT_MASTER-TO-PRLODSTWS1_1#MM_CONTRACT_PRODUCT_ADD"
          },
          {
            "Event": "PRLODSTWS1_1#O_CONTRACT_PRODUCT-TO-PRLODSTWS1_1#MM_CONTRACT_PRODUCT_ADD"
          },
          {
            "Event": "PRLODSTWS1_1#O_INSURED_LIST-TO-PRLODSTWS1_1#MM_CONTRACT_PRODUCT_ADD"
          },
          {
            "Event": "PRLODSTWS1_1#O_PRODUCT_LIFE-TO-PRLODSTWS1_1#MM_CONTRACT_PRODUCT_ADD"
          },
          {
            "Event": "PRLODSTWS1_1#O_BENEFIT_INSURED-TO-PRLODSTWS1_1#MM_CONTRACT_PRODUCT_ADD"
          },
          {
            "Event": "PRLODSTWS1_1#SDM_CUSTOMER-TO-PRLODSTWS1_1#MM_CONTRACT_PRODUCT_ADD"
          },
          {
            "Event": "PRLODSTWS1_1#SDM_CONTRACT_PRODUCT-TO-PRLODSTWS1_1#MM_CONTRACT_PRODUCT_ADD"
          },
          {
            "Event": "PRLODSTWS1_1#SDM_CONTRACT_MASTER-TO-PRLODSTWS1_1#MM_CONTRACT_PRODUCT_ADD"
          },
          {
            "Event": "PRLODSTWS1_1#SDM_INSURED_LIST-TO-PRLODSTWS1_1#MM_CONTRACT_PRODUCT_ADD"
          },
          {
            "Event": "PRLODSTWS1_1#SYS_STS_STG-TO-PRLODSTWS1_1#MM_CONTRACT_PRODUCT_ADD"
          }
        ]
      }
    }
  }
}
