{
  "PRLODSTWS1_1#D_RPT_UNB_PAR": {
    "Type": "Folder",
    "ControlmServer": "CTM",
    "Description": "== Conversion Messages Start ==\\n\\nMessage ID\\t: INF6107 (3058-5332)\\n\\nMessage ID\\t: INF6104 (3059-5332)\\n\\n== Conversion Messages End ==\\n",
    "OrderMethod": "Manual",
    "SubApplication": "PRLODSTWS1_1",
    "CreatedBy": "emuser",
    "Priority": "9W",
    "TimeZone": "HKG",
    "Application": "PRLODSTWS1_1",
    "When": {
      "RuleBasedCalendars": {
        "Included": [
          "RC1"
        ],
        "RC1": {
          "Type": "Calendar:RuleBased",
          "When": {
            "MonthDaysCalendar": "RCG-D-NAT",
            "DaysRelation": "OR",
            "DaysKeepActive": "01",
            "WeekDays": [
              "NONE"
            ],
            "MonthDays": [
              "NONE"
            ]
          }
        }
      }
    },
    "PRLODSTWS1_1#UNB_JOB_PARAM": {
      "Type": "Job:Database:StoredProcedure",
      "ConnectionProfile": "_",
      "StoredProcedure": "sqlext.UNB_JOB_PARAM_SP",
      "DaysKeepActive": "1",
      "SubApplication": "PRLODSTWS1_1",
      "Priority": "Very Low",
      "Host": "PRLODSTWS1",
      "CreatedBy": "emuser",
      "Description": "== Conversion Messages Start ==\\n\\nMessage ID\\t: WRN6031 (3057-5333)\\n\\n== Conversion Messages End ==\\nAdded by composer.",
      "RunAs": "controlm",
      "TimeZone": "HKG",
      "Application": "PRLODSTWS1_1",
      "Variables": [
        {
          "DB-STP_SCHEM": ""
        }
      ],
      "When": {
        "WeekDays": [
          "NONE"
        ],
        "Months": [
          "NONE"
        ],
        "MonthDays": [
          "NONE"
        ],
        "DaysRelation": "OR",
        "RuleBasedCalendars": {
          "Included": [
            "RC1"
          ]
        }
      },
      "eventsToWaitFor": {
        "Type": "WaitForEvents",
        "Events": [
          {
            "Event": "PRLODSTWS1_1#SYS_STS_STG-TO-PRLODSTWS1_1#UNB_JOB_PARAM"
          }
        ]
      },
      "eventsToAdd": {
        "Type": "AddEvents",
        "Events": [
          {
            "Event": "PRLODSTWS1_1#UNB_JOB_PARAM-TO-PRLODSTWS1_1#UNB_0614_PARAM_1"
          },
          {
            "Event": "PRLODSTWS1_1#UNB_JOB_PARAM-TO-PRLODSTWS1_1#UNB_0612_PARAM_1"
          },
          {
            "Event": "PRLODSTWS1_1#UNB_JOB_PARAM-TO-PRLODSTWS1_1#UNB_0611_PARAM_1"
          },
          {
            "Event": "PRLODSTWS1_1#UNB_JOB_PARAM-TO-PRLODSTWS1_1#UNB_0610_PARAM_1"
          },
          {
            "Event": "PRLODSTWS1_1#UNB_JOB_PARAM-TO-PRLODSTWS1_1#UNB_0480_PARAM"
          },
          {
            "Event": "PRLODSTWS1_1#UNB_JOB_PARAM-TO-PRLODSTWS1_1#UNB_0030_PARAM"
          },
          {
            "Event": "PRLODSTWS1_1#UNB_JOB_PARAM-TO-PRLODSTWS1_1#UNB_0050_PARAM"
          },
          {
            "Event": "PRLODSTWS1_1#UNB_JOB_PARAM-TO-PRLODSTWS1_1#UNB_0231_PARAM"
          },
          {
            "Event": "PRLODSTWS1_1#UNB_JOB_PARAM-TO-PRLODSTWS1_1#UNB_0233_PARAM"
          },
          {
            "Event": "PRLODSTWS1_1#UNB_JOB_PARAM-TO-PRLODSTWS1_1#UNB_0240_PARAM"
          },
          {
            "Event": "PRLODSTWS1_1#UNB_JOB_PARAM-TO-PRLODSTWS1_1#UNB_0242_PARAM"
          },
          {
            "Event": "PRLODSTWS1_1#UNB_JOB_PARAM-TO-PRLODSTWS1_1#UNB_0450_PARAM"
          },
          {
            "Event": "PRLODSTWS1_1#UNB_JOB_PARAM-TO-PRLODSTWS1_1#UNB_0460_PARAM"
          },
          {
            "Event": "PRLODSTWS1_1#UNB_JOB_PARAM-TO-PRLODSTWS1_1#UNB_0480_PARAM_1"
          },
          {
            "Event": "PRLODSTWS1_1#UNB_JOB_PARAM-TO-PRLODSTWS1_1#UNB_0481_PARAM"
          },
          {
            "Event": "PRLODSTWS1_1#UNB_JOB_PARAM-TO-PRLODSTWS1_1#UNB_0510_PARAM"
          },
          {
            "Event": "PRLODSTWS1_1#UNB_JOB_PARAM-TO-PRLODSTWS1_1#UNB_0560_PARAM"
          },
          {
            "Event": "PRLODSTWS1_1#UNB_JOB_PARAM-TO-PRLODSTWS1_1#UNB_1724_PARAM"
          },
          {
            "Event": "PRLODSTWS1_1#UNB_JOB_PARAM-TO-PRLODSTWS1_1#UNB_0800_PARAM"
          },
          {
            "Event": "PRLODSTWS1_1#UNB_JOB_PARAM-TO-PRLODSTWS1_1#UNB_0801_PARAM"
          },
          {
            "Event": "PRLODSTWS1_1#UNB_JOB_PARAM-TO-PRLODSTWS1_1#UNB_0262_PARAM"
          },
          {
            "Event": "PRLODSTWS1_1#UNB_JOB_PARAM-TO-PRLODSTWS1_1#UNB_0261_PARAM"
          },
          {
            "Event": "PRLODSTWS1_1#UNB_JOB_PARAM-TO-PRLODSTWS1_1#UNB_0260_PARAM"
          },
          {
            "Event": "PRLODSTWS1_1#UNB_JOB_PARAM-TO-PRLODSTWS1_1#UNB_0750_PARAM"
          },
          {
            "Event": "PRLODSTWS1_1#UNB_JOB_PARAM-TO-PRLODSTWS1_1#UNB_0270_PARAM"
          },
          {
            "Event": "PRLODSTWS1_1#UNB_JOB_PARAM-TO-PRLODSTWS1_1#UNB_0281_PARAM"
          },
          {
            "Event": "PRLODSTWS1_1#UNB_JOB_PARAM-TO-PRLODSTWS1_1#UNB_0430_PARAM"
          },
          {
            "Event": "PRLODSTWS1_1#UNB_JOB_PARAM-TO-PRLODSTWS1_1#UNB_0471_PARAM"
          },
          {
            "Event": "PRLODSTWS1_1#UNB_JOB_PARAM-TO-PRLODSTWS1_1#UNB_0470_PARAM"
          },
          {
            "Event": "PRLODSTWS1_1#UNB_JOB_PARAM-TO-PRLODSTWS1_1#UNB_0493_PARAM"
          },
          {
            "Event": "PRLODSTWS1_1#UNB_JOB_PARAM-TO-PRLODSTWS1_1#UNB_0492_PARAM"
          },
          {
            "Event": "PRLODSTWS1_1#UNB_JOB_PARAM-TO-PRLODSTWS1_1#UNB_0533_PARAM"
          },
          {
            "Event": "PRLODSTWS1_1#UNB_JOB_PARAM-TO-PRLODSTWS1_1#UNB_0610_PARAM"
          },
          {
            "Event": "PRLODSTWS1_1#UNB_JOB_PARAM-TO-PRLODSTWS1_1#UNB_0611_PARAM"
          },
          {
            "Event": "PRLODSTWS1_1#UNB_JOB_PARAM-TO-PRLODSTWS1_1#UNB_0612_PARAM"
          },
          {
            "Event": "PRLODSTWS1_1#UNB_JOB_PARAM-TO-PRLODSTWS1_1#UNB_0614_PARAM"
          },
          {
            "Event": "PRLODSTWS1_1#UNB_JOB_PARAM-TO-PRLODSTWS1_1#UNB_0615_PARAM"
          },
          {
            "Event": "PRLODSTWS1_1#UNB_JOB_PARAM-TO-PRLODSTWS1_1#UNB_0616_PARAM"
          },
          {
            "Event": "PRLODSTWS1_1#UNB_JOB_PARAM-TO-PRLODSTWS1_1#UNB_0617_PARAM"
          },
          {
            "Event": "PRLODSTWS1_1#UNB_JOB_PARAM-TO-PRLODSTWS1_1#UNB_0618_PARAM"
          },
          {
            "Event": "PRLODSTWS1_1#UNB_JOB_PARAM-TO-PRLODSTWS1_1#UNB_0320_PARAM"
          },
          {
            "Event": "PRLODSTWS1_1#UNB_JOB_PARAM-TO-PRLODSTWS1_1#UNB_0102_PARAM"
          },
          {
            "Event": "PRLODSTWS1_1#UNB_JOB_PARAM-TO-PRLODSTWS1_1#UNB_0230_PARAM"
          },
          {
            "Event": "PRLODSTWS1_1#UNB_JOB_PARAM-TO-PRLODSTWS1_1#UNB_0351_PARAM"
          },
          {
            "Event": "PRLODSTWS1_1#UNB_JOB_PARAM-TO-PRLODSTWS1_1#UNB_0350_PARAM"
          },
          {
            "Event": "PRLODSTWS1_1#UNB_JOB_PARAM-TO-PRLODSTWS1_1#UNB_0640_PARAM"
          },
          {
            "Event": "PRLODSTWS1_1#UNB_JOB_PARAM-TO-PRLODSTWS1_1#UNB_0760_PARAM"
          },
          {
            "Event": "PRLODSTWS1_1#UNB_JOB_PARAM-TO-PRLODSTWS1_1#UNB_0762_PARAM"
          },
          {
            "Event": "PRLODSTWS1_1#UNB_JOB_PARAM-TO-PRLODSTWS1_1#UNB_0770_PARAM"
          },
          {
            "Event": "PRLODSTWS1_1#UNB_JOB_PARAM-TO-PRLODSTWS1_1#UNB_0780_PARAM"
          },
          {
            "Event": "PRLODSTWS1_1#UNB_JOB_PARAM-TO-PRLODSTWS1_1#UNB_0782_PARAM"
          },
          {
            "Event": "PRLODSTWS1_1#UNB_JOB_PARAM-TO-PRLODSTWS1_1#UNB_0790_PARAM"
          },
          {
            "Event": "PRLODSTWS1_1#UNB_JOB_PARAM-TO-PRLODSTWS1_1#UNB_0760_PARAM_1"
          },
          {
            "Event": "PRLODSTWS1_1#UNB_JOB_PARAM-TO-PRLODSTWS1_1#UNB_0762_PARAM_1"
          },
          {
            "Event": "PRLODSTWS1_1#UNB_JOB_PARAM-TO-PRLODSTWS1_1#UNB_0770_PARAM_1"
          },
          {
            "Event": "PRLODSTWS1_1#UNB_JOB_PARAM-TO-PRLODSTWS1_1#UNB_0780_PARAM_1"
          },
          {
            "Event": "PRLODSTWS1_1#UNB_JOB_PARAM-TO-PRLODSTWS1_1#UNB_0782_PARAM_1"
          },
          {
            "Event": "PRLODSTWS1_1#UNB_JOB_PARAM-TO-PRLODSTWS1_1#UNB_0790_PARAM_1"
          }
        ]
      },
      "eventsToDelete": {
        "Type": "DeleteEvents",
        "Events": [
          {
            "Event": "PRLODSTWS1_1#SYS_STS_STG-TO-PRLODSTWS1_1#UNB_JOB_PARAM"
          }
        ]
      }
    },
    "eventsToAdd": {
      "Type": "AddEvents",
      "Events": [
        {
          "Event": "PRLODSTWS1_1#D_RPT_UNB_PAR-TO-PRLODSTWS1_1#BDS_STS_RPT_UNB"
        }
      ]
    }
  }
}
