{
  "PRLODSTWS1_1#D_RPT_INV_1TXN": {
    "Type": "Folder",
    "ControlmServer": "CTM",
    "Description": "== Conversion Messages Start ==\\n\\nMessage ID\\t: INF6107 (7154-12643)\\n\\nMessage ID\\t: INF6104 (7155-12643)\\n\\n== Conversion Messages End ==\\n",
    "OrderMethod": "Manual",
    "SubApplication": "PRLODSTWS1_1",
    "CreatedBy": "emuser",
    "Priority": "9W",
    "TimeZone": "HKG",
    "Application": "PRLODSTWS1_1",
    "When": {
      "RuleBasedCalendars": {
        "Included": [
          "RC1"
        ],
        "RC1": {
          "Type": "Calendar:RuleBased",
          "When": {
            "MonthDaysCalendar": "RCG-D-NAT",
            "DaysRelation": "OR",
            "DaysKeepActive": "01",
            "WeekDays": [
              "NONE"
            ],
            "MonthDays": [
              "NONE"
            ]
          }
        }
      }
    },
    "PRLODSTWS1_1#INV_7320_CR": {
      "Type": "Job:Command",
      "DaysKeepActive": "1",
      "SubApplication": "PRLODSTWS1_1",
      "Priority": "Very Low",
      "Host": "PRLODSTWS1",
      "CreatedBy": "emuser",
      "Description": "generate the report file for batch",
      "RunAs": "controlm",
      "TimeZone": "HKG",
      "Application": "PRLODSTWS1_1",
      "Command": "/home/tws/ods_batch_home/esp.batch.scripts/gen.report.sh D_RPT_INV ${tws.job.name} %%\\\\global\\END_DT_CHAR.",
      "When": {
        "WeekDays": [
          "NONE"
        ],
        "Months": [
          "NONE"
        ],
        "MonthDays": [
          "NONE"
        ],
        "DaysRelation": "OR",
        "RuleBasedCalendars": {
          "Included": [
            "RC1"
          ]
        }
      },
      "eventsToWaitFor": {
        "Type": "WaitForEvents",
        "Events": [
          {
            "Event": "PRLODSTWS1_1#INV_7320_PARAM-TO-PRLODSTWS1_1#INV_7320_CR_1"
          }
        ]
      },
      "eventsToAdd": {
        "Type": "AddEvents",
        "Events": [
          {
            "Event": "PRLODSTWS1_1#INV_7320_CR-TO-PRLODSTWS1_1#INV_7320_CF_1"
          }
        ]
      },
      "eventsToDelete": {
        "Type": "DeleteEvents",
        "Events": [
          {
            "Event": "PRLODSTWS1_1#INV_7320_PARAM-TO-PRLODSTWS1_1#INV_7320_CR_1"
          }
        ]
      }
    },
    "PRLODSTWS1_1#INV_7171_CF": {
      "Type": "Job:Command",
      "DaysKeepActive": "1",
      "SubApplication": "PRLODSTWS1_1",
      "Priority": "Very Low",
      "Host": "PRLODSTWS1",
      "CreatedBy": "emuser",
      "Description": "archiving file for batch",
      "RunAs": "controlm",
      "TimeZone": "HKG",
      "Application": "PRLODSTWS1_1",
      "Command": "/home/tws/ods_batch_home/esp.batch.scripts/archiving.file.sh D_RPT_INV ${tws.job.name} %%\\\\global\\END_DT_CHAR.",
      "When": {
        "WeekDays": [
          "NONE"
        ],
        "Months": [
          "NONE"
        ],
        "MonthDays": [
          "NONE"
        ],
        "DaysRelation": "OR",
        "RuleBasedCalendars": {
          "Included": [
            "RC1"
          ]
        }
      },
      "eventsToWaitFor": {
        "Type": "WaitForEvents",
        "Events": [
          {
            "Event": "PRLODSTWS1_1#INV_7171_CR-TO-PRLODSTWS1_1#INV_7171_CF"
          }
        ]
      },
      "eventsToDelete": {
        "Type": "DeleteEvents",
        "Events": [
          {
            "Event": "PRLODSTWS1_1#INV_7171_CR-TO-PRLODSTWS1_1#INV_7171_CF"
          }
        ]
      }
    },
    "PRLODSTWS1_1#INV_7190_CF": {
      "Type": "Job:Command",
      "DaysKeepActive": "1",
      "SubApplication": "PRLODSTWS1_1",
      "Priority": "Very Low",
      "Host": "PRLODSTWS1",
      "CreatedBy": "emuser",
      "Description": "archiving file for batch",
      "RunAs": "controlm",
      "TimeZone": "HKG",
      "Application": "PRLODSTWS1_1",
      "Command": "/home/tws/ods_batch_home/esp.batch.scripts/archiving.file.sh D_RPT_INV ${tws.job.name} %%\\\\global\\END_DT_CHAR.",
      "When": {
        "WeekDays": [
          "NONE"
        ],
        "Months": [
          "NONE"
        ],
        "MonthDays": [
          "NONE"
        ],
        "DaysRelation": "OR",
        "RuleBasedCalendars": {
          "Included": [
            "RC1"
          ]
        }
      },
      "eventsToWaitFor": {
        "Type": "WaitForEvents",
        "Events": [
          {
            "Event": "PRLODSTWS1_1#INV_7190_CR-TO-PRLODSTWS1_1#INV_7190_CF_1"
          }
        ]
      },
      "eventsToDelete": {
        "Type": "DeleteEvents",
        "Events": [
          {
            "Event": "PRLODSTWS1_1#INV_7190_CR-TO-PRLODSTWS1_1#INV_7190_CF_1"
          }
        ]
      }
    },
    "PRLODSTWS1_1#INV_7150_CR": {
      "Type": "Job:Command",
      "DaysKeepActive": "1",
      "SubApplication": "PRLODSTWS1_1",
      "Priority": "Very Low",
      "Host": "PRLODSTWS1",
      "CreatedBy": "emuser",
      "Description": "generate the report file for batch",
      "RunAs": "controlm",
      "TimeZone": "HKG",
      "Application": "PRLODSTWS1_1",
      "Command": "/home/tws/ods_batch_home/esp.batch.scripts/gen.report.sh D_RPT_INV ${tws.job.name} %%\\\\global\\END_DT_CHAR.",
      "When": {
        "WeekDays": [
          "NONE"
        ],
        "Months": [
          "NONE"
        ],
        "MonthDays": [
          "NONE"
        ],
        "DaysRelation": "OR",
        "RuleBasedCalendars": {
          "Included": [
            "RC1"
          ]
        }
      },
      "eventsToWaitFor": {
        "Type": "WaitForEvents",
        "Events": [
          {
            "Event": "PRLODSTWS1_1#INV_7150_PARAM-TO-PRLODSTWS1_1#INV_7150_CR_1"
          }
        ]
      },
      "eventsToAdd": {
        "Type": "AddEvents",
        "Events": [
          {
            "Event": "PRLODSTWS1_1#INV_7150_CR-TO-PRLODSTWS1_1#INV_7150_CF_1"
          }
        ]
      },
      "eventsToDelete": {
        "Type": "DeleteEvents",
        "Events": [
          {
            "Event": "PRLODSTWS1_1#INV_7150_PARAM-TO-PRLODSTWS1_1#INV_7150_CR_1"
          }
        ]
      }
    },
    "PRLODSTWS1_1#INV_7160_CR": {
      "Type": "Job:Command",
      "DaysKeepActive": "1",
      "SubApplication": "PRLODSTWS1_1",
      "Priority": "Very Low",
      "Host": "PRLODSTWS1",
      "CreatedBy": "emuser",
      "Description": "generate the report file for batch",
      "RunAs": "controlm",
      "TimeZone": "HKG",
      "Application": "PRLODSTWS1_1",
      "Command": "/home/tws/ods_batch_home/esp.batch.scripts/gen.report.sh D_RPT_INV ${tws.job.name} %%\\\\global\\END_DT_CHAR.",
      "When": {
        "WeekDays": [
          "NONE"
        ],
        "Months": [
          "NONE"
        ],
        "MonthDays": [
          "NONE"
        ],
        "DaysRelation": "OR",
        "RuleBasedCalendars": {
          "Included": [
            "RC1"
          ]
        }
      },
      "eventsToWaitFor": {
        "Type": "WaitForEvents",
        "Events": [
          {
            "Event": "PRLODSTWS1_1#INV_7160_PARAM-TO-PRLODSTWS1_1#INV_7160_CR_1"
          }
        ]
      },
      "eventsToAdd": {
        "Type": "AddEvents",
        "Events": [
          {
            "Event": "PRLODSTWS1_1#INV_7160_CR-TO-PRLODSTWS1_1#INV_7160_CF_1"
          }
        ]
      },
      "eventsToDelete": {
        "Type": "DeleteEvents",
        "Events": [
          {
            "Event": "PRLODSTWS1_1#INV_7160_PARAM-TO-PRLODSTWS1_1#INV_7160_CR_1"
          }
        ]
      }
    },
    "PRLODSTWS1_1#INV_7150_CF": {
      "Type": "Job:Command",
      "DaysKeepActive": "1",
      "SubApplication": "PRLODSTWS1_1",
      "Priority": "Very Low",
      "Host": "PRLODSTWS1",
      "CreatedBy": "emuser",
      "Description": "archiving file for batch",
      "RunAs": "controlm",
      "TimeZone": "HKG",
      "Application": "PRLODSTWS1_1",
      "Command": "/home/tws/ods_batch_home/esp.batch.scripts/archiving.file.sh D_RPT_INV ${tws.job.name} %%\\\\global\\END_DT_CHAR.",
      "When": {
        "WeekDays": [
          "NONE"
        ],
        "Months": [
          "NONE"
        ],
        "MonthDays": [
          "NONE"
        ],
        "DaysRelation": "OR",
        "RuleBasedCalendars": {
          "Included": [
            "RC1"
          ]
        }
      },
      "eventsToWaitFor": {
        "Type": "WaitForEvents",
        "Events": [
          {
            "Event": "PRLODSTWS1_1#INV_7150_CR-TO-PRLODSTWS1_1#INV_7150_CF_1"
          }
        ]
      },
      "eventsToDelete": {
        "Type": "DeleteEvents",
        "Events": [
          {
            "Event": "PRLODSTWS1_1#INV_7150_CR-TO-PRLODSTWS1_1#INV_7150_CF_1"
          }
        ]
      }
    },
    "PRLODSTWS1_1#INV_7150_11G": {
      "Type": "Job:Database:StoredProcedure",
      "ConnectionProfile": "_",
      "StoredProcedure": "sqlext.INV_7150_11G_SP",
      "DaysKeepActive": "1",
      "SubApplication": "PRLODSTWS1_1",
      "Priority": "Very Low",
      "Host": "PRLODSTWS1",
      "CreatedBy": "emuser",
      "Description": "== Conversion Messages Start ==\\n\\nMessage ID\\t: WRN6031 (7141-12650)\\n\\n== Conversion Messages End ==\\nAdded by composer.",
      "RunAs": "controlm",
      "TimeZone": "HKG",
      "Application": "PRLODSTWS1_1",
      "Variables": [
        {
          "DB-STP_SCHEM": ""
        }
      ],
      "When": {
        "WeekDays": [
          "NONE"
        ],
        "Months": [
          "NONE"
        ],
        "MonthDays": [
          "NONE"
        ],
        "DaysRelation": "OR",
        "RuleBasedCalendars": {
          "Included": [
            "RC1"
          ]
        }
      },
      "eventsToWaitFor": {
        "Type": "WaitForEvents",
        "Events": [
          {
            "Event": "PRLODSTWS1_1#O_FIN_FUND_TRADING_L-TO-PRLODSTWS1_1#INV_7150_11G"
          },
          {
            "Event": "PRLODSTWS1_1#O_GL_INTERFACE-TO-PRLODSTWS1_1#INV_7150_11G"
          },
          {
            "Event": "PRLODSTWS1_1#O_FUND_TRANS-TO-PRLODSTWS1_1#INV_7150_11G"
          },
          {
            "Event": "PRLODSTWS1_1#O_FUND_TRANS_APPLY-TO-PRLODSTWS1_1#INV_7150_11G_1"
          },
          {
            "Event": "PRLODSTWS1_1#O_TRANSACTION_CODE-TO-PRLODSTWS1_1#INV_7150_11G"
          },
          {
            "Event": "PRLODSTWS1_1#OV_CONTRACT_MASTER-TO-PRLODSTWS1_1#INV_7150_11G"
          },
          {
            "Event": "PRLODSTWS1_1#SDM_FUND-TO-PRLODSTWS1_1#INV_7150_11G"
          },
          {
            "Event": "PRLODSTWS1_1#SDM_POLICY_CHANGE-TO-PRLODSTWS1_1#INV_7150_11G"
          },
          {
            "Event": "PRLODSTWS1_1#SDM_PRODUCT_LIFE-TO-PRLODSTWS1_1#INV_7150_11G"
          },
          {
            "Event": "PRLODSTWS1_1#SDM_USER-TO-PRLODSTWS1_1#INV_7150_11G"
          },
          {
            "Event": "PRLODSTWS1_1#SYS_STS_STG-TO-PRLODSTWS1_1#INV_7150_11G"
          }
        ]
      },
      "eventsToAdd": {
        "Type": "AddEvents",
        "Events": [
          {
            "Event": "PRLODSTWS1_1#INV_7150_11G-TO-PRLODSTWS1_1#INV_7150_PARAM_1"
          },
          {
            "Event": "PRLODSTWS1_1#INV_7150_11G-TO-PRLODSTWS1_1#INV_7210_11G_1"
          }
        ]
      },
      "eventsToDelete": {
        "Type": "DeleteEvents",
        "Events": [
          {
            "Event": "PRLODSTWS1_1#O_FIN_FUND_TRADING_L-TO-PRLODSTWS1_1#INV_7150_11G"
          },
          {
            "Event": "PRLODSTWS1_1#O_GL_INTERFACE-TO-PRLODSTWS1_1#INV_7150_11G"
          },
          {
            "Event": "PRLODSTWS1_1#O_FUND_TRANS-TO-PRLODSTWS1_1#INV_7150_11G"
          },
          {
            "Event": "PRLODSTWS1_1#O_FUND_TRANS_APPLY-TO-PRLODSTWS1_1#INV_7150_11G_1"
          },
          {
            "Event": "PRLODSTWS1_1#O_TRANSACTION_CODE-TO-PRLODSTWS1_1#INV_7150_11G"
          },
          {
            "Event": "PRLODSTWS1_1#OV_CONTRACT_MASTER-TO-PRLODSTWS1_1#INV_7150_11G"
          },
          {
            "Event": "PRLODSTWS1_1#SDM_FUND-TO-PRLODSTWS1_1#INV_7150_11G"
          },
          {
            "Event": "PRLODSTWS1_1#SDM_POLICY_CHANGE-TO-PRLODSTWS1_1#INV_7150_11G"
          },
          {
            "Event": "PRLODSTWS1_1#SDM_PRODUCT_LIFE-TO-PRLODSTWS1_1#INV_7150_11G"
          },
          {
            "Event": "PRLODSTWS1_1#SDM_USER-TO-PRLODSTWS1_1#INV_7150_11G"
          },
          {
            "Event": "PRLODSTWS1_1#SYS_STS_STG-TO-PRLODSTWS1_1#INV_7150_11G"
          }
        ]
      }
    },
    "PRLODSTWS1_1#INV_7180_11G": {
      "Type": "Job:Database:StoredProcedure",
      "ConnectionProfile": "_",
      "StoredProcedure": "sqlext.INV_7180_11G_SP",
      "DaysKeepActive": "1",
      "SubApplication": "PRLODSTWS1_1",
      "Priority": "Very Low",
      "Host": "PRLODSTWS1",
      "CreatedBy": "emuser",
      "Description": "== Conversion Messages Start ==\\n\\nMessage ID\\t: WRN6031 (7142-12651)\\n\\n== Conversion Messages End ==\\nAdded by composer.",
      "RunAs": "controlm",
      "TimeZone": "HKG",
      "Application": "PRLODSTWS1_1",
      "Variables": [
        {
          "DB-STP_SCHEM": ""
        }
      ],
      "When": {
        "WeekDays": [
          "NONE"
        ],
        "Months": [
          "NONE"
        ],
        "MonthDays": [
          "NONE"
        ],
        "DaysRelation": "OR",
        "RuleBasedCalendars": {
          "Included": [
            "RC1"
          ]
        }
      },
      "eventsToWaitFor": {
        "Type": "WaitForEvents",
        "Events": [
          {
            "Event": "PRLODSTWS1_1#O_FIN_FUND_INTEREST_INFO-TO-PRLODSTWS1_1#INV_7180_11G"
          },
          {
            "Event": "PRLODSTWS1_1#O_FIN_GOOD_INV_DIST-TO-PRLODSTWS1_1#INV_7180_11G"
          },
          {
            "Event": "PRLODSTWS1_1#O_FUND-TO-PRLODSTWS1_1#INV_7180_11G"
          },
          {
            "Event": "PRLODSTWS1_1#O_BANK-TO-PRLODSTWS1_1#INV_7180_11G"
          },
          {
            "Event": "PRLODSTWS1_1#SDM_INV_FUND_STOCK_H-TO-PRLODSTWS1_1#INV_7180_11G"
          }
        ]
      },
      "eventsToAdd": {
        "Type": "AddEvents",
        "Events": [
          {
            "Event": "PRLODSTWS1_1#INV_7180_11G-TO-PRLODSTWS1_1#INV_7180_PARAM"
          }
        ]
      },
      "eventsToDelete": {
        "Type": "DeleteEvents",
        "Events": [
          {
            "Event": "PRLODSTWS1_1#O_FIN_FUND_INTEREST_INFO-TO-PRLODSTWS1_1#INV_7180_11G"
          },
          {
            "Event": "PRLODSTWS1_1#O_FIN_GOOD_INV_DIST-TO-PRLODSTWS1_1#INV_7180_11G"
          },
          {
            "Event": "PRLODSTWS1_1#O_FUND-TO-PRLODSTWS1_1#INV_7180_11G"
          },
          {
            "Event": "PRLODSTWS1_1#O_BANK-TO-PRLODSTWS1_1#INV_7180_11G"
          },
          {
            "Event": "PRLODSTWS1_1#SDM_INV_FUND_STOCK_H-TO-PRLODSTWS1_1#INV_7180_11G"
          }
        ]
      }
    },
    "PRLODSTWS1_1#INV_7171_PARAM": {
      "Type": "Job:Database:StoredProcedure",
      "ConnectionProfile": "_",
      "StoredProcedure": "sqlext.INV_7171_PARAM_SP",
      "DaysKeepActive": "1",
      "SubApplication": "PRLODSTWS1_1",
      "Priority": "Very Low",
      "Host": "PRLODSTWS1",
      "CreatedBy": "emuser",
      "Description": "== Conversion Messages Start ==\\n\\nMessage ID\\t: WRN6031 (7143-12652)\\n\\n== Conversion Messages End ==\\nAdded by composer.",
      "RunAs": "controlm",
      "TimeZone": "HKG",
      "Application": "PRLODSTWS1_1",
      "Variables": [
        {
          "DB-STP_SCHEM": ""
        }
      ],
      "When": {
        "WeekDays": [
          "NONE"
        ],
        "Months": [
          "NONE"
        ],
        "MonthDays": [
          "NONE"
        ],
        "DaysRelation": "OR",
        "RuleBasedCalendars": {
          "Included": [
            "RC1"
          ]
        }
      },
      "eventsToWaitFor": {
        "Type": "WaitForEvents",
        "Events": [
          {
            "Event": "PRLODSTWS1_1#INV_7170_11G-TO-PRLODSTWS1_1#INV_7171_PARAM"
          },
          {
            "Event": "PRLODSTWS1_1#INV_JOB_PARAM-TO-PRLODSTWS1_1#INV_7171_PARAM"
          }
        ]
      },
      "eventsToAdd": {
        "Type": "AddEvents",
        "Events": [
          {
            "Event": "PRLODSTWS1_1#INV_7171_PARAM-TO-PRLODSTWS1_1#INV_7171_CR"
          }
        ]
      },
      "eventsToDelete": {
        "Type": "DeleteEvents",
        "Events": [
          {
            "Event": "PRLODSTWS1_1#INV_7170_11G-TO-PRLODSTWS1_1#INV_7171_PARAM"
          },
          {
            "Event": "PRLODSTWS1_1#INV_JOB_PARAM-TO-PRLODSTWS1_1#INV_7171_PARAM"
          }
        ]
      }
    },
    "PRLODSTWS1_1#INV_7150_PARAM": {
      "Type": "Job:Database:StoredProcedure",
      "ConnectionProfile": "_",
      "StoredProcedure": "sqlext.INV_7150_PARAM_SP",
      "DaysKeepActive": "1",
      "SubApplication": "PRLODSTWS1_1",
      "Priority": "Very Low",
      "Host": "PRLODSTWS1",
      "CreatedBy": "emuser",
      "Description": "== Conversion Messages Start ==\\n\\nMessage ID\\t: WRN6031 (7144-12653)\\n\\n== Conversion Messages End ==\\nAdded by composer.",
      "RunAs": "controlm",
      "TimeZone": "HKG",
      "Application": "PRLODSTWS1_1",
      "Variables": [
        {
          "DB-STP_SCHEM": ""
        }
      ],
      "When": {
        "WeekDays": [
          "NONE"
        ],
        "Months": [
          "NONE"
        ],
        "MonthDays": [
          "NONE"
        ],
        "DaysRelation": "OR",
        "RuleBasedCalendars": {
          "Included": [
            "RC1"
          ]
        }
      },
      "eventsToWaitFor": {
        "Type": "WaitForEvents",
        "Events": [
          {
            "Event": "PRLODSTWS1_1#INV_7150_11G-TO-PRLODSTWS1_1#INV_7150_PARAM_1"
          },
          {
            "Event": "PRLODSTWS1_1#INV_JOB_PARAM-TO-PRLODSTWS1_1#INV_7150_PARAM"
          }
        ]
      },
      "eventsToAdd": {
        "Type": "AddEvents",
        "Events": [
          {
            "Event": "PRLODSTWS1_1#INV_7150_PARAM-TO-PRLODSTWS1_1#INV_7150_CR_1"
          }
        ]
      },
      "eventsToDelete": {
        "Type": "DeleteEvents",
        "Events": [
          {
            "Event": "PRLODSTWS1_1#INV_7150_11G-TO-PRLODSTWS1_1#INV_7150_PARAM_1"
          },
          {
            "Event": "PRLODSTWS1_1#INV_JOB_PARAM-TO-PRLODSTWS1_1#INV_7150_PARAM"
          }
        ]
      }
    },
    "PRLODSTWS1_1#INV_7190_CR": {
      "Type": "Job:Command",
      "DaysKeepActive": "1",
      "SubApplication": "PRLODSTWS1_1",
      "Priority": "Very Low",
      "Host": "PRLODSTWS1",
      "CreatedBy": "emuser",
      "Description": "generate the report file for batch",
      "RunAs": "controlm",
      "TimeZone": "HKG",
      "Application": "PRLODSTWS1_1",
      "Command": "/home/tws/ods_batch_home/esp.batch.scripts/gen.report.sh D_RPT_INV ${tws.job.name} %%\\\\global\\END_DT_CHAR.",
      "When": {
        "WeekDays": [
          "NONE"
        ],
        "Months": [
          "NONE"
        ],
        "MonthDays": [
          "NONE"
        ],
        "DaysRelation": "OR",
        "RuleBasedCalendars": {
          "Included": [
            "RC1"
          ]
        }
      },
      "eventsToWaitFor": {
        "Type": "WaitForEvents",
        "Events": [
          {
            "Event": "PRLODSTWS1_1#INV_7190_PARAM-TO-PRLODSTWS1_1#INV_7190_CR_1"
          }
        ]
      },
      "eventsToAdd": {
        "Type": "AddEvents",
        "Events": [
          {
            "Event": "PRLODSTWS1_1#INV_7190_CR-TO-PRLODSTWS1_1#INV_7190_CF_1"
          }
        ]
      },
      "eventsToDelete": {
        "Type": "DeleteEvents",
        "Events": [
          {
            "Event": "PRLODSTWS1_1#INV_7190_PARAM-TO-PRLODSTWS1_1#INV_7190_CR_1"
          }
        ]
      }
    },
    "PRLODSTWS1_1#INV_7320_11G": {
      "Type": "Job:Database:StoredProcedure",
      "ConnectionProfile": "_",
      "StoredProcedure": "sqlext.INV_7320_11G_SP",
      "DaysKeepActive": "1",
      "SubApplication": "PRLODSTWS1_1",
      "Priority": "Very Low",
      "Host": "PRLODSTWS1",
      "CreatedBy": "emuser",
      "Description": "== Conversion Messages Start ==\\n\\nMessage ID\\t: WRN6031 (7145-12655)\\n\\n== Conversion Messages End ==\\nAdded by composer.",
      "RunAs": "controlm",
      "TimeZone": "HKG",
      "Application": "PRLODSTWS1_1",
      "Variables": [
        {
          "DB-STP_SCHEM": ""
        }
      ],
      "When": {
        "WeekDays": [
          "NONE"
        ],
        "Months": [
          "NONE"
        ],
        "MonthDays": [
          "NONE"
        ],
        "DaysRelation": "OR",
        "RuleBasedCalendars": {
          "Included": [
            "RC1"
          ]
        }
      },
      "eventsToWaitFor": {
        "Type": "WaitForEvents",
        "Events": [
          {
            "Event": "PRLODSTWS1_1#O_FUND_TRANS-TO-PRLODSTWS1_1#INV_7320_11G"
          },
          {
            "Event": "PRLODSTWS1_1#O_FUND_TRANS_APPLY-TO-PRLODSTWS1_1#INV_7320_11G_1"
          },
          {
            "Event": "PRLODSTWS1_1#O_TRANSACTION_CODE-TO-PRLODSTWS1_1#INV_7320_11G"
          },
          {
            "Event": "PRLODSTWS1_1#O_BANK-TO-PRLODSTWS1_1#INV_7320_11G"
          },
          {
            "Event": "PRLODSTWS1_1#O_POLICY_CHANGE-TO-PRLODSTWS1_1#INV_7320_11G"
          },
          {
            "Event": "PRLODSTWS1_1#SDM_FUND-TO-PRLODSTWS1_1#INV_7320_11G"
          },
          {
            "Event": "PRLODSTWS1_1#SDM_FUND_PRICE-TO-PRLODSTWS1_1#INV_7320_11G"
          },
          {
            "Event": "PRLODSTWS1_1#SDM_CONTRACT_MASTER-TO-PRLODSTWS1_1#INV_7320_11G"
          },
          {
            "Event": "PRLODSTWS1_1#SDM_MONEY-TO-PRLODSTWS1_1#INV_7320_11G"
          }
        ]
      },
      "eventsToAdd": {
        "Type": "AddEvents",
        "Events": [
          {
            "Event": "PRLODSTWS1_1#INV_7320_11G-TO-PRLODSTWS1_1#INV_7320_PARAM_1"
          }
        ]
      },
      "eventsToDelete": {
        "Type": "DeleteEvents",
        "Events": [
          {
            "Event": "PRLODSTWS1_1#O_FUND_TRANS-TO-PRLODSTWS1_1#INV_7320_11G"
          },
          {
            "Event": "PRLODSTWS1_1#O_FUND_TRANS_APPLY-TO-PRLODSTWS1_1#INV_7320_11G_1"
          },
          {
            "Event": "PRLODSTWS1_1#O_TRANSACTION_CODE-TO-PRLODSTWS1_1#INV_7320_11G"
          },
          {
            "Event": "PRLODSTWS1_1#O_BANK-TO-PRLODSTWS1_1#INV_7320_11G"
          },
          {
            "Event": "PRLODSTWS1_1#O_POLICY_CHANGE-TO-PRLODSTWS1_1#INV_7320_11G"
          },
          {
            "Event": "PRLODSTWS1_1#SDM_FUND-TO-PRLODSTWS1_1#INV_7320_11G"
          },
          {
            "Event": "PRLODSTWS1_1#SDM_FUND_PRICE-TO-PRLODSTWS1_1#INV_7320_11G"
          },
          {
            "Event": "PRLODSTWS1_1#SDM_CONTRACT_MASTER-TO-PRLODSTWS1_1#INV_7320_11G"
          },
          {
            "Event": "PRLODSTWS1_1#SDM_MONEY-TO-PRLODSTWS1_1#INV_7320_11G"
          }
        ]
      }
    },
    "PRLODSTWS1_1#INV_7160_PARAM": {
      "Type": "Job:Database:StoredProcedure",
      "ConnectionProfile": "_",
      "StoredProcedure": "sqlext.INV_7160_PARAM_SP",
      "DaysKeepActive": "1",
      "SubApplication": "PRLODSTWS1_1",
      "Priority": "Very Low",
      "Host": "PRLODSTWS1",
      "CreatedBy": "emuser",
      "Description": "== Conversion Messages Start ==\\n\\nMessage ID\\t: WRN6031 (7146-12656)\\n\\n== Conversion Messages End ==\\nAdded by composer.",
      "RunAs": "controlm",
      "TimeZone": "HKG",
      "Application": "PRLODSTWS1_1",
      "Variables": [
        {
          "DB-STP_SCHEM": ""
        }
      ],
      "When": {
        "WeekDays": [
          "NONE"
        ],
        "Months": [
          "NONE"
        ],
        "MonthDays": [
          "NONE"
        ],
        "DaysRelation": "OR",
        "RuleBasedCalendars": {
          "Included": [
            "RC1"
          ]
        }
      },
      "eventsToWaitFor": {
        "Type": "WaitForEvents",
        "Events": [
          {
            "Event": "PRLODSTWS1_1#INV_7160_11G-TO-PRLODSTWS1_1#INV_7160_PARAM_1"
          },
          {
            "Event": "PRLODSTWS1_1#INV_JOB_PARAM-TO-PRLODSTWS1_1#INV_7160_PARAM"
          }
        ]
      },
      "eventsToAdd": {
        "Type": "AddEvents",
        "Events": [
          {
            "Event": "PRLODSTWS1_1#INV_7160_PARAM-TO-PRLODSTWS1_1#INV_7160_CR_1"
          }
        ]
      },
      "eventsToDelete": {
        "Type": "DeleteEvents",
        "Events": [
          {
            "Event": "PRLODSTWS1_1#INV_7160_11G-TO-PRLODSTWS1_1#INV_7160_PARAM_1"
          },
          {
            "Event": "PRLODSTWS1_1#INV_JOB_PARAM-TO-PRLODSTWS1_1#INV_7160_PARAM"
          }
        ]
      }
    },
    "PRLODSTWS1_1#INV_7170_PARAM": {
      "Type": "Job:Database:StoredProcedure",
      "ConnectionProfile": "_",
      "StoredProcedure": "sqlext.INV_7170_PARAM_SP",
      "DaysKeepActive": "1",
      "SubApplication": "PRLODSTWS1_1",
      "Priority": "Very Low",
      "Host": "PRLODSTWS1",
      "CreatedBy": "emuser",
      "Description": "== Conversion Messages Start ==\\n\\nMessage ID\\t: WRN6031 (7147-12657)\\n\\n== Conversion Messages End ==\\nAdded by composer.",
      "RunAs": "controlm",
      "TimeZone": "HKG",
      "Application": "PRLODSTWS1_1",
      "Variables": [
        {
          "DB-STP_SCHEM": ""
        }
      ],
      "When": {
        "WeekDays": [
          "NONE"
        ],
        "Months": [
          "NONE"
        ],
        "MonthDays": [
          "NONE"
        ],
        "DaysRelation": "OR",
        "RuleBasedCalendars": {
          "Included": [
            "RC1"
          ]
        }
      },
      "eventsToWaitFor": {
        "Type": "WaitForEvents",
        "Events": [
          {
            "Event": "PRLODSTWS1_1#INV_7170_11G-TO-PRLODSTWS1_1#INV_7170_PARAM_1"
          },
          {
            "Event": "PRLODSTWS1_1#INV_JOB_PARAM-TO-PRLODSTWS1_1#INV_7170_PARAM"
          }
        ]
      },
      "eventsToAdd": {
        "Type": "AddEvents",
        "Events": [
          {
            "Event": "PRLODSTWS1_1#INV_7170_PARAM-TO-PRLODSTWS1_1#INV_7170_CR_1"
          }
        ]
      },
      "eventsToDelete": {
        "Type": "DeleteEvents",
        "Events": [
          {
            "Event": "PRLODSTWS1_1#INV_7170_11G-TO-PRLODSTWS1_1#INV_7170_PARAM_1"
          },
          {
            "Event": "PRLODSTWS1_1#INV_JOB_PARAM-TO-PRLODSTWS1_1#INV_7170_PARAM"
          }
        ]
      }
    },
    "PRLODSTWS1_1#INV_7171_CR": {
      "Type": "Job:Command",
      "DaysKeepActive": "1",
      "SubApplication": "PRLODSTWS1_1",
      "Priority": "Very Low",
      "Host": "PRLODSTWS1",
      "CreatedBy": "emuser",
      "Description": "generate the report file for batch",
      "RunAs": "controlm",
      "TimeZone": "HKG",
      "Application": "PRLODSTWS1_1",
      "Command": "/home/tws/ods_batch_home/esp.batch.scripts/gen.report.sh D_RPT_INV ${tws.job.name} %%\\\\global\\END_DT_CHAR.",
      "When": {
        "WeekDays": [
          "NONE"
        ],
        "Months": [
          "NONE"
        ],
        "MonthDays": [
          "NONE"
        ],
        "DaysRelation": "OR",
        "RuleBasedCalendars": {
          "Included": [
            "RC1"
          ]
        }
      },
      "eventsToWaitFor": {
        "Type": "WaitForEvents",
        "Events": [
          {
            "Event": "PRLODSTWS1_1#INV_7171_PARAM-TO-PRLODSTWS1_1#INV_7171_CR"
          }
        ]
      },
      "eventsToAdd": {
        "Type": "AddEvents",
        "Events": [
          {
            "Event": "PRLODSTWS1_1#INV_7171_CR-TO-PRLODSTWS1_1#INV_7171_CF"
          }
        ]
      },
      "eventsToDelete": {
        "Type": "DeleteEvents",
        "Events": [
          {
            "Event": "PRLODSTWS1_1#INV_7171_PARAM-TO-PRLODSTWS1_1#INV_7171_CR"
          }
        ]
      }
    },
    "PRLODSTWS1_1#INV_7160_CF": {
      "Type": "Job:Command",
      "DaysKeepActive": "1",
      "SubApplication": "PRLODSTWS1_1",
      "Priority": "Very Low",
      "Host": "PRLODSTWS1",
      "CreatedBy": "emuser",
      "Description": "archiving file for batch",
      "RunAs": "controlm",
      "TimeZone": "HKG",
      "Application": "PRLODSTWS1_1",
      "Command": "/home/tws/ods_batch_home/esp.batch.scripts/archiving.file.sh D_RPT_INV ${tws.job.name} %%\\\\global\\END_DT_CHAR.",
      "When": {
        "WeekDays": [
          "NONE"
        ],
        "Months": [
          "NONE"
        ],
        "MonthDays": [
          "NONE"
        ],
        "DaysRelation": "OR",
        "RuleBasedCalendars": {
          "Included": [
            "RC1"
          ]
        }
      },
      "eventsToWaitFor": {
        "Type": "WaitForEvents",
        "Events": [
          {
            "Event": "PRLODSTWS1_1#INV_7160_CR-TO-PRLODSTWS1_1#INV_7160_CF_1"
          }
        ]
      },
      "eventsToDelete": {
        "Type": "DeleteEvents",
        "Events": [
          {
            "Event": "PRLODSTWS1_1#INV_7160_CR-TO-PRLODSTWS1_1#INV_7160_CF_1"
          }
        ]
      }
    },
    "PRLODSTWS1_1#INV_7190_11G": {
      "Type": "Job:Database:StoredProcedure",
      "ConnectionProfile": "_",
      "StoredProcedure": "sqlext.INV_7190_11G_SP",
      "DaysKeepActive": "1",
      "SubApplication": "PRLODSTWS1_1",
      "Priority": "Very Low",
      "Host": "PRLODSTWS1",
      "CreatedBy": "emuser",
      "Description": "== Conversion Messages Start ==\\n\\nMessage ID\\t: WRN6031 (7148-12660)\\n\\n== Conversion Messages End ==\\nAdded by composer.",
      "RunAs": "controlm",
      "TimeZone": "HKG",
      "Application": "PRLODSTWS1_1",
      "Variables": [
        {
          "DB-STP_SCHEM": ""
        }
      ],
      "When": {
        "WeekDays": [
          "NONE"
        ],
        "Months": [
          "NONE"
        ],
        "MonthDays": [
          "NONE"
        ],
        "DaysRelation": "OR",
        "RuleBasedCalendars": {
          "Included": [
            "RC1"
          ]
        }
      },
      "eventsToWaitFor": {
        "Type": "WaitForEvents",
        "Events": [
          {
            "Event": "PRLODSTWS1_1#O_FIN_FUND_TRADING_L-TO-PRLODSTWS1_1#INV_7190_11G"
          },
          {
            "Event": "PRLODSTWS1_1#O_FUND_TRANS-TO-PRLODSTWS1_1#INV_7190_11G"
          },
          {
            "Event": "PRLODSTWS1_1#O_FUND_TRANS_APPLY-TO-PRLODSTWS1_1#INV_7190_11G_1"
          },
          {
            "Event": "PRLODSTWS1_1#O_FUND_TYPE-TO-PRLODSTWS1_1#INV_7190_11G"
          },
          {
            "Event": "PRLODSTWS1_1#O_TRANSACTION_CODE-TO-PRLODSTWS1_1#INV_7190_11G"
          },
          {
            "Event": "PRLODSTWS1_1#O_BANK-TO-PRLODSTWS1_1#INV_7190_11G"
          },
          {
            "Event": "PRLODSTWS1_1#SDM_FUND-TO-PRLODSTWS1_1#INV_7190_11G"
          },
          {
            "Event": "PRLODSTWS1_1#SDM_GL_EXCHANGE_RATE-TO-PRLODSTWS1_1#INV_7190_11G"
          },
          {
            "Event": "PRLODSTWS1_1#SDM_POLICY_CHANGE-TO-PRLODSTWS1_1#INV_7190_11G"
          },
          {
            "Event": "PRLODSTWS1_1#SDM_PRODUCT_LIFE-TO-PRLODSTWS1_1#INV_7190_11G"
          },
          {
            "Event": "PRLODSTWS1_1#SDM_CONTRACT_MASTER-TO-PRLODSTWS1_1#INV_7190_11G"
          },
          {
            "Event": "PRLODSTWS1_1#INV_REF_INV_PLAN_CODE-TO-PRLODSTWS1_1#INV_7190_11G"
          }
        ]
      },
      "eventsToAdd": {
        "Type": "AddEvents",
        "Events": [
          {
            "Event": "PRLODSTWS1_1#INV_7190_11G-TO-PRLODSTWS1_1#INV_7190_PARAM_1"
          }
        ]
      },
      "eventsToDelete": {
        "Type": "DeleteEvents",
        "Events": [
          {
            "Event": "PRLODSTWS1_1#O_FIN_FUND_TRADING_L-TO-PRLODSTWS1_1#INV_7190_11G"
          },
          {
            "Event": "PRLODSTWS1_1#O_FUND_TRANS-TO-PRLODSTWS1_1#INV_7190_11G"
          },
          {
            "Event": "PRLODSTWS1_1#O_FUND_TRANS_APPLY-TO-PRLODSTWS1_1#INV_7190_11G_1"
          },
          {
            "Event": "PRLODSTWS1_1#O_FUND_TYPE-TO-PRLODSTWS1_1#INV_7190_11G"
          },
          {
            "Event": "PRLODSTWS1_1#O_TRANSACTION_CODE-TO-PRLODSTWS1_1#INV_7190_11G"
          },
          {
            "Event": "PRLODSTWS1_1#O_BANK-TO-PRLODSTWS1_1#INV_7190_11G"
          },
          {
            "Event": "PRLODSTWS1_1#SDM_FUND-TO-PRLODSTWS1_1#INV_7190_11G"
          },
          {
            "Event": "PRLODSTWS1_1#SDM_GL_EXCHANGE_RATE-TO-PRLODSTWS1_1#INV_7190_11G"
          },
          {
            "Event": "PRLODSTWS1_1#SDM_POLICY_CHANGE-TO-PRLODSTWS1_1#INV_7190_11G"
          },
          {
            "Event": "PRLODSTWS1_1#SDM_PRODUCT_LIFE-TO-PRLODSTWS1_1#INV_7190_11G"
          },
          {
            "Event": "PRLODSTWS1_1#SDM_CONTRACT_MASTER-TO-PRLODSTWS1_1#INV_7190_11G"
          },
          {
            "Event": "PRLODSTWS1_1#INV_REF_INV_PLAN_CODE-TO-PRLODSTWS1_1#INV_7190_11G"
          }
        ]
      }
    },
    "PRLODSTWS1_1#INV_7170_CF": {
      "Type": "Job:Command",
      "DaysKeepActive": "1",
      "SubApplication": "PRLODSTWS1_1",
      "Priority": "Very Low",
      "Host": "PRLODSTWS1",
      "CreatedBy": "emuser",
      "Description": "archiving file for batch",
      "RunAs": "controlm",
      "TimeZone": "HKG",
      "Application": "PRLODSTWS1_1",
      "Command": "/home/tws/ods_batch_home/esp.batch.scripts/archiving.file.sh D_RPT_INV ${tws.job.name} %%\\\\global\\END_DT_CHAR.",
      "When": {
        "WeekDays": [
          "NONE"
        ],
        "Months": [
          "NONE"
        ],
        "MonthDays": [
          "NONE"
        ],
        "DaysRelation": "OR",
        "RuleBasedCalendars": {
          "Included": [
            "RC1"
          ]
        }
      },
      "eventsToWaitFor": {
        "Type": "WaitForEvents",
        "Events": [
          {
            "Event": "PRLODSTWS1_1#INV_7170_CR-TO-PRLODSTWS1_1#INV_7170_CF_1"
          }
        ]
      },
      "eventsToDelete": {
        "Type": "DeleteEvents",
        "Events": [
          {
            "Event": "PRLODSTWS1_1#INV_7170_CR-TO-PRLODSTWS1_1#INV_7170_CF_1"
          }
        ]
      }
    },
    "PRLODSTWS1_1#INV_7160_11G": {
      "Type": "Job:Database:StoredProcedure",
      "ConnectionProfile": "_",
      "StoredProcedure": "sqlext.INV_7160_11G_SP",
      "DaysKeepActive": "1",
      "SubApplication": "PRLODSTWS1_1",
      "Priority": "Very Low",
      "Host": "PRLODSTWS1",
      "CreatedBy": "emuser",
      "Description": "== Conversion Messages Start ==\\n\\nMessage ID\\t: WRN6031 (7149-12662)\\n\\n== Conversion Messages End ==\\nAdded by composer.",
      "RunAs": "controlm",
      "TimeZone": "HKG",
      "Application": "PRLODSTWS1_1",
      "Variables": [
        {
          "DB-STP_SCHEM": ""
        }
      ],
      "When": {
        "WeekDays": [
          "NONE"
        ],
        "Months": [
          "NONE"
        ],
        "MonthDays": [
          "NONE"
        ],
        "DaysRelation": "OR",
        "RuleBasedCalendars": {
          "Included": [
            "RC1"
          ]
        }
      },
      "eventsToWaitFor": {
        "Type": "WaitForEvents",
        "Events": [
          {
            "Event": "PRLODSTWS1_1#O_FUND_TRANS-TO-PRLODSTWS1_1#INV_7160_11G"
          },
          {
            "Event": "PRLODSTWS1_1#O_FUND_TRANS_APPLY-TO-PRLODSTWS1_1#INV_7160_11G_1"
          },
          {
            "Event": "PRLODSTWS1_1#O_TRANSACTION_CODE-TO-PRLODSTWS1_1#INV_7160_11G"
          },
          {
            "Event": "PRLODSTWS1_1#O_BANK-TO-PRLODSTWS1_1#INV_7160_11G"
          },
          {
            "Event": "PRLODSTWS1_1#O_POLICY_CHANGE-TO-PRLODSTWS1_1#INV_7160_11G"
          },
          {
            "Event": "PRLODSTWS1_1#SDM_FUND-TO-PRLODSTWS1_1#INV_7160_11G"
          },
          {
            "Event": "PRLODSTWS1_1#SDM_POLICY_CHANGE_SEQ-TO-PRLODSTWS1_1#INV_7160_11G"
          },
          {
            "Event": "PRLODSTWS1_1#SDM_PRODUCT_LIFE-TO-PRLODSTWS1_1#INV_7160_11G"
          },
          {
            "Event": "PRLODSTWS1_1#SDM_CONTRACT_MASTER-TO-PRLODSTWS1_1#INV_7160_11G"
          },
          {
            "Event": "PRLODSTWS1_1#INV_REF_INV_PLAN_CODE-TO-PRLODSTWS1_1#INV_7160_11G"
          }
        ]
      },
      "eventsToAdd": {
        "Type": "AddEvents",
        "Events": [
          {
            "Event": "PRLODSTWS1_1#INV_7160_11G-TO-PRLODSTWS1_1#INV_7160_PARAM_1"
          },
          {
            "Event": "PRLODSTWS1_1#INV_7160_11G-TO-PRLODSTWS1_1#INV_7210_11G_1"
          }
        ]
      },
      "eventsToDelete": {
        "Type": "DeleteEvents",
        "Events": [
          {
            "Event": "PRLODSTWS1_1#O_FUND_TRANS-TO-PRLODSTWS1_1#INV_7160_11G"
          },
          {
            "Event": "PRLODSTWS1_1#O_FUND_TRANS_APPLY-TO-PRLODSTWS1_1#INV_7160_11G_1"
          },
          {
            "Event": "PRLODSTWS1_1#O_TRANSACTION_CODE-TO-PRLODSTWS1_1#INV_7160_11G"
          },
          {
            "Event": "PRLODSTWS1_1#O_BANK-TO-PRLODSTWS1_1#INV_7160_11G"
          },
          {
            "Event": "PRLODSTWS1_1#O_POLICY_CHANGE-TO-PRLODSTWS1_1#INV_7160_11G"
          },
          {
            "Event": "PRLODSTWS1_1#SDM_FUND-TO-PRLODSTWS1_1#INV_7160_11G"
          },
          {
            "Event": "PRLODSTWS1_1#SDM_POLICY_CHANGE_SEQ-TO-PRLODSTWS1_1#INV_7160_11G"
          },
          {
            "Event": "PRLODSTWS1_1#SDM_PRODUCT_LIFE-TO-PRLODSTWS1_1#INV_7160_11G"
          },
          {
            "Event": "PRLODSTWS1_1#SDM_CONTRACT_MASTER-TO-PRLODSTWS1_1#INV_7160_11G"
          },
          {
            "Event": "PRLODSTWS1_1#INV_REF_INV_PLAN_CODE-TO-PRLODSTWS1_1#INV_7160_11G"
          }
        ]
      }
    },
    "PRLODSTWS1_1#INV_7180_CR": {
      "Type": "Job:Command",
      "DaysKeepActive": "1",
      "SubApplication": "PRLODSTWS1_1",
      "Priority": "Very Low",
      "Host": "PRLODSTWS1",
      "CreatedBy": "emuser",
      "Description": "generate the report file for batch",
      "RunAs": "controlm",
      "TimeZone": "HKG",
      "Application": "PRLODSTWS1_1",
      "Command": "/home/tws/ods_batch_home/esp.batch.scripts/gen.report.sh D_RPT_INV ${tws.job.name} %%\\\\global\\END_DT_CHAR.",
      "When": {
        "WeekDays": [
          "NONE"
        ],
        "Months": [
          "NONE"
        ],
        "MonthDays": [
          "NONE"
        ],
        "DaysRelation": "OR",
        "RuleBasedCalendars": {
          "Included": [
            "RC1"
          ]
        }
      },
      "eventsToWaitFor": {
        "Type": "WaitForEvents",
        "Events": [
          {
            "Event": "PRLODSTWS1_1#INV_7180_PARAM-TO-PRLODSTWS1_1#INV_7180_CR"
          }
        ]
      },
      "eventsToAdd": {
        "Type": "AddEvents",
        "Events": [
          {
            "Event": "PRLODSTWS1_1#INV_7180_CR-TO-PRLODSTWS1_1#INV_7180_CF"
          }
        ]
      },
      "eventsToDelete": {
        "Type": "DeleteEvents",
        "Events": [
          {
            "Event": "PRLODSTWS1_1#INV_7180_PARAM-TO-PRLODSTWS1_1#INV_7180_CR"
          }
        ]
      }
    },
    "PRLODSTWS1_1#INV_7180_PARAM": {
      "Type": "Job:Database:StoredProcedure",
      "ConnectionProfile": "_",
      "StoredProcedure": "sqlext.INV_7180_PARAM_SP",
      "DaysKeepActive": "1",
      "SubApplication": "PRLODSTWS1_1",
      "Priority": "Very Low",
      "Host": "PRLODSTWS1",
      "CreatedBy": "emuser",
      "Description": "== Conversion Messages Start ==\\n\\nMessage ID\\t: WRN6031 (7150-12664)\\n\\n== Conversion Messages End ==\\nAdded by composer.",
      "RunAs": "controlm",
      "TimeZone": "HKG",
      "Application": "PRLODSTWS1_1",
      "Variables": [
        {
          "DB-STP_SCHEM": ""
        }
      ],
      "When": {
        "WeekDays": [
          "NONE"
        ],
        "Months": [
          "NONE"
        ],
        "MonthDays": [
          "NONE"
        ],
        "DaysRelation": "OR",
        "RuleBasedCalendars": {
          "Included": [
            "RC1"
          ]
        }
      },
      "eventsToWaitFor": {
        "Type": "WaitForEvents",
        "Events": [
          {
            "Event": "PRLODSTWS1_1#INV_7180_11G-TO-PRLODSTWS1_1#INV_7180_PARAM"
          },
          {
            "Event": "PRLODSTWS1_1#INV_JOB_PARAM-TO-PRLODSTWS1_1#INV_7180_PARAM"
          }
        ]
      },
      "eventsToAdd": {
        "Type": "AddEvents",
        "Events": [
          {
            "Event": "PRLODSTWS1_1#INV_7180_PARAM-TO-PRLODSTWS1_1#INV_7180_CR"
          }
        ]
      },
      "eventsToDelete": {
        "Type": "DeleteEvents",
        "Events": [
          {
            "Event": "PRLODSTWS1_1#INV_7180_11G-TO-PRLODSTWS1_1#INV_7180_PARAM"
          },
          {
            "Event": "PRLODSTWS1_1#INV_JOB_PARAM-TO-PRLODSTWS1_1#INV_7180_PARAM"
          }
        ]
      }
    },
    "PRLODSTWS1_1#INV_7190_PARAM": {
      "Type": "Job:Database:StoredProcedure",
      "ConnectionProfile": "_",
      "StoredProcedure": "sqlext.INV_7190_PARAM_SP",
      "DaysKeepActive": "1",
      "SubApplication": "PRLODSTWS1_1",
      "Priority": "Very Low",
      "Host": "PRLODSTWS1",
      "CreatedBy": "emuser",
      "Description": "== Conversion Messages Start ==\\n\\nMessage ID\\t: WRN6031 (7151-12665)\\n\\n== Conversion Messages End ==\\nAdded by composer.",
      "RunAs": "controlm",
      "TimeZone": "HKG",
      "Application": "PRLODSTWS1_1",
      "Variables": [
        {
          "DB-STP_SCHEM": ""
        }
      ],
      "When": {
        "WeekDays": [
          "NONE"
        ],
        "Months": [
          "NONE"
        ],
        "MonthDays": [
          "NONE"
        ],
        "DaysRelation": "OR",
        "RuleBasedCalendars": {
          "Included": [
            "RC1"
          ]
        }
      },
      "eventsToWaitFor": {
        "Type": "WaitForEvents",
        "Events": [
          {
            "Event": "PRLODSTWS1_1#INV_7190_11G-TO-PRLODSTWS1_1#INV_7190_PARAM_1"
          },
          {
            "Event": "PRLODSTWS1_1#INV_JOB_PARAM-TO-PRLODSTWS1_1#INV_7190_PARAM"
          }
        ]
      },
      "eventsToAdd": {
        "Type": "AddEvents",
        "Events": [
          {
            "Event": "PRLODSTWS1_1#INV_7190_PARAM-TO-PRLODSTWS1_1#INV_7190_CR_1"
          }
        ]
      },
      "eventsToDelete": {
        "Type": "DeleteEvents",
        "Events": [
          {
            "Event": "PRLODSTWS1_1#INV_7190_11G-TO-PRLODSTWS1_1#INV_7190_PARAM_1"
          },
          {
            "Event": "PRLODSTWS1_1#INV_JOB_PARAM-TO-PRLODSTWS1_1#INV_7190_PARAM"
          }
        ]
      }
    },
    "PRLODSTWS1_1#INV_7320_PARAM": {
      "Type": "Job:Database:StoredProcedure",
      "ConnectionProfile": "_",
      "StoredProcedure": "sqlext.INV_7320_PARAM_SP",
      "DaysKeepActive": "1",
      "SubApplication": "PRLODSTWS1_1",
      "Priority": "Very Low",
      "Host": "PRLODSTWS1",
      "CreatedBy": "emuser",
      "Description": "== Conversion Messages Start ==\\n\\nMessage ID\\t: WRN6031 (7152-12666)\\n\\n== Conversion Messages End ==\\nAdded by composer.",
      "RunAs": "controlm",
      "TimeZone": "HKG",
      "Application": "PRLODSTWS1_1",
      "Variables": [
        {
          "DB-STP_SCHEM": ""
        }
      ],
      "When": {
        "WeekDays": [
          "NONE"
        ],
        "Months": [
          "NONE"
        ],
        "MonthDays": [
          "NONE"
        ],
        "DaysRelation": "OR",
        "RuleBasedCalendars": {
          "Included": [
            "RC1"
          ]
        }
      },
      "eventsToWaitFor": {
        "Type": "WaitForEvents",
        "Events": [
          {
            "Event": "PRLODSTWS1_1#INV_7320_11G-TO-PRLODSTWS1_1#INV_7320_PARAM_1"
          },
          {
            "Event": "PRLODSTWS1_1#INV_JOB_PARAM-TO-PRLODSTWS1_1#INV_7320_PARAM"
          }
        ]
      },
      "eventsToAdd": {
        "Type": "AddEvents",
        "Events": [
          {
            "Event": "PRLODSTWS1_1#INV_7320_PARAM-TO-PRLODSTWS1_1#INV_7320_CR_1"
          }
        ]
      },
      "eventsToDelete": {
        "Type": "DeleteEvents",
        "Events": [
          {
            "Event": "PRLODSTWS1_1#INV_7320_11G-TO-PRLODSTWS1_1#INV_7320_PARAM_1"
          },
          {
            "Event": "PRLODSTWS1_1#INV_JOB_PARAM-TO-PRLODSTWS1_1#INV_7320_PARAM"
          }
        ]
      }
    },
    "PRLODSTWS1_1#INV_7180_CF": {
      "Type": "Job:Command",
      "DaysKeepActive": "1",
      "SubApplication": "PRLODSTWS1_1",
      "Priority": "Very Low",
      "Host": "PRLODSTWS1",
      "CreatedBy": "emuser",
      "Description": "archiving file for batch",
      "RunAs": "controlm",
      "TimeZone": "HKG",
      "Application": "PRLODSTWS1_1",
      "Command": "/home/tws/ods_batch_home/esp.batch.scripts/archiving.file.sh D_RPT_INV ${tws.job.name} %%\\\\global\\END_DT_CHAR.",
      "When": {
        "WeekDays": [
          "NONE"
        ],
        "Months": [
          "NONE"
        ],
        "MonthDays": [
          "NONE"
        ],
        "DaysRelation": "OR",
        "RuleBasedCalendars": {
          "Included": [
            "RC1"
          ]
        }
      },
      "eventsToWaitFor": {
        "Type": "WaitForEvents",
        "Events": [
          {
            "Event": "PRLODSTWS1_1#INV_7180_CR-TO-PRLODSTWS1_1#INV_7180_CF"
          }
        ]
      },
      "eventsToDelete": {
        "Type": "DeleteEvents",
        "Events": [
          {
            "Event": "PRLODSTWS1_1#INV_7180_CR-TO-PRLODSTWS1_1#INV_7180_CF"
          }
        ]
      }
    },
    "PRLODSTWS1_1#INV_7320_CF": {
      "Type": "Job:Command",
      "DaysKeepActive": "1",
      "SubApplication": "PRLODSTWS1_1",
      "Priority": "Very Low",
      "Host": "PRLODSTWS1",
      "CreatedBy": "emuser",
      "Description": "archiving file for batch",
      "RunAs": "controlm",
      "TimeZone": "HKG",
      "Application": "PRLODSTWS1_1",
      "Command": "/home/tws/ods_batch_home/esp.batch.scripts/archiving.file.sh D_RPT_INV ${tws.job.name} %%\\\\global\\END_DT_CHAR.",
      "When": {
        "WeekDays": [
          "NONE"
        ],
        "Months": [
          "NONE"
        ],
        "MonthDays": [
          "NONE"
        ],
        "DaysRelation": "OR",
        "RuleBasedCalendars": {
          "Included": [
            "RC1"
          ]
        }
      },
      "eventsToWaitFor": {
        "Type": "WaitForEvents",
        "Events": [
          {
            "Event": "PRLODSTWS1_1#INV_7320_CR-TO-PRLODSTWS1_1#INV_7320_CF_1"
          }
        ]
      },
      "eventsToDelete": {
        "Type": "DeleteEvents",
        "Events": [
          {
            "Event": "PRLODSTWS1_1#INV_7320_CR-TO-PRLODSTWS1_1#INV_7320_CF_1"
          }
        ]
      }
    },
    "PRLODSTWS1_1#INV_7170_CR": {
      "Type": "Job:Command",
      "DaysKeepActive": "1",
      "SubApplication": "PRLODSTWS1_1",
      "Priority": "Very Low",
      "Host": "PRLODSTWS1",
      "CreatedBy": "emuser",
      "Description": "generate the report file for batch",
      "RunAs": "controlm",
      "TimeZone": "HKG",
      "Application": "PRLODSTWS1_1",
      "Command": "/home/tws/ods_batch_home/esp.batch.scripts/gen.report.sh D_RPT_INV ${tws.job.name} %%\\\\global\\END_DT_CHAR.",
      "When": {
        "WeekDays": [
          "NONE"
        ],
        "Months": [
          "NONE"
        ],
        "MonthDays": [
          "NONE"
        ],
        "DaysRelation": "OR",
        "RuleBasedCalendars": {
          "Included": [
            "RC1"
          ]
        }
      },
      "eventsToWaitFor": {
        "Type": "WaitForEvents",
        "Events": [
          {
            "Event": "PRLODSTWS1_1#INV_7170_PARAM-TO-PRLODSTWS1_1#INV_7170_CR_1"
          }
        ]
      },
      "eventsToAdd": {
        "Type": "AddEvents",
        "Events": [
          {
            "Event": "PRLODSTWS1_1#INV_7170_CR-TO-PRLODSTWS1_1#INV_7170_CF_1"
          }
        ]
      },
      "eventsToDelete": {
        "Type": "DeleteEvents",
        "Events": [
          {
            "Event": "PRLODSTWS1_1#INV_7170_PARAM-TO-PRLODSTWS1_1#INV_7170_CR_1"
          }
        ]
      }
    },
    "PRLODSTWS1_1#INV_7170_11G": {
      "Type": "Job:Database:StoredProcedure",
      "ConnectionProfile": "_",
      "StoredProcedure": "sqlext.INV_7170_11G_SP",
      "DaysKeepActive": "1",
      "SubApplication": "PRLODSTWS1_1",
      "Priority": "Very Low",
      "Host": "PRLODSTWS1",
      "CreatedBy": "emuser",
      "Description": "== Conversion Messages Start ==\\n\\nMessage ID\\t: WRN6031 (7153-12670)\\n\\n== Conversion Messages End ==\\nAdded by composer.",
      "RunAs": "controlm",
      "TimeZone": "HKG",
      "Application": "PRLODSTWS1_1",
      "Variables": [
        {
          "DB-STP_SCHEM": ""
        }
      ],
      "When": {
        "WeekDays": [
          "NONE"
        ],
        "Months": [
          "NONE"
        ],
        "MonthDays": [
          "NONE"
        ],
        "DaysRelation": "OR",
        "RuleBasedCalendars": {
          "Included": [
            "RC1"
          ]
        }
      },
      "eventsToWaitFor": {
        "Type": "WaitForEvents",
        "Events": [
          {
            "Event": "PRLODSTWS1_1#O_FIN_GOOD_INV_DIST-TO-PRLODSTWS1_1#INV_7170_11G"
          },
          {
            "Event": "PRLODSTWS1_1#O_FUND_TRANS-TO-PRLODSTWS1_1#INV_7170_11G"
          },
          {
            "Event": "PRLODSTWS1_1#O_FUND_TRANS_APPLY-TO-PRLODSTWS1_1#INV_7170_11G_1"
          },
          {
            "Event": "PRLODSTWS1_1#O_TRANSACTION_CODE-TO-PRLODSTWS1_1#INV_7170_11G"
          },
          {
            "Event": "PRLODSTWS1_1#OV_CONTRACT_MASTER-TO-PRLODSTWS1_1#INV_7170_11G"
          },
          {
            "Event": "PRLODSTWS1_1#SDM_FUND-TO-PRLODSTWS1_1#INV_7170_11G"
          },
          {
            "Event": "PRLODSTWS1_1#SDM_FUND_PRICE-TO-PRLODSTWS1_1#INV_7170_11G"
          },
          {
            "Event": "PRLODSTWS1_1#SDM_POLICY_CHANGE-TO-PRLODSTWS1_1#INV_7170_11G"
          },
          {
            "Event": "PRLODSTWS1_1#SDM_PRODUCT_LIFE-TO-PRLODSTWS1_1#INV_7170_11G"
          },
          {
            "Event": "PRLODSTWS1_1#SDM_USER-TO-PRLODSTWS1_1#INV_7170_11G"
          },
          {
            "Event": "PRLODSTWS1_1#SDM_COMPANY_ORGAN-TO-PRLODSTWS1_1#INV_7170_11G"
          },
          {
            "Event": "PRLODSTWS1_1#SDM_MONEY-TO-PRLODSTWS1_1#INV_7170_11G"
          }
        ]
      },
      "eventsToAdd": {
        "Type": "AddEvents",
        "Events": [
          {
            "Event": "PRLODSTWS1_1#INV_7170_11G-TO-PRLODSTWS1_1#INV_7170_PARAM_1"
          },
          {
            "Event": "PRLODSTWS1_1#INV_7170_11G-TO-PRLODSTWS1_1#INV_7171_PARAM"
          }
        ]
      },
      "eventsToDelete": {
        "Type": "DeleteEvents",
        "Events": [
          {
            "Event": "PRLODSTWS1_1#O_FIN_GOOD_INV_DIST-TO-PRLODSTWS1_1#INV_7170_11G"
          },
          {
            "Event": "PRLODSTWS1_1#O_FUND_TRANS-TO-PRLODSTWS1_1#INV_7170_11G"
          },
          {
            "Event": "PRLODSTWS1_1#O_FUND_TRANS_APPLY-TO-PRLODSTWS1_1#INV_7170_11G_1"
          },
          {
            "Event": "PRLODSTWS1_1#O_TRANSACTION_CODE-TO-PRLODSTWS1_1#INV_7170_11G"
          },
          {
            "Event": "PRLODSTWS1_1#OV_CONTRACT_MASTER-TO-PRLODSTWS1_1#INV_7170_11G"
          },
          {
            "Event": "PRLODSTWS1_1#SDM_FUND-TO-PRLODSTWS1_1#INV_7170_11G"
          },
          {
            "Event": "PRLODSTWS1_1#SDM_FUND_PRICE-TO-PRLODSTWS1_1#INV_7170_11G"
          },
          {
            "Event": "PRLODSTWS1_1#SDM_POLICY_CHANGE-TO-PRLODSTWS1_1#INV_7170_11G"
          },
          {
            "Event": "PRLODSTWS1_1#SDM_PRODUCT_LIFE-TO-PRLODSTWS1_1#INV_7170_11G"
          },
          {
            "Event": "PRLODSTWS1_1#SDM_USER-TO-PRLODSTWS1_1#INV_7170_11G"
          },
          {
            "Event": "PRLODSTWS1_1#SDM_COMPANY_ORGAN-TO-PRLODSTWS1_1#INV_7170_11G"
          },
          {
            "Event": "PRLODSTWS1_1#SDM_MONEY-TO-PRLODSTWS1_1#INV_7170_11G"
          }
        ]
      }
    },
    "eventsToAdd": {
      "Type": "AddEvents",
      "Events": [
        {
          "Event": "PRLODSTWS1_1#D_RPT_INV_1TXN-TO-PRLODSTWS1_1#BDS_STS_RPT_INV"
        }
      ]
    }
  }
}
