{
  "PRLODSTWS1_1#W_FDW_BOK": {
    "Type": "Folder",
    "ControlmServer": "CTM",
    "Description": "== Conversion Messages Start ==\\n\\nMessage ID\\t: INF6107 (2428-4277)\\n\\nMessage ID\\t: INF6104 (2429-4277)\\n\\n== Conversion Messages End ==\\n",
    "OrderMethod": "Manual",
    "SubApplication": "PRLODSTWS1_1",
    "CreatedBy": "emuser",
    "Priority": "9W",
    "TimeZone": "HKG",
    "Application": "PRLODSTWS1_1",
    "When": {
      "RuleBasedCalendars": {
        "Included": [
          "RC1"
        ],
        "RC1": {
          "Type": "Calendar:RuleBased",
          "When": {
            "MonthDaysCalendar": "RCG-W-NAT",
            "DaysRelation": "OR",
            "DaysKeepActive": "01",
            "WeekDays": [
              "NONE"
            ],
            "MonthDays": [
              "NONE"
            ]
          }
        }
      }
    },
    "PRLODSTWS1_1#BOK_NTC_POL_EX": {
      "Type": "Job:Command",
      "DaysKeepActive": "1",
      "SubApplication": "PRLODSTWS1_1",
      "Priority": "Very Low",
      "Host": "PRLODSTWS1",
      "CreatedBy": "emuser",
      "Description": "CSV Export for batch",
      "RunAs": "controlm",
      "TimeZone": "HKG",
      "Application": "PRLODSTWS1_1",
      "Command": "/home/tws/ods_batch_home/esp.batch.scripts/gen.table2File.sh W_FDW_BOK ${tws.job.name} %%\\\\global\\END_DT_CHAR.",
      "When": {
        "WeekDays": [
          "NONE"
        ],
        "Months": [
          "NONE"
        ],
        "MonthDays": [
          "NONE"
        ],
        "DaysRelation": "OR",
        "RuleBasedCalendars": {
          "Included": [
            "RC1"
          ]
        }
      },
      "eventsToWaitFor": {
        "Type": "WaitForEvents",
        "Events": [
          {
            "Event": "PRLODSTWS1_1#BOK_NTC_POL_PARAM-TO-PRLODSTWS1_1#BOK_NTC_POL_EX"
          }
        ]
      },
      "eventsToAdd": {
        "Type": "AddEvents",
        "Events": [
          {
            "Event": "PRLODSTWS1_1#BOK_NTC_POL_EX-TO-PRLODSTWS1_1#BOK_NTC_POL_CM"
          }
        ]
      },
      "eventsToDelete": {
        "Type": "DeleteEvents",
        "Events": [
          {
            "Event": "PRLODSTWS1_1#BOK_NTC_POL_PARAM-TO-PRLODSTWS1_1#BOK_NTC_POL_EX"
          }
        ]
      }
    },
    "PRLODSTWS1_1#BOK_NTC_POL": {
      "Type": "Job:Database:StoredProcedure",
      "ConnectionProfile": "_",
      "StoredProcedure": "sqlext.BOK_NTC_POL_SP",
      "DaysKeepActive": "1",
      "SubApplication": "PRLODSTWS1_1",
      "Priority": "Very Low",
      "Host": "PRLODSTWS1",
      "CreatedBy": "emuser",
      "Description": "== Conversion Messages Start ==\\n\\nMessage ID\\t: WRN6031 (2426-4279)\\n\\n== Conversion Messages End ==\\nAdded by composer.",
      "RunAs": "controlm",
      "TimeZone": "HKG",
      "Application": "PRLODSTWS1_1",
      "Variables": [
        {
          "DB-STP_SCHEM": ""
        }
      ],
      "When": {
        "WeekDays": [
          "NONE"
        ],
        "Months": [
          "NONE"
        ],
        "MonthDays": [
          "NONE"
        ],
        "DaysRelation": "OR",
        "RuleBasedCalendars": {
          "Included": [
            "RC1"
          ]
        }
      },
      "eventsToWaitFor": {
        "Type": "WaitForEvents",
        "Events": [
          {
            "Event": "PRLODSTWS1_1#FDW_CODE_MAP-TO-PRLODSTWS1_1#BOK_NTC_POL"
          },
          {
            "Event": "PRLODSTWS1_1#FDW_CONTRACT_MASTER-TO-PRLODSTWS1_1#BOK_NTC_POL"
          },
          {
            "Event": "PRLODSTWS1_1#FDW_CONTRACT_PRODUCT-TO-PRLODSTWS1_1#BOK_NTC_POL"
          },
          {
            "Event": "PRLODSTWS1_1#O_CONTRACT_PROPOSAL-TO-PRLODSTWS1_1#BOK_NTC_POL"
          },
          {
            "Event": "PRLODSTWS1_1#O_UW_POLICY-TO-PRLODSTWS1_1#BOK_NTC_POL"
          },
          {
            "Event": "PRLODSTWS1_1#SDM_POLICY_CHANGE-TO-PRLODSTWS1_1#BOK_NTC_POL"
          }
        ]
      },
      "eventsToAdd": {
        "Type": "AddEvents",
        "Events": [
          {
            "Event": "PRLODSTWS1_1#BOK_NTC_POL-TO-PRLODSTWS1_1#BOK_NTC_POL_PARAM"
          }
        ]
      },
      "eventsToDelete": {
        "Type": "DeleteEvents",
        "Events": [
          {
            "Event": "PRLODSTWS1_1#FDW_CODE_MAP-TO-PRLODSTWS1_1#BOK_NTC_POL"
          },
          {
            "Event": "PRLODSTWS1_1#FDW_CONTRACT_MASTER-TO-PRLODSTWS1_1#BOK_NTC_POL"
          },
          {
            "Event": "PRLODSTWS1_1#FDW_CONTRACT_PRODUCT-TO-PRLODSTWS1_1#BOK_NTC_POL"
          },
          {
            "Event": "PRLODSTWS1_1#O_CONTRACT_PROPOSAL-TO-PRLODSTWS1_1#BOK_NTC_POL"
          },
          {
            "Event": "PRLODSTWS1_1#O_UW_POLICY-TO-PRLODSTWS1_1#BOK_NTC_POL"
          },
          {
            "Event": "PRLODSTWS1_1#SDM_POLICY_CHANGE-TO-PRLODSTWS1_1#BOK_NTC_POL"
          }
        ]
      }
    },
    "PRLODSTWS1_1#BOK_NTC_POL_CM": {
      "Type": "Job:Command",
      "DaysKeepActive": "1",
      "SubApplication": "PRLODSTWS1_1",
      "Priority": "Very Low",
      "Host": "PRLODSTWS1",
      "CreatedBy": "emuser",
      "Description": "Common Shell Template",
      "RunAs": "controlm",
      "TimeZone": "HKG",
      "Application": "PRLODSTWS1_1",
      "Command": "/home/tws/ods_batch_home/esp.batch.scripts/run.cmd.sh W_FDW_BOK ${tws.job.name} %%\\\\global\\END_DT_CHAR.",
      "When": {
        "WeekDays": [
          "NONE"
        ],
        "Months": [
          "NONE"
        ],
        "MonthDays": [
          "NONE"
        ],
        "DaysRelation": "OR",
        "RuleBasedCalendars": {
          "Included": [
            "RC1"
          ]
        }
      },
      "eventsToWaitFor": {
        "Type": "WaitForEvents",
        "Events": [
          {
            "Event": "PRLODSTWS1_1#BOK_NTC_POL_EX-TO-PRLODSTWS1_1#BOK_NTC_POL_CM"
          }
        ]
      },
      "eventsToAdd": {
        "Type": "AddEvents",
        "Events": [
          {
            "Event": "PRLODSTWS1_1#BOK_NTC_POL_CM-TO-PRLODSTWS1_1#BOK_NTC_POL_FP"
          }
        ]
      },
      "eventsToDelete": {
        "Type": "DeleteEvents",
        "Events": [
          {
            "Event": "PRLODSTWS1_1#BOK_NTC_POL_EX-TO-PRLODSTWS1_1#BOK_NTC_POL_CM"
          }
        ]
      }
    },
    "PRLODSTWS1_1#BOK_NTC_POL_FP": {
      "Type": "Job:Command",
      "DaysKeepActive": "1",
      "SubApplication": "PRLODSTWS1_1",
      "Priority": "Very Low",
      "Host": "PRLODSTWS1",
      "CreatedBy": "emuser",
      "Description": "Ftp files for batch",
      "RunAs": "controlm",
      "TimeZone": "HKG",
      "Application": "PRLODSTWS1_1",
      "Command": "/home/tws/ods_batch_home/esp.batch.scripts/ftp.files.sh W_FDW_BOK ${tws.job.name} %%\\\\global\\END_DT_CHAR.",
      "When": {
        "WeekDays": [
          "NONE"
        ],
        "Months": [
          "NONE"
        ],
        "MonthDays": [
          "NONE"
        ],
        "DaysRelation": "OR",
        "RuleBasedCalendars": {
          "Included": [
            "RC1"
          ]
        }
      },
      "eventsToWaitFor": {
        "Type": "WaitForEvents",
        "Events": [
          {
            "Event": "PRLODSTWS1_1#BOK_NTC_POL_CM-TO-PRLODSTWS1_1#BOK_NTC_POL_FP"
          }
        ]
      },
      "eventsToDelete": {
        "Type": "DeleteEvents",
        "Events": [
          {
            "Event": "PRLODSTWS1_1#BOK_NTC_POL_CM-TO-PRLODSTWS1_1#BOK_NTC_POL_FP"
          }
        ]
      }
    },
    "PRLODSTWS1_1#BOK_NTC_POL_PARAM": {
      "Type": "Job:Database:StoredProcedure",
      "ConnectionProfile": "_",
      "StoredProcedure": "sqlext.BOK_NTC_POL_PARAM_SP",
      "DaysKeepActive": "1",
      "SubApplication": "PRLODSTWS1_1",
      "Priority": "Very Low",
      "Host": "PRLODSTWS1",
      "CreatedBy": "emuser",
      "Description": "== Conversion Messages Start ==\\n\\nMessage ID\\t: WRN6031 (2427-4282)\\n\\n== Conversion Messages End ==\\nAdded by composer.",
      "RunAs": "controlm",
      "TimeZone": "HKG",
      "Application": "PRLODSTWS1_1",
      "Variables": [
        {
          "DB-STP_SCHEM": ""
        }
      ],
      "When": {
        "WeekDays": [
          "NONE"
        ],
        "Months": [
          "NONE"
        ],
        "MonthDays": [
          "NONE"
        ],
        "DaysRelation": "OR",
        "RuleBasedCalendars": {
          "Included": [
            "RC1"
          ]
        }
      },
      "eventsToWaitFor": {
        "Type": "WaitForEvents",
        "Events": [
          {
            "Event": "PRLODSTWS1_1#BOK_NTC_POL-TO-PRLODSTWS1_1#BOK_NTC_POL_PARAM"
          }
        ]
      },
      "eventsToAdd": {
        "Type": "AddEvents",
        "Events": [
          {
            "Event": "PRLODSTWS1_1#BOK_NTC_POL_PARAM-TO-PRLODSTWS1_1#BOK_NTC_POL_EX"
          }
        ]
      },
      "eventsToDelete": {
        "Type": "DeleteEvents",
        "Events": [
          {
            "Event": "PRLODSTWS1_1#BOK_NTC_POL-TO-PRLODSTWS1_1#BOK_NTC_POL_PARAM"
          }
        ]
      }
    },
    "eventsToAdd": {
      "Type": "AddEvents",
      "Events": [
        {
          "Event": "PRLODSTWS1_1#W_FDW_BOK-TO-PRLODSTWS1_1#BDS_STS_FDW_05G"
        }
      ]
    }
  }
}
