{
  "PRLODSTWS1_1#M_MM_MM_LASTW6": {
    "Type": "Folder",
    "ControlmServer": "CTM",
    "Description": "== Conversion Messages Start ==\\n\\nMessage ID\\t: INF6107 (7681-13533)\\n\\nMessage ID\\t: INF6104 (7682-13533)\\n\\n== Conversion Messages End ==\\n",
    "OrderMethod": "Manual",
    "SubApplication": "PRLODSTWS1_1",
    "CreatedBy": "emuser",
    "Priority": "9W",
    "TimeZone": "HKG",
    "Application": "PRLODSTWS1_1",
    "When": {
      "RuleBasedCalendars": {
        "Included": [
          "RC1"
        ],
        "RC1": {
          "Type": "Calendar:RuleBased",
          "When": {
            "MonthDaysCalendar": "RCG-M-MM-LW6",
            "DaysRelation": "OR",
            "DaysKeepActive": "01",
            "WeekDays": [
              "NONE"
            ],
            "MonthDays": [
              "NONE"
            ]
          }
        }
      }
    },
    "PRLODSTWS1_1#MM_PROD_PAY_AMT_ANN": {
      "Type": "Job:Database:StoredProcedure",
      "ConnectionProfile": "_",
      "StoredProcedure": "sqlext.MM_PROD_PAY_AMT_ANN_SP",
      "DaysKeepActive": "1",
      "SubApplication": "PRLODSTWS1_1",
      "Priority": "Very Low",
      "Host": "PRLODSTWS1",
      "CreatedBy": "emuser",
      "Description": "== Conversion Messages Start ==\\n\\nMessage ID\\t: WRN6031 (7677-13534)\\n\\n== Conversion Messages End ==\\nAdded by composer.",
      "RunAs": "controlm",
      "TimeZone": "HKG",
      "Application": "PRLODSTWS1_1",
      "Variables": [
        {
          "DB-STP_SCHEM": ""
        }
      ],
      "When": {
        "WeekDays": [
          "NONE"
        ],
        "Months": [
          "NONE"
        ],
        "MonthDays": [
          "NONE"
        ],
        "DaysRelation": "OR",
        "RuleBasedCalendars": {
          "Included": [
            "RC1"
          ]
        }
      },
      "eventsToWaitFor": {
        "Type": "WaitForEvents",
        "Events": [
          {
            "Event": "PRLODSTWS1_1#O_PAY_PLAN-TO-PRLODSTWS1_1#MM_PROD_PAY_AMT_ANN"
          },
          {
            "Event": "PRLODSTWS1_1#O_PAY_PLAN_TYPE-TO-PRLODSTWS1_1#MM_PROD_PAY_AMT_ANN"
          },
          {
            "Event": "PRLODSTWS1_1#OV_CONTRACT_PRODUCT-TO-PRLODSTWS1_1#MM_PROD_PAY_AMT_ANN"
          }
        ]
      },
      "eventsToAdd": {
        "Type": "AddEvents",
        "Events": [
          {
            "Event": "PRLODSTWS1_1#MM_PROD_PAY_AMT_ANN-TO-PRLODSTWS1_1#MM_CONTRACT_PRODUCT"
          }
        ]
      },
      "eventsToDelete": {
        "Type": "DeleteEvents",
        "Events": [
          {
            "Event": "PRLODSTWS1_1#O_PAY_PLAN-TO-PRLODSTWS1_1#MM_PROD_PAY_AMT_ANN"
          },
          {
            "Event": "PRLODSTWS1_1#O_PAY_PLAN_TYPE-TO-PRLODSTWS1_1#MM_PROD_PAY_AMT_ANN"
          },
          {
            "Event": "PRLODSTWS1_1#OV_CONTRACT_PRODUCT-TO-PRLODSTWS1_1#MM_PROD_PAY_AMT_ANN"
          }
        ]
      }
    },
    "PRLODSTWS1_1#MM_PROD_PAY_AMT_MAT": {
      "Type": "Job:Database:StoredProcedure",
      "ConnectionProfile": "_",
      "StoredProcedure": "sqlext.MM_PROD_PAY_AMT_MAT_SP",
      "DaysKeepActive": "1",
      "SubApplication": "PRLODSTWS1_1",
      "Priority": "Very Low",
      "Host": "PRLODSTWS1",
      "CreatedBy": "emuser",
      "Description": "== Conversion Messages Start ==\\n\\nMessage ID\\t: WRN6031 (7678-13535)\\n\\n== Conversion Messages End ==\\nAdded by composer.",
      "RunAs": "controlm",
      "TimeZone": "HKG",
      "Application": "PRLODSTWS1_1",
      "Variables": [
        {
          "DB-STP_SCHEM": ""
        }
      ],
      "When": {
        "WeekDays": [
          "NONE"
        ],
        "Months": [
          "NONE"
        ],
        "MonthDays": [
          "NONE"
        ],
        "DaysRelation": "OR",
        "RuleBasedCalendars": {
          "Included": [
            "RC1"
          ]
        }
      },
      "eventsToWaitFor": {
        "Type": "WaitForEvents",
        "Events": [
          {
            "Event": "PRLODSTWS1_1#O_PAY_PLAN-TO-PRLODSTWS1_1#MM_PROD_PAY_AMT_MAT"
          },
          {
            "Event": "PRLODSTWS1_1#O_PAY_PLAN_TYPE-TO-PRLODSTWS1_1#MM_PROD_PAY_AMT_MAT"
          }
        ]
      },
      "eventsToAdd": {
        "Type": "AddEvents",
        "Events": [
          {
            "Event": "PRLODSTWS1_1#MM_PROD_PAY_AMT_MAT-TO-PRLODSTWS1_1#MM_CONTRACT_PRODUCT"
          }
        ]
      },
      "eventsToDelete": {
        "Type": "DeleteEvents",
        "Events": [
          {
            "Event": "PRLODSTWS1_1#O_PAY_PLAN-TO-PRLODSTWS1_1#MM_PROD_PAY_AMT_MAT"
          },
          {
            "Event": "PRLODSTWS1_1#O_PAY_PLAN_TYPE-TO-PRLODSTWS1_1#MM_PROD_PAY_AMT_MAT"
          }
        ]
      }
    },
    "PRLODSTWS1_1#MM_PROD_PAY_AMT_SB": {
      "Type": "Job:Database:StoredProcedure",
      "ConnectionProfile": "_",
      "StoredProcedure": "sqlext.MM_PROD_PAY_AMT_SB_SP",
      "DaysKeepActive": "1",
      "SubApplication": "PRLODSTWS1_1",
      "Priority": "Very Low",
      "Host": "PRLODSTWS1",
      "CreatedBy": "emuser",
      "Description": "== Conversion Messages Start ==\\n\\nMessage ID\\t: WRN6031 (7679-13536)\\n\\n== Conversion Messages End ==\\nAdded by composer.",
      "RunAs": "controlm",
      "TimeZone": "HKG",
      "Application": "PRLODSTWS1_1",
      "Variables": [
        {
          "DB-STP_SCHEM": ""
        }
      ],
      "When": {
        "WeekDays": [
          "NONE"
        ],
        "Months": [
          "NONE"
        ],
        "MonthDays": [
          "NONE"
        ],
        "DaysRelation": "OR",
        "RuleBasedCalendars": {
          "Included": [
            "RC1"
          ]
        }
      },
      "eventsToWaitFor": {
        "Type": "WaitForEvents",
        "Events": [
          {
            "Event": "PRLODSTWS1_1#O_PAY_PLAN-TO-PRLODSTWS1_1#MM_PROD_PAY_AMT_SB"
          },
          {
            "Event": "PRLODSTWS1_1#O_PAY_PLAN_TYPE-TO-PRLODSTWS1_1#MM_PROD_PAY_AMT_SB"
          }
        ]
      },
      "eventsToAdd": {
        "Type": "AddEvents",
        "Events": [
          {
            "Event": "PRLODSTWS1_1#MM_PROD_PAY_AMT_SB-TO-PRLODSTWS1_1#MM_CONTRACT_PRODUCT"
          }
        ]
      },
      "eventsToDelete": {
        "Type": "DeleteEvents",
        "Events": [
          {
            "Event": "PRLODSTWS1_1#O_PAY_PLAN-TO-PRLODSTWS1_1#MM_PROD_PAY_AMT_SB"
          },
          {
            "Event": "PRLODSTWS1_1#O_PAY_PLAN_TYPE-TO-PRLODSTWS1_1#MM_PROD_PAY_AMT_SB"
          }
        ]
      }
    },
    "PRLODSTWS1_1#MM_PROD_PAY_AMT_PB": {
      "Type": "Job:Database:StoredProcedure",
      "ConnectionProfile": "_",
      "StoredProcedure": "sqlext.MM_PROD_PAY_AMT_PB_SP",
      "DaysKeepActive": "1",
      "SubApplication": "PRLODSTWS1_1",
      "Priority": "Very Low",
      "Host": "PRLODSTWS1",
      "CreatedBy": "emuser",
      "Description": "== Conversion Messages Start ==\\n\\nMessage ID\\t: WRN6031 (7680-13537)\\n\\n== Conversion Messages End ==\\nAdded by composer.",
      "RunAs": "controlm",
      "TimeZone": "HKG",
      "Application": "PRLODSTWS1_1",
      "Variables": [
        {
          "DB-STP_SCHEM": ""
        }
      ],
      "When": {
        "WeekDays": [
          "NONE"
        ],
        "Months": [
          "NONE"
        ],
        "MonthDays": [
          "NONE"
        ],
        "DaysRelation": "OR",
        "RuleBasedCalendars": {
          "Included": [
            "RC1"
          ]
        }
      },
      "eventsToWaitFor": {
        "Type": "WaitForEvents",
        "Events": [
          {
            "Event": "PRLODSTWS1_1#O_PAY_PLAN-TO-PRLODSTWS1_1#MM_PROD_PAY_AMT_PB"
          },
          {
            "Event": "PRLODSTWS1_1#O_PAY_PLAN_TYPE-TO-PRLODSTWS1_1#MM_PROD_PAY_AMT_PB"
          }
        ]
      },
      "eventsToAdd": {
        "Type": "AddEvents",
        "Events": [
          {
            "Event": "PRLODSTWS1_1#MM_PROD_PAY_AMT_PB-TO-PRLODSTWS1_1#MM_CONTRACT_PRODUCT"
          }
        ]
      },
      "eventsToDelete": {
        "Type": "DeleteEvents",
        "Events": [
          {
            "Event": "PRLODSTWS1_1#O_PAY_PLAN-TO-PRLODSTWS1_1#MM_PROD_PAY_AMT_PB"
          },
          {
            "Event": "PRLODSTWS1_1#O_PAY_PLAN_TYPE-TO-PRLODSTWS1_1#MM_PROD_PAY_AMT_PB"
          }
        ]
      }
    }
  }
}
