{
  "PRLODSTWS1_1#I_RPT_CLM": {
    "Type": "Folder",
    "ControlmServer": "CTM",
    "Description": "== Conversion Messages Start ==\\n\\nMessage ID\\t: INF6107 (3442-6002)\\n\\nMessage ID\\t: INF6104 (3443-6002)\\n\\n== Conversion Messages End ==\\n",
    "OrderMethod": "Manual",
    "SubApplication": "PRLODSTWS1_1",
    "CreatedBy": "emuser",
    "Priority": "9W",
    "TimeZone": "HKG",
    "Application": "PRLODSTWS1_1",
    "When": {
      "RuleBasedCalendars": {
        "Included": [
          "RC1"
        ],
        "RC1": {
          "Type": "Calendar:RuleBased",
          "When": {
            "MonthDaysCalendar": "RCG-D-NAT",
            "DaysRelation": "OR",
            "DaysKeepActive": "01",
            "WeekDays": [
              "NONE"
            ],
            "MonthDays": [
              "NONE"
            ]
          }
        }
      }
    },
    "PRLODSTWS1_1#CLM_0440_CODE": {
      "Type": "Job:Database:StoredProcedure",
      "ConnectionProfile": "_",
      "StoredProcedure": "sqlext.CLM_0440_CODE_SP",
      "DaysKeepActive": "1",
      "SubApplication": "PRLODSTWS1_1",
      "Priority": "Very Low",
      "Host": "PRLODSTWS1",
      "CreatedBy": "emuser",
      "Description": "== Conversion Messages Start ==\\n\\nMessage ID\\t: WRN6031 (3432-6003)\\n\\n== Conversion Messages End ==\\nAdded by composer.",
      "RunAs": "controlm",
      "TimeZone": "HKG",
      "Application": "PRLODSTWS1_1",
      "Variables": [
        {
          "DB-STP_SCHEM": ""
        }
      ],
      "When": {
        "WeekDays": [
          "NONE"
        ],
        "Months": [
          "NONE"
        ],
        "MonthDays": [
          "NONE"
        ],
        "DaysRelation": "OR",
        "RuleBasedCalendars": {
          "Included": [
            "RC1"
          ]
        }
      },
      "eventsToWaitFor": {
        "Type": "WaitForEvents",
        "Events": [
          {
            "Event": "PRLODSTWS1_1#SYS_STS_STG-TO-PRLODSTWS1_1#CLM_0440_CODE"
          }
        ]
      },
      "eventsToAdd": {
        "Type": "AddEvents",
        "Events": [
          {
            "Event": "PRLODSTWS1_1#CLM_0440_CODE-TO-PRLODSTWS1_1#CLM_0440_11G"
          }
        ]
      },
      "eventsToDelete": {
        "Type": "DeleteEvents",
        "Events": [
          {
            "Event": "PRLODSTWS1_1#SYS_STS_STG-TO-PRLODSTWS1_1#CLM_0440_CODE"
          }
        ]
      }
    },
    "PRLODSTWS1_1#CLM_0480_CODE": {
      "Type": "Job:Database:StoredProcedure",
      "ConnectionProfile": "_",
      "StoredProcedure": "sqlext.CLM_0480_CODE_SP",
      "DaysKeepActive": "1",
      "SubApplication": "PRLODSTWS1_1",
      "Priority": "Very Low",
      "Host": "PRLODSTWS1",
      "CreatedBy": "emuser",
      "Description": "== Conversion Messages Start ==\\n\\nMessage ID\\t: WRN6031 (3433-6004)\\n\\n== Conversion Messages End ==\\nAdded by composer.",
      "RunAs": "controlm",
      "TimeZone": "HKG",
      "Application": "PRLODSTWS1_1",
      "Variables": [
        {
          "DB-STP_SCHEM": ""
        }
      ],
      "When": {
        "WeekDays": [
          "NONE"
        ],
        "Months": [
          "NONE"
        ],
        "MonthDays": [
          "NONE"
        ],
        "DaysRelation": "OR",
        "RuleBasedCalendars": {
          "Included": [
            "RC1"
          ]
        }
      },
      "eventsToWaitFor": {
        "Type": "WaitForEvents",
        "Events": [
          {
            "Event": "PRLODSTWS1_1#SYS_STS_STG-TO-PRLODSTWS1_1#CLM_0480_CODE"
          }
        ]
      },
      "eventsToAdd": {
        "Type": "AddEvents",
        "Events": [
          {
            "Event": "PRLODSTWS1_1#CLM_0480_CODE-TO-PRLODSTWS1_1#CLM_0420_11G"
          },
          {
            "Event": "PRLODSTWS1_1#CLM_0480_CODE-TO-PRLODSTWS1_1#CLM_0480_11G"
          }
        ]
      },
      "eventsToDelete": {
        "Type": "DeleteEvents",
        "Events": [
          {
            "Event": "PRLODSTWS1_1#SYS_STS_STG-TO-PRLODSTWS1_1#CLM_0480_CODE"
          }
        ]
      }
    },
    "PRLODSTWS1_1#CLM_ICD_CODE": {
      "Type": "Job:Database:StoredProcedure",
      "ConnectionProfile": "_",
      "StoredProcedure": "sqlext.CLM_ICD_CODE_SP",
      "DaysKeepActive": "1",
      "SubApplication": "PRLODSTWS1_1",
      "Priority": "Very Low",
      "Host": "PRLODSTWS1",
      "CreatedBy": "emuser",
      "Description": "== Conversion Messages Start ==\\n\\nMessage ID\\t: WRN6031 (3434-6005)\\n\\n== Conversion Messages End ==\\nAdded by composer.",
      "RunAs": "controlm",
      "TimeZone": "HKG",
      "Application": "PRLODSTWS1_1",
      "Variables": [
        {
          "DB-STP_SCHEM": ""
        }
      ],
      "When": {
        "WeekDays": [
          "NONE"
        ],
        "Months": [
          "NONE"
        ],
        "MonthDays": [
          "NONE"
        ],
        "DaysRelation": "OR",
        "RuleBasedCalendars": {
          "Included": [
            "RC1"
          ]
        }
      },
      "eventsToWaitFor": {
        "Type": "WaitForEvents",
        "Events": [
          {
            "Event": "PRLODSTWS1_1#SYS_STS_STG-TO-PRLODSTWS1_1#CLM_ICD_CODE"
          }
        ]
      },
      "eventsToDelete": {
        "Type": "DeleteEvents",
        "Events": [
          {
            "Event": "PRLODSTWS1_1#SYS_STS_STG-TO-PRLODSTWS1_1#CLM_ICD_CODE"
          }
        ]
      }
    },
    "PRLODSTWS1_1#CLM_REF_LIAB_CAT": {
      "Type": "Job:Database:StoredProcedure",
      "ConnectionProfile": "_",
      "StoredProcedure": "sqlext.CLM_REF_LIAB_CAT_SP",
      "DaysKeepActive": "1",
      "SubApplication": "PRLODSTWS1_1",
      "Priority": "Very Low",
      "Host": "PRLODSTWS1",
      "CreatedBy": "emuser",
      "Description": "== Conversion Messages Start ==\\n\\nMessage ID\\t: WRN6031 (3435-6006)\\n\\n== Conversion Messages End ==\\nAdded by composer.",
      "RunAs": "controlm",
      "TimeZone": "HKG",
      "Application": "PRLODSTWS1_1",
      "Variables": [
        {
          "DB-STP_SCHEM": ""
        }
      ],
      "When": {
        "WeekDays": [
          "NONE"
        ],
        "Months": [
          "NONE"
        ],
        "MonthDays": [
          "NONE"
        ],
        "DaysRelation": "OR",
        "RuleBasedCalendars": {
          "Included": [
            "RC1"
          ]
        }
      },
      "eventsToWaitFor": {
        "Type": "WaitForEvents",
        "Events": [
          {
            "Event": "PRLODSTWS1_1#SYS_STS_STG-TO-PRLODSTWS1_1#CLM_REF_LIAB_CAT"
          }
        ]
      },
      "eventsToDelete": {
        "Type": "DeleteEvents",
        "Events": [
          {
            "Event": "PRLODSTWS1_1#SYS_STS_STG-TO-PRLODSTWS1_1#CLM_REF_LIAB_CAT"
          }
        ]
      }
    },
    "PRLODSTWS1_1#CLM_REF_LIAB_MAJOR": {
      "Type": "Job:Database:StoredProcedure",
      "ConnectionProfile": "_",
      "StoredProcedure": "sqlext.CLM_REF_LIAB_MAJOR_SP",
      "DaysKeepActive": "1",
      "SubApplication": "PRLODSTWS1_1",
      "Priority": "Very Low",
      "Host": "PRLODSTWS1",
      "CreatedBy": "emuser",
      "Description": "== Conversion Messages Start ==\\n\\nMessage ID\\t: WRN6031 (3436-6007)\\n\\n== Conversion Messages End ==\\nAdded by composer.",
      "RunAs": "controlm",
      "TimeZone": "HKG",
      "Application": "PRLODSTWS1_1",
      "Variables": [
        {
          "DB-STP_SCHEM": ""
        }
      ],
      "When": {
        "WeekDays": [
          "NONE"
        ],
        "Months": [
          "NONE"
        ],
        "MonthDays": [
          "NONE"
        ],
        "DaysRelation": "OR",
        "RuleBasedCalendars": {
          "Included": [
            "RC1"
          ]
        }
      },
      "eventsToWaitFor": {
        "Type": "WaitForEvents",
        "Events": [
          {
            "Event": "PRLODSTWS1_1#SYS_STS_STG-TO-PRLODSTWS1_1#CLM_REF_LIAB_MAJOR"
          }
        ]
      },
      "eventsToDelete": {
        "Type": "DeleteEvents",
        "Events": [
          {
            "Event": "PRLODSTWS1_1#SYS_STS_STG-TO-PRLODSTWS1_1#CLM_REF_LIAB_MAJOR"
          }
        ]
      }
    },
    "PRLODSTWS1_1#CLM_JOB_PARAM": {
      "Type": "Job:Database:StoredProcedure",
      "ConnectionProfile": "_",
      "StoredProcedure": "sqlext.CLM_JOB_PARAM_SP",
      "DaysKeepActive": "1",
      "SubApplication": "PRLODSTWS1_1",
      "Priority": "Very Low",
      "Host": "PRLODSTWS1",
      "CreatedBy": "emuser",
      "Description": "== Conversion Messages Start ==\\n\\nMessage ID\\t: WRN6031 (3437-6008)\\n\\n== Conversion Messages End ==\\nAdded by composer.",
      "RunAs": "controlm",
      "TimeZone": "HKG",
      "Application": "PRLODSTWS1_1",
      "Variables": [
        {
          "DB-STP_SCHEM": ""
        }
      ],
      "When": {
        "WeekDays": [
          "NONE"
        ],
        "Months": [
          "NONE"
        ],
        "MonthDays": [
          "NONE"
        ],
        "DaysRelation": "OR",
        "RuleBasedCalendars": {
          "Included": [
            "RC1"
          ]
        }
      },
      "eventsToWaitFor": {
        "Type": "WaitForEvents",
        "Events": [
          {
            "Event": "PRLODSTWS1_1#SYS_STS_STG-TO-PRLODSTWS1_1#CLM_JOB_PARAM"
          }
        ]
      },
      "eventsToAdd": {
        "Type": "AddEvents",
        "Events": [
          {
            "Event": "PRLODSTWS1_1#CLM_JOB_PARAM-TO-PRLODSTWS1_1#CLM_0510_PARAM"
          },
          {
            "Event": "PRLODSTWS1_1#CLM_JOB_PARAM-TO-PRLODSTWS1_1#CLM_0641_PARAM"
          },
          {
            "Event": "PRLODSTWS1_1#CLM_JOB_PARAM-TO-PRLODSTWS1_1#CLM_0640_PARAM"
          },
          {
            "Event": "PRLODSTWS1_1#CLM_JOB_PARAM-TO-PRLODSTWS1_1#CLM_0650_PARAM"
          },
          {
            "Event": "PRLODSTWS1_1#CLM_JOB_PARAM-TO-PRLODSTWS1_1#CLM_0651_PARAM"
          },
          {
            "Event": "PRLODSTWS1_1#CLM_JOB_PARAM-TO-PRLODSTWS1_1#CLM_0370_PARAM"
          },
          {
            "Event": "PRLODSTWS1_1#CLM_JOB_PARAM-TO-PRLODSTWS1_1#CLM_0590_PARAM"
          },
          {
            "Event": "PRLODSTWS1_1#CLM_JOB_PARAM-TO-PRLODSTWS1_1#CLM_0600_PARAM"
          },
          {
            "Event": "PRLODSTWS1_1#CLM_JOB_PARAM-TO-PRLODSTWS1_1#CLM_0561_PARAM"
          },
          {
            "Event": "PRLODSTWS1_1#CLM_JOB_PARAM-TO-PRLODSTWS1_1#CLM_0560_PARAM"
          },
          {
            "Event": "PRLODSTWS1_1#CLM_JOB_PARAM-TO-PRLODSTWS1_1#CLM_0580_PARAM"
          },
          {
            "Event": "PRLODSTWS1_1#CLM_JOB_PARAM-TO-PRLODSTWS1_1#CLM_1724_PARAM"
          },
          {
            "Event": "PRLODSTWS1_1#CLM_JOB_PARAM-TO-PRLODSTWS1_1#CLM_0350_PARAM"
          },
          {
            "Event": "PRLODSTWS1_1#CLM_JOB_PARAM-TO-PRLODSTWS1_1#CLM_0360_PARAM"
          },
          {
            "Event": "PRLODSTWS1_1#CLM_JOB_PARAM-TO-PRLODSTWS1_1#CLM_0430_PARAM"
          },
          {
            "Event": "PRLODSTWS1_1#CLM_JOB_PARAM-TO-PRLODSTWS1_1#CLM_0440_PARAM"
          },
          {
            "Event": "PRLODSTWS1_1#CLM_JOB_PARAM-TO-PRLODSTWS1_1#CLM_0540_PARAM"
          },
          {
            "Event": "PRLODSTWS1_1#CLM_JOB_PARAM-TO-PRLODSTWS1_1#CLM_0400_PARAM"
          },
          {
            "Event": "PRLODSTWS1_1#CLM_JOB_PARAM-TO-PRLODSTWS1_1#CLM_0571_PARAM"
          },
          {
            "Event": "PRLODSTWS1_1#CLM_JOB_PARAM-TO-PRLODSTWS1_1#CLM_0570_PARAM"
          },
          {
            "Event": "PRLODSTWS1_1#CLM_JOB_PARAM-TO-PRLODSTWS1_1#CLM_0610_PARAM"
          },
          {
            "Event": "PRLODSTWS1_1#CLM_JOB_PARAM-TO-PRLODSTWS1_1#CLM_0620_PARAM"
          },
          {
            "Event": "PRLODSTWS1_1#CLM_JOB_PARAM-TO-PRLODSTWS1_1#CLM_0510_PARAM_1"
          },
          {
            "Event": "PRLODSTWS1_1#CLM_JOB_PARAM-TO-PRLODSTWS1_1#CLM_0520_PARAM"
          }
        ]
      },
      "eventsToDelete": {
        "Type": "DeleteEvents",
        "Events": [
          {
            "Event": "PRLODSTWS1_1#SYS_STS_STG-TO-PRLODSTWS1_1#CLM_JOB_PARAM"
          }
        ]
      }
    },
    "PRLODSTWS1_1#CLM_REF_WKDY_TYPE": {
      "Type": "Job:Database:StoredProcedure",
      "ConnectionProfile": "_",
      "StoredProcedure": "sqlext.CLM_REF_WKDY_TYPE_SP",
      "DaysKeepActive": "1",
      "SubApplication": "PRLODSTWS1_1",
      "Priority": "Very Low",
      "Host": "PRLODSTWS1",
      "CreatedBy": "emuser",
      "Description": "== Conversion Messages Start ==\\n\\nMessage ID\\t: WRN6031 (3438-6009)\\n\\n== Conversion Messages End ==\\nAdded by composer.",
      "RunAs": "controlm",
      "TimeZone": "HKG",
      "Application": "PRLODSTWS1_1",
      "Variables": [
        {
          "DB-STP_SCHEM": ""
        }
      ],
      "When": {
        "WeekDays": [
          "NONE"
        ],
        "Months": [
          "NONE"
        ],
        "MonthDays": [
          "NONE"
        ],
        "DaysRelation": "OR",
        "RuleBasedCalendars": {
          "Included": [
            "RC1"
          ]
        }
      },
      "eventsToWaitFor": {
        "Type": "WaitForEvents",
        "Events": [
          {
            "Event": "PRLODSTWS1_1#SYS_STS_STG-TO-PRLODSTWS1_1#CLM_REF_WKDY_TYPE"
          }
        ]
      },
      "eventsToDelete": {
        "Type": "DeleteEvents",
        "Events": [
          {
            "Event": "PRLODSTWS1_1#SYS_STS_STG-TO-PRLODSTWS1_1#CLM_REF_WKDY_TYPE"
          }
        ]
      }
    },
    "PRLODSTWS1_1#CLM_REF_TAX_AGRM": {
      "Type": "Job:Database:StoredProcedure",
      "ConnectionProfile": "_",
      "StoredProcedure": "sqlext.CLM_REF_TAX_AGRM_SP",
      "DaysKeepActive": "1",
      "SubApplication": "PRLODSTWS1_1",
      "Priority": "Very Low",
      "Host": "PRLODSTWS1",
      "CreatedBy": "emuser",
      "Description": "== Conversion Messages Start ==\\n\\nMessage ID\\t: WRN6031 (3439-6010)\\n\\n== Conversion Messages End ==\\nAdded by composer.",
      "RunAs": "controlm",
      "TimeZone": "HKG",
      "Application": "PRLODSTWS1_1",
      "Variables": [
        {
          "DB-STP_SCHEM": ""
        }
      ],
      "When": {
        "WeekDays": [
          "NONE"
        ],
        "Months": [
          "NONE"
        ],
        "MonthDays": [
          "NONE"
        ],
        "DaysRelation": "OR",
        "RuleBasedCalendars": {
          "Included": [
            "RC1"
          ]
        }
      },
      "eventsToWaitFor": {
        "Type": "WaitForEvents",
        "Events": [
          {
            "Event": "PRLODSTWS1_1#SYS_STS_STG-TO-PRLODSTWS1_1#CLM_REF_TAX_AGRM"
          }
        ]
      },
      "eventsToAdd": {
        "Type": "AddEvents",
        "Events": [
          {
            "Event": "PRLODSTWS1_1#CLM_REF_TAX_AGRM-TO-PRLODSTWS1_1#CLM_0510_11G"
          },
          {
            "Event": "PRLODSTWS1_1#CLM_REF_TAX_AGRM-TO-PRLODSTWS1_1#CLM_0510_11G_1"
          }
        ]
      },
      "eventsToDelete": {
        "Type": "DeleteEvents",
        "Events": [
          {
            "Event": "PRLODSTWS1_1#SYS_STS_STG-TO-PRLODSTWS1_1#CLM_REF_TAX_AGRM"
          }
        ]
      }
    },
    "PRLODSTWS1_1#CLM_0441_CODE": {
      "Type": "Job:Database:StoredProcedure",
      "ConnectionProfile": "_",
      "StoredProcedure": "sqlext.CLM_0441_CODE_SP",
      "DaysKeepActive": "1",
      "SubApplication": "PRLODSTWS1_1",
      "Priority": "Very Low",
      "Host": "PRLODSTWS1",
      "CreatedBy": "emuser",
      "Description": "== Conversion Messages Start ==\\n\\nMessage ID\\t: WRN6031 (3440-6011)\\n\\n== Conversion Messages End ==\\nAdded by composer.",
      "RunAs": "controlm",
      "TimeZone": "HKG",
      "Application": "PRLODSTWS1_1",
      "Variables": [
        {
          "DB-STP_SCHEM": ""
        }
      ],
      "When": {
        "WeekDays": [
          "NONE"
        ],
        "Months": [
          "NONE"
        ],
        "MonthDays": [
          "NONE"
        ],
        "DaysRelation": "OR",
        "RuleBasedCalendars": {
          "Included": [
            "RC1"
          ]
        }
      },
      "eventsToWaitFor": {
        "Type": "WaitForEvents",
        "Events": [
          {
            "Event": "PRLODSTWS1_1#SYS_STS_STG-TO-PRLODSTWS1_1#CLM_0441_CODE"
          }
        ]
      },
      "eventsToAdd": {
        "Type": "AddEvents",
        "Events": [
          {
            "Event": "PRLODSTWS1_1#CLM_0441_CODE-TO-PRLODSTWS1_1#CLM_0420_11G"
          },
          {
            "Event": "PRLODSTWS1_1#CLM_0441_CODE-TO-PRLODSTWS1_1#CLM_0440_11G"
          }
        ]
      },
      "eventsToDelete": {
        "Type": "DeleteEvents",
        "Events": [
          {
            "Event": "PRLODSTWS1_1#SYS_STS_STG-TO-PRLODSTWS1_1#CLM_0441_CODE"
          }
        ]
      }
    },
    "PRLODSTWS1_1#CLM_REF_WKDY_KPI": {
      "Type": "Job:Database:StoredProcedure",
      "ConnectionProfile": "_",
      "StoredProcedure": "sqlext.CLM_REF_WKDY_KPI_SP",
      "DaysKeepActive": "1",
      "SubApplication": "PRLODSTWS1_1",
      "Priority": "Very Low",
      "Host": "PRLODSTWS1",
      "CreatedBy": "emuser",
      "Description": "== Conversion Messages Start ==\\n\\nMessage ID\\t: WRN6031 (3441-6012)\\n\\n== Conversion Messages End ==\\nAdded by composer.",
      "RunAs": "controlm",
      "TimeZone": "HKG",
      "Application": "PRLODSTWS1_1",
      "Variables": [
        {
          "DB-STP_SCHEM": ""
        }
      ],
      "When": {
        "WeekDays": [
          "NONE"
        ],
        "Months": [
          "NONE"
        ],
        "MonthDays": [
          "NONE"
        ],
        "DaysRelation": "OR",
        "RuleBasedCalendars": {
          "Included": [
            "RC1"
          ]
        }
      },
      "eventsToWaitFor": {
        "Type": "WaitForEvents",
        "Events": [
          {
            "Event": "PRLODSTWS1_1#SYS_STS_STG-TO-PRLODSTWS1_1#CLM_REF_WKDY_KPI"
          }
        ]
      },
      "eventsToAdd": {
        "Type": "AddEvents",
        "Events": [
          {
            "Event": "PRLODSTWS1_1#CLM_REF_WKDY_KPI-TO-PRLODSTWS1_1#CLM_0320_21G"
          }
        ]
      },
      "eventsToDelete": {
        "Type": "DeleteEvents",
        "Events": [
          {
            "Event": "PRLODSTWS1_1#SYS_STS_STG-TO-PRLODSTWS1_1#CLM_REF_WKDY_KPI"
          }
        ]
      }
    },
    "eventsToAdd": {
      "Type": "AddEvents",
      "Events": [
        {
          "Event": "PRLODSTWS1_1#I_RPT_CLM-TO-PRLODSTWS1_1#BDS_STS_RPT_CLM"
        }
      ]
    }
  }
}
