{
  "PRLODSTWS1_1#D_MPOS_SC": {
    "Type": "Folder",
    "ControlmServer": "CTM",
    "Description": "== Conversion Messages Start ==\\n\\nMessage ID\\t: INF6107 (4182-7351)\\n\\nMessage ID\\t: INF6104 (4183-7351)\\n\\n== Conversion Messages End ==\\n",
    "OrderMethod": "Manual",
    "SubApplication": "PRLODSTWS1_1",
    "CreatedBy": "emuser",
    "Priority": "9W",
    "TimeZone": "HKG",
    "Application": "PRLODSTWS1_1",
    "When": {
      "RuleBasedCalendars": {
        "Included": [
          "RC1"
        ],
        "RC1": {
          "Type": "Calendar:RuleBased",
          "When": {
            "MonthDaysCalendar": "RCG-D-NAT",
            "DaysRelation": "OR",
            "DaysKeepActive": "01",
            "WeekDays": [
              "NONE"
            ],
            "MonthDays": [
              "NONE"
            ]
          }
        }
      }
    },
    "PRLODSTWS1_1#SC_6680_11G": {
      "Type": "Job:Database:StoredProcedure",
      "ConnectionProfile": "_",
      "StoredProcedure": "sqlext.SC_6680_11G_SP",
      "DaysKeepActive": "1",
      "SubApplication": "PRLODSTWS1_1",
      "Priority": "Very Low",
      "Host": "PRLODSTWS1",
      "CreatedBy": "emuser",
      "Description": "== Conversion Messages Start ==\\n\\nMessage ID\\t: WRN6031 (4170-7352)\\n\\n== Conversion Messages End ==\\nAdded by composer.",
      "RunAs": "controlm",
      "TimeZone": "HKG",
      "Application": "PRLODSTWS1_1",
      "Variables": [
        {
          "DB-STP_SCHEM": ""
        }
      ],
      "When": {
        "WeekDays": [
          "NONE"
        ],
        "Months": [
          "NONE"
        ],
        "MonthDays": [
          "NONE"
        ],
        "DaysRelation": "OR",
        "RuleBasedCalendars": {
          "Included": [
            "RC1"
          ]
        }
      },
      "eventsToWaitFor": {
        "Type": "WaitForEvents",
        "Events": [
          {
            "Event": "PRLODSTWS1_1#O_SALES_CHANNEL-TO-PRLODSTWS1_1#SC_6680_11G"
          },
          {
            "Event": "PRLODSTWS1_1#O_SC_EFFECTIVE_RATE_INFO-TO-PRLODSTWS1_1#SC_6680_11G"
          },
          {
            "Event": "PRLODSTWS1_1#SDM_AGENT-TO-PRLODSTWS1_1#SC_6680_11G"
          },
          {
            "Event": "PRLODSTWS1_1#SDM_CHANNEL_ORG-TO-PRLODSTWS1_1#SC_6680_11G"
          }
        ]
      },
      "eventsToDelete": {
        "Type": "DeleteEvents",
        "Events": [
          {
            "Event": "PRLODSTWS1_1#O_SALES_CHANNEL-TO-PRLODSTWS1_1#SC_6680_11G"
          },
          {
            "Event": "PRLODSTWS1_1#O_SC_EFFECTIVE_RATE_INFO-TO-PRLODSTWS1_1#SC_6680_11G"
          },
          {
            "Event": "PRLODSTWS1_1#SDM_AGENT-TO-PRLODSTWS1_1#SC_6680_11G"
          },
          {
            "Event": "PRLODSTWS1_1#SDM_CHANNEL_ORG-TO-PRLODSTWS1_1#SC_6680_11G"
          }
        ]
      }
    },
    "PRLODSTWS1_1#SC_6650_11G": {
      "Type": "Job:Database:StoredProcedure",
      "ConnectionProfile": "_",
      "StoredProcedure": "sqlext.SC_6650_11G_SP",
      "DaysKeepActive": "1",
      "SubApplication": "PRLODSTWS1_1",
      "Priority": "Very Low",
      "Host": "PRLODSTWS1",
      "CreatedBy": "emuser",
      "Description": "== Conversion Messages Start ==\\n\\nMessage ID\\t: WRN6031 (4171-7353)\\n\\n== Conversion Messages End ==\\nAdded by composer.",
      "RunAs": "controlm",
      "TimeZone": "HKG",
      "Application": "PRLODSTWS1_1",
      "Variables": [
        {
          "DB-STP_SCHEM": ""
        }
      ],
      "When": {
        "WeekDays": [
          "NONE"
        ],
        "Months": [
          "NONE"
        ],
        "MonthDays": [
          "NONE"
        ],
        "DaysRelation": "OR",
        "RuleBasedCalendars": {
          "Included": [
            "RC1"
          ]
        }
      },
      "eventsToWaitFor": {
        "Type": "WaitForEvents",
        "Events": [
          {
            "Event": "PRLODSTWS1_1#HR_ON_JOB-TO-PRLODSTWS1_1#SC_6650_11G"
          },
          {
            "Event": "PRLODSTWS1_1#O_SC_APE_DETAIL-TO-PRLODSTWS1_1#SC_6650_11G"
          },
          {
            "Event": "PRLODSTWS1_1#O_SC_COMMUNICATE-TO-PRLODSTWS1_1#SC_6650_11G"
          },
          {
            "Event": "PRLODSTWS1_1#O_SC_COMMUNICATE_SNAP-TO-PRLODSTWS1_1#SC_6650_11G"
          },
          {
            "Event": "PRLODSTWS1_1#SDM_PRODUCTION_ADJUST-TO-PRLODSTWS1_1#SC_6650_11G"
          },
          {
            "Event": "PRLODSTWS1_1#SDM_PRODUCTION_DETAIL-TO-PRLODSTWS1_1#SC_6650_11G"
          },
          {
            "Event": "PRLODSTWS1_1#SDM_SC_APE_AGENT-TO-PRLODSTWS1_1#SC_6650_11G"
          },
          {
            "Event": "PRLODSTWS1_1#SDM_SC_CHNL_COMU-TO-PRLODSTWS1_1#SC_6650_11G"
          },
          {
            "Event": "PRLODSTWS1_1#SDM_SC_GROUP_DETAIL-TO-PRLODSTWS1_1#SC_6650_11G"
          },
          {
            "Event": "PRLODSTWS1_1#SDM_AGENT-TO-PRLODSTWS1_1#SC_6650_11G"
          },
          {
            "Event": "PRLODSTWS1_1#SDM_AGENT_SNAP-TO-PRLODSTWS1_1#SC_6650_11G"
          },
          {
            "Event": "PRLODSTWS1_1#SDM_CHANNEL_ORG-TO-PRLODSTWS1_1#SC_6650_11G"
          },
          {
            "Event": "PRLODSTWS1_1#SDM_CHANNEL_ORG_HIR-TO-PRLODSTWS1_1#SC_6650_11G"
          },
          {
            "Event": "PRLODSTWS1_1#SDM_CHNL_ORG_HIR_SNAP-TO-PRLODSTWS1_1#SC_6650_11G"
          },
          {
            "Event": "PRLODSTWS1_1#SDM_CONTRACT_MASTER-TO-PRLODSTWS1_1#SC_6650_11G"
          },
          {
            "Event": "PRLODSTWS1_1#SYS_STS_STG-TO-PRLODSTWS1_1#SC_6650_11G"
          }
        ]
      },
      "eventsToDelete": {
        "Type": "DeleteEvents",
        "Events": [
          {
            "Event": "PRLODSTWS1_1#HR_ON_JOB-TO-PRLODSTWS1_1#SC_6650_11G"
          },
          {
            "Event": "PRLODSTWS1_1#O_SC_APE_DETAIL-TO-PRLODSTWS1_1#SC_6650_11G"
          },
          {
            "Event": "PRLODSTWS1_1#O_SC_COMMUNICATE-TO-PRLODSTWS1_1#SC_6650_11G"
          },
          {
            "Event": "PRLODSTWS1_1#O_SC_COMMUNICATE_SNAP-TO-PRLODSTWS1_1#SC_6650_11G"
          },
          {
            "Event": "PRLODSTWS1_1#SDM_PRODUCTION_ADJUST-TO-PRLODSTWS1_1#SC_6650_11G"
          },
          {
            "Event": "PRLODSTWS1_1#SDM_PRODUCTION_DETAIL-TO-PRLODSTWS1_1#SC_6650_11G"
          },
          {
            "Event": "PRLODSTWS1_1#SDM_SC_APE_AGENT-TO-PRLODSTWS1_1#SC_6650_11G"
          },
          {
            "Event": "PRLODSTWS1_1#SDM_SC_CHNL_COMU-TO-PRLODSTWS1_1#SC_6650_11G"
          },
          {
            "Event": "PRLODSTWS1_1#SDM_SC_GROUP_DETAIL-TO-PRLODSTWS1_1#SC_6650_11G"
          },
          {
            "Event": "PRLODSTWS1_1#SDM_AGENT-TO-PRLODSTWS1_1#SC_6650_11G"
          },
          {
            "Event": "PRLODSTWS1_1#SDM_AGENT_SNAP-TO-PRLODSTWS1_1#SC_6650_11G"
          },
          {
            "Event": "PRLODSTWS1_1#SDM_CHANNEL_ORG-TO-PRLODSTWS1_1#SC_6650_11G"
          },
          {
            "Event": "PRLODSTWS1_1#SDM_CHANNEL_ORG_HIR-TO-PRLODSTWS1_1#SC_6650_11G"
          },
          {
            "Event": "PRLODSTWS1_1#SDM_CHNL_ORG_HIR_SNAP-TO-PRLODSTWS1_1#SC_6650_11G"
          },
          {
            "Event": "PRLODSTWS1_1#SDM_CONTRACT_MASTER-TO-PRLODSTWS1_1#SC_6650_11G"
          },
          {
            "Event": "PRLODSTWS1_1#SYS_STS_STG-TO-PRLODSTWS1_1#SC_6650_11G"
          }
        ]
      }
    },
    "PRLODSTWS1_1#HR_PLAN": {
      "Type": "Job:Database:StoredProcedure",
      "ConnectionProfile": "_",
      "StoredProcedure": "sqlext.HR_PLAN_SP",
      "DaysKeepActive": "1",
      "SubApplication": "PRLODSTWS1_1",
      "Priority": "Very Low",
      "Host": "PRLODSTWS1",
      "CreatedBy": "emuser",
      "Description": "== Conversion Messages Start ==\\n\\nMessage ID\\t: WRN6031 (4172-7354)\\n\\n== Conversion Messages End ==\\nAdded by composer.",
      "RunAs": "controlm",
      "TimeZone": "HKG",
      "Application": "PRLODSTWS1_1",
      "Variables": [
        {
          "DB-STP_SCHEM": ""
        }
      ],
      "When": {
        "WeekDays": [
          "NONE"
        ],
        "Months": [
          "NONE"
        ],
        "MonthDays": [
          "NONE"
        ],
        "DaysRelation": "OR",
        "RuleBasedCalendars": {
          "Included": [
            "RC1"
          ]
        }
      },
      "eventsToWaitFor": {
        "Type": "WaitForEvents",
        "Events": [
          {
            "Event": "PRLODSTWS1_1#SDM_AGENT_GRADE-TO-PRLODSTWS1_1#HR_PLAN"
          },
          {
            "Event": "PRLODSTWS1_1#SDM_AGENT_SNAP-TO-PRLODSTWS1_1#HR_PLAN"
          }
        ]
      },
      "eventsToAdd": {
        "Type": "AddEvents",
        "Events": [
          {
            "Event": "PRLODSTWS1_1#HR_PLAN-TO-PRLODSTWS1_1#SC_6660_11G"
          },
          {
            "Event": "PRLODSTWS1_1#HR_PLAN-TO-PRLODSTWS1_1#HR_ON_JOB"
          }
        ]
      },
      "eventsToDelete": {
        "Type": "DeleteEvents",
        "Events": [
          {
            "Event": "PRLODSTWS1_1#SDM_AGENT_GRADE-TO-PRLODSTWS1_1#HR_PLAN"
          },
          {
            "Event": "PRLODSTWS1_1#SDM_AGENT_SNAP-TO-PRLODSTWS1_1#HR_PLAN"
          }
        ]
      }
    },
    "PRLODSTWS1_1#POL_MAIN": {
      "Type": "Job:Database:StoredProcedure",
      "ConnectionProfile": "_",
      "StoredProcedure": "sqlext.POL_MAIN_SP",
      "DaysKeepActive": "1",
      "SubApplication": "PRLODSTWS1_1",
      "Priority": "Very Low",
      "Host": "PRLODSTWS1",
      "CreatedBy": "emuser",
      "Description": "== Conversion Messages Start ==\\n\\nMessage ID\\t: WRN6031 (4173-7355)\\n\\n== Conversion Messages End ==\\nAdded by composer.",
      "RunAs": "controlm",
      "TimeZone": "HKG",
      "Application": "PRLODSTWS1_1",
      "Variables": [
        {
          "DB-STP_SCHEM": ""
        }
      ],
      "When": {
        "WeekDays": [
          "NONE"
        ],
        "Months": [
          "NONE"
        ],
        "MonthDays": [
          "NONE"
        ],
        "DaysRelation": "OR",
        "RuleBasedCalendars": {
          "Included": [
            "RC1"
          ]
        }
      },
      "eventsToWaitFor": {
        "Type": "WaitForEvents",
        "Events": [
          {
            "Event": "PRLODSTWS1_1#SDM_CONTRACT_PRODUCT-TO-PRLODSTWS1_1#POL_MAIN"
          },
          {
            "Event": "PRLODSTWS1_1#SDM_ADDRESS-TO-PRLODSTWS1_1#POL_MAIN"
          },
          {
            "Event": "PRLODSTWS1_1#SDM_CONTRACT_MASTER-TO-PRLODSTWS1_1#POL_MAIN"
          },
          {
            "Event": "PRLODSTWS1_1#SDM_INSURED_LIST-TO-PRLODSTWS1_1#POL_MAIN"
          }
        ]
      },
      "eventsToDelete": {
        "Type": "DeleteEvents",
        "Events": [
          {
            "Event": "PRLODSTWS1_1#SDM_CONTRACT_PRODUCT-TO-PRLODSTWS1_1#POL_MAIN"
          },
          {
            "Event": "PRLODSTWS1_1#SDM_ADDRESS-TO-PRLODSTWS1_1#POL_MAIN"
          },
          {
            "Event": "PRLODSTWS1_1#SDM_CONTRACT_MASTER-TO-PRLODSTWS1_1#POL_MAIN"
          },
          {
            "Event": "PRLODSTWS1_1#SDM_INSURED_LIST-TO-PRLODSTWS1_1#POL_MAIN"
          }
        ]
      }
    },
    "PRLODSTWS1_1#SC_6640_11G": {
      "Type": "Job:Database:StoredProcedure",
      "ConnectionProfile": "_",
      "StoredProcedure": "sqlext.SC_6640_11G_SP",
      "DaysKeepActive": "1",
      "SubApplication": "PRLODSTWS1_1",
      "Priority": "Very Low",
      "Host": "PRLODSTWS1",
      "CreatedBy": "emuser",
      "Description": "== Conversion Messages Start ==\\n\\nMessage ID\\t: WRN6031 (4174-7356)\\n\\n== Conversion Messages End ==\\nAdded by composer.",
      "RunAs": "controlm",
      "TimeZone": "HKG",
      "Application": "PRLODSTWS1_1",
      "Variables": [
        {
          "DB-STP_SCHEM": ""
        }
      ],
      "When": {
        "WeekDays": [
          "NONE"
        ],
        "Months": [
          "NONE"
        ],
        "MonthDays": [
          "NONE"
        ],
        "DaysRelation": "OR",
        "RuleBasedCalendars": {
          "Included": [
            "RC1"
          ]
        }
      },
      "eventsToWaitFor": {
        "Type": "WaitForEvents",
        "Events": [
          {
            "Event": "PRLODSTWS1_1#O_SC_APE_DETAIL-TO-PRLODSTWS1_1#SC_6640_11G"
          },
          {
            "Event": "PRLODSTWS1_1#SDM_PRODUCTION_ADJUST-TO-PRLODSTWS1_1#SC_6640_11G"
          },
          {
            "Event": "PRLODSTWS1_1#SDM_PRODUCTION_DETAIL-TO-PRLODSTWS1_1#SC_6640_11G"
          },
          {
            "Event": "PRLODSTWS1_1#SDM_PRODUCTION_UPD_YM-TO-PRLODSTWS1_1#SC_6640_11G"
          },
          {
            "Event": "PRLODSTWS1_1#SDM_SC_APE_AGENT-TO-PRLODSTWS1_1#SC_6640_11G"
          },
          {
            "Event": "PRLODSTWS1_1#SDM_SC_GROUP_DETAIL-TO-PRLODSTWS1_1#SC_6640_11G"
          },
          {
            "Event": "PRLODSTWS1_1#SDM_CONTRACT_PRODUCT-TO-PRLODSTWS1_1#SC_6640_11G"
          },
          {
            "Event": "PRLODSTWS1_1#SDM_CONTRACT_MASTER-TO-PRLODSTWS1_1#SC_6640_11G"
          }
        ]
      },
      "eventsToDelete": {
        "Type": "DeleteEvents",
        "Events": [
          {
            "Event": "PRLODSTWS1_1#O_SC_APE_DETAIL-TO-PRLODSTWS1_1#SC_6640_11G"
          },
          {
            "Event": "PRLODSTWS1_1#SDM_PRODUCTION_ADJUST-TO-PRLODSTWS1_1#SC_6640_11G"
          },
          {
            "Event": "PRLODSTWS1_1#SDM_PRODUCTION_DETAIL-TO-PRLODSTWS1_1#SC_6640_11G"
          },
          {
            "Event": "PRLODSTWS1_1#SDM_PRODUCTION_UPD_YM-TO-PRLODSTWS1_1#SC_6640_11G"
          },
          {
            "Event": "PRLODSTWS1_1#SDM_SC_APE_AGENT-TO-PRLODSTWS1_1#SC_6640_11G"
          },
          {
            "Event": "PRLODSTWS1_1#SDM_SC_GROUP_DETAIL-TO-PRLODSTWS1_1#SC_6640_11G"
          },
          {
            "Event": "PRLODSTWS1_1#SDM_CONTRACT_PRODUCT-TO-PRLODSTWS1_1#SC_6640_11G"
          },
          {
            "Event": "PRLODSTWS1_1#SDM_CONTRACT_MASTER-TO-PRLODSTWS1_1#SC_6640_11G"
          }
        ]
      }
    },
    "PRLODSTWS1_1#POL_AGENT": {
      "Type": "Job:Database:StoredProcedure",
      "ConnectionProfile": "_",
      "StoredProcedure": "sqlext.POL_AGENT_SP",
      "DaysKeepActive": "1",
      "SubApplication": "PRLODSTWS1_1",
      "Priority": "Very Low",
      "Host": "PRLODSTWS1",
      "CreatedBy": "emuser",
      "Description": "== Conversion Messages Start ==\\n\\nMessage ID\\t: WRN6031 (4175-7357)\\n\\n== Conversion Messages End ==\\nAdded by composer.",
      "RunAs": "controlm",
      "TimeZone": "HKG",
      "Application": "PRLODSTWS1_1",
      "Variables": [
        {
          "DB-STP_SCHEM": ""
        }
      ],
      "When": {
        "WeekDays": [
          "NONE"
        ],
        "Months": [
          "NONE"
        ],
        "MonthDays": [
          "NONE"
        ],
        "DaysRelation": "OR",
        "RuleBasedCalendars": {
          "Included": [
            "RC1"
          ]
        }
      },
      "eventsToWaitFor": {
        "Type": "WaitForEvents",
        "Events": [
          {
            "Event": "PRLODSTWS1_1#O_AGENT-TO-PRLODSTWS1_1#POL_AGENT"
          },
          {
            "Event": "PRLODSTWS1_1#O_POLICY_PRODUCER_ROLE-TO-PRLODSTWS1_1#POL_AGENT"
          },
          {
            "Event": "PRLODSTWS1_1#O_USER-TO-PRLODSTWS1_1#POL_AGENT"
          },
          {
            "Event": "PRLODSTWS1_1#O_BENEFIT_AGENT-TO-PRLODSTWS1_1#POL_AGENT"
          },
          {
            "Event": "PRLODSTWS1_1#SDM_SC_PLCY_PRDCR_CHG-TO-PRLODSTWS1_1#POL_AGENT"
          },
          {
            "Event": "PRLODSTWS1_1#SDM_AGENT-TO-PRLODSTWS1_1#POL_AGENT"
          },
          {
            "Event": "PRLODSTWS1_1#SDM_CHANNEL_ORG-TO-PRLODSTWS1_1#POL_AGENT"
          },
          {
            "Event": "PRLODSTWS1_1#SDM_CONTRACT_PRODUCT-TO-PRLODSTWS1_1#POL_AGENT"
          },
          {
            "Event": "PRLODSTWS1_1#SDM_PLCY_PRDCR_ISSUE-TO-PRLODSTWS1_1#POL_AGENT"
          },
          {
            "Event": "PRLODSTWS1_1#SDM_PLCY_PRDCR_RL-TO-PRLODSTWS1_1#POL_AGENT"
          },
          {
            "Event": "PRLODSTWS1_1#SDM_CONTRACT_MASTER-TO-PRLODSTWS1_1#POL_AGENT"
          }
        ]
      },
      "eventsToDelete": {
        "Type": "DeleteEvents",
        "Events": [
          {
            "Event": "PRLODSTWS1_1#O_AGENT-TO-PRLODSTWS1_1#POL_AGENT"
          },
          {
            "Event": "PRLODSTWS1_1#O_POLICY_PRODUCER_ROLE-TO-PRLODSTWS1_1#POL_AGENT"
          },
          {
            "Event": "PRLODSTWS1_1#O_USER-TO-PRLODSTWS1_1#POL_AGENT"
          },
          {
            "Event": "PRLODSTWS1_1#O_BENEFIT_AGENT-TO-PRLODSTWS1_1#POL_AGENT"
          },
          {
            "Event": "PRLODSTWS1_1#SDM_SC_PLCY_PRDCR_CHG-TO-PRLODSTWS1_1#POL_AGENT"
          },
          {
            "Event": "PRLODSTWS1_1#SDM_AGENT-TO-PRLODSTWS1_1#POL_AGENT"
          },
          {
            "Event": "PRLODSTWS1_1#SDM_CHANNEL_ORG-TO-PRLODSTWS1_1#POL_AGENT"
          },
          {
            "Event": "PRLODSTWS1_1#SDM_CONTRACT_PRODUCT-TO-PRLODSTWS1_1#POL_AGENT"
          },
          {
            "Event": "PRLODSTWS1_1#SDM_PLCY_PRDCR_ISSUE-TO-PRLODSTWS1_1#POL_AGENT"
          },
          {
            "Event": "PRLODSTWS1_1#SDM_PLCY_PRDCR_RL-TO-PRLODSTWS1_1#POL_AGENT"
          },
          {
            "Event": "PRLODSTWS1_1#SDM_CONTRACT_MASTER-TO-PRLODSTWS1_1#POL_AGENT"
          }
        ]
      }
    },
    "PRLODSTWS1_1#SC_6670_11G": {
      "Type": "Job:Database:StoredProcedure",
      "ConnectionProfile": "_",
      "StoredProcedure": "sqlext.SC_6670_11G_SP",
      "DaysKeepActive": "1",
      "SubApplication": "PRLODSTWS1_1",
      "Priority": "Very Low",
      "Host": "PRLODSTWS1",
      "CreatedBy": "emuser",
      "Description": "== Conversion Messages Start ==\\n\\nMessage ID\\t: WRN6031 (4176-7358)\\n\\n== Conversion Messages End ==\\nAdded by composer.",
      "RunAs": "controlm",
      "TimeZone": "HKG",
      "Application": "PRLODSTWS1_1",
      "Variables": [
        {
          "DB-STP_SCHEM": ""
        }
      ],
      "When": {
        "WeekDays": [
          "NONE"
        ],
        "Months": [
          "NONE"
        ],
        "MonthDays": [
          "NONE"
        ],
        "DaysRelation": "OR",
        "RuleBasedCalendars": {
          "Included": [
            "RC1"
          ]
        }
      },
      "eventsToWaitFor": {
        "Type": "WaitForEvents",
        "Events": [
          {
            "Event": "PRLODSTWS1_1#O_SC_EFFECTIVE_RATE_DTL-TO-PRLODSTWS1_1#SC_6670_11G"
          },
          {
            "Event": "PRLODSTWS1_1#SDM_AGENT-TO-PRLODSTWS1_1#SC_6670_11G"
          },
          {
            "Event": "PRLODSTWS1_1#SDM_AGENT_SNAP-TO-PRLODSTWS1_1#SC_6670_11G"
          },
          {
            "Event": "PRLODSTWS1_1#SDM_CONTRACT_PRODUCT-TO-PRLODSTWS1_1#SC_6670_11G"
          }
        ]
      },
      "eventsToDelete": {
        "Type": "DeleteEvents",
        "Events": [
          {
            "Event": "PRLODSTWS1_1#O_SC_EFFECTIVE_RATE_DTL-TO-PRLODSTWS1_1#SC_6670_11G"
          },
          {
            "Event": "PRLODSTWS1_1#SDM_AGENT-TO-PRLODSTWS1_1#SC_6670_11G"
          },
          {
            "Event": "PRLODSTWS1_1#SDM_AGENT_SNAP-TO-PRLODSTWS1_1#SC_6670_11G"
          },
          {
            "Event": "PRLODSTWS1_1#SDM_CONTRACT_PRODUCT-TO-PRLODSTWS1_1#SC_6670_11G"
          }
        ]
      }
    },
    "PRLODSTWS1_1#SC_6690_11G": {
      "Type": "Job:Database:StoredProcedure",
      "ConnectionProfile": "_",
      "StoredProcedure": "sqlext.SC_6690_11G_SP",
      "DaysKeepActive": "1",
      "SubApplication": "PRLODSTWS1_1",
      "Priority": "Very Low",
      "Host": "PRLODSTWS1",
      "CreatedBy": "emuser",
      "Description": "== Conversion Messages Start ==\\n\\nMessage ID\\t: WRN6031 (4177-7359)\\n\\n== Conversion Messages End ==\\nAdded by composer.",
      "RunAs": "controlm",
      "TimeZone": "HKG",
      "Application": "PRLODSTWS1_1",
      "Variables": [
        {
          "DB-STP_SCHEM": ""
        }
      ],
      "When": {
        "WeekDays": [
          "NONE"
        ],
        "Months": [
          "NONE"
        ],
        "MonthDays": [
          "NONE"
        ],
        "DaysRelation": "OR",
        "RuleBasedCalendars": {
          "Included": [
            "RC1"
          ]
        }
      },
      "eventsToWaitFor": {
        "Type": "WaitForEvents",
        "Events": [
          {
            "Event": "PRLODSTWS1_1#SDM_PRODUCTION_ADJUST-TO-PRLODSTWS1_1#SC_6690_11G"
          },
          {
            "Event": "PRLODSTWS1_1#SDM_PRODUCTION_DETAIL-TO-PRLODSTWS1_1#SC_6690_11G"
          },
          {
            "Event": "PRLODSTWS1_1#SDM_PRODUCTION_UPD_YM-TO-PRLODSTWS1_1#SC_6690_11G"
          },
          {
            "Event": "PRLODSTWS1_1#SDM_SC_GROUP_DETAIL-TO-PRLODSTWS1_1#SC_6690_11G"
          },
          {
            "Event": "PRLODSTWS1_1#SDM_CONTRACT_PRODUCT-TO-PRLODSTWS1_1#SC_6690_11G"
          }
        ]
      },
      "eventsToDelete": {
        "Type": "DeleteEvents",
        "Events": [
          {
            "Event": "PRLODSTWS1_1#SDM_PRODUCTION_ADJUST-TO-PRLODSTWS1_1#SC_6690_11G"
          },
          {
            "Event": "PRLODSTWS1_1#SDM_PRODUCTION_DETAIL-TO-PRLODSTWS1_1#SC_6690_11G"
          },
          {
            "Event": "PRLODSTWS1_1#SDM_PRODUCTION_UPD_YM-TO-PRLODSTWS1_1#SC_6690_11G"
          },
          {
            "Event": "PRLODSTWS1_1#SDM_SC_GROUP_DETAIL-TO-PRLODSTWS1_1#SC_6690_11G"
          },
          {
            "Event": "PRLODSTWS1_1#SDM_CONTRACT_PRODUCT-TO-PRLODSTWS1_1#SC_6690_11G"
          }
        ]
      }
    },
    "PRLODSTWS1_1#SC_6660_11G": {
      "Type": "Job:Database:StoredProcedure",
      "ConnectionProfile": "_",
      "StoredProcedure": "sqlext.SC_6660_11G_SP",
      "DaysKeepActive": "1",
      "SubApplication": "PRLODSTWS1_1",
      "Priority": "Very Low",
      "Host": "PRLODSTWS1",
      "CreatedBy": "emuser",
      "Description": "== Conversion Messages Start ==\\n\\nMessage ID\\t: WRN6031 (4178-7360)\\n\\n== Conversion Messages End ==\\nAdded by composer.",
      "RunAs": "controlm",
      "TimeZone": "HKG",
      "Application": "PRLODSTWS1_1",
      "Variables": [
        {
          "DB-STP_SCHEM": ""
        }
      ],
      "When": {
        "WeekDays": [
          "NONE"
        ],
        "Months": [
          "NONE"
        ],
        "MonthDays": [
          "NONE"
        ],
        "DaysRelation": "OR",
        "RuleBasedCalendars": {
          "Included": [
            "RC1"
          ]
        }
      },
      "eventsToWaitFor": {
        "Type": "WaitForEvents",
        "Events": [
          {
            "Event": "PRLODSTWS1_1#HR_ON_JOB-TO-PRLODSTWS1_1#SC_6660_11G"
          },
          {
            "Event": "PRLODSTWS1_1#HR_PLAN-TO-PRLODSTWS1_1#SC_6660_11G"
          },
          {
            "Event": "PRLODSTWS1_1#SDM_PRODUCTION_ADJUST-TO-PRLODSTWS1_1#SC_6660_11G"
          },
          {
            "Event": "PRLODSTWS1_1#SDM_PRODUCTION_DETAIL-TO-PRLODSTWS1_1#SC_6660_11G"
          },
          {
            "Event": "PRLODSTWS1_1#SDM_SC_APE_AGENT-TO-PRLODSTWS1_1#SC_6660_11G"
          },
          {
            "Event": "PRLODSTWS1_1#SDM_SC_CHNL_COMU-TO-PRLODSTWS1_1#SC_6660_11G"
          },
          {
            "Event": "PRLODSTWS1_1#SDM_SC_GROUP_DETAIL-TO-PRLODSTWS1_1#SC_6660_11G"
          },
          {
            "Event": "PRLODSTWS1_1#SDM_CHANNEL_ORG-TO-PRLODSTWS1_1#SC_6660_11G"
          }
        ]
      },
      "eventsToDelete": {
        "Type": "DeleteEvents",
        "Events": [
          {
            "Event": "PRLODSTWS1_1#HR_ON_JOB-TO-PRLODSTWS1_1#SC_6660_11G"
          },
          {
            "Event": "PRLODSTWS1_1#HR_PLAN-TO-PRLODSTWS1_1#SC_6660_11G"
          },
          {
            "Event": "PRLODSTWS1_1#SDM_PRODUCTION_ADJUST-TO-PRLODSTWS1_1#SC_6660_11G"
          },
          {
            "Event": "PRLODSTWS1_1#SDM_PRODUCTION_DETAIL-TO-PRLODSTWS1_1#SC_6660_11G"
          },
          {
            "Event": "PRLODSTWS1_1#SDM_SC_APE_AGENT-TO-PRLODSTWS1_1#SC_6660_11G"
          },
          {
            "Event": "PRLODSTWS1_1#SDM_SC_CHNL_COMU-TO-PRLODSTWS1_1#SC_6660_11G"
          },
          {
            "Event": "PRLODSTWS1_1#SDM_SC_GROUP_DETAIL-TO-PRLODSTWS1_1#SC_6660_11G"
          },
          {
            "Event": "PRLODSTWS1_1#SDM_CHANNEL_ORG-TO-PRLODSTWS1_1#SC_6660_11G"
          }
        ]
      }
    },
    "PRLODSTWS1_1#POL_PRODUCTION": {
      "Type": "Job:Database:StoredProcedure",
      "ConnectionProfile": "_",
      "StoredProcedure": "sqlext.POL_PRODUCTION_SP",
      "DaysKeepActive": "1",
      "SubApplication": "PRLODSTWS1_1",
      "Priority": "Very Low",
      "Host": "PRLODSTWS1",
      "CreatedBy": "emuser",
      "Description": "== Conversion Messages Start ==\\n\\nMessage ID\\t: WRN6031 (4179-7361)\\n\\n== Conversion Messages End ==\\nAdded by composer.",
      "RunAs": "controlm",
      "TimeZone": "HKG",
      "Application": "PRLODSTWS1_1",
      "Variables": [
        {
          "DB-STP_SCHEM": ""
        }
      ],
      "When": {
        "WeekDays": [
          "NONE"
        ],
        "Months": [
          "NONE"
        ],
        "MonthDays": [
          "NONE"
        ],
        "DaysRelation": "OR",
        "RuleBasedCalendars": {
          "Included": [
            "RC1"
          ]
        }
      },
      "eventsToWaitFor": {
        "Type": "WaitForEvents",
        "Events": [
          {
            "Event": "PRLODSTWS1_1#SDM_PRODUCTION_DETAIL-TO-PRLODSTWS1_1#POL_PRODUCTION"
          },
          {
            "Event": "PRLODSTWS1_1#SDM_SC_FOA_PRDCTN_DTL-TO-PRLODSTWS1_1#POL_PRODUCTION"
          },
          {
            "Event": "PRLODSTWS1_1#SDM_AGENT-TO-PRLODSTWS1_1#POL_PRODUCTION"
          },
          {
            "Event": "PRLODSTWS1_1#SDM_AGENT_SNAP-TO-PRLODSTWS1_1#POL_PRODUCTION"
          },
          {
            "Event": "PRLODSTWS1_1#SDM_SC_FOA_ACCEPTANCE-TO-PRLODSTWS1_1#POL_PRODUCTION"
          },
          {
            "Event": "PRLODSTWS1_1#SDM_CONTRACT_MASTER-TO-PRLODSTWS1_1#POL_PRODUCTION"
          }
        ]
      },
      "eventsToDelete": {
        "Type": "DeleteEvents",
        "Events": [
          {
            "Event": "PRLODSTWS1_1#SDM_PRODUCTION_DETAIL-TO-PRLODSTWS1_1#POL_PRODUCTION"
          },
          {
            "Event": "PRLODSTWS1_1#SDM_SC_FOA_PRDCTN_DTL-TO-PRLODSTWS1_1#POL_PRODUCTION"
          },
          {
            "Event": "PRLODSTWS1_1#SDM_AGENT-TO-PRLODSTWS1_1#POL_PRODUCTION"
          },
          {
            "Event": "PRLODSTWS1_1#SDM_AGENT_SNAP-TO-PRLODSTWS1_1#POL_PRODUCTION"
          },
          {
            "Event": "PRLODSTWS1_1#SDM_SC_FOA_ACCEPTANCE-TO-PRLODSTWS1_1#POL_PRODUCTION"
          },
          {
            "Event": "PRLODSTWS1_1#SDM_CONTRACT_MASTER-TO-PRLODSTWS1_1#POL_PRODUCTION"
          }
        ]
      }
    },
    "PRLODSTWS1_1#POL_LIST": {
      "Type": "Job:Database:StoredProcedure",
      "ConnectionProfile": "_",
      "StoredProcedure": "sqlext.POL_LIST_SP",
      "DaysKeepActive": "1",
      "SubApplication": "PRLODSTWS1_1",
      "Priority": "Very Low",
      "Host": "PRLODSTWS1",
      "CreatedBy": "emuser",
      "Description": "== Conversion Messages Start ==\\n\\nMessage ID\\t: WRN6031 (4180-7362)\\n\\n== Conversion Messages End ==\\nAdded by composer.",
      "RunAs": "controlm",
      "TimeZone": "HKG",
      "Application": "PRLODSTWS1_1",
      "Variables": [
        {
          "DB-STP_SCHEM": ""
        }
      ],
      "When": {
        "WeekDays": [
          "NONE"
        ],
        "Months": [
          "NONE"
        ],
        "MonthDays": [
          "NONE"
        ],
        "DaysRelation": "OR",
        "RuleBasedCalendars": {
          "Included": [
            "RC1"
          ]
        }
      },
      "eventsToWaitFor": {
        "Type": "WaitForEvents",
        "Events": [
          {
            "Event": "PRLODSTWS1_1#SDM_CONTRACT_PRODUCT-TO-PRLODSTWS1_1#POL_LIST"
          },
          {
            "Event": "PRLODSTWS1_1#SDM_INSURED_LIST-TO-PRLODSTWS1_1#POL_LIST"
          }
        ]
      },
      "eventsToDelete": {
        "Type": "DeleteEvents",
        "Events": [
          {
            "Event": "PRLODSTWS1_1#SDM_CONTRACT_PRODUCT-TO-PRLODSTWS1_1#POL_LIST"
          },
          {
            "Event": "PRLODSTWS1_1#SDM_INSURED_LIST-TO-PRLODSTWS1_1#POL_LIST"
          }
        ]
      }
    },
    "PRLODSTWS1_1#HR_ON_JOB": {
      "Type": "Job:Database:StoredProcedure",
      "ConnectionProfile": "_",
      "StoredProcedure": "sqlext.HR_ON_JOB_SP",
      "DaysKeepActive": "1",
      "SubApplication": "PRLODSTWS1_1",
      "Priority": "Very Low",
      "Host": "PRLODSTWS1",
      "CreatedBy": "emuser",
      "Description": "== Conversion Messages Start ==\\n\\nMessage ID\\t: WRN6031 (4181-7363)\\n\\n== Conversion Messages End ==\\nAdded by composer.",
      "RunAs": "controlm",
      "TimeZone": "HKG",
      "Application": "PRLODSTWS1_1",
      "Variables": [
        {
          "DB-STP_SCHEM": ""
        }
      ],
      "When": {
        "WeekDays": [
          "NONE"
        ],
        "Months": [
          "NONE"
        ],
        "MonthDays": [
          "NONE"
        ],
        "DaysRelation": "OR",
        "RuleBasedCalendars": {
          "Included": [
            "RC1"
          ]
        }
      },
      "eventsToWaitFor": {
        "Type": "WaitForEvents",
        "Events": [
          {
            "Event": "PRLODSTWS1_1#HR_PLAN-TO-PRLODSTWS1_1#HR_ON_JOB"
          }
        ]
      },
      "eventsToAdd": {
        "Type": "AddEvents",
        "Events": [
          {
            "Event": "PRLODSTWS1_1#HR_ON_JOB-TO-PRLODSTWS1_1#SC_6650_11G"
          },
          {
            "Event": "PRLODSTWS1_1#HR_ON_JOB-TO-PRLODSTWS1_1#SC_6660_11G"
          }
        ]
      },
      "eventsToDelete": {
        "Type": "DeleteEvents",
        "Events": [
          {
            "Event": "PRLODSTWS1_1#HR_PLAN-TO-PRLODSTWS1_1#HR_ON_JOB"
          }
        ]
      }
    }
  }
}
