{
  "PRLODSTWS1_1#D_SDM_CLM": {
    "Type": "Folder",
    "ControlmServer": "CTM",
    "Description": "== Conversion Messages Start ==\\n\\nMessage ID\\t: INF6107 (943-1497)\\n\\nMessage ID\\t: INF6104 (944-1497)\\n\\n== Conversion Messages End ==\\n",
    "OrderMethod": "Manual",
    "SubApplication": "PRLODSTWS1_1",
    "CreatedBy": "emuser",
    "Priority": "9W",
    "TimeZone": "HKG",
    "Application": "PRLODSTWS1_1",
    "When": {
      "RuleBasedCalendars": {
        "Included": [
          "RC1"
        ],
        "RC1": {
          "Type": "Calendar:RuleBased",
          "When": {
            "MonthDaysCalendar": "RCG-D-NAT",
            "DaysRelation": "OR",
            "DaysKeepActive": "01",
            "WeekDays": [
              "NONE"
            ],
            "MonthDays": [
              "NONE"
            ]
          }
        }
      }
    },
    "PRLODSTWS1_1#SDM_CLAIM_RISK": {
      "Type": "Job:Database:StoredProcedure",
      "ConnectionProfile": "_",
      "StoredProcedure": "sqlext.SDM_CLAIM_RISK_SP",
      "DaysKeepActive": "1",
      "SubApplication": "PRLODSTWS1_1",
      "Priority": "Very Low",
      "Host": "PRLODSTWS1",
      "CreatedBy": "emuser",
      "Description": "== Conversion Messages Start ==\\n\\nMessage ID\\t: WRN6031 (931-1498)\\n\\n== Conversion Messages End ==\\nAdded by composer.",
      "RunAs": "controlm",
      "TimeZone": "HKG",
      "Application": "PRLODSTWS1_1",
      "Variables": [
        {
          "DB-STP_SCHEM": ""
        }
      ],
      "When": {
        "WeekDays": [
          "NONE"
        ],
        "Months": [
          "NONE"
        ],
        "MonthDays": [
          "NONE"
        ],
        "DaysRelation": "OR",
        "RuleBasedCalendars": {
          "Included": [
            "RC1"
          ]
        }
      },
      "eventsToWaitFor": {
        "Type": "WaitForEvents",
        "Events": [
          {
            "Event": "PRLODSTWS1_1#O_CLAIM_RISK-TO-PRLODSTWS1_1#SDM_CLAIM_RISK"
          },
          {
            "Event": "PRLODSTWS1_1#O_CLAIM_RISK_PROS_OFFICE-TO-PRLODSTWS1_1#SDM_CLAIM_RISK"
          },
          {
            "Event": "PRLODSTWS1_1#O_HOSPITAL-TO-PRLODSTWS1_1#SDM_CLAIM_RISK"
          }
        ]
      },
      "eventsToAdd": {
        "Type": "AddEvents",
        "Events": [
          {
            "Event": "PRLODSTWS1_1#SDM_CLAIM_RISK-TO-PRLODSTWS1_1#CLM_0170_11G"
          }
        ]
      },
      "eventsToDelete": {
        "Type": "DeleteEvents",
        "Events": [
          {
            "Event": "PRLODSTWS1_1#O_CLAIM_RISK-TO-PRLODSTWS1_1#SDM_CLAIM_RISK"
          },
          {
            "Event": "PRLODSTWS1_1#O_CLAIM_RISK_PROS_OFFICE-TO-PRLODSTWS1_1#SDM_CLAIM_RISK"
          },
          {
            "Event": "PRLODSTWS1_1#O_HOSPITAL-TO-PRLODSTWS1_1#SDM_CLAIM_RISK"
          }
        ]
      }
    },
    "PRLODSTWS1_1#SDM_CLAIM_CHECKLIST": {
      "Type": "Job:Database:StoredProcedure",
      "ConnectionProfile": "_",
      "StoredProcedure": "sqlext.SDM_CLAIM_CHECKLIST_SP",
      "DaysKeepActive": "1",
      "SubApplication": "PRLODSTWS1_1",
      "Priority": "Very Low",
      "Host": "PRLODSTWS1",
      "CreatedBy": "emuser",
      "Description": "== Conversion Messages Start ==\\n\\nMessage ID\\t: WRN6031 (932-1499)\\n\\n== Conversion Messages End ==\\nAdded by composer.",
      "RunAs": "controlm",
      "TimeZone": "HKG",
      "Application": "PRLODSTWS1_1",
      "Variables": [
        {
          "DB-STP_SCHEM": ""
        }
      ],
      "When": {
        "WeekDays": [
          "NONE"
        ],
        "Months": [
          "NONE"
        ],
        "MonthDays": [
          "NONE"
        ],
        "DaysRelation": "OR",
        "RuleBasedCalendars": {
          "Included": [
            "RC1"
          ]
        }
      },
      "eventsToWaitFor": {
        "Type": "WaitForEvents",
        "Events": [
          {
            "Event": "PRLODSTWS1_1#O_CLAIM_CHECKLIST-TO-PRLODSTWS1_1#SDM_CLAIM_CHECKLIST"
          },
          {
            "Event": "PRLODSTWS1_1#O_CLAIM_CHECKLIST_DTL-TO-PRLODSTWS1_1#SDM_CLAIM_CHECKLIST"
          },
          {
            "Event": "PRLODSTWS1_1#O_CHECKLIST-TO-PRLODSTWS1_1#SDM_CLAIM_CHECKLIST"
          }
        ]
      },
      "eventsToAdd": {
        "Type": "AddEvents",
        "Events": [
          {
            "Event": "PRLODSTWS1_1#SDM_CLAIM_CHECKLIST-TO-PRLODSTWS1_1#CLM_0370_11G"
          },
          {
            "Event": "PRLODSTWS1_1#SDM_CLAIM_CHECKLIST-TO-PRLODSTWS1_1#CLM_0470_11G"
          }
        ]
      },
      "eventsToDelete": {
        "Type": "DeleteEvents",
        "Events": [
          {
            "Event": "PRLODSTWS1_1#O_CLAIM_CHECKLIST-TO-PRLODSTWS1_1#SDM_CLAIM_CHECKLIST"
          },
          {
            "Event": "PRLODSTWS1_1#O_CLAIM_CHECKLIST_DTL-TO-PRLODSTWS1_1#SDM_CLAIM_CHECKLIST"
          },
          {
            "Event": "PRLODSTWS1_1#O_CHECKLIST-TO-PRLODSTWS1_1#SDM_CLAIM_CHECKLIST"
          }
        ]
      }
    },
    "PRLODSTWS1_1#SDM_CLM_PRD_DISABILITY": {
      "Type": "Job:Database:StoredProcedure",
      "ConnectionProfile": "_",
      "StoredProcedure": "sqlext.SDM_CLM_PRD_DISABILITY_SP",
      "DaysKeepActive": "1",
      "SubApplication": "PRLODSTWS1_1",
      "Priority": "Very Low",
      "Host": "PRLODSTWS1",
      "CreatedBy": "emuser",
      "Description": "== Conversion Messages Start ==\\n\\nMessage ID\\t: WRN6031 (933-1500)\\n\\n== Conversion Messages End ==\\nAdded by composer.",
      "RunAs": "controlm",
      "TimeZone": "HKG",
      "Application": "PRLODSTWS1_1",
      "Variables": [
        {
          "DB-STP_SCHEM": ""
        }
      ],
      "When": {
        "WeekDays": [
          "NONE"
        ],
        "Months": [
          "NONE"
        ],
        "MonthDays": [
          "NONE"
        ],
        "DaysRelation": "OR",
        "RuleBasedCalendars": {
          "Included": [
            "RC1"
          ]
        }
      },
      "eventsToWaitFor": {
        "Type": "WaitForEvents",
        "Events": [
          {
            "Event": "PRLODSTWS1_1#O_CLAIM_DISABILITY-TO-PRLODSTWS1_1#SDM_CLM_PRD_DISABILITY"
          },
          {
            "Event": "PRLODSTWS1_1#O_CLM_PRD_DISABILITY-TO-PRLODSTWS1_1#SDM_CLM_PRD_DISABILITY"
          }
        ]
      },
      "eventsToDelete": {
        "Type": "DeleteEvents",
        "Events": [
          {
            "Event": "PRLODSTWS1_1#O_CLAIM_DISABILITY-TO-PRLODSTWS1_1#SDM_CLM_PRD_DISABILITY"
          },
          {
            "Event": "PRLODSTWS1_1#O_CLM_PRD_DISABILITY-TO-PRLODSTWS1_1#SDM_CLM_PRD_DISABILITY"
          }
        ]
      }
    },
    "PRLODSTWS1_1#SDM_CLAIM_PAY": {
      "Type": "Job:Database:StoredProcedure",
      "ConnectionProfile": "_",
      "StoredProcedure": "sqlext.SDM_CLAIM_PAY_SP",
      "DaysKeepActive": "1",
      "SubApplication": "PRLODSTWS1_1",
      "Priority": "Very Low",
      "Host": "PRLODSTWS1",
      "CreatedBy": "emuser",
      "Description": "== Conversion Messages Start ==\\n\\nMessage ID\\t: WRN6031 (934-1501)\\n\\n== Conversion Messages End ==\\nAdded by composer.",
      "RunAs": "controlm",
      "TimeZone": "HKG",
      "Application": "PRLODSTWS1_1",
      "Variables": [
        {
          "DB-STP_SCHEM": ""
        }
      ],
      "When": {
        "WeekDays": [
          "NONE"
        ],
        "Months": [
          "NONE"
        ],
        "MonthDays": [
          "NONE"
        ],
        "DaysRelation": "OR",
        "RuleBasedCalendars": {
          "Included": [
            "RC1"
          ]
        }
      },
      "eventsToWaitFor": {
        "Type": "WaitForEvents",
        "Events": [
          {
            "Event": "PRLODSTWS1_1#SDM_CLAIM_PRODUCT-TO-PRLODSTWS1_1#SDM_CLAIM_PAY"
          },
          {
            "Event": "PRLODSTWS1_1#O_CLAIM_CASE-TO-PRLODSTWS1_1#SDM_CLAIM_PAY"
          },
          {
            "Event": "PRLODSTWS1_1#O_CLAIM_PAY-TO-PRLODSTWS1_1#SDM_CLAIM_PAY"
          },
          {
            "Event": "PRLODSTWS1_1#O_CLAIM_PAY_BENE-TO-PRLODSTWS1_1#SDM_CLAIM_PAY"
          },
          {
            "Event": "PRLODSTWS1_1#O_CLAIM_PAY_MODE-TO-PRLODSTWS1_1#SDM_CLAIM_PAY"
          },
          {
            "Event": "PRLODSTWS1_1#O_CLAIM_TYPE-TO-PRLODSTWS1_1#SDM_CLAIM_PAY"
          },
          {
            "Event": "PRLODSTWS1_1#O_CLM_BANK_ACCOUNT-TO-PRLODSTWS1_1#SDM_CLAIM_PAY"
          },
          {
            "Event": "PRLODSTWS1_1#O_CLM_CONTRACT_PRODUCT-TO-PRLODSTWS1_1#SDM_CLAIM_PAY"
          },
          {
            "Event": "PRLODSTWS1_1#O_CLAIM_ADJUST-TO-PRLODSTWS1_1#SDM_CLAIM_PAY"
          },
          {
            "Event": "PRLODSTWS1_1#O_CUSTOMER-TO-PRLODSTWS1_1#SDM_CLAIM_PAY"
          },
          {
            "Event": "PRLODSTWS1_1#O_PREM_ARAP-TO-PRLODSTWS1_1#SDM_CLAIM_PAY"
          },
          {
            "Event": "PRLODSTWS1_1#O_ADDRESS-TO-PRLODSTWS1_1#SDM_CLAIM_PAY"
          },
          {
            "Event": "PRLODSTWS1_1#O_COUNTRY-TO-PRLODSTWS1_1#SDM_CLAIM_PAY"
          },
          {
            "Event": "PRLODSTWS1_1#O_CHARGE_MODE-TO-PRLODSTWS1_1#SDM_CLAIM_PAY"
          },
          {
            "Event": "PRLODSTWS1_1#O_LIABILITY-TO-PRLODSTWS1_1#SDM_CLAIM_PAY"
          },
          {
            "Event": "PRLODSTWS1_1#O_CHEQUE_MAIL_CHANNEL-TO-PRLODSTWS1_1#SDM_CLAIM_PAY"
          },
          {
            "Event": "PRLODSTWS1_1#SDM_PRODUCT_LIFE-TO-PRLODSTWS1_1#SDM_CLAIM_PAY"
          },
          {
            "Event": "PRLODSTWS1_1#SDM_CONTRACT_MASTER-TO-PRLODSTWS1_1#SDM_CLAIM_PAY"
          },
          {
            "Event": "PRLODSTWS1_1#SDM_MONEY-TO-PRLODSTWS1_1#SDM_CLAIM_PAY"
          }
        ]
      },
      "eventsToAdd": {
        "Type": "AddEvents",
        "Events": [
          {
            "Event": "PRLODSTWS1_1#SDM_CLAIM_PAY-TO-PRLODSTWS1_1#FDW_CLAIM"
          },
          {
            "Event": "PRLODSTWS1_1#SDM_CLAIM_PAY-TO-PRLODSTWS1_1#CLM_0510_11G"
          },
          {
            "Event": "PRLODSTWS1_1#SDM_CLAIM_PAY-TO-PRLODSTWS1_1#GIB_NTC_DOC_CLAM"
          },
          {
            "Event": "PRLODSTWS1_1#SDM_CLAIM_PAY-TO-PRLODSTWS1_1#KB7_NTC_DOC_CLAM"
          },
          {
            "Event": "PRLODSTWS1_1#SDM_CLAIM_PAY-TO-PRLODSTWS1_1#KB9_NTC_DOC_CLAM"
          },
          {
            "Event": "PRLODSTWS1_1#SDM_CLAIM_PAY-TO-PRLODSTWS1_1#LAW_NTC_DOC_CLAM"
          },
          {
            "Event": "PRLODSTWS1_1#SDM_CLAIM_PAY-TO-PRLODSTWS1_1#SINO_TFIN"
          },
          {
            "Event": "PRLODSTWS1_1#SDM_CLAIM_PAY-TO-PRLODSTWS1_1#SINO_IFIN"
          },
          {
            "Event": "PRLODSTWS1_1#SDM_CLAIM_PAY-TO-PRLODSTWS1_1#FDW_CLAIM_1"
          },
          {
            "Event": "PRLODSTWS1_1#SDM_CLAIM_PAY-TO-PRLODSTWS1_1#FDW_CLAIM_TCBA"
          },
          {
            "Event": "PRLODSTWS1_1#SDM_CLAIM_PAY-TO-PRLODSTWS1_1#CLM_0370_11G"
          },
          {
            "Event": "PRLODSTWS1_1#SDM_CLAIM_PAY-TO-PRLODSTWS1_1#CLM_0330_11G"
          },
          {
            "Event": "PRLODSTWS1_1#SDM_CLAIM_PAY-TO-PRLODSTWS1_1#CLM_0470_11G"
          },
          {
            "Event": "PRLODSTWS1_1#SDM_CLAIM_PAY-TO-PRLODSTWS1_1#CLM_0480_11G"
          },
          {
            "Event": "PRLODSTWS1_1#SDM_CLAIM_PAY-TO-PRLODSTWS1_1#CLM_0500_11G"
          },
          {
            "Event": "PRLODSTWS1_1#SDM_CLAIM_PAY-TO-PRLODSTWS1_1#FIN_0990_11G"
          },
          {
            "Event": "PRLODSTWS1_1#SDM_CLAIM_PAY-TO-PRLODSTWS1_1#SDM_CLAIM_PAY_H"
          },
          {
            "Event": "PRLODSTWS1_1#SDM_CLAIM_PAY-TO-PRLODSTWS1_1#SDM_CLAIM_ADJUST"
          },
          {
            "Event": "PRLODSTWS1_1#SDM_CLAIM_PAY-TO-PRLODSTWS1_1#CLM_0360_11G"
          },
          {
            "Event": "PRLODSTWS1_1#SDM_CLAIM_PAY-TO-PRLODSTWS1_1#CLM_0540_11G"
          },
          {
            "Event": "PRLODSTWS1_1#SDM_CLAIM_PAY-TO-PRLODSTWS1_1#CLM_0400_11G"
          },
          {
            "Event": "PRLODSTWS1_1#SDM_CLAIM_PAY-TO-PRLODSTWS1_1#CLM_0510_11G_1"
          },
          {
            "Event": "PRLODSTWS1_1#SDM_CLAIM_PAY-TO-PRLODSTWS1_1#CLM_0520_11G"
          }
        ]
      },
      "eventsToDelete": {
        "Type": "DeleteEvents",
        "Events": [
          {
            "Event": "PRLODSTWS1_1#SDM_CLAIM_PRODUCT-TO-PRLODSTWS1_1#SDM_CLAIM_PAY"
          },
          {
            "Event": "PRLODSTWS1_1#O_CLAIM_CASE-TO-PRLODSTWS1_1#SDM_CLAIM_PAY"
          },
          {
            "Event": "PRLODSTWS1_1#O_CLAIM_PAY-TO-PRLODSTWS1_1#SDM_CLAIM_PAY"
          },
          {
            "Event": "PRLODSTWS1_1#O_CLAIM_PAY_BENE-TO-PRLODSTWS1_1#SDM_CLAIM_PAY"
          },
          {
            "Event": "PRLODSTWS1_1#O_CLAIM_PAY_MODE-TO-PRLODSTWS1_1#SDM_CLAIM_PAY"
          },
          {
            "Event": "PRLODSTWS1_1#O_CLAIM_TYPE-TO-PRLODSTWS1_1#SDM_CLAIM_PAY"
          },
          {
            "Event": "PRLODSTWS1_1#O_CLM_BANK_ACCOUNT-TO-PRLODSTWS1_1#SDM_CLAIM_PAY"
          },
          {
            "Event": "PRLODSTWS1_1#O_CLM_CONTRACT_PRODUCT-TO-PRLODSTWS1_1#SDM_CLAIM_PAY"
          },
          {
            "Event": "PRLODSTWS1_1#O_CLAIM_ADJUST-TO-PRLODSTWS1_1#SDM_CLAIM_PAY"
          },
          {
            "Event": "PRLODSTWS1_1#O_CUSTOMER-TO-PRLODSTWS1_1#SDM_CLAIM_PAY"
          },
          {
            "Event": "PRLODSTWS1_1#O_PREM_ARAP-TO-PRLODSTWS1_1#SDM_CLAIM_PAY"
          },
          {
            "Event": "PRLODSTWS1_1#O_ADDRESS-TO-PRLODSTWS1_1#SDM_CLAIM_PAY"
          },
          {
            "Event": "PRLODSTWS1_1#O_COUNTRY-TO-PRLODSTWS1_1#SDM_CLAIM_PAY"
          },
          {
            "Event": "PRLODSTWS1_1#O_CHARGE_MODE-TO-PRLODSTWS1_1#SDM_CLAIM_PAY"
          },
          {
            "Event": "PRLODSTWS1_1#O_LIABILITY-TO-PRLODSTWS1_1#SDM_CLAIM_PAY"
          },
          {
            "Event": "PRLODSTWS1_1#O_CHEQUE_MAIL_CHANNEL-TO-PRLODSTWS1_1#SDM_CLAIM_PAY"
          },
          {
            "Event": "PRLODSTWS1_1#SDM_PRODUCT_LIFE-TO-PRLODSTWS1_1#SDM_CLAIM_PAY"
          },
          {
            "Event": "PRLODSTWS1_1#SDM_CONTRACT_MASTER-TO-PRLODSTWS1_1#SDM_CLAIM_PAY"
          },
          {
            "Event": "PRLODSTWS1_1#SDM_MONEY-TO-PRLODSTWS1_1#SDM_CLAIM_PAY"
          }
        ]
      }
    },
    "PRLODSTWS1_1#SDM_CLAIM_CASE": {
      "Type": "Job:Database:StoredProcedure",
      "ConnectionProfile": "_",
      "StoredProcedure": "sqlext.SDM_CLAIM_CASE_SP",
      "DaysKeepActive": "1",
      "SubApplication": "PRLODSTWS1_1",
      "Priority": "Very Low",
      "Host": "PRLODSTWS1",
      "CreatedBy": "emuser",
      "Description": "== Conversion Messages Start ==\\n\\nMessage ID\\t: WRN6031 (935-1502)\\n\\n== Conversion Messages End ==\\nAdded by composer.",
      "RunAs": "controlm",
      "TimeZone": "HKG",
      "Application": "PRLODSTWS1_1",
      "Variables": [
        {
          "DB-STP_SCHEM": ""
        }
      ],
      "When": {
        "WeekDays": [
          "NONE"
        ],
        "Months": [
          "NONE"
        ],
        "MonthDays": [
          "NONE"
        ],
        "DaysRelation": "OR",
        "RuleBasedCalendars": {
          "Included": [
            "RC1"
          ]
        }
      },
      "eventsToWaitFor": {
        "Type": "WaitForEvents",
        "Events": [
          {
            "Event": "PRLODSTWS1_1#O_CASE_STATUS-TO-PRLODSTWS1_1#SDM_CLAIM_CASE"
          },
          {
            "Event": "PRLODSTWS1_1#O_CLAIM_CASE-TO-PRLODSTWS1_1#SDM_CLAIM_CASE"
          },
          {
            "Event": "PRLODSTWS1_1#O_CLAIM_INVEST_INFO-TO-PRLODSTWS1_1#SDM_CLAIM_CASE"
          },
          {
            "Event": "PRLODSTWS1_1#O_CLAIM_LIAB-TO-PRLODSTWS1_1#SDM_CLAIM_CASE"
          },
          {
            "Event": "PRLODSTWS1_1#O_CLAIM_TYPE-TO-PRLODSTWS1_1#SDM_CLAIM_CASE"
          },
          {
            "Event": "PRLODSTWS1_1#O_CLAIM_INVESTIGATE-TO-PRLODSTWS1_1#SDM_CLAIM_CASE"
          },
          {
            "Event": "PRLODSTWS1_1#O_CLAIM_MEET-TO-PRLODSTWS1_1#SDM_CLAIM_CASE"
          },
          {
            "Event": "PRLODSTWS1_1#O_CUSTOMER-TO-PRLODSTWS1_1#SDM_CLAIM_CASE"
          },
          {
            "Event": "PRLODSTWS1_1#O_AGENT-TO-PRLODSTWS1_1#SDM_CLAIM_CASE"
          },
          {
            "Event": "PRLODSTWS1_1#O_CHANNEL_ORG-TO-PRLODSTWS1_1#SDM_CLAIM_CASE"
          },
          {
            "Event": "PRLODSTWS1_1#O_DEPT-TO-PRLODSTWS1_1#SDM_CLAIM_CASE"
          },
          {
            "Event": "PRLODSTWS1_1#O_SALES_CHANNEL-TO-PRLODSTWS1_1#SDM_CLAIM_CASE"
          },
          {
            "Event": "PRLODSTWS1_1#O_DOCUMENT-TO-PRLODSTWS1_1#SDM_CLAIM_CASE"
          },
          {
            "Event": "PRLODSTWS1_1#O_INSURED_LIST-TO-PRLODSTWS1_1#SDM_CLAIM_CASE"
          },
          {
            "Event": "PRLODSTWS1_1#O_LIAROC_UPLOAD-TO-PRLODSTWS1_1#SDM_CLAIM_CASE"
          },
          {
            "Event": "PRLODSTWS1_1#SDM_SC_CHNL_COMU-TO-PRLODSTWS1_1#SDM_CLAIM_CASE"
          },
          {
            "Event": "PRLODSTWS1_1#SDM_CHANNEL_ORG-TO-PRLODSTWS1_1#SDM_CLAIM_CASE"
          },
          {
            "Event": "PRLODSTWS1_1#SDM_USER-TO-PRLODSTWS1_1#SDM_CLAIM_CASE"
          },
          {
            "Event": "PRLODSTWS1_1#SDM_COMPANY_ORGAN-TO-PRLODSTWS1_1#SDM_CLAIM_CASE"
          },
          {
            "Event": "PRLODSTWS1_1#SDM_INSURED_LIST-TO-PRLODSTWS1_1#SDM_CLAIM_CASE"
          }
        ]
      },
      "eventsToAdd": {
        "Type": "AddEvents",
        "Events": [
          {
            "Event": "PRLODSTWS1_1#SDM_CLAIM_CASE-TO-PRLODSTWS1_1#FDW_CLAIM"
          },
          {
            "Event": "PRLODSTWS1_1#SDM_CLAIM_CASE-TO-PRLODSTWS1_1#GIB_CLAM"
          },
          {
            "Event": "PRLODSTWS1_1#SDM_CLAIM_CASE-TO-PRLODSTWS1_1#GIB_CLAM_STATUS"
          },
          {
            "Event": "PRLODSTWS1_1#SDM_CLAIM_CASE-TO-PRLODSTWS1_1#GIB_NTC_DOC_CLAM"
          },
          {
            "Event": "PRLODSTWS1_1#SDM_CLAIM_CASE-TO-PRLODSTWS1_1#KB7_CLAM"
          },
          {
            "Event": "PRLODSTWS1_1#SDM_CLAIM_CASE-TO-PRLODSTWS1_1#KB7_CLAM_STATUS"
          },
          {
            "Event": "PRLODSTWS1_1#SDM_CLAIM_CASE-TO-PRLODSTWS1_1#KB7_NTC_DOC_CLAM"
          },
          {
            "Event": "PRLODSTWS1_1#SDM_CLAIM_CASE-TO-PRLODSTWS1_1#KB9_CLAM"
          },
          {
            "Event": "PRLODSTWS1_1#SDM_CLAIM_CASE-TO-PRLODSTWS1_1#KB9_CLAM_STATUS"
          },
          {
            "Event": "PRLODSTWS1_1#SDM_CLAIM_CASE-TO-PRLODSTWS1_1#KB9_NTC_DOC_CLAM"
          },
          {
            "Event": "PRLODSTWS1_1#SDM_CLAIM_CASE-TO-PRLODSTWS1_1#LAW_CLAM"
          },
          {
            "Event": "PRLODSTWS1_1#SDM_CLAIM_CASE-TO-PRLODSTWS1_1#LAW_CLAM_STATUS"
          },
          {
            "Event": "PRLODSTWS1_1#SDM_CLAIM_CASE-TO-PRLODSTWS1_1#LAW_NTC_DOC_CLAM"
          },
          {
            "Event": "PRLODSTWS1_1#SDM_CLAIM_CASE-TO-PRLODSTWS1_1#SINO_TFIN"
          },
          {
            "Event": "PRLODSTWS1_1#SDM_CLAIM_CASE-TO-PRLODSTWS1_1#SINO_IFIN"
          },
          {
            "Event": "PRLODSTWS1_1#SDM_CLAIM_CASE-TO-PRLODSTWS1_1#FDW_CLAIM_1"
          },
          {
            "Event": "PRLODSTWS1_1#SDM_CLAIM_CASE-TO-PRLODSTWS1_1#FDW_CLAIM_TCBA"
          },
          {
            "Event": "PRLODSTWS1_1#SDM_CLAIM_CASE-TO-PRLODSTWS1_1#CLM_0370_11G"
          },
          {
            "Event": "PRLODSTWS1_1#SDM_CLAIM_CASE-TO-PRLODSTWS1_1#CLM_0170_11G"
          },
          {
            "Event": "PRLODSTWS1_1#SDM_CLAIM_CASE-TO-PRLODSTWS1_1#CLM_0310_11G"
          },
          {
            "Event": "PRLODSTWS1_1#SDM_CLAIM_CASE-TO-PRLODSTWS1_1#CLM_0320_11G"
          },
          {
            "Event": "PRLODSTWS1_1#SDM_CLAIM_CASE-TO-PRLODSTWS1_1#CLM_0320_21G"
          },
          {
            "Event": "PRLODSTWS1_1#SDM_CLAIM_CASE-TO-PRLODSTWS1_1#CLM_0330_11G"
          },
          {
            "Event": "PRLODSTWS1_1#SDM_CLAIM_CASE-TO-PRLODSTWS1_1#CLM_0340_11G"
          },
          {
            "Event": "PRLODSTWS1_1#SDM_CLAIM_CASE-TO-PRLODSTWS1_1#CLM_0380_11G"
          },
          {
            "Event": "PRLODSTWS1_1#SDM_CLAIM_CASE-TO-PRLODSTWS1_1#CLM_0380_21G"
          },
          {
            "Event": "PRLODSTWS1_1#SDM_CLAIM_CASE-TO-PRLODSTWS1_1#CLM_0380_31G"
          },
          {
            "Event": "PRLODSTWS1_1#SDM_CLAIM_CASE-TO-PRLODSTWS1_1#CLM_0380_41G"
          },
          {
            "Event": "PRLODSTWS1_1#SDM_CLAIM_CASE-TO-PRLODSTWS1_1#CLM_0390_11G"
          },
          {
            "Event": "PRLODSTWS1_1#SDM_CLAIM_CASE-TO-PRLODSTWS1_1#CLM_0390_21G"
          },
          {
            "Event": "PRLODSTWS1_1#SDM_CLAIM_CASE-TO-PRLODSTWS1_1#CLM_0390_31G"
          },
          {
            "Event": "PRLODSTWS1_1#SDM_CLAIM_CASE-TO-PRLODSTWS1_1#CLM_0410_11G"
          },
          {
            "Event": "PRLODSTWS1_1#SDM_CLAIM_CASE-TO-PRLODSTWS1_1#CLM_0410_21G"
          },
          {
            "Event": "PRLODSTWS1_1#SDM_CLAIM_CASE-TO-PRLODSTWS1_1#CLM_0420_11G"
          },
          {
            "Event": "PRLODSTWS1_1#SDM_CLAIM_CASE-TO-PRLODSTWS1_1#CLM_0450_11G"
          },
          {
            "Event": "PRLODSTWS1_1#SDM_CLAIM_CASE-TO-PRLODSTWS1_1#CLM_0470_11G"
          },
          {
            "Event": "PRLODSTWS1_1#SDM_CLAIM_CASE-TO-PRLODSTWS1_1#CLM_0480_11G"
          },
          {
            "Event": "PRLODSTWS1_1#SDM_CLAIM_CASE-TO-PRLODSTWS1_1#CLM_0490_11G"
          },
          {
            "Event": "PRLODSTWS1_1#SDM_CLAIM_CASE-TO-PRLODSTWS1_1#CLM_0500_11G"
          },
          {
            "Event": "PRLODSTWS1_1#SDM_CLAIM_CASE-TO-PRLODSTWS1_1#CLM_0530_11G"
          },
          {
            "Event": "PRLODSTWS1_1#SDM_CLAIM_CASE-TO-PRLODSTWS1_1#POS_1240_11G"
          },
          {
            "Event": "PRLODSTWS1_1#SDM_CLAIM_CASE-TO-PRLODSTWS1_1#CLM_0350_11G"
          },
          {
            "Event": "PRLODSTWS1_1#SDM_CLAIM_CASE-TO-PRLODSTWS1_1#CLM_0360_11G"
          },
          {
            "Event": "PRLODSTWS1_1#SDM_CLAIM_CASE-TO-PRLODSTWS1_1#CLM_0430_00G"
          },
          {
            "Event": "PRLODSTWS1_1#SDM_CLAIM_CASE-TO-PRLODSTWS1_1#CLM_0400_11G"
          },
          {
            "Event": "PRLODSTWS1_1#SDM_CLAIM_CASE-TO-PRLODSTWS1_1#CLM_0610_11G"
          }
        ]
      },
      "eventsToDelete": {
        "Type": "DeleteEvents",
        "Events": [
          {
            "Event": "PRLODSTWS1_1#O_CASE_STATUS-TO-PRLODSTWS1_1#SDM_CLAIM_CASE"
          },
          {
            "Event": "PRLODSTWS1_1#O_CLAIM_CASE-TO-PRLODSTWS1_1#SDM_CLAIM_CASE"
          },
          {
            "Event": "PRLODSTWS1_1#O_CLAIM_INVEST_INFO-TO-PRLODSTWS1_1#SDM_CLAIM_CASE"
          },
          {
            "Event": "PRLODSTWS1_1#O_CLAIM_LIAB-TO-PRLODSTWS1_1#SDM_CLAIM_CASE"
          },
          {
            "Event": "PRLODSTWS1_1#O_CLAIM_TYPE-TO-PRLODSTWS1_1#SDM_CLAIM_CASE"
          },
          {
            "Event": "PRLODSTWS1_1#O_CLAIM_INVESTIGATE-TO-PRLODSTWS1_1#SDM_CLAIM_CASE"
          },
          {
            "Event": "PRLODSTWS1_1#O_CLAIM_MEET-TO-PRLODSTWS1_1#SDM_CLAIM_CASE"
          },
          {
            "Event": "PRLODSTWS1_1#O_CUSTOMER-TO-PRLODSTWS1_1#SDM_CLAIM_CASE"
          },
          {
            "Event": "PRLODSTWS1_1#O_AGENT-TO-PRLODSTWS1_1#SDM_CLAIM_CASE"
          },
          {
            "Event": "PRLODSTWS1_1#O_CHANNEL_ORG-TO-PRLODSTWS1_1#SDM_CLAIM_CASE"
          },
          {
            "Event": "PRLODSTWS1_1#O_DEPT-TO-PRLODSTWS1_1#SDM_CLAIM_CASE"
          },
          {
            "Event": "PRLODSTWS1_1#O_SALES_CHANNEL-TO-PRLODSTWS1_1#SDM_CLAIM_CASE"
          },
          {
            "Event": "PRLODSTWS1_1#O_DOCUMENT-TO-PRLODSTWS1_1#SDM_CLAIM_CASE"
          },
          {
            "Event": "PRLODSTWS1_1#O_INSURED_LIST-TO-PRLODSTWS1_1#SDM_CLAIM_CASE"
          },
          {
            "Event": "PRLODSTWS1_1#O_LIAROC_UPLOAD-TO-PRLODSTWS1_1#SDM_CLAIM_CASE"
          },
          {
            "Event": "PRLODSTWS1_1#SDM_SC_CHNL_COMU-TO-PRLODSTWS1_1#SDM_CLAIM_CASE"
          },
          {
            "Event": "PRLODSTWS1_1#SDM_CHANNEL_ORG-TO-PRLODSTWS1_1#SDM_CLAIM_CASE"
          },
          {
            "Event": "PRLODSTWS1_1#SDM_USER-TO-PRLODSTWS1_1#SDM_CLAIM_CASE"
          },
          {
            "Event": "PRLODSTWS1_1#SDM_COMPANY_ORGAN-TO-PRLODSTWS1_1#SDM_CLAIM_CASE"
          },
          {
            "Event": "PRLODSTWS1_1#SDM_INSURED_LIST-TO-PRLODSTWS1_1#SDM_CLAIM_CASE"
          }
        ]
      }
    },
    "PRLODSTWS1_1#SDM_CLAIM_ADJUST": {
      "Type": "Job:Database:StoredProcedure",
      "ConnectionProfile": "_",
      "StoredProcedure": "sqlext.SDM_CLAIM_ADJUST_SP",
      "DaysKeepActive": "1",
      "SubApplication": "PRLODSTWS1_1",
      "Priority": "Very Low",
      "Host": "PRLODSTWS1",
      "CreatedBy": "emuser",
      "Description": "== Conversion Messages Start ==\\n\\nMessage ID\\t: WRN6031 (936-1503)\\n\\n== Conversion Messages End ==\\nAdded by composer.",
      "RunAs": "controlm",
      "TimeZone": "HKG",
      "Application": "PRLODSTWS1_1",
      "Variables": [
        {
          "DB-STP_SCHEM": ""
        }
      ],
      "When": {
        "WeekDays": [
          "NONE"
        ],
        "Months": [
          "NONE"
        ],
        "MonthDays": [
          "NONE"
        ],
        "DaysRelation": "OR",
        "RuleBasedCalendars": {
          "Included": [
            "RC1"
          ]
        }
      },
      "eventsToWaitFor": {
        "Type": "WaitForEvents",
        "Events": [
          {
            "Event": "PRLODSTWS1_1#SDM_CLAIM_PAY-TO-PRLODSTWS1_1#SDM_CLAIM_ADJUST"
          },
          {
            "Event": "PRLODSTWS1_1#O_CLAIM_CASE-TO-PRLODSTWS1_1#SDM_CLAIM_ADJUST"
          },
          {
            "Event": "PRLODSTWS1_1#O_CLAIM_ADJUST-TO-PRLODSTWS1_1#SDM_CLAIM_ADJUST"
          },
          {
            "Event": "PRLODSTWS1_1#O_PREM_ARAP-TO-PRLODSTWS1_1#SDM_CLAIM_ADJUST"
          },
          {
            "Event": "PRLODSTWS1_1#O_CONTRACT_MASTER-TO-PRLODSTWS1_1#SDM_CLAIM_ADJUST"
          }
        ]
      },
      "eventsToAdd": {
        "Type": "AddEvents",
        "Events": [
          {
            "Event": "PRLODSTWS1_1#SDM_CLAIM_ADJUST-TO-PRLODSTWS1_1#CLM_0510_11G"
          },
          {
            "Event": "PRLODSTWS1_1#SDM_CLAIM_ADJUST-TO-PRLODSTWS1_1#CLM_0500_11G"
          },
          {
            "Event": "PRLODSTWS1_1#SDM_CLAIM_ADJUST-TO-PRLODSTWS1_1#CLM_0540_21G"
          },
          {
            "Event": "PRLODSTWS1_1#SDM_CLAIM_ADJUST-TO-PRLODSTWS1_1#CLM_0510_11G_1"
          },
          {
            "Event": "PRLODSTWS1_1#SDM_CLAIM_ADJUST-TO-PRLODSTWS1_1#CLM_0520_11G"
          }
        ]
      },
      "eventsToDelete": {
        "Type": "DeleteEvents",
        "Events": [
          {
            "Event": "PRLODSTWS1_1#SDM_CLAIM_PAY-TO-PRLODSTWS1_1#SDM_CLAIM_ADJUST"
          },
          {
            "Event": "PRLODSTWS1_1#O_CLAIM_CASE-TO-PRLODSTWS1_1#SDM_CLAIM_ADJUST"
          },
          {
            "Event": "PRLODSTWS1_1#O_CLAIM_ADJUST-TO-PRLODSTWS1_1#SDM_CLAIM_ADJUST"
          },
          {
            "Event": "PRLODSTWS1_1#O_PREM_ARAP-TO-PRLODSTWS1_1#SDM_CLAIM_ADJUST"
          },
          {
            "Event": "PRLODSTWS1_1#O_CONTRACT_MASTER-TO-PRLODSTWS1_1#SDM_CLAIM_ADJUST"
          }
        ]
      }
    },
    "PRLODSTWS1_1#SDM_CLAIM_POLICY": {
      "Type": "Job:Database:StoredProcedure",
      "ConnectionProfile": "_",
      "StoredProcedure": "sqlext.SDM_CLAIM_POLICY_SP",
      "DaysKeepActive": "1",
      "SubApplication": "PRLODSTWS1_1",
      "Priority": "Very Low",
      "Host": "PRLODSTWS1",
      "CreatedBy": "emuser",
      "Description": "== Conversion Messages Start ==\\n\\nMessage ID\\t: WRN6031 (937-1504)\\n\\n== Conversion Messages End ==\\nAdded by composer.",
      "RunAs": "controlm",
      "TimeZone": "HKG",
      "Application": "PRLODSTWS1_1",
      "Variables": [
        {
          "DB-STP_SCHEM": ""
        }
      ],
      "When": {
        "WeekDays": [
          "NONE"
        ],
        "Months": [
          "NONE"
        ],
        "MonthDays": [
          "NONE"
        ],
        "DaysRelation": "OR",
        "RuleBasedCalendars": {
          "Included": [
            "RC1"
          ]
        }
      },
      "eventsToWaitFor": {
        "Type": "WaitForEvents",
        "Events": [
          {
            "Event": "PRLODSTWS1_1#O_CLAIM_POLICY-TO-PRLODSTWS1_1#SDM_CLAIM_POLICY"
          }
        ]
      },
      "eventsToDelete": {
        "Type": "DeleteEvents",
        "Events": [
          {
            "Event": "PRLODSTWS1_1#O_CLAIM_POLICY-TO-PRLODSTWS1_1#SDM_CLAIM_POLICY"
          }
        ]
      }
    },
    "PRLODSTWS1_1#SDM_CLAIM_PRODUCT": {
      "Type": "Job:Database:StoredProcedure",
      "ConnectionProfile": "_",
      "StoredProcedure": "sqlext.SDM_CLAIM_PRODUCT_SP",
      "DaysKeepActive": "1",
      "SubApplication": "PRLODSTWS1_1",
      "Priority": "Very Low",
      "Host": "PRLODSTWS1",
      "CreatedBy": "emuser",
      "Description": "== Conversion Messages Start ==\\n\\nMessage ID\\t: WRN6031 (938-1505)\\n\\n== Conversion Messages End ==\\nAdded by composer.",
      "RunAs": "controlm",
      "TimeZone": "HKG",
      "Application": "PRLODSTWS1_1",
      "Variables": [
        {
          "DB-STP_SCHEM": ""
        }
      ],
      "When": {
        "WeekDays": [
          "NONE"
        ],
        "Months": [
          "NONE"
        ],
        "MonthDays": [
          "NONE"
        ],
        "DaysRelation": "OR",
        "RuleBasedCalendars": {
          "Included": [
            "RC1"
          ]
        }
      },
      "eventsToWaitFor": {
        "Type": "WaitForEvents",
        "Events": [
          {
            "Event": "PRLODSTWS1_1#O_CLAIM_AUDIT_DECISION-TO-PRLODSTWS1_1#SDM_CLAIM_PRODUCT"
          },
          {
            "Event": "PRLODSTWS1_1#O_CLAIM_CASE-TO-PRLODSTWS1_1#SDM_CLAIM_PRODUCT"
          },
          {
            "Event": "PRLODSTWS1_1#O_CLAIM_LIAB-TO-PRLODSTWS1_1#SDM_CLAIM_PRODUCT"
          },
          {
            "Event": "PRLODSTWS1_1#O_CLAIM_PRODUCT-TO-PRLODSTWS1_1#SDM_CLAIM_PRODUCT"
          },
          {
            "Event": "PRLODSTWS1_1#O_CLM_CONTRACT_PRODUCT-TO-PRLODSTWS1_1#SDM_CLAIM_PRODUCT"
          },
          {
            "Event": "PRLODSTWS1_1#O_CLAIM_ADJUST-TO-PRLODSTWS1_1#SDM_CLAIM_PRODUCT"
          },
          {
            "Event": "PRLODSTWS1_1#O_LIABILITY_CATEGORY-TO-PRLODSTWS1_1#SDM_CLAIM_PRODUCT"
          },
          {
            "Event": "PRLODSTWS1_1#O_LIABILITY-TO-PRLODSTWS1_1#SDM_CLAIM_PRODUCT"
          },
          {
            "Event": "PRLODSTWS1_1#O_PRODUCT_LIFE-TO-PRLODSTWS1_1#SDM_CLAIM_PRODUCT"
          },
          {
            "Event": "PRLODSTWS1_1#SDM_CONTRACT_PRODUCT-TO-PRLODSTWS1_1#SDM_CLAIM_PRODUCT"
          },
          {
            "Event": "PRLODSTWS1_1#SDM_CONTRACT_MASTER-TO-PRLODSTWS1_1#SDM_CLAIM_PRODUCT"
          }
        ]
      },
      "eventsToAdd": {
        "Type": "AddEvents",
        "Events": [
          {
            "Event": "PRLODSTWS1_1#SDM_CLAIM_PRODUCT-TO-PRLODSTWS1_1#FDW_CLAIM"
          },
          {
            "Event": "PRLODSTWS1_1#SDM_CLAIM_PRODUCT-TO-PRLODSTWS1_1#GIB_CLAM"
          },
          {
            "Event": "PRLODSTWS1_1#SDM_CLAIM_PRODUCT-TO-PRLODSTWS1_1#GIB_CLAM_STATUS"
          },
          {
            "Event": "PRLODSTWS1_1#SDM_CLAIM_PRODUCT-TO-PRLODSTWS1_1#KB7_CLAM"
          },
          {
            "Event": "PRLODSTWS1_1#SDM_CLAIM_PRODUCT-TO-PRLODSTWS1_1#KB9_CLAM"
          },
          {
            "Event": "PRLODSTWS1_1#SDM_CLAIM_PRODUCT-TO-PRLODSTWS1_1#LAW_CLAM"
          },
          {
            "Event": "PRLODSTWS1_1#SDM_CLAIM_PRODUCT-TO-PRLODSTWS1_1#FDW_CLAIM_1"
          },
          {
            "Event": "PRLODSTWS1_1#SDM_CLAIM_PRODUCT-TO-PRLODSTWS1_1#FDW_CLAIM_TCBA"
          },
          {
            "Event": "PRLODSTWS1_1#SDM_CLAIM_PRODUCT-TO-PRLODSTWS1_1#CLM_0310_11G"
          },
          {
            "Event": "PRLODSTWS1_1#SDM_CLAIM_PRODUCT-TO-PRLODSTWS1_1#CLM_0320_11G"
          },
          {
            "Event": "PRLODSTWS1_1#SDM_CLAIM_PRODUCT-TO-PRLODSTWS1_1#CLM_0320_21G"
          },
          {
            "Event": "PRLODSTWS1_1#SDM_CLAIM_PRODUCT-TO-PRLODSTWS1_1#CLM_0330_11G"
          },
          {
            "Event": "PRLODSTWS1_1#SDM_CLAIM_PRODUCT-TO-PRLODSTWS1_1#CLM_0340_11G"
          },
          {
            "Event": "PRLODSTWS1_1#SDM_CLAIM_PRODUCT-TO-PRLODSTWS1_1#CLM_0380_11G"
          },
          {
            "Event": "PRLODSTWS1_1#SDM_CLAIM_PRODUCT-TO-PRLODSTWS1_1#CLM_0380_21G"
          },
          {
            "Event": "PRLODSTWS1_1#SDM_CLAIM_PRODUCT-TO-PRLODSTWS1_1#CLM_0380_31G"
          },
          {
            "Event": "PRLODSTWS1_1#SDM_CLAIM_PRODUCT-TO-PRLODSTWS1_1#CLM_0380_41G"
          },
          {
            "Event": "PRLODSTWS1_1#SDM_CLAIM_PRODUCT-TO-PRLODSTWS1_1#CLM_0390_11G"
          },
          {
            "Event": "PRLODSTWS1_1#SDM_CLAIM_PRODUCT-TO-PRLODSTWS1_1#CLM_0390_21G"
          },
          {
            "Event": "PRLODSTWS1_1#SDM_CLAIM_PRODUCT-TO-PRLODSTWS1_1#CLM_0390_31G"
          },
          {
            "Event": "PRLODSTWS1_1#SDM_CLAIM_PRODUCT-TO-PRLODSTWS1_1#CLM_0420_11G"
          },
          {
            "Event": "PRLODSTWS1_1#SDM_CLAIM_PRODUCT-TO-PRLODSTWS1_1#CLM_0470_11G"
          },
          {
            "Event": "PRLODSTWS1_1#SDM_CLAIM_PRODUCT-TO-PRLODSTWS1_1#CLM_0480_11G"
          },
          {
            "Event": "PRLODSTWS1_1#SDM_CLAIM_PRODUCT-TO-PRLODSTWS1_1#CLM_0530_11G"
          },
          {
            "Event": "PRLODSTWS1_1#SDM_CLAIM_PRODUCT-TO-PRLODSTWS1_1#POS_1240_11G"
          },
          {
            "Event": "PRLODSTWS1_1#SDM_CLAIM_PRODUCT-TO-PRLODSTWS1_1#SDM_CLAIM_PAY"
          },
          {
            "Event": "PRLODSTWS1_1#SDM_CLAIM_PRODUCT-TO-PRLODSTWS1_1#MM_CONTRACT_PRODUCT"
          },
          {
            "Event": "PRLODSTWS1_1#SDM_CLAIM_PRODUCT-TO-PRLODSTWS1_1#CLM_0350_11G"
          },
          {
            "Event": "PRLODSTWS1_1#SDM_CLAIM_PRODUCT-TO-PRLODSTWS1_1#CLM_0430_00G"
          },
          {
            "Event": "PRLODSTWS1_1#SDM_CLAIM_PRODUCT-TO-PRLODSTWS1_1#CLM_0440_11G"
          },
          {
            "Event": "PRLODSTWS1_1#SDM_CLAIM_PRODUCT-TO-PRLODSTWS1_1#CLM_0400_11G"
          }
        ]
      },
      "eventsToDelete": {
        "Type": "DeleteEvents",
        "Events": [
          {
            "Event": "PRLODSTWS1_1#O_CLAIM_AUDIT_DECISION-TO-PRLODSTWS1_1#SDM_CLAIM_PRODUCT"
          },
          {
            "Event": "PRLODSTWS1_1#O_CLAIM_CASE-TO-PRLODSTWS1_1#SDM_CLAIM_PRODUCT"
          },
          {
            "Event": "PRLODSTWS1_1#O_CLAIM_LIAB-TO-PRLODSTWS1_1#SDM_CLAIM_PRODUCT"
          },
          {
            "Event": "PRLODSTWS1_1#O_CLAIM_PRODUCT-TO-PRLODSTWS1_1#SDM_CLAIM_PRODUCT"
          },
          {
            "Event": "PRLODSTWS1_1#O_CLM_CONTRACT_PRODUCT-TO-PRLODSTWS1_1#SDM_CLAIM_PRODUCT"
          },
          {
            "Event": "PRLODSTWS1_1#O_CLAIM_ADJUST-TO-PRLODSTWS1_1#SDM_CLAIM_PRODUCT"
          },
          {
            "Event": "PRLODSTWS1_1#O_LIABILITY_CATEGORY-TO-PRLODSTWS1_1#SDM_CLAIM_PRODUCT"
          },
          {
            "Event": "PRLODSTWS1_1#O_LIABILITY-TO-PRLODSTWS1_1#SDM_CLAIM_PRODUCT"
          },
          {
            "Event": "PRLODSTWS1_1#O_PRODUCT_LIFE-TO-PRLODSTWS1_1#SDM_CLAIM_PRODUCT"
          },
          {
            "Event": "PRLODSTWS1_1#SDM_CONTRACT_PRODUCT-TO-PRLODSTWS1_1#SDM_CLAIM_PRODUCT"
          },
          {
            "Event": "PRLODSTWS1_1#SDM_CONTRACT_MASTER-TO-PRLODSTWS1_1#SDM_CLAIM_PRODUCT"
          }
        ]
      }
    },
    "PRLODSTWS1_1#SDM_CLAIM_CURE": {
      "Type": "Job:Database:StoredProcedure",
      "ConnectionProfile": "_",
      "StoredProcedure": "sqlext.SDM_CLAIM_CURE_SP",
      "DaysKeepActive": "1",
      "SubApplication": "PRLODSTWS1_1",
      "Priority": "Very Low",
      "Host": "PRLODSTWS1",
      "CreatedBy": "emuser",
      "Description": "== Conversion Messages Start ==\\n\\nMessage ID\\t: WRN6031 (939-1506)\\n\\n== Conversion Messages End ==\\nAdded by composer.",
      "RunAs": "controlm",
      "TimeZone": "HKG",
      "Application": "PRLODSTWS1_1",
      "Variables": [
        {
          "DB-STP_SCHEM": ""
        }
      ],
      "When": {
        "WeekDays": [
          "NONE"
        ],
        "Months": [
          "NONE"
        ],
        "MonthDays": [
          "NONE"
        ],
        "DaysRelation": "OR",
        "RuleBasedCalendars": {
          "Included": [
            "RC1"
          ]
        }
      },
      "eventsToWaitFor": {
        "Type": "WaitForEvents",
        "Events": [
          {
            "Event": "PRLODSTWS1_1#O_CLAIM_CURE-TO-PRLODSTWS1_1#SDM_CLAIM_CURE"
          },
          {
            "Event": "PRLODSTWS1_1#O_DEATH_CODE-TO-PRLODSTWS1_1#SDM_CLAIM_CURE"
          },
          {
            "Event": "PRLODSTWS1_1#O_INCIDENT_CODE-TO-PRLODSTWS1_1#SDM_CLAIM_CURE"
          }
        ]
      },
      "eventsToAdd": {
        "Type": "AddEvents",
        "Events": [
          {
            "Event": "PRLODSTWS1_1#SDM_CLAIM_CURE-TO-PRLODSTWS1_1#CLM_0340_11G"
          },
          {
            "Event": "PRLODSTWS1_1#SDM_CLAIM_CURE-TO-PRLODSTWS1_1#CLM_0490_11G"
          },
          {
            "Event": "PRLODSTWS1_1#SDM_CLAIM_CURE-TO-PRLODSTWS1_1#CLM_0350_11G"
          }
        ]
      },
      "eventsToDelete": {
        "Type": "DeleteEvents",
        "Events": [
          {
            "Event": "PRLODSTWS1_1#O_CLAIM_CURE-TO-PRLODSTWS1_1#SDM_CLAIM_CURE"
          },
          {
            "Event": "PRLODSTWS1_1#O_DEATH_CODE-TO-PRLODSTWS1_1#SDM_CLAIM_CURE"
          },
          {
            "Event": "PRLODSTWS1_1#O_INCIDENT_CODE-TO-PRLODSTWS1_1#SDM_CLAIM_CURE"
          }
        ]
      }
    },
    "PRLODSTWS1_1#SDM_CLAIM_LIAB": {
      "Type": "Job:Database:StoredProcedure",
      "ConnectionProfile": "_",
      "StoredProcedure": "sqlext.SDM_CLAIM_LIAB_SP",
      "DaysKeepActive": "1",
      "SubApplication": "PRLODSTWS1_1",
      "Priority": "Very Low",
      "Host": "PRLODSTWS1",
      "CreatedBy": "emuser",
      "Description": "== Conversion Messages Start ==\\n\\nMessage ID\\t: WRN6031 (940-1507)\\n\\n== Conversion Messages End ==\\nAdded by composer.",
      "RunAs": "controlm",
      "TimeZone": "HKG",
      "Application": "PRLODSTWS1_1",
      "Variables": [
        {
          "DB-STP_SCHEM": ""
        }
      ],
      "When": {
        "WeekDays": [
          "NONE"
        ],
        "Months": [
          "NONE"
        ],
        "MonthDays": [
          "NONE"
        ],
        "DaysRelation": "OR",
        "RuleBasedCalendars": {
          "Included": [
            "RC1"
          ]
        }
      },
      "eventsToWaitFor": {
        "Type": "WaitForEvents",
        "Events": [
          {
            "Event": "PRLODSTWS1_1#O_CLAIM_CASE-TO-PRLODSTWS1_1#SDM_CLAIM_LIAB"
          },
          {
            "Event": "PRLODSTWS1_1#O_CLAIM_LIAB-TO-PRLODSTWS1_1#SDM_CLAIM_LIAB"
          },
          {
            "Event": "PRLODSTWS1_1#O_CLAIM_PRODUCT-TO-PRLODSTWS1_1#SDM_CLAIM_LIAB"
          },
          {
            "Event": "PRLODSTWS1_1#O_CLM_CONTRACT_PRODUCT-TO-PRLODSTWS1_1#SDM_CLAIM_LIAB"
          },
          {
            "Event": "PRLODSTWS1_1#O_LIABILITY_CATEGORY-TO-PRLODSTWS1_1#SDM_CLAIM_LIAB"
          },
          {
            "Event": "PRLODSTWS1_1#O_LIABILITY-TO-PRLODSTWS1_1#SDM_CLAIM_LIAB"
          },
          {
            "Event": "PRLODSTWS1_1#O_PRODUCT_LIFE-TO-PRLODSTWS1_1#SDM_CLAIM_LIAB"
          },
          {
            "Event": "PRLODSTWS1_1#O_PROD_BIZ_CATEGORY-TO-PRLODSTWS1_1#SDM_CLAIM_LIAB"
          },
          {
            "Event": "PRLODSTWS1_1#SDM_CONTRACT_MASTER-TO-PRLODSTWS1_1#SDM_CLAIM_LIAB"
          }
        ]
      },
      "eventsToAdd": {
        "Type": "AddEvents",
        "Events": [
          {
            "Event": "PRLODSTWS1_1#SDM_CLAIM_LIAB-TO-PRLODSTWS1_1#CLM_0340_11G"
          },
          {
            "Event": "PRLODSTWS1_1#SDM_CLAIM_LIAB-TO-PRLODSTWS1_1#CLM_0380_11G"
          },
          {
            "Event": "PRLODSTWS1_1#SDM_CLAIM_LIAB-TO-PRLODSTWS1_1#CLM_0380_21G"
          },
          {
            "Event": "PRLODSTWS1_1#SDM_CLAIM_LIAB-TO-PRLODSTWS1_1#CLM_0380_31G"
          },
          {
            "Event": "PRLODSTWS1_1#SDM_CLAIM_LIAB-TO-PRLODSTWS1_1#CLM_0390_11G"
          },
          {
            "Event": "PRLODSTWS1_1#SDM_CLAIM_LIAB-TO-PRLODSTWS1_1#CLM_0490_11G"
          }
        ]
      },
      "eventsToDelete": {
        "Type": "DeleteEvents",
        "Events": [
          {
            "Event": "PRLODSTWS1_1#O_CLAIM_CASE-TO-PRLODSTWS1_1#SDM_CLAIM_LIAB"
          },
          {
            "Event": "PRLODSTWS1_1#O_CLAIM_LIAB-TO-PRLODSTWS1_1#SDM_CLAIM_LIAB"
          },
          {
            "Event": "PRLODSTWS1_1#O_CLAIM_PRODUCT-TO-PRLODSTWS1_1#SDM_CLAIM_LIAB"
          },
          {
            "Event": "PRLODSTWS1_1#O_CLM_CONTRACT_PRODUCT-TO-PRLODSTWS1_1#SDM_CLAIM_LIAB"
          },
          {
            "Event": "PRLODSTWS1_1#O_LIABILITY_CATEGORY-TO-PRLODSTWS1_1#SDM_CLAIM_LIAB"
          },
          {
            "Event": "PRLODSTWS1_1#O_LIABILITY-TO-PRLODSTWS1_1#SDM_CLAIM_LIAB"
          },
          {
            "Event": "PRLODSTWS1_1#O_PRODUCT_LIFE-TO-PRLODSTWS1_1#SDM_CLAIM_LIAB"
          },
          {
            "Event": "PRLODSTWS1_1#O_PROD_BIZ_CATEGORY-TO-PRLODSTWS1_1#SDM_CLAIM_LIAB"
          },
          {
            "Event": "PRLODSTWS1_1#SDM_CONTRACT_MASTER-TO-PRLODSTWS1_1#SDM_CLAIM_LIAB"
          }
        ]
      }
    },
    "PRLODSTWS1_1#SDM_CLAIM_PAY_H": {
      "Type": "Job:Database:StoredProcedure",
      "ConnectionProfile": "_",
      "StoredProcedure": "sqlext.SDM_CLAIM_PAY_H_SP",
      "DaysKeepActive": "1",
      "SubApplication": "PRLODSTWS1_1",
      "Priority": "Very Low",
      "Host": "PRLODSTWS1",
      "CreatedBy": "emuser",
      "Description": "== Conversion Messages Start ==\\n\\nMessage ID\\t: WRN6031 (941-1508)\\n\\n== Conversion Messages End ==\\nAdded by composer.",
      "RunAs": "controlm",
      "TimeZone": "HKG",
      "Application": "PRLODSTWS1_1",
      "Variables": [
        {
          "DB-STP_SCHEM": ""
        }
      ],
      "When": {
        "WeekDays": [
          "NONE"
        ],
        "Months": [
          "NONE"
        ],
        "MonthDays": [
          "NONE"
        ],
        "DaysRelation": "OR",
        "RuleBasedCalendars": {
          "Included": [
            "RC1"
          ]
        }
      },
      "eventsToWaitFor": {
        "Type": "WaitForEvents",
        "Events": [
          {
            "Event": "PRLODSTWS1_1#SDM_CLAIM_PAY-TO-PRLODSTWS1_1#SDM_CLAIM_PAY_H"
          }
        ]
      },
      "eventsToAdd": {
        "Type": "AddEvents",
        "Events": [
          {
            "Event": "PRLODSTWS1_1#SDM_CLAIM_PAY_H-TO-PRLODSTWS1_1#FIN_0990_11G"
          },
          {
            "Event": "PRLODSTWS1_1#SDM_CLAIM_PAY_H-TO-PRLODSTWS1_1#CLM_0620_11G"
          }
        ]
      },
      "eventsToDelete": {
        "Type": "DeleteEvents",
        "Events": [
          {
            "Event": "PRLODSTWS1_1#SDM_CLAIM_PAY-TO-PRLODSTWS1_1#SDM_CLAIM_PAY_H"
          }
        ]
      }
    },
    "PRLODSTWS1_1#SDM_CLAIM_DIAGNOSIS": {
      "Type": "Job:Database:StoredProcedure",
      "ConnectionProfile": "_",
      "StoredProcedure": "sqlext.SDM_CLAIM_DIAGNOSIS_SP",
      "DaysKeepActive": "1",
      "SubApplication": "PRLODSTWS1_1",
      "Priority": "Very Low",
      "Host": "PRLODSTWS1",
      "CreatedBy": "emuser",
      "Description": "== Conversion Messages Start ==\\n\\nMessage ID\\t: WRN6031 (942-1509)\\n\\n== Conversion Messages End ==\\nAdded by composer.",
      "RunAs": "controlm",
      "TimeZone": "HKG",
      "Application": "PRLODSTWS1_1",
      "Variables": [
        {
          "DB-STP_SCHEM": ""
        }
      ],
      "When": {
        "WeekDays": [
          "NONE"
        ],
        "Months": [
          "NONE"
        ],
        "MonthDays": [
          "NONE"
        ],
        "DaysRelation": "OR",
        "RuleBasedCalendars": {
          "Included": [
            "RC1"
          ]
        }
      },
      "eventsToWaitFor": {
        "Type": "WaitForEvents",
        "Events": [
          {
            "Event": "PRLODSTWS1_1#O_CLAIM_DIAGNOSIS-TO-PRLODSTWS1_1#SDM_CLAIM_DIAGNOSIS"
          },
          {
            "Event": "PRLODSTWS1_1#O_DIAGNOSIS-TO-PRLODSTWS1_1#SDM_CLAIM_DIAGNOSIS"
          }
        ]
      },
      "eventsToAdd": {
        "Type": "AddEvents",
        "Events": [
          {
            "Event": "PRLODSTWS1_1#SDM_CLAIM_DIAGNOSIS-TO-PRLODSTWS1_1#CLM_0340_11G"
          },
          {
            "Event": "PRLODSTWS1_1#SDM_CLAIM_DIAGNOSIS-TO-PRLODSTWS1_1#CLM_0420_11G"
          },
          {
            "Event": "PRLODSTWS1_1#SDM_CLAIM_DIAGNOSIS-TO-PRLODSTWS1_1#CLM_0480_11G"
          },
          {
            "Event": "PRLODSTWS1_1#SDM_CLAIM_DIAGNOSIS-TO-PRLODSTWS1_1#CLM_0360_11G"
          },
          {
            "Event": "PRLODSTWS1_1#SDM_CLAIM_DIAGNOSIS-TO-PRLODSTWS1_1#CLM_0400_11G"
          }
        ]
      },
      "eventsToDelete": {
        "Type": "DeleteEvents",
        "Events": [
          {
            "Event": "PRLODSTWS1_1#O_CLAIM_DIAGNOSIS-TO-PRLODSTWS1_1#SDM_CLAIM_DIAGNOSIS"
          },
          {
            "Event": "PRLODSTWS1_1#O_DIAGNOSIS-TO-PRLODSTWS1_1#SDM_CLAIM_DIAGNOSIS"
          }
        ]
      }
    },
    "eventsToAdd": {
      "Type": "AddEvents",
      "Events": [
        {
          "Event": "PRLODSTWS1_1#D_SDM_CLM-TO-PRLODSTWS1_1#SYS_BDS_STS_SDM"
        }
      ]
    }
  }
}
