{
  "PRLODSTWS1_1#M_RPT_FIN_50": {
    "Type": "Folder",
    "ControlmServer": "CTM",
    "Description": "== Conversion Messages Start ==\\n\\nMessage ID\\t: INF6107 (6778-12146)\\n\\nMessage ID\\t: INF6104 (6779-12146)\\n\\n== Conversion Messages End ==\\n",
    "OrderMethod": "Manual",
    "SubApplication": "PRLODSTWS1_1",
    "CreatedBy": "emuser",
    "Priority": "9W",
    "TimeZone": "HKG",
    "Application": "PRLODSTWS1_1",
    "When": {
      "RuleBasedCalendars": {
        "Included": [
          "RC1"
        ],
        "RC1": {
          "Type": "Calendar:RuleBased",
          "When": {
            "MonthDaysCalendar": "RCG-M-NAT",
            "DaysRelation": "OR",
            "DaysKeepActive": "01",
            "WeekDays": [
              "NONE"
            ],
            "MonthDays": [
              "NONE"
            ]
          }
        }
      }
    },
    "PRLODSTWS1_1#FIN_0440_11G": {
      "Type": "Job:Database:StoredProcedure",
      "ConnectionProfile": "_",
      "StoredProcedure": "sqlext.FIN_0440_11G_SP",
      "DaysKeepActive": "1",
      "SubApplication": "PRLODSTWS1_1",
      "Priority": "Very Low",
      "Host": "PRLODSTWS1",
      "CreatedBy": "emuser",
      "Description": "== Conversion Messages Start ==\\n\\nMessage ID\\t: WRN6031 (6776-12147)\\n\\n== Conversion Messages End ==\\nAdded by composer.",
      "RunAs": "controlm",
      "TimeZone": "HKG",
      "Application": "PRLODSTWS1_1",
      "Variables": [
        {
          "DB-STP_SCHEM": ""
        }
      ],
      "When": {
        "WeekDays": [
          "NONE"
        ],
        "Months": [
          "NONE"
        ],
        "MonthDays": [
          "NONE"
        ],
        "DaysRelation": "OR",
        "RuleBasedCalendars": {
          "Included": [
            "RC1"
          ]
        }
      },
      "eventsToWaitFor": {
        "Type": "WaitForEvents",
        "Events": [
          {
            "Event": "PRLODSTWS1_1#O_NATIONALITY_CODE-TO-PRLODSTWS1_1#FIN_0440_11G"
          },
          {
            "Event": "PRLODSTWS1_1#O_STRING_RESOURCE-TO-PRLODSTWS1_1#FIN_0440_11G"
          },
          {
            "Event": "PRLODSTWS1_1#O_MONEY-TO-PRLODSTWS1_1#FIN_0440_11G"
          },
          {
            "Event": "PRLODSTWS1_1#O_PROD_BIZ_CATEGORY-TO-PRLODSTWS1_1#FIN_0440_11G"
          },
          {
            "Event": "PRLODSTWS1_1#SDM_FIN_MSR_PROD_SET-TO-PRLODSTWS1_1#FIN_0440_11G"
          },
          {
            "Event": "PRLODSTWS1_1#SDM_GL_EXG_RATE_SMY-TO-PRLODSTWS1_1#FIN_0440_11G"
          },
          {
            "Event": "PRLODSTWS1_1#SDM_AGENT-TO-PRLODSTWS1_1#FIN_0440_11G"
          },
          {
            "Event": "PRLODSTWS1_1#SDM_CONTRACT_PRODUCT-TO-PRLODSTWS1_1#FIN_0440_11G"
          },
          {
            "Event": "PRLODSTWS1_1#SDM_CONTRACT_MASTER-TO-PRLODSTWS1_1#FIN_0440_11G"
          },
          {
            "Event": "PRLODSTWS1_1#SDM_INSURED_LIST-TO-PRLODSTWS1_1#FIN_0440_11G"
          },
          {
            "Event": "PRLODSTWS1_1#FIN_REF_FEE_AC_TYPE-TO-PRLODSTWS1_1#FIN_0440_11G"
          },
          {
            "Event": "PRLODSTWS1_1#SDM_FIN_MSR_SA-TO-PRLODSTWS1_1#FIN_0440_11G"
          }
        ]
      },
      "eventsToAdd": {
        "Type": "AddEvents",
        "Events": [
          {
            "Event": "PRLODSTWS1_1#FIN_0440_11G-TO-PRLODSTWS1_1#FIN_1630_11G"
          },
          {
            "Event": "PRLODSTWS1_1#FIN_0440_11G-TO-PRLODSTWS1_1#FIN_1490_11G"
          },
          {
            "Event": "PRLODSTWS1_1#FIN_0440_11G-TO-PRLODSTWS1_1#FIN_1570_11G"
          },
          {
            "Event": "PRLODSTWS1_1#FIN_0440_11G-TO-PRLODSTWS1_1#FIN_1630_11G_1"
          },
          {
            "Event": "PRLODSTWS1_1#FIN_0440_11G-TO-PRLODSTWS1_1#FIN_0440_PARAM_3"
          },
          {
            "Event": "PRLODSTWS1_1#FIN_0440_11G-TO-PRLODSTWS1_1#FIN_0760_11G_3"
          },
          {
            "Event": "PRLODSTWS1_1#FIN_0440_11G-TO-PRLODSTWS1_1#FIN_0740_11G_3"
          },
          {
            "Event": "PRLODSTWS1_1#FIN_0440_11G-TO-PRLODSTWS1_1#FIN_0570_11G_3"
          },
          {
            "Event": "PRLODSTWS1_1#FIN_0440_11G-TO-PRLODSTWS1_1#FIN_1610_11G_3"
          },
          {
            "Event": "PRLODSTWS1_1#FIN_0440_11G-TO-PRLODSTWS1_1#FIN_1600_11G_3"
          },
          {
            "Event": "PRLODSTWS1_1#FIN_0440_11G-TO-PRLODSTWS1_1#FIN_0650_11G_3"
          }
        ]
      },
      "eventsToDelete": {
        "Type": "DeleteEvents",
        "Events": [
          {
            "Event": "PRLODSTWS1_1#O_NATIONALITY_CODE-TO-PRLODSTWS1_1#FIN_0440_11G"
          },
          {
            "Event": "PRLODSTWS1_1#O_STRING_RESOURCE-TO-PRLODSTWS1_1#FIN_0440_11G"
          },
          {
            "Event": "PRLODSTWS1_1#O_MONEY-TO-PRLODSTWS1_1#FIN_0440_11G"
          },
          {
            "Event": "PRLODSTWS1_1#O_PROD_BIZ_CATEGORY-TO-PRLODSTWS1_1#FIN_0440_11G"
          },
          {
            "Event": "PRLODSTWS1_1#SDM_FIN_MSR_PROD_SET-TO-PRLODSTWS1_1#FIN_0440_11G"
          },
          {
            "Event": "PRLODSTWS1_1#SDM_GL_EXG_RATE_SMY-TO-PRLODSTWS1_1#FIN_0440_11G"
          },
          {
            "Event": "PRLODSTWS1_1#SDM_AGENT-TO-PRLODSTWS1_1#FIN_0440_11G"
          },
          {
            "Event": "PRLODSTWS1_1#SDM_CONTRACT_PRODUCT-TO-PRLODSTWS1_1#FIN_0440_11G"
          },
          {
            "Event": "PRLODSTWS1_1#SDM_CONTRACT_MASTER-TO-PRLODSTWS1_1#FIN_0440_11G"
          },
          {
            "Event": "PRLODSTWS1_1#SDM_INSURED_LIST-TO-PRLODSTWS1_1#FIN_0440_11G"
          },
          {
            "Event": "PRLODSTWS1_1#FIN_REF_FEE_AC_TYPE-TO-PRLODSTWS1_1#FIN_0440_11G"
          },
          {
            "Event": "PRLODSTWS1_1#SDM_FIN_MSR_SA-TO-PRLODSTWS1_1#FIN_0440_11G"
          }
        ]
      }
    },
    "PRLODSTWS1_1#FIN_0440_CM": {
      "Type": "Job:Command",
      "DaysKeepActive": "1",
      "SubApplication": "PRLODSTWS1_1",
      "Priority": "Very Low",
      "Host": "PRLODSTWS1",
      "CreatedBy": "emuser",
      "Description": "Common Shell Template",
      "RunAs": "controlm",
      "TimeZone": "HKG",
      "Application": "PRLODSTWS1_1",
      "Command": "/home/tws/ods_batch_home/esp.batch.scripts/run.cmd.sh M_RPT_FIN ${tws.job.name} %%\\\\global\\END_DT_CHAR.",
      "When": {
        "WeekDays": [
          "NONE"
        ],
        "Months": [
          "NONE"
        ],
        "MonthDays": [
          "NONE"
        ],
        "DaysRelation": "OR",
        "RuleBasedCalendars": {
          "Included": [
            "RC1"
          ]
        }
      },
      "eventsToWaitFor": {
        "Type": "WaitForEvents",
        "Events": [
          {
            "Event": "PRLODSTWS1_1#FIN_0440_EX-TO-PRLODSTWS1_1#FIN_0440_CM_6"
          }
        ]
      },
      "eventsToAdd": {
        "Type": "AddEvents",
        "Events": [
          {
            "Event": "PRLODSTWS1_1#FIN_0440_CM-TO-PRLODSTWS1_1#FIN_0440_CF_6"
          }
        ]
      },
      "eventsToDelete": {
        "Type": "DeleteEvents",
        "Events": [
          {
            "Event": "PRLODSTWS1_1#FIN_0440_EX-TO-PRLODSTWS1_1#FIN_0440_CM_6"
          }
        ]
      }
    },
    "PRLODSTWS1_1#FIN_0440_CF": {
      "Type": "Job:Command",
      "DaysKeepActive": "1",
      "SubApplication": "PRLODSTWS1_1",
      "Priority": "Very Low",
      "Host": "PRLODSTWS1",
      "CreatedBy": "emuser",
      "Description": "archiving file for batch",
      "RunAs": "controlm",
      "TimeZone": "HKG",
      "Application": "PRLODSTWS1_1",
      "Command": "/home/tws/ods_batch_home/esp.batch.scripts/archiving.file.sh M_RPT_FIN ${tws.job.name} %%\\\\global\\END_DT_CHAR.",
      "When": {
        "WeekDays": [
          "NONE"
        ],
        "Months": [
          "NONE"
        ],
        "MonthDays": [
          "NONE"
        ],
        "DaysRelation": "OR",
        "RuleBasedCalendars": {
          "Included": [
            "RC1"
          ]
        }
      },
      "eventsToWaitFor": {
        "Type": "WaitForEvents",
        "Events": [
          {
            "Event": "PRLODSTWS1_1#FIN_0440_CM-TO-PRLODSTWS1_1#FIN_0440_CF_6"
          }
        ]
      },
      "eventsToDelete": {
        "Type": "DeleteEvents",
        "Events": [
          {
            "Event": "PRLODSTWS1_1#FIN_0440_CM-TO-PRLODSTWS1_1#FIN_0440_CF_6"
          }
        ]
      }
    },
    "PRLODSTWS1_1#FIN_0440_EX": {
      "Type": "Job:Command",
      "DaysKeepActive": "1",
      "SubApplication": "PRLODSTWS1_1",
      "Priority": "Very Low",
      "Host": "PRLODSTWS1",
      "CreatedBy": "emuser",
      "Description": "CSV Export for batch",
      "RunAs": "controlm",
      "TimeZone": "HKG",
      "Application": "PRLODSTWS1_1",
      "Command": "/home/tws/ods_batch_home/esp.batch.scripts/gen.table2File.sh M_RPT_FIN ${tws.job.name} %%\\\\global\\END_DT_CHAR.",
      "When": {
        "WeekDays": [
          "NONE"
        ],
        "Months": [
          "NONE"
        ],
        "MonthDays": [
          "NONE"
        ],
        "DaysRelation": "OR",
        "RuleBasedCalendars": {
          "Included": [
            "RC1"
          ]
        }
      },
      "eventsToWaitFor": {
        "Type": "WaitForEvents",
        "Events": [
          {
            "Event": "PRLODSTWS1_1#FIN_0440_PARAM-TO-PRLODSTWS1_1#FIN_0440_EX_6"
          }
        ]
      },
      "eventsToAdd": {
        "Type": "AddEvents",
        "Events": [
          {
            "Event": "PRLODSTWS1_1#FIN_0440_EX-TO-PRLODSTWS1_1#FIN_0440_CM_6"
          }
        ]
      },
      "eventsToDelete": {
        "Type": "DeleteEvents",
        "Events": [
          {
            "Event": "PRLODSTWS1_1#FIN_0440_PARAM-TO-PRLODSTWS1_1#FIN_0440_EX_6"
          }
        ]
      }
    },
    "PRLODSTWS1_1#FIN_0440_PARAM": {
      "Type": "Job:Database:StoredProcedure",
      "ConnectionProfile": "_",
      "StoredProcedure": "sqlext.FIN_0440_PARAM_SP",
      "DaysKeepActive": "1",
      "SubApplication": "PRLODSTWS1_1",
      "Priority": "Very Low",
      "Host": "PRLODSTWS1",
      "CreatedBy": "emuser",
      "Description": "== Conversion Messages Start ==\\n\\nMessage ID\\t: WRN6031 (6777-12151)\\n\\n== Conversion Messages End ==\\nAdded by composer.",
      "RunAs": "controlm",
      "TimeZone": "HKG",
      "Application": "PRLODSTWS1_1",
      "Variables": [
        {
          "DB-STP_SCHEM": ""
        }
      ],
      "When": {
        "WeekDays": [
          "NONE"
        ],
        "Months": [
          "NONE"
        ],
        "MonthDays": [
          "NONE"
        ],
        "DaysRelation": "OR",
        "RuleBasedCalendars": {
          "Included": [
            "RC1"
          ]
        }
      },
      "eventsToWaitFor": {
        "Type": "WaitForEvents",
        "Events": [
          {
            "Event": "PRLODSTWS1_1#FIN_0440_11G-TO-PRLODSTWS1_1#FIN_0440_PARAM_3"
          },
          {
            "Event": "PRLODSTWS1_1#FIN_JOB_PARAM-TO-PRLODSTWS1_1#FIN_0440_PARAM"
          }
        ]
      },
      "eventsToAdd": {
        "Type": "AddEvents",
        "Events": [
          {
            "Event": "PRLODSTWS1_1#FIN_0440_PARAM-TO-PRLODSTWS1_1#FIN_0440_EX_6"
          }
        ]
      },
      "eventsToDelete": {
        "Type": "DeleteEvents",
        "Events": [
          {
            "Event": "PRLODSTWS1_1#FIN_0440_11G-TO-PRLODSTWS1_1#FIN_0440_PARAM_3"
          },
          {
            "Event": "PRLODSTWS1_1#FIN_JOB_PARAM-TO-PRLODSTWS1_1#FIN_0440_PARAM"
          }
        ]
      }
    },
    "eventsToAdd": {
      "Type": "AddEvents",
      "Events": [
        {
          "Event": "PRLODSTWS1_1#M_RPT_FIN_50-TO-PRLODSTWS1_1#BDS_STS_RPT_FIN"
        }
      ]
    }
  }
}
