{
  "PRLODSTWS1_1#M_ODS_FNR": {
    "Type": "Folder",
    "ControlmServer": "CTM",
    "Description": "== Conversion Messages Start ==\\n\\nMessage ID\\t: INF6107 (633-1014)\\n\\nMessage ID\\t: INF6104 (634-1014)\\n\\n== Conversion Messages End ==\\n",
    "OrderMethod": "Manual",
    "SubApplication": "PRLODSTWS1_1",
    "CreatedBy": "emuser",
    "Priority": "9W",
    "TimeZone": "HKG",
    "Application": "PRLODSTWS1_1",
    "When": {
      "RuleBasedCalendars": {
        "Included": [
          "RC1"
        ],
        "RC1": {
          "Type": "Calendar:RuleBased",
          "When": {
            "MonthDaysCalendar": "RCG-M-NAT",
            "DaysRelation": "OR",
            "DaysKeepActive": "01",
            "WeekDays": [
              "NONE"
            ],
            "MonthDays": [
              "NONE"
            ]
          }
        }
      }
    },
    "PRLODSTWS1_1#FIN_1540_L": {
      "Type": "Job:Database:StoredProcedure",
      "ConnectionProfile": "_",
      "StoredProcedure": "sqlext.FIN_1540_L_SP",
      "DaysKeepActive": "1",
      "SubApplication": "PRLODSTWS1_1",
      "Priority": "Very Low",
      "Host": "PRLODSTWS1",
      "CreatedBy": "emuser",
      "Description": "== Conversion Messages Start ==\\n\\nMessage ID\\t: WRN6031 (630-1015)\\n\\n== Conversion Messages End ==\\nAdded by composer.",
      "RunAs": "controlm",
      "TimeZone": "HKG",
      "Application": "PRLODSTWS1_1",
      "Variables": [
        {
          "DB-STP_SCHEM": ""
        }
      ],
      "When": {
        "WeekDays": [
          "NONE"
        ],
        "Months": [
          "NONE"
        ],
        "MonthDays": [
          "NONE"
        ],
        "DaysRelation": "OR",
        "RuleBasedCalendars": {
          "Included": [
            "RC1"
          ]
        }
      },
      "eventsToWaitFor": {
        "Type": "WaitForEvents",
        "Events": [
          {
            "Event": "PRLODSTWS1_1#FNR_FIN_1540_L_CPD-TO-PRLODSTWS1_1#FIN_1540_L"
          }
        ]
      },
      "eventsToAdd": {
        "Type": "AddEvents",
        "Events": [
          {
            "Event": "PRLODSTWS1_1#FIN_1540_L-TO-PRLODSTWS1_1#FNR_FIN_1540_L_LD"
          }
        ]
      },
      "eventsToDelete": {
        "Type": "DeleteEvents",
        "Events": [
          {
            "Event": "PRLODSTWS1_1#FNR_FIN_1540_L_CPD-TO-PRLODSTWS1_1#FIN_1540_L"
          }
        ]
      }
    },
    "PRLODSTWS1_1#FNR_FIN_1540_L_RMH": {
      "Type": "Job:EmbeddedScript",
      "Script": "/usr/bin/rm ^DIR_SOURCE^FNR/RQ/CTRL/FIN_1540_L/FIN_1540_L_^END_DT_CHAR^.txt",
      "DaysKeepActive": "1",
      "SubApplication": "PRLODSTWS1_1",
      "Priority": "Very Low",
      "FileName": "PRLODSTWS1_1#FNR_FIN_1540_L_RMH.cmd",
      "Host": "PRLODSTWS1",
      "CreatedBy": "emuser",
      "Description": "Common Local Batch Template",
      "RunAs": "controlm",
      "TimeZone": "HKG",
      "Application": "PRLODSTWS1_1",
      "When": {
        "WeekDays": [
          "NONE"
        ],
        "Months": [
          "NONE"
        ],
        "MonthDays": [
          "NONE"
        ],
        "DaysRelation": "OR",
        "RuleBasedCalendars": {
          "Included": [
            "RC1"
          ]
        }
      },
      "eventsToWaitFor": {
        "Type": "WaitForEvents",
        "Events": [
          {
            "Event": "PRLODSTWS1_1#O_FNR_FIN_1540_L-TO-PRLODSTWS1_1#FNR_FIN_1540_L_RMH"
          }
        ]
      },
      "eventsToAdd": {
        "Type": "AddEvents",
        "Events": [
          {
            "Event": "PRLODSTWS1_1#FNR_FIN_1540_L_RMH-TO-PRLODSTWS1_1#FNR_FIN_1540_L_RMD"
          }
        ]
      },
      "eventsToDelete": {
        "Type": "DeleteEvents",
        "Events": [
          {
            "Event": "PRLODSTWS1_1#O_FNR_FIN_1540_L-TO-PRLODSTWS1_1#FNR_FIN_1540_L_RMH"
          }
        ]
      }
    },
    "PRLODSTWS1_1#FNR_FIN_1540_L_WH": {
      "Type": "Job:EmbeddedScript",
      "Script": "date",
      "DaysKeepActive": "1",
      "SubApplication": "PRLODSTWS1_1",
      "Priority": "Very Low",
      "FileName": "PRLODSTWS1_1#FNR_FIN_1540_L_WH.cmd",
      "Host": "PRLODSTWS1",
      "CreatedBy": "emuser",
      "Description": "== Conversion Messages Start ==\\n\\nMessage ID\\t: INF6110 (631-1017)\\n\\n== Conversion Messages End ==\\nCommon Remote Batch Template",
      "RunAs": "controlm",
      "TimeZone": "HKG",
      "Application": "PRLODSTWS1_1",
      "When": {
        "WeekDays": [
          "NONE"
        ],
        "Months": [
          "NONE"
        ],
        "MonthDays": [
          "NONE"
        ],
        "DaysRelation": "OR",
        "RuleBasedCalendars": {
          "Included": [
            "RC1"
          ]
        }
      },
      "eventsToWaitFor": {
        "Type": "WaitForEvents",
        "Events": [
          {
            "Event": "PRLODSTWS1_1#SYS_STS_STG-TO-PRLODSTWS1_1#FNR_FIN_1540_L_WH"
          },
          {
            "Event": "PRLODSTWS1_1#FNR_FIN_1540_L_WH@PRLODSTWS1_1#M_ODS_FNR_opens_0"
          }
        ]
      },
      "eventsToAdd": {
        "Type": "AddEvents",
        "Events": [
          {
            "Event": "PRLODSTWS1_1#FNR_FIN_1540_L_WH-TO-PRLODSTWS1_1#FNR_FIN_1540_L_CPH"
          }
        ]
      },
      "eventsToDelete": {
        "Type": "DeleteEvents",
        "Events": [
          {
            "Event": "PRLODSTWS1_1#SYS_STS_STG-TO-PRLODSTWS1_1#FNR_FIN_1540_L_WH"
          },
          {
            "Event": "PRLODSTWS1_1#FNR_FIN_1540_L_WH@PRLODSTWS1_1#M_ODS_FNR_opens_0"
          }
        ]
      }
    },
    "PRLODSTWS1_1#FNR_FIN_1540_L_WH_opens_0": {
      "Type": "Job:FileWatcher:Create",
      "TimeLimit": "1380",
      "Wildcard": true,
      "Path": "%%DIR_SOURCEFNR/RQ/CTRL/FIN_1540_L/FIN_1540_L_%%END_DT_CHAR.txt",
      "SubApplication": "PRLODSTWS1_1",
      "Priority": "Very Low",
      "FileName": "PRLODSTWS1_1#FNR_FIN_1540_L_WH_opens_0",
      "Host": "PRLODSTWS1_1",
      "FilePath": "Not in use for File Watcher jobs",
      "CreatedBy": "emuser",
      "Description": "Assisting job created for PRLODSTWS1_1#FNR_FIN_1540_L_WH",
      "RunAs": "controlm",
      "Application": "PRLODSTWS1_1",
      "Variables": [
        {
          "END_DT_CHAR": "20220609"
        },
        {
          "DIR_SOURCE": "/home/tws/ods_batch_home/etl/SOURCE/"
        },
        {
          "FileWatch-PATH": "Not in use for File Watcher jobs"
        }
      ],
      "When": {
        "WeekDays": [
          "NONE"
        ],
        "Months": [
          "NONE"
        ],
        "MonthDays": [
          "NONE"
        ],
        "DaysRelation": "OR",
        "RuleBasedCalendars": {
          "Included": [
            "RC1"
          ]
        }
      },
      "eventsToAdd": {
        "Type": "AddEvents",
        "Events": [
          {
            "Event": "PRLODSTWS1_1#FNR_FIN_1540_L_WH@PRLODSTWS1_1#M_ODS_FNR_opens_0"
          }
        ]
      }
    },
    "PRLODSTWS1_1#FNR_FIN_1540_L_CPD": {
      "Type": "Job:EmbeddedScript",
      "Script": "/usr/bin/cp ^DIR_SOURCE^FNR/RQ/DATA/FIN_1540_L/FIN_1540_L_^END_DT_CHAR^.txt  ^DIR_TEMP^/FNR/FIN_1540_L.D",
      "DaysKeepActive": "1",
      "SubApplication": "PRLODSTWS1_1",
      "Priority": "Very Low",
      "FileName": "PRLODSTWS1_1#FNR_FIN_1540_L_CPD.cmd",
      "Host": "PRLODSTWS1",
      "CreatedBy": "emuser",
      "Description": "Common Local Batch Template",
      "RunAs": "controlm",
      "TimeZone": "HKG",
      "Application": "PRLODSTWS1_1",
      "When": {
        "WeekDays": [
          "NONE"
        ],
        "Months": [
          "NONE"
        ],
        "MonthDays": [
          "NONE"
        ],
        "DaysRelation": "OR",
        "RuleBasedCalendars": {
          "Included": [
            "RC1"
          ]
        }
      },
      "eventsToWaitFor": {
        "Type": "WaitForEvents",
        "Events": [
          {
            "Event": "PRLODSTWS1_1#FNR_FIN_1540_L_CPH-TO-PRLODSTWS1_1#FNR_FIN_1540_L_CPD"
          }
        ]
      },
      "eventsToAdd": {
        "Type": "AddEvents",
        "Events": [
          {
            "Event": "PRLODSTWS1_1#FNR_FIN_1540_L_CPD-TO-PRLODSTWS1_1#FIN_1540_L"
          }
        ]
      },
      "eventsToDelete": {
        "Type": "DeleteEvents",
        "Events": [
          {
            "Event": "PRLODSTWS1_1#FNR_FIN_1540_L_CPH-TO-PRLODSTWS1_1#FNR_FIN_1540_L_CPD"
          }
        ]
      }
    },
    "PRLODSTWS1_1#O_FNR_FIN_1540_L": {
      "Type": "Job:Database:StoredProcedure",
      "ConnectionProfile": "_",
      "StoredProcedure": "sqlext.O_FNR_FIN_1540_L_SP",
      "DaysKeepActive": "1",
      "SubApplication": "PRLODSTWS1_1",
      "Priority": "Very Low",
      "Host": "PRLODSTWS1",
      "CreatedBy": "emuser",
      "Description": "== Conversion Messages Start ==\\n\\nMessage ID\\t: WRN6031 (632-1020)\\n\\n== Conversion Messages End ==\\nAdded by composer.",
      "RunAs": "controlm",
      "TimeZone": "HKG",
      "Application": "PRLODSTWS1_1",
      "Variables": [
        {
          "DB-STP_SCHEM": ""
        }
      ],
      "When": {
        "WeekDays": [
          "NONE"
        ],
        "Months": [
          "NONE"
        ],
        "MonthDays": [
          "NONE"
        ],
        "DaysRelation": "OR",
        "RuleBasedCalendars": {
          "Included": [
            "RC1"
          ]
        }
      },
      "eventsToWaitFor": {
        "Type": "WaitForEvents",
        "Events": [
          {
            "Event": "PRLODSTWS1_1#FNR_FIN_1540_L_LD-TO-PRLODSTWS1_1#O_FNR_FIN_1540_L"
          }
        ]
      },
      "eventsToAdd": {
        "Type": "AddEvents",
        "Events": [
          {
            "Event": "PRLODSTWS1_1#O_FNR_FIN_1540_L-TO-PRLODSTWS1_1#FNR_FIN_1540_L_RMH"
          }
        ]
      },
      "eventsToDelete": {
        "Type": "DeleteEvents",
        "Events": [
          {
            "Event": "PRLODSTWS1_1#FNR_FIN_1540_L_LD-TO-PRLODSTWS1_1#O_FNR_FIN_1540_L"
          }
        ]
      }
    },
    "PRLODSTWS1_1#FNR_FIN_1540_L_LD": {
      "Type": "Job:EmbeddedScript",
      "Script": "^DIR_OUTPUT_STG^FNR/FIN_1540_L/FIN_1540_L.sh ^ETLUSER^  ^ETLPWD^ ^DW_HOST^ ^END_DT_CHAR^",
      "DaysKeepActive": "1",
      "SubApplication": "PRLODSTWS1_1",
      "Priority": "Very Low",
      "FileName": "PRLODSTWS1_1#FNR_FIN_1540_L_LD.cmd",
      "Host": "PRLODSTWS1",
      "CreatedBy": "emuser",
      "Description": "Common Local Batch Template",
      "RunAs": "controlm",
      "TimeZone": "HKG",
      "Application": "PRLODSTWS1_1",
      "When": {
        "WeekDays": [
          "NONE"
        ],
        "Months": [
          "NONE"
        ],
        "MonthDays": [
          "NONE"
        ],
        "DaysRelation": "OR",
        "RuleBasedCalendars": {
          "Included": [
            "RC1"
          ]
        }
      },
      "eventsToWaitFor": {
        "Type": "WaitForEvents",
        "Events": [
          {
            "Event": "PRLODSTWS1_1#FIN_1540_L-TO-PRLODSTWS1_1#FNR_FIN_1540_L_LD"
          }
        ]
      },
      "eventsToAdd": {
        "Type": "AddEvents",
        "Events": [
          {
            "Event": "PRLODSTWS1_1#FNR_FIN_1540_L_LD-TO-PRLODSTWS1_1#O_FNR_FIN_1540_L"
          }
        ]
      },
      "eventsToDelete": {
        "Type": "DeleteEvents",
        "Events": [
          {
            "Event": "PRLODSTWS1_1#FIN_1540_L-TO-PRLODSTWS1_1#FNR_FIN_1540_L_LD"
          }
        ]
      }
    },
    "PRLODSTWS1_1#FNR_FIN_1540_L_RMD": {
      "Type": "Job:EmbeddedScript",
      "Script": "/usr/bin/rm ^DIR_SOURCE^FNR/RQ/DATA/FIN_1540_L/FIN_1540_L_^END_DT_CHAR^.txt",
      "DaysKeepActive": "1",
      "SubApplication": "PRLODSTWS1_1",
      "Priority": "Very Low",
      "FileName": "PRLODSTWS1_1#FNR_FIN_1540_L_RMD.cmd",
      "Host": "PRLODSTWS1",
      "CreatedBy": "emuser",
      "Description": "Common Local Batch Template",
      "RunAs": "controlm",
      "TimeZone": "HKG",
      "Application": "PRLODSTWS1_1",
      "When": {
        "WeekDays": [
          "NONE"
        ],
        "Months": [
          "NONE"
        ],
        "MonthDays": [
          "NONE"
        ],
        "DaysRelation": "OR",
        "RuleBasedCalendars": {
          "Included": [
            "RC1"
          ]
        }
      },
      "eventsToWaitFor": {
        "Type": "WaitForEvents",
        "Events": [
          {
            "Event": "PRLODSTWS1_1#FNR_FIN_1540_L_RMH-TO-PRLODSTWS1_1#FNR_FIN_1540_L_RMD"
          }
        ]
      },
      "eventsToDelete": {
        "Type": "DeleteEvents",
        "Events": [
          {
            "Event": "PRLODSTWS1_1#FNR_FIN_1540_L_RMH-TO-PRLODSTWS1_1#FNR_FIN_1540_L_RMD"
          }
        ]
      }
    },
    "PRLODSTWS1_1#FNR_FIN_1540_L_CPH": {
      "Type": "Job:EmbeddedScript",
      "Script": "/usr/bin/cp ^DIR_SOURCE^FNR/RQ/CTRL/FIN_1540_L/FIN_1540_L_^END_DT_CHAR^.txt ^DIR_TEMP^/FNR/FIN_1540_L.H",
      "DaysKeepActive": "1",
      "SubApplication": "PRLODSTWS1_1",
      "Priority": "Very Low",
      "FileName": "PRLODSTWS1_1#FNR_FIN_1540_L_CPH.cmd",
      "Host": "PRLODSTWS1",
      "CreatedBy": "emuser",
      "Description": "Common Local Batch Template",
      "RunAs": "controlm",
      "TimeZone": "HKG",
      "Application": "PRLODSTWS1_1",
      "When": {
        "WeekDays": [
          "NONE"
        ],
        "Months": [
          "NONE"
        ],
        "MonthDays": [
          "NONE"
        ],
        "DaysRelation": "OR",
        "RuleBasedCalendars": {
          "Included": [
            "RC1"
          ]
        }
      },
      "eventsToWaitFor": {
        "Type": "WaitForEvents",
        "Events": [
          {
            "Event": "PRLODSTWS1_1#FNR_FIN_1540_L_WH-TO-PRLODSTWS1_1#FNR_FIN_1540_L_CPH"
          }
        ]
      },
      "eventsToAdd": {
        "Type": "AddEvents",
        "Events": [
          {
            "Event": "PRLODSTWS1_1#FNR_FIN_1540_L_CPH-TO-PRLODSTWS1_1#FNR_FIN_1540_L_CPD"
          }
        ]
      },
      "eventsToDelete": {
        "Type": "DeleteEvents",
        "Events": [
          {
            "Event": "PRLODSTWS1_1#FNR_FIN_1540_L_WH-TO-PRLODSTWS1_1#FNR_FIN_1540_L_CPH"
          }
        ]
      }
    }
  }
}
