{
  "PRLODSTWS1_1#M_ODS_FNF": {
    "Type": "Folder",
    "ControlmServer": "CTM",
    "Description": "== Conversion Messages Start ==\\n\\nMessage ID\\t: INF6107 (678-1094)\\n\\nMessage ID\\t: INF6104 (679-1094)\\n\\n== Conversion Messages End ==\\n",
    "OrderMethod": "Manual",
    "SubApplication": "PRLODSTWS1_1",
    "CreatedBy": "emuser",
    "Priority": "9W",
    "TimeZone": "HKG",
    "Application": "PRLODSTWS1_1",
    "When": {
      "RuleBasedCalendars": {
        "Included": [
          "RC1"
        ],
        "RC1": {
          "Type": "Calendar:RuleBased",
          "When": {
            "MonthDaysCalendar": "RCG-M-NAT",
            "DaysRelation": "OR",
            "DaysKeepActive": "01",
            "WeekDays": [
              "NONE"
            ],
            "MonthDays": [
              "NONE"
            ]
          }
        }
      }
    },
    "PRLODSTWS1_1#FNF_FIN_1000_G_LD": {
      "Type": "Job:EmbeddedScript",
      "Script": "^DIR_OUTPUT_STG^FNF/FIN_1000_G/FIN_1000_G.sh ^ETLUSER^  ^ETLPWD^ ^DW_HOST^ ^END_DT_CHAR^",
      "DaysKeepActive": "1",
      "SubApplication": "PRLODSTWS1_1",
      "Priority": "Very Low",
      "FileName": "PRLODSTWS1_1#FNF_FIN_1000_G_LD.cmd",
      "Host": "PRLODSTWS1",
      "CreatedBy": "emuser",
      "Description": "Common Local Batch Template",
      "RunAs": "controlm",
      "TimeZone": "HKG",
      "Application": "PRLODSTWS1_1",
      "When": {
        "WeekDays": [
          "NONE"
        ],
        "Months": [
          "NONE"
        ],
        "MonthDays": [
          "NONE"
        ],
        "DaysRelation": "OR",
        "RuleBasedCalendars": {
          "Included": [
            "RC1"
          ]
        }
      },
      "eventsToWaitFor": {
        "Type": "WaitForEvents",
        "Events": [
          {
            "Event": "PRLODSTWS1_1#FIN_1000_G-TO-PRLODSTWS1_1#FNF_FIN_1000_G_LD"
          }
        ]
      },
      "eventsToAdd": {
        "Type": "AddEvents",
        "Events": [
          {
            "Event": "PRLODSTWS1_1#FNF_FIN_1000_G_LD-TO-PRLODSTWS1_1#O_FNF_FIN_1000_G"
          }
        ]
      },
      "eventsToDelete": {
        "Type": "DeleteEvents",
        "Events": [
          {
            "Event": "PRLODSTWS1_1#FIN_1000_G-TO-PRLODSTWS1_1#FNF_FIN_1000_G_LD"
          }
        ]
      }
    },
    "PRLODSTWS1_1#FNF_FIN_0430_G_CPH": {
      "Type": "Job:EmbeddedScript",
      "Script": "/usr/bin/cp ^DIR_SOURCE^FNF/RQ/CTRL/FIN_0430_G/FIN_0430_G_^END_DT_CHAR^.txt ^DIR_TEMP^/FNF/FIN_0430_G.H",
      "DaysKeepActive": "1",
      "SubApplication": "PRLODSTWS1_1",
      "Priority": "Very Low",
      "FileName": "PRLODSTWS1_1#FNF_FIN_0430_G_CPH.cmd",
      "Host": "PRLODSTWS1",
      "CreatedBy": "emuser",
      "Description": "Common Local Batch Template",
      "RunAs": "controlm",
      "TimeZone": "HKG",
      "Application": "PRLODSTWS1_1",
      "When": {
        "WeekDays": [
          "NONE"
        ],
        "Months": [
          "NONE"
        ],
        "MonthDays": [
          "NONE"
        ],
        "DaysRelation": "OR",
        "RuleBasedCalendars": {
          "Included": [
            "RC1"
          ]
        }
      },
      "eventsToWaitFor": {
        "Type": "WaitForEvents",
        "Events": [
          {
            "Event": "PRLODSTWS1_1#FNF_FIN_0430_G_WH-TO-PRLODSTWS1_1#FNF_FIN_0430_G_CPH"
          }
        ]
      },
      "eventsToAdd": {
        "Type": "AddEvents",
        "Events": [
          {
            "Event": "PRLODSTWS1_1#FNF_FIN_0430_G_CPH-TO-PRLODSTWS1_1#FNF_FIN_0430_G_CPD"
          }
        ]
      },
      "eventsToDelete": {
        "Type": "DeleteEvents",
        "Events": [
          {
            "Event": "PRLODSTWS1_1#FNF_FIN_0430_G_WH-TO-PRLODSTWS1_1#FNF_FIN_0430_G_CPH"
          }
        ]
      }
    },
    "PRLODSTWS1_1#FNF_FIN_1000_G_WH": {
      "Type": "Job:EmbeddedScript",
      "Script": "date",
      "DaysKeepActive": "1",
      "SubApplication": "PRLODSTWS1_1",
      "Priority": "Very Low",
      "FileName": "PRLODSTWS1_1#FNF_FIN_1000_G_WH.cmd",
      "Host": "PRLODSTWS1",
      "CreatedBy": "emuser",
      "Description": "== Conversion Messages Start ==\\n\\nMessage ID\\t: INF6110 (672-1097)\\n\\n== Conversion Messages End ==\\nCommon Remote Batch Template",
      "RunAs": "controlm",
      "TimeZone": "HKG",
      "Application": "PRLODSTWS1_1",
      "When": {
        "WeekDays": [
          "NONE"
        ],
        "Months": [
          "NONE"
        ],
        "MonthDays": [
          "NONE"
        ],
        "DaysRelation": "OR",
        "RuleBasedCalendars": {
          "Included": [
            "RC1"
          ]
        }
      },
      "eventsToWaitFor": {
        "Type": "WaitForEvents",
        "Events": [
          {
            "Event": "PRLODSTWS1_1#SYS_STS_STG-TO-PRLODSTWS1_1#FNF_FIN_1000_G_WH"
          },
          {
            "Event": "PRLODSTWS1_1#FNF_FIN_1000_G_WH@PRLODSTWS1_1#M_ODS_FNF_opens_0"
          }
        ]
      },
      "eventsToAdd": {
        "Type": "AddEvents",
        "Events": [
          {
            "Event": "PRLODSTWS1_1#FNF_FIN_1000_G_WH-TO-PRLODSTWS1_1#FNF_FIN_1000_G_CPH"
          }
        ]
      },
      "eventsToDelete": {
        "Type": "DeleteEvents",
        "Events": [
          {
            "Event": "PRLODSTWS1_1#SYS_STS_STG-TO-PRLODSTWS1_1#FNF_FIN_1000_G_WH"
          },
          {
            "Event": "PRLODSTWS1_1#FNF_FIN_1000_G_WH@PRLODSTWS1_1#M_ODS_FNF_opens_0"
          }
        ]
      }
    },
    "PRLODSTWS1_1#FNF_FIN_1000_G_WH_opens_0": {
      "Type": "Job:FileWatcher:Create",
      "TimeLimit": "1380",
      "Wildcard": true,
      "Path": "%%DIR_SOURCEFNF/RQ/CTRL/FIN_1000_G/FIN_1000_G_%%END_DT_CHAR.txt",
      "SubApplication": "PRLODSTWS1_1",
      "Priority": "Very Low",
      "FileName": "PRLODSTWS1_1#FNF_FIN_1000_G_WH_opens_0",
      "Host": "PRLODSTWS1_1",
      "FilePath": "Not in use for File Watcher jobs",
      "CreatedBy": "emuser",
      "Description": "Assisting job created for PRLODSTWS1_1#FNF_FIN_1000_G_WH",
      "RunAs": "controlm",
      "Application": "PRLODSTWS1_1",
      "Variables": [
        {
          "END_DT_CHAR": "20220609"
        },
        {
          "DIR_SOURCE": "/home/tws/ods_batch_home/etl/SOURCE/"
        },
        {
          "FileWatch-PATH": "Not in use for File Watcher jobs"
        }
      ],
      "When": {
        "WeekDays": [
          "NONE"
        ],
        "Months": [
          "NONE"
        ],
        "MonthDays": [
          "NONE"
        ],
        "DaysRelation": "OR",
        "RuleBasedCalendars": {
          "Included": [
            "RC1"
          ]
        }
      },
      "eventsToAdd": {
        "Type": "AddEvents",
        "Events": [
          {
            "Event": "PRLODSTWS1_1#FNF_FIN_1000_G_WH@PRLODSTWS1_1#M_ODS_FNF_opens_0"
          }
        ]
      }
    },
    "PRLODSTWS1_1#FNF_FIN_0430_G_CPD": {
      "Type": "Job:EmbeddedScript",
      "Script": "/usr/bin/cp ^DIR_SOURCE^FNF/RQ/DATA/FIN_0430_G/FIN_0430_G_^END_DT_CHAR^.txt  ^DIR_TEMP^/FNF/FIN_0430_G.D",
      "DaysKeepActive": "1",
      "SubApplication": "PRLODSTWS1_1",
      "Priority": "Very Low",
      "FileName": "PRLODSTWS1_1#FNF_FIN_0430_G_CPD.cmd",
      "Host": "PRLODSTWS1",
      "CreatedBy": "emuser",
      "Description": "Common Local Batch Template",
      "RunAs": "controlm",
      "TimeZone": "HKG",
      "Application": "PRLODSTWS1_1",
      "When": {
        "WeekDays": [
          "NONE"
        ],
        "Months": [
          "NONE"
        ],
        "MonthDays": [
          "NONE"
        ],
        "DaysRelation": "OR",
        "RuleBasedCalendars": {
          "Included": [
            "RC1"
          ]
        }
      },
      "eventsToWaitFor": {
        "Type": "WaitForEvents",
        "Events": [
          {
            "Event": "PRLODSTWS1_1#FNF_FIN_0430_G_CPH-TO-PRLODSTWS1_1#FNF_FIN_0430_G_CPD"
          }
        ]
      },
      "eventsToAdd": {
        "Type": "AddEvents",
        "Events": [
          {
            "Event": "PRLODSTWS1_1#FNF_FIN_0430_G_CPD-TO-PRLODSTWS1_1#FIN_0430_G"
          }
        ]
      },
      "eventsToDelete": {
        "Type": "DeleteEvents",
        "Events": [
          {
            "Event": "PRLODSTWS1_1#FNF_FIN_0430_G_CPH-TO-PRLODSTWS1_1#FNF_FIN_0430_G_CPD"
          }
        ]
      }
    },
    "PRLODSTWS1_1#FNF_FIN_0430_G_WH": {
      "Type": "Job:EmbeddedScript",
      "Script": "date",
      "DaysKeepActive": "1",
      "SubApplication": "PRLODSTWS1_1",
      "Priority": "Very Low",
      "FileName": "PRLODSTWS1_1#FNF_FIN_0430_G_WH.cmd",
      "Host": "PRLODSTWS1",
      "CreatedBy": "emuser",
      "Description": "== Conversion Messages Start ==\\n\\nMessage ID\\t: INF6110 (673-1100)\\n\\n== Conversion Messages End ==\\nCommon Remote Batch Template",
      "RunAs": "controlm",
      "TimeZone": "HKG",
      "Application": "PRLODSTWS1_1",
      "When": {
        "WeekDays": [
          "NONE"
        ],
        "Months": [
          "NONE"
        ],
        "MonthDays": [
          "NONE"
        ],
        "DaysRelation": "OR",
        "RuleBasedCalendars": {
          "Included": [
            "RC1"
          ]
        }
      },
      "eventsToWaitFor": {
        "Type": "WaitForEvents",
        "Events": [
          {
            "Event": "PRLODSTWS1_1#SYS_STS_STG-TO-PRLODSTWS1_1#FNF_FIN_0430_G_WH"
          },
          {
            "Event": "PRLODSTWS1_1#FNF_FIN_0430_G_WH@PRLODSTWS1_1#M_ODS_FNF_opens_0"
          }
        ]
      },
      "eventsToAdd": {
        "Type": "AddEvents",
        "Events": [
          {
            "Event": "PRLODSTWS1_1#FNF_FIN_0430_G_WH-TO-PRLODSTWS1_1#FNF_FIN_0430_G_CPH"
          }
        ]
      },
      "eventsToDelete": {
        "Type": "DeleteEvents",
        "Events": [
          {
            "Event": "PRLODSTWS1_1#SYS_STS_STG-TO-PRLODSTWS1_1#FNF_FIN_0430_G_WH"
          },
          {
            "Event": "PRLODSTWS1_1#FNF_FIN_0430_G_WH@PRLODSTWS1_1#M_ODS_FNF_opens_0"
          }
        ]
      }
    },
    "PRLODSTWS1_1#FNF_FIN_0430_G_WH_opens_0": {
      "Type": "Job:FileWatcher:Create",
      "TimeLimit": "1380",
      "Wildcard": true,
      "Path": "%%DIR_SOURCEFNF/RQ/CTRL/FIN_0430_G/FIN_0430_G_%%END_DT_CHAR.txt",
      "SubApplication": "PRLODSTWS1_1",
      "Priority": "Very Low",
      "FileName": "PRLODSTWS1_1#FNF_FIN_0430_G_WH_opens_0",
      "Host": "PRLODSTWS1_1",
      "FilePath": "Not in use for File Watcher jobs",
      "CreatedBy": "emuser",
      "Description": "Assisting job created for PRLODSTWS1_1#FNF_FIN_0430_G_WH",
      "RunAs": "controlm",
      "Application": "PRLODSTWS1_1",
      "Variables": [
        {
          "END_DT_CHAR": "20220609"
        },
        {
          "DIR_SOURCE": "/home/tws/ods_batch_home/etl/SOURCE/"
        },
        {
          "FileWatch-PATH": "Not in use for File Watcher jobs"
        }
      ],
      "When": {
        "WeekDays": [
          "NONE"
        ],
        "Months": [
          "NONE"
        ],
        "MonthDays": [
          "NONE"
        ],
        "DaysRelation": "OR",
        "RuleBasedCalendars": {
          "Included": [
            "RC1"
          ]
        }
      },
      "eventsToAdd": {
        "Type": "AddEvents",
        "Events": [
          {
            "Event": "PRLODSTWS1_1#FNF_FIN_0430_G_WH@PRLODSTWS1_1#M_ODS_FNF_opens_0"
          }
        ]
      }
    },
    "PRLODSTWS1_1#FNF_FIN_1000_G_RMD": {
      "Type": "Job:EmbeddedScript",
      "Script": "/usr/bin/rm ^DIR_SOURCE^FNF/RQ/DATA/FIN_1000_G/FIN_1000_G_^END_DT_CHAR^.txt",
      "DaysKeepActive": "1",
      "SubApplication": "PRLODSTWS1_1",
      "Priority": "Very Low",
      "FileName": "PRLODSTWS1_1#FNF_FIN_1000_G_RMD.cmd",
      "Host": "PRLODSTWS1",
      "CreatedBy": "emuser",
      "Description": "Common Local Batch Template",
      "RunAs": "controlm",
      "TimeZone": "HKG",
      "Application": "PRLODSTWS1_1",
      "When": {
        "WeekDays": [
          "NONE"
        ],
        "Months": [
          "NONE"
        ],
        "MonthDays": [
          "NONE"
        ],
        "DaysRelation": "OR",
        "RuleBasedCalendars": {
          "Included": [
            "RC1"
          ]
        }
      },
      "eventsToWaitFor": {
        "Type": "WaitForEvents",
        "Events": [
          {
            "Event": "PRLODSTWS1_1#FNF_FIN_1000_G_RMH-TO-PRLODSTWS1_1#FNF_FIN_1000_G_RMD"
          }
        ]
      },
      "eventsToDelete": {
        "Type": "DeleteEvents",
        "Events": [
          {
            "Event": "PRLODSTWS1_1#FNF_FIN_1000_G_RMH-TO-PRLODSTWS1_1#FNF_FIN_1000_G_RMD"
          }
        ]
      }
    },
    "PRLODSTWS1_1#O_FNF_FIN_0430_G": {
      "Type": "Job:Database:StoredProcedure",
      "ConnectionProfile": "_",
      "StoredProcedure": "sqlext.O_FNF_FIN_0430_G_SP",
      "DaysKeepActive": "1",
      "SubApplication": "PRLODSTWS1_1",
      "Priority": "Very Low",
      "Host": "PRLODSTWS1",
      "CreatedBy": "emuser",
      "Description": "== Conversion Messages Start ==\\n\\nMessage ID\\t: WRN6031 (674-1103)\\n\\n== Conversion Messages End ==\\nAdded by composer.",
      "RunAs": "controlm",
      "TimeZone": "HKG",
      "Application": "PRLODSTWS1_1",
      "Variables": [
        {
          "DB-STP_SCHEM": ""
        }
      ],
      "When": {
        "WeekDays": [
          "NONE"
        ],
        "Months": [
          "NONE"
        ],
        "MonthDays": [
          "NONE"
        ],
        "DaysRelation": "OR",
        "RuleBasedCalendars": {
          "Included": [
            "RC1"
          ]
        }
      },
      "eventsToWaitFor": {
        "Type": "WaitForEvents",
        "Events": [
          {
            "Event": "PRLODSTWS1_1#FNF_FIN_0430_G_LD-TO-PRLODSTWS1_1#O_FNF_FIN_0430_G"
          }
        ]
      },
      "eventsToAdd": {
        "Type": "AddEvents",
        "Events": [
          {
            "Event": "PRLODSTWS1_1#O_FNF_FIN_0430_G-TO-PRLODSTWS1_1#FNF_FIN_0430_G_RMH"
          }
        ]
      },
      "eventsToDelete": {
        "Type": "DeleteEvents",
        "Events": [
          {
            "Event": "PRLODSTWS1_1#FNF_FIN_0430_G_LD-TO-PRLODSTWS1_1#O_FNF_FIN_0430_G"
          }
        ]
      }
    },
    "PRLODSTWS1_1#FNF_FIN_0430_G_LD": {
      "Type": "Job:EmbeddedScript",
      "Script": "^DIR_OUTPUT_STG^FNF/FIN_0430_G/FIN_0430_G.sh ^ETLUSER^  ^ETLPWD^ ^DW_HOST^ ^END_DT_CHAR^",
      "DaysKeepActive": "1",
      "SubApplication": "PRLODSTWS1_1",
      "Priority": "Very Low",
      "FileName": "PRLODSTWS1_1#FNF_FIN_0430_G_LD.cmd",
      "Host": "PRLODSTWS1",
      "CreatedBy": "emuser",
      "Description": "Common Local Batch Template",
      "RunAs": "controlm",
      "TimeZone": "HKG",
      "Application": "PRLODSTWS1_1",
      "When": {
        "WeekDays": [
          "NONE"
        ],
        "Months": [
          "NONE"
        ],
        "MonthDays": [
          "NONE"
        ],
        "DaysRelation": "OR",
        "RuleBasedCalendars": {
          "Included": [
            "RC1"
          ]
        }
      },
      "eventsToWaitFor": {
        "Type": "WaitForEvents",
        "Events": [
          {
            "Event": "PRLODSTWS1_1#FIN_0430_G-TO-PRLODSTWS1_1#FNF_FIN_0430_G_LD"
          }
        ]
      },
      "eventsToAdd": {
        "Type": "AddEvents",
        "Events": [
          {
            "Event": "PRLODSTWS1_1#FNF_FIN_0430_G_LD-TO-PRLODSTWS1_1#O_FNF_FIN_0430_G"
          }
        ]
      },
      "eventsToDelete": {
        "Type": "DeleteEvents",
        "Events": [
          {
            "Event": "PRLODSTWS1_1#FIN_0430_G-TO-PRLODSTWS1_1#FNF_FIN_0430_G_LD"
          }
        ]
      }
    },
    "PRLODSTWS1_1#FNF_FIN_1000_G_RMH": {
      "Type": "Job:EmbeddedScript",
      "Script": "/usr/bin/rm ^DIR_SOURCE^FNF/RQ/CTRL/FIN_1000_G/FIN_1000_G_^END_DT_CHAR^.txt",
      "DaysKeepActive": "1",
      "SubApplication": "PRLODSTWS1_1",
      "Priority": "Very Low",
      "FileName": "PRLODSTWS1_1#FNF_FIN_1000_G_RMH.cmd",
      "Host": "PRLODSTWS1",
      "CreatedBy": "emuser",
      "Description": "Common Local Batch Template",
      "RunAs": "controlm",
      "TimeZone": "HKG",
      "Application": "PRLODSTWS1_1",
      "When": {
        "WeekDays": [
          "NONE"
        ],
        "Months": [
          "NONE"
        ],
        "MonthDays": [
          "NONE"
        ],
        "DaysRelation": "OR",
        "RuleBasedCalendars": {
          "Included": [
            "RC1"
          ]
        }
      },
      "eventsToWaitFor": {
        "Type": "WaitForEvents",
        "Events": [
          {
            "Event": "PRLODSTWS1_1#O_FNF_FIN_1000_G-TO-PRLODSTWS1_1#FNF_FIN_1000_G_RMH"
          }
        ]
      },
      "eventsToAdd": {
        "Type": "AddEvents",
        "Events": [
          {
            "Event": "PRLODSTWS1_1#FNF_FIN_1000_G_RMH-TO-PRLODSTWS1_1#FNF_FIN_1000_G_RMD"
          }
        ]
      },
      "eventsToDelete": {
        "Type": "DeleteEvents",
        "Events": [
          {
            "Event": "PRLODSTWS1_1#O_FNF_FIN_1000_G-TO-PRLODSTWS1_1#FNF_FIN_1000_G_RMH"
          }
        ]
      }
    },
    "PRLODSTWS1_1#FNF_FIN_0430_G_RMD": {
      "Type": "Job:EmbeddedScript",
      "Script": "/usr/bin/rm ^DIR_SOURCE^FNF/RQ/DATA/FIN_0430_G/FIN_0430_G_^END_DT_CHAR^.txt",
      "DaysKeepActive": "1",
      "SubApplication": "PRLODSTWS1_1",
      "Priority": "Very Low",
      "FileName": "PRLODSTWS1_1#FNF_FIN_0430_G_RMD.cmd",
      "Host": "PRLODSTWS1",
      "CreatedBy": "emuser",
      "Description": "Common Local Batch Template",
      "RunAs": "controlm",
      "TimeZone": "HKG",
      "Application": "PRLODSTWS1_1",
      "When": {
        "WeekDays": [
          "NONE"
        ],
        "Months": [
          "NONE"
        ],
        "MonthDays": [
          "NONE"
        ],
        "DaysRelation": "OR",
        "RuleBasedCalendars": {
          "Included": [
            "RC1"
          ]
        }
      },
      "eventsToWaitFor": {
        "Type": "WaitForEvents",
        "Events": [
          {
            "Event": "PRLODSTWS1_1#FNF_FIN_0430_G_RMH-TO-PRLODSTWS1_1#FNF_FIN_0430_G_RMD"
          }
        ]
      },
      "eventsToDelete": {
        "Type": "DeleteEvents",
        "Events": [
          {
            "Event": "PRLODSTWS1_1#FNF_FIN_0430_G_RMH-TO-PRLODSTWS1_1#FNF_FIN_0430_G_RMD"
          }
        ]
      }
    },
    "PRLODSTWS1_1#FIN_1000_G": {
      "Type": "Job:Database:StoredProcedure",
      "ConnectionProfile": "_",
      "StoredProcedure": "sqlext.FIN_1000_G_SP",
      "DaysKeepActive": "1",
      "SubApplication": "PRLODSTWS1_1",
      "Priority": "Very Low",
      "Host": "PRLODSTWS1",
      "CreatedBy": "emuser",
      "Description": "== Conversion Messages Start ==\\n\\nMessage ID\\t: WRN6031 (675-1107)\\n\\n== Conversion Messages End ==\\nAdded by composer.",
      "RunAs": "controlm",
      "TimeZone": "HKG",
      "Application": "PRLODSTWS1_1",
      "Variables": [
        {
          "DB-STP_SCHEM": ""
        }
      ],
      "When": {
        "WeekDays": [
          "NONE"
        ],
        "Months": [
          "NONE"
        ],
        "MonthDays": [
          "NONE"
        ],
        "DaysRelation": "OR",
        "RuleBasedCalendars": {
          "Included": [
            "RC1"
          ]
        }
      },
      "eventsToWaitFor": {
        "Type": "WaitForEvents",
        "Events": [
          {
            "Event": "PRLODSTWS1_1#FNF_FIN_1000_G_CPD-TO-PRLODSTWS1_1#FIN_1000_G"
          }
        ]
      },
      "eventsToAdd": {
        "Type": "AddEvents",
        "Events": [
          {
            "Event": "PRLODSTWS1_1#FIN_1000_G-TO-PRLODSTWS1_1#FNF_FIN_1000_G_LD"
          }
        ]
      },
      "eventsToDelete": {
        "Type": "DeleteEvents",
        "Events": [
          {
            "Event": "PRLODSTWS1_1#FNF_FIN_1000_G_CPD-TO-PRLODSTWS1_1#FIN_1000_G"
          }
        ]
      }
    },
    "PRLODSTWS1_1#FIN_0430_G": {
      "Type": "Job:Database:StoredProcedure",
      "ConnectionProfile": "_",
      "StoredProcedure": "sqlext.FIN_0430_G_SP",
      "DaysKeepActive": "1",
      "SubApplication": "PRLODSTWS1_1",
      "Priority": "Very Low",
      "Host": "PRLODSTWS1",
      "CreatedBy": "emuser",
      "Description": "== Conversion Messages Start ==\\n\\nMessage ID\\t: WRN6031 (676-1108)\\n\\n== Conversion Messages End ==\\nAdded by composer.",
      "RunAs": "controlm",
      "TimeZone": "HKG",
      "Application": "PRLODSTWS1_1",
      "Variables": [
        {
          "DB-STP_SCHEM": ""
        }
      ],
      "When": {
        "WeekDays": [
          "NONE"
        ],
        "Months": [
          "NONE"
        ],
        "MonthDays": [
          "NONE"
        ],
        "DaysRelation": "OR",
        "RuleBasedCalendars": {
          "Included": [
            "RC1"
          ]
        }
      },
      "eventsToWaitFor": {
        "Type": "WaitForEvents",
        "Events": [
          {
            "Event": "PRLODSTWS1_1#FNF_FIN_0430_G_CPD-TO-PRLODSTWS1_1#FIN_0430_G"
          }
        ]
      },
      "eventsToAdd": {
        "Type": "AddEvents",
        "Events": [
          {
            "Event": "PRLODSTWS1_1#FIN_0430_G-TO-PRLODSTWS1_1#FNF_FIN_0430_G_LD"
          }
        ]
      },
      "eventsToDelete": {
        "Type": "DeleteEvents",
        "Events": [
          {
            "Event": "PRLODSTWS1_1#FNF_FIN_0430_G_CPD-TO-PRLODSTWS1_1#FIN_0430_G"
          }
        ]
      }
    },
    "PRLODSTWS1_1#O_FNF_FIN_1000_G": {
      "Type": "Job:Database:StoredProcedure",
      "ConnectionProfile": "_",
      "StoredProcedure": "sqlext.O_FNF_FIN_1000_G_SP",
      "DaysKeepActive": "1",
      "SubApplication": "PRLODSTWS1_1",
      "Priority": "Very Low",
      "Host": "PRLODSTWS1",
      "CreatedBy": "emuser",
      "Description": "== Conversion Messages Start ==\\n\\nMessage ID\\t: WRN6031 (677-1109)\\n\\n== Conversion Messages End ==\\nAdded by composer.",
      "RunAs": "controlm",
      "TimeZone": "HKG",
      "Application": "PRLODSTWS1_1",
      "Variables": [
        {
          "DB-STP_SCHEM": ""
        }
      ],
      "When": {
        "WeekDays": [
          "NONE"
        ],
        "Months": [
          "NONE"
        ],
        "MonthDays": [
          "NONE"
        ],
        "DaysRelation": "OR",
        "RuleBasedCalendars": {
          "Included": [
            "RC1"
          ]
        }
      },
      "eventsToWaitFor": {
        "Type": "WaitForEvents",
        "Events": [
          {
            "Event": "PRLODSTWS1_1#FNF_FIN_1000_G_LD-TO-PRLODSTWS1_1#O_FNF_FIN_1000_G"
          }
        ]
      },
      "eventsToAdd": {
        "Type": "AddEvents",
        "Events": [
          {
            "Event": "PRLODSTWS1_1#O_FNF_FIN_1000_G-TO-PRLODSTWS1_1#FIN_1000_11G_1"
          },
          {
            "Event": "PRLODSTWS1_1#O_FNF_FIN_1000_G-TO-PRLODSTWS1_1#FIN_1000_11G"
          },
          {
            "Event": "PRLODSTWS1_1#O_FNF_FIN_1000_G-TO-PRLODSTWS1_1#FNF_FIN_1000_G_RMH"
          }
        ]
      },
      "eventsToDelete": {
        "Type": "DeleteEvents",
        "Events": [
          {
            "Event": "PRLODSTWS1_1#FNF_FIN_1000_G_LD-TO-PRLODSTWS1_1#O_FNF_FIN_1000_G"
          }
        ]
      }
    },
    "PRLODSTWS1_1#FNF_FIN_1000_G_CPD": {
      "Type": "Job:EmbeddedScript",
      "Script": "/usr/bin/cp ^DIR_SOURCE^FNF/RQ/DATA/FIN_1000_G/FIN_1000_G_^END_DT_CHAR^.txt  ^DIR_TEMP^/FNF/FIN_1000_G.D",
      "DaysKeepActive": "1",
      "SubApplication": "PRLODSTWS1_1",
      "Priority": "Very Low",
      "FileName": "PRLODSTWS1_1#FNF_FIN_1000_G_CPD.cmd",
      "Host": "PRLODSTWS1",
      "CreatedBy": "emuser",
      "Description": "Common Local Batch Template",
      "RunAs": "controlm",
      "TimeZone": "HKG",
      "Application": "PRLODSTWS1_1",
      "When": {
        "WeekDays": [
          "NONE"
        ],
        "Months": [
          "NONE"
        ],
        "MonthDays": [
          "NONE"
        ],
        "DaysRelation": "OR",
        "RuleBasedCalendars": {
          "Included": [
            "RC1"
          ]
        }
      },
      "eventsToWaitFor": {
        "Type": "WaitForEvents",
        "Events": [
          {
            "Event": "PRLODSTWS1_1#FNF_FIN_1000_G_CPH-TO-PRLODSTWS1_1#FNF_FIN_1000_G_CPD"
          }
        ]
      },
      "eventsToAdd": {
        "Type": "AddEvents",
        "Events": [
          {
            "Event": "PRLODSTWS1_1#FNF_FIN_1000_G_CPD-TO-PRLODSTWS1_1#FIN_1000_G"
          }
        ]
      },
      "eventsToDelete": {
        "Type": "DeleteEvents",
        "Events": [
          {
            "Event": "PRLODSTWS1_1#FNF_FIN_1000_G_CPH-TO-PRLODSTWS1_1#FNF_FIN_1000_G_CPD"
          }
        ]
      }
    },
    "PRLODSTWS1_1#FNF_FIN_1000_G_CPH": {
      "Type": "Job:EmbeddedScript",
      "Script": "/usr/bin/cp ^DIR_SOURCE^FNF/RQ/CTRL/FIN_1000_G/FIN_1000_G_^END_DT_CHAR^.txt ^DIR_TEMP^/FNF/FIN_1000_G.H",
      "DaysKeepActive": "1",
      "SubApplication": "PRLODSTWS1_1",
      "Priority": "Very Low",
      "FileName": "PRLODSTWS1_1#FNF_FIN_1000_G_CPH.cmd",
      "Host": "PRLODSTWS1",
      "CreatedBy": "emuser",
      "Description": "Common Local Batch Template",
      "RunAs": "controlm",
      "TimeZone": "HKG",
      "Application": "PRLODSTWS1_1",
      "When": {
        "WeekDays": [
          "NONE"
        ],
        "Months": [
          "NONE"
        ],
        "MonthDays": [
          "NONE"
        ],
        "DaysRelation": "OR",
        "RuleBasedCalendars": {
          "Included": [
            "RC1"
          ]
        }
      },
      "eventsToWaitFor": {
        "Type": "WaitForEvents",
        "Events": [
          {
            "Event": "PRLODSTWS1_1#FNF_FIN_1000_G_WH-TO-PRLODSTWS1_1#FNF_FIN_1000_G_CPH"
          }
        ]
      },
      "eventsToAdd": {
        "Type": "AddEvents",
        "Events": [
          {
            "Event": "PRLODSTWS1_1#FNF_FIN_1000_G_CPH-TO-PRLODSTWS1_1#FNF_FIN_1000_G_CPD"
          }
        ]
      },
      "eventsToDelete": {
        "Type": "DeleteEvents",
        "Events": [
          {
            "Event": "PRLODSTWS1_1#FNF_FIN_1000_G_WH-TO-PRLODSTWS1_1#FNF_FIN_1000_G_CPH"
          }
        ]
      }
    },
    "PRLODSTWS1_1#FNF_FIN_0430_G_RMH": {
      "Type": "Job:EmbeddedScript",
      "Script": "/usr/bin/rm ^DIR_SOURCE^FNF/RQ/CTRL/FIN_0430_G/FIN_0430_G_^END_DT_CHAR^.txt",
      "DaysKeepActive": "1",
      "SubApplication": "PRLODSTWS1_1",
      "Priority": "Very Low",
      "FileName": "PRLODSTWS1_1#FNF_FIN_0430_G_RMH.cmd",
      "Host": "PRLODSTWS1",
      "CreatedBy": "emuser",
      "Description": "Common Local Batch Template",
      "RunAs": "controlm",
      "TimeZone": "HKG",
      "Application": "PRLODSTWS1_1",
      "When": {
        "WeekDays": [
          "NONE"
        ],
        "Months": [
          "NONE"
        ],
        "MonthDays": [
          "NONE"
        ],
        "DaysRelation": "OR",
        "RuleBasedCalendars": {
          "Included": [
            "RC1"
          ]
        }
      },
      "eventsToWaitFor": {
        "Type": "WaitForEvents",
        "Events": [
          {
            "Event": "PRLODSTWS1_1#O_FNF_FIN_0430_G-TO-PRLODSTWS1_1#FNF_FIN_0430_G_RMH"
          }
        ]
      },
      "eventsToAdd": {
        "Type": "AddEvents",
        "Events": [
          {
            "Event": "PRLODSTWS1_1#FNF_FIN_0430_G_RMH-TO-PRLODSTWS1_1#FNF_FIN_0430_G_RMD"
          }
        ]
      },
      "eventsToDelete": {
        "Type": "DeleteEvents",
        "Events": [
          {
            "Event": "PRLODSTWS1_1#O_FNF_FIN_0430_G-TO-PRLODSTWS1_1#FNF_FIN_0430_G_RMH"
          }
        ]
      }
    }
  }
}
