{
  "PRLODSTWS1_1#ADHOC_ROXAN450X2": {
    "Type": "Folder",
    "ControlmServer": "CTM",
    "Description": "== Conversion Messages Start ==\\n\\nMessage ID\\t: INF6107 (3566-6248)\\n\\nMessage ID\\t: INF6104 (3567-6248)\\n\\n== Conversion Messages End ==\\n",
    "OrderMethod": "Manual",
    "SubApplication": "PRLODSTWS1_1",
    "CreatedBy": "emuser",
    "Priority": "9W",
    "TimeZone": "HKG",
    "Application": "PRLODSTWS1_1",
    "When": {
      "RuleBasedCalendars": {
        "Included": [
          "Manual_order"
        ],
        "Manual_order": {
          "Type": "Calendar:RuleBased",
          "When": {
            "DaysRelation": "OR",
            "WeekDays": [
              "NONE"
            ],
            "Months": [
              "NONE"
            ],
            "MonthDays": [
              "NONE"
            ]
          }
        }
      }
    },
    "PRLODSTWS1_1#FIN_0801_PARAM": {
      "Type": "Job:Database:StoredProcedure",
      "ConnectionProfile": "_",
      "StoredProcedure": "sqlext.FIN_0801_PARAM_SP",
      "SubApplication": "PRLODSTWS1_1",
      "Priority": "Very Low",
      "Host": "PRLODSTWS1",
      "CreatedBy": "emuser",
      "Description": "== Conversion Messages Start ==\\n\\nMessage ID\\t: WRN6031 (3554-6249)\\n\\n== Conversion Messages End ==\\nAdded by composer.",
      "RunAs": "controlm",
      "TimeZone": "HKG",
      "Application": "PRLODSTWS1_1",
      "Variables": [
        {
          "DB-STP_SCHEM": ""
        }
      ],
      "When": {
        "WeekDays": [
          "NONE"
        ],
        "Months": [
          "NONE"
        ],
        "MonthDays": [
          "NONE"
        ],
        "DaysRelation": "OR",
        "RuleBasedCalendars": {
          "Included": [
            "Manual_order"
          ]
        }
      },
      "eventsToWaitFor": {
        "Type": "WaitForEvents",
        "Events": [
          {
            "Event": "PRLODSTWS1_1#FIN_0800_11G-TO-PRLODSTWS1_1#FIN_0801_PARAM_2"
          }
        ]
      },
      "eventsToAdd": {
        "Type": "AddEvents",
        "Events": [
          {
            "Event": "PRLODSTWS1_1#FIN_0801_PARAM-TO-PRLODSTWS1_1#FIN_0801_CR_2"
          }
        ]
      },
      "eventsToDelete": {
        "Type": "DeleteEvents",
        "Events": [
          {
            "Event": "PRLODSTWS1_1#FIN_0800_11G-TO-PRLODSTWS1_1#FIN_0801_PARAM_2"
          }
        ]
      }
    },
    "PRLODSTWS1_1#FIN_0802_CF": {
      "Type": "Job:Command",
      "SubApplication": "PRLODSTWS1_1",
      "Priority": "Very Low",
      "Host": "PRLODSTWS1",
      "CreatedBy": "emuser",
      "Description": "archiving file for batch",
      "RunAs": "controlm",
      "TimeZone": "HKG",
      "Application": "PRLODSTWS1_1",
      "Command": "/home/tws/ods_batch_home/esp.batch.scripts/archiving.file.sh D_RPT_FIN ${tws.job.name} %%\\\\ADHOC_ROXAN_VT\\END_DT_CHAR.",
      "When": {
        "WeekDays": [
          "NONE"
        ],
        "Months": [
          "NONE"
        ],
        "MonthDays": [
          "NONE"
        ],
        "DaysRelation": "OR",
        "RuleBasedCalendars": {
          "Included": [
            "Manual_order"
          ]
        }
      },
      "eventsToWaitFor": {
        "Type": "WaitForEvents",
        "Events": [
          {
            "Event": "PRLODSTWS1_1#FIN_0802_CR-TO-PRLODSTWS1_1#FIN_0802_CF_2"
          }
        ]
      },
      "eventsToDelete": {
        "Type": "DeleteEvents",
        "Events": [
          {
            "Event": "PRLODSTWS1_1#FIN_0802_CR-TO-PRLODSTWS1_1#FIN_0802_CF_2"
          }
        ]
      }
    },
    "PRLODSTWS1_1#FIN_0800_CF": {
      "Type": "Job:Command",
      "SubApplication": "PRLODSTWS1_1",
      "Priority": "Very Low",
      "Host": "PRLODSTWS1",
      "CreatedBy": "emuser",
      "Description": "archiving file for batch",
      "RunAs": "controlm",
      "TimeZone": "HKG",
      "Application": "PRLODSTWS1_1",
      "Command": "/home/tws/ods_batch_home/esp.batch.scripts/archiving.file.sh D_RPT_FIN ${tws.job.name} %%\\\\ADHOC_ROXAN_VT\\END_DT_CHAR.",
      "When": {
        "WeekDays": [
          "NONE"
        ],
        "Months": [
          "NONE"
        ],
        "MonthDays": [
          "NONE"
        ],
        "DaysRelation": "OR",
        "RuleBasedCalendars": {
          "Included": [
            "Manual_order"
          ]
        }
      },
      "eventsToWaitFor": {
        "Type": "WaitForEvents",
        "Events": [
          {
            "Event": "PRLODSTWS1_1#FIN_0800_CR-TO-PRLODSTWS1_1#FIN_0800_CF_3"
          }
        ]
      },
      "eventsToDelete": {
        "Type": "DeleteEvents",
        "Events": [
          {
            "Event": "PRLODSTWS1_1#FIN_0800_CR-TO-PRLODSTWS1_1#FIN_0800_CF_3"
          }
        ]
      }
    },
    "PRLODSTWS1_1#FIN_0591_CR": {
      "Type": "Job:Command",
      "SubApplication": "PRLODSTWS1_1",
      "Priority": "Very Low",
      "Host": "PRLODSTWS1",
      "CreatedBy": "emuser",
      "Description": "generate the report file for batch",
      "RunAs": "controlm",
      "TimeZone": "HKG",
      "Application": "PRLODSTWS1_1",
      "Command": "/home/tws/ods_batch_home/esp.batch.scripts/gen.report.sh M_RPT_FIN ${tws.job.name} %%\\\\ADHOC_ROXAN_VT\\END_DT_CHAR.",
      "When": {
        "WeekDays": [
          "NONE"
        ],
        "Months": [
          "NONE"
        ],
        "MonthDays": [
          "NONE"
        ],
        "DaysRelation": "OR",
        "RuleBasedCalendars": {
          "Included": [
            "Manual_order"
          ]
        }
      },
      "eventsToWaitFor": {
        "Type": "WaitForEvents",
        "Events": [
          {
            "Event": "PRLODSTWS1_1#FIN_0591_PARAM-TO-PRLODSTWS1_1#FIN_0591_CR_1"
          }
        ]
      },
      "eventsToAdd": {
        "Type": "AddEvents",
        "Events": [
          {
            "Event": "PRLODSTWS1_1#FIN_0591_CR-TO-PRLODSTWS1_1#FIN_0591_CF_1"
          }
        ]
      },
      "eventsToDelete": {
        "Type": "DeleteEvents",
        "Events": [
          {
            "Event": "PRLODSTWS1_1#FIN_0591_PARAM-TO-PRLODSTWS1_1#FIN_0591_CR_1"
          }
        ]
      }
    },
    "PRLODSTWS1_1#FIN_0720_EX": {
      "Type": "Job:Command",
      "SubApplication": "PRLODSTWS1_1",
      "Priority": "Very Low",
      "Host": "PRLODSTWS1",
      "CreatedBy": "emuser",
      "Description": "CSV Export for batch",
      "RunAs": "controlm",
      "TimeZone": "HKG",
      "Application": "PRLODSTWS1_1",
      "Command": "/home/tws/ods_batch_home/esp.batch.scripts/gen.table2File.sh M_RPT_FIN ${tws.job.name} %%\\\\ADHOC_ROXAN_VT\\END_DT_CHAR.",
      "When": {
        "WeekDays": [
          "NONE"
        ],
        "Months": [
          "NONE"
        ],
        "MonthDays": [
          "NONE"
        ],
        "DaysRelation": "OR",
        "RuleBasedCalendars": {
          "Included": [
            "Manual_order"
          ]
        }
      },
      "eventsToWaitFor": {
        "Type": "WaitForEvents",
        "Events": [
          {
            "Event": "PRLODSTWS1_1#FIN_0720_PARAM-TO-PRLODSTWS1_1#FIN_0720_EX_4"
          }
        ]
      },
      "eventsToAdd": {
        "Type": "AddEvents",
        "Events": [
          {
            "Event": "PRLODSTWS1_1#FIN_0720_EX-TO-PRLODSTWS1_1#FIN_0720_CF_4"
          }
        ]
      },
      "eventsToDelete": {
        "Type": "DeleteEvents",
        "Events": [
          {
            "Event": "PRLODSTWS1_1#FIN_0720_PARAM-TO-PRLODSTWS1_1#FIN_0720_EX_4"
          }
        ]
      }
    },
    "PRLODSTWS1_1#FIN_0800_11G": {
      "Type": "Job:Database:StoredProcedure",
      "ConnectionProfile": "_",
      "StoredProcedure": "sqlext.FIN_0800_11G_SP",
      "SubApplication": "PRLODSTWS1_1",
      "Priority": "Very Low",
      "Host": "PRLODSTWS1",
      "CreatedBy": "emuser",
      "Description": "== Conversion Messages Start ==\\n\\nMessage ID\\t: WRN6031 (3555-6254)\\n\\n== Conversion Messages End ==\\nAdded by composer.",
      "RunAs": "controlm",
      "TimeZone": "HKG",
      "Application": "PRLODSTWS1_1",
      "Variables": [
        {
          "DB-STP_SCHEM": ""
        }
      ],
      "When": {
        "WeekDays": [
          "NONE"
        ],
        "Months": [
          "NONE"
        ],
        "MonthDays": [
          "NONE"
        ],
        "DaysRelation": "OR",
        "RuleBasedCalendars": {
          "Included": [
            "Manual_order"
          ]
        }
      },
      "eventsToAdd": {
        "Type": "AddEvents",
        "Events": [
          {
            "Event": "PRLODSTWS1_1#FIN_0800_11G-TO-PRLODSTWS1_1#FIN_0800_PARAM_3"
          },
          {
            "Event": "PRLODSTWS1_1#FIN_0800_11G-TO-PRLODSTWS1_1#FIN_0801_PARAM_2"
          },
          {
            "Event": "PRLODSTWS1_1#FIN_0800_11G-TO-PRLODSTWS1_1#FIN_0802_PARAM_2"
          },
          {
            "Event": "PRLODSTWS1_1#FIN_0800_11G-TO-PRLODSTWS1_1#FIN_0803_PARAM_2"
          }
        ]
      }
    },
    "PRLODSTWS1_1#FIN_0592_PARAM": {
      "Type": "Job:Database:StoredProcedure",
      "ConnectionProfile": "_",
      "StoredProcedure": "sqlext.FIN_0592_PARAM_SP",
      "SubApplication": "PRLODSTWS1_1",
      "Priority": "Very Low",
      "Host": "PRLODSTWS1",
      "CreatedBy": "emuser",
      "Description": "== Conversion Messages Start ==\\n\\nMessage ID\\t: WRN6031 (3556-6255)\\n\\n== Conversion Messages End ==\\nAdded by composer.",
      "RunAs": "controlm",
      "TimeZone": "HKG",
      "Application": "PRLODSTWS1_1",
      "Variables": [
        {
          "DB-STP_SCHEM": ""
        }
      ],
      "When": {
        "WeekDays": [
          "NONE"
        ],
        "Months": [
          "NONE"
        ],
        "MonthDays": [
          "NONE"
        ],
        "DaysRelation": "OR",
        "RuleBasedCalendars": {
          "Included": [
            "Manual_order"
          ]
        }
      },
      "eventsToWaitFor": {
        "Type": "WaitForEvents",
        "Events": [
          {
            "Event": "PRLODSTWS1_1#FIN_0590_11G-TO-PRLODSTWS1_1#FIN_0592_PARAM_1"
          }
        ]
      },
      "eventsToAdd": {
        "Type": "AddEvents",
        "Events": [
          {
            "Event": "PRLODSTWS1_1#FIN_0592_PARAM-TO-PRLODSTWS1_1#FIN_0592_CR_1"
          }
        ]
      },
      "eventsToDelete": {
        "Type": "DeleteEvents",
        "Events": [
          {
            "Event": "PRLODSTWS1_1#FIN_0590_11G-TO-PRLODSTWS1_1#FIN_0592_PARAM_1"
          }
        ]
      }
    },
    "PRLODSTWS1_1#FIN_0803_PARAM": {
      "Type": "Job:Database:StoredProcedure",
      "ConnectionProfile": "_",
      "StoredProcedure": "sqlext.FIN_0803_PARAM_SP",
      "SubApplication": "PRLODSTWS1_1",
      "Priority": "Very Low",
      "Host": "PRLODSTWS1",
      "CreatedBy": "emuser",
      "Description": "== Conversion Messages Start ==\\n\\nMessage ID\\t: WRN6031 (3557-6256)\\n\\n== Conversion Messages End ==\\nAdded by composer.",
      "RunAs": "controlm",
      "TimeZone": "HKG",
      "Application": "PRLODSTWS1_1",
      "Variables": [
        {
          "DB-STP_SCHEM": ""
        }
      ],
      "When": {
        "WeekDays": [
          "NONE"
        ],
        "Months": [
          "NONE"
        ],
        "MonthDays": [
          "NONE"
        ],
        "DaysRelation": "OR",
        "RuleBasedCalendars": {
          "Included": [
            "Manual_order"
          ]
        }
      },
      "eventsToWaitFor": {
        "Type": "WaitForEvents",
        "Events": [
          {
            "Event": "PRLODSTWS1_1#FIN_0800_11G-TO-PRLODSTWS1_1#FIN_0803_PARAM_2"
          }
        ]
      },
      "eventsToAdd": {
        "Type": "AddEvents",
        "Events": [
          {
            "Event": "PRLODSTWS1_1#FIN_0803_PARAM-TO-PRLODSTWS1_1#FIN_0803_CR_2"
          }
        ]
      },
      "eventsToDelete": {
        "Type": "DeleteEvents",
        "Events": [
          {
            "Event": "PRLODSTWS1_1#FIN_0800_11G-TO-PRLODSTWS1_1#FIN_0803_PARAM_2"
          }
        ]
      }
    },
    "PRLODSTWS1_1#FIN_0800_PARAM": {
      "Type": "Job:Database:StoredProcedure",
      "ConnectionProfile": "_",
      "StoredProcedure": "sqlext.FIN_0800_PARAM_SP",
      "SubApplication": "PRLODSTWS1_1",
      "Priority": "Very Low",
      "Host": "PRLODSTWS1",
      "CreatedBy": "emuser",
      "Description": "== Conversion Messages Start ==\\n\\nMessage ID\\t: WRN6031 (3558-6257)\\n\\n== Conversion Messages End ==\\nAdded by composer.",
      "RunAs": "controlm",
      "TimeZone": "HKG",
      "Application": "PRLODSTWS1_1",
      "Variables": [
        {
          "DB-STP_SCHEM": ""
        }
      ],
      "When": {
        "WeekDays": [
          "NONE"
        ],
        "Months": [
          "NONE"
        ],
        "MonthDays": [
          "NONE"
        ],
        "DaysRelation": "OR",
        "RuleBasedCalendars": {
          "Included": [
            "Manual_order"
          ]
        }
      },
      "eventsToWaitFor": {
        "Type": "WaitForEvents",
        "Events": [
          {
            "Event": "PRLODSTWS1_1#FIN_0800_11G-TO-PRLODSTWS1_1#FIN_0800_PARAM_3"
          }
        ]
      },
      "eventsToAdd": {
        "Type": "AddEvents",
        "Events": [
          {
            "Event": "PRLODSTWS1_1#FIN_0800_PARAM-TO-PRLODSTWS1_1#FIN_0800_CR_3"
          }
        ]
      },
      "eventsToDelete": {
        "Type": "DeleteEvents",
        "Events": [
          {
            "Event": "PRLODSTWS1_1#FIN_0800_11G-TO-PRLODSTWS1_1#FIN_0800_PARAM_3"
          }
        ]
      }
    },
    "PRLODSTWS1_1#FIN_0590_CF": {
      "Type": "Job:Command",
      "SubApplication": "PRLODSTWS1_1",
      "Priority": "Very Low",
      "Host": "PRLODSTWS1",
      "CreatedBy": "emuser",
      "Description": "archiving file for batch",
      "RunAs": "controlm",
      "TimeZone": "HKG",
      "Application": "PRLODSTWS1_1",
      "Command": "/home/tws/ods_batch_home/esp.batch.scripts/archiving.file.sh M_RPT_FIN ${tws.job.name} %%\\\\ADHOC_ROXAN_VT\\END_DT_CHAR.",
      "When": {
        "WeekDays": [
          "NONE"
        ],
        "Months": [
          "NONE"
        ],
        "MonthDays": [
          "NONE"
        ],
        "DaysRelation": "OR",
        "RuleBasedCalendars": {
          "Included": [
            "Manual_order"
          ]
        }
      },
      "eventsToWaitFor": {
        "Type": "WaitForEvents",
        "Events": [
          {
            "Event": "PRLODSTWS1_1#FIN_0590_CR-TO-PRLODSTWS1_1#FIN_0590_CF_1"
          }
        ]
      },
      "eventsToDelete": {
        "Type": "DeleteEvents",
        "Events": [
          {
            "Event": "PRLODSTWS1_1#FIN_0590_CR-TO-PRLODSTWS1_1#FIN_0590_CF_1"
          }
        ]
      }
    },
    "PRLODSTWS1_1#FIN_0720_CF": {
      "Type": "Job:Command",
      "SubApplication": "PRLODSTWS1_1",
      "Priority": "Very Low",
      "Host": "PRLODSTWS1",
      "CreatedBy": "emuser",
      "Description": "archiving file for batch",
      "RunAs": "controlm",
      "TimeZone": "HKG",
      "Application": "PRLODSTWS1_1",
      "Command": "/home/tws/ods_batch_home/esp.batch.scripts/archiving.file.sh M_RPT_FIN ${tws.job.name} %%\\\\ADHOC_ROXAN_VT\\END_DT_CHAR.",
      "When": {
        "WeekDays": [
          "NONE"
        ],
        "Months": [
          "NONE"
        ],
        "MonthDays": [
          "NONE"
        ],
        "DaysRelation": "OR",
        "RuleBasedCalendars": {
          "Included": [
            "Manual_order"
          ]
        }
      },
      "eventsToWaitFor": {
        "Type": "WaitForEvents",
        "Events": [
          {
            "Event": "PRLODSTWS1_1#FIN_0720_EX-TO-PRLODSTWS1_1#FIN_0720_CF_4"
          }
        ]
      },
      "eventsToDelete": {
        "Type": "DeleteEvents",
        "Events": [
          {
            "Event": "PRLODSTWS1_1#FIN_0720_EX-TO-PRLODSTWS1_1#FIN_0720_CF_4"
          }
        ]
      }
    },
    "PRLODSTWS1_1#FIN_0802_CR": {
      "Type": "Job:Command",
      "SubApplication": "PRLODSTWS1_1",
      "Priority": "Very Low",
      "Host": "PRLODSTWS1",
      "CreatedBy": "emuser",
      "Description": "generate the report file for batch",
      "RunAs": "controlm",
      "TimeZone": "HKG",
      "Application": "PRLODSTWS1_1",
      "Command": "/home/tws/ods_batch_home/esp.batch.scripts/gen.report.sh D_RPT_FIN ${tws.job.name} %%\\\\ADHOC_ROXAN_VT\\END_DT_CHAR.",
      "When": {
        "WeekDays": [
          "NONE"
        ],
        "Months": [
          "NONE"
        ],
        "MonthDays": [
          "NONE"
        ],
        "DaysRelation": "OR",
        "RuleBasedCalendars": {
          "Included": [
            "Manual_order"
          ]
        }
      },
      "eventsToWaitFor": {
        "Type": "WaitForEvents",
        "Events": [
          {
            "Event": "PRLODSTWS1_1#FIN_0802_PARAM-TO-PRLODSTWS1_1#FIN_0802_CR_2"
          }
        ]
      },
      "eventsToAdd": {
        "Type": "AddEvents",
        "Events": [
          {
            "Event": "PRLODSTWS1_1#FIN_0802_CR-TO-PRLODSTWS1_1#FIN_0802_CF_2"
          }
        ]
      },
      "eventsToDelete": {
        "Type": "DeleteEvents",
        "Events": [
          {
            "Event": "PRLODSTWS1_1#FIN_0802_PARAM-TO-PRLODSTWS1_1#FIN_0802_CR_2"
          }
        ]
      }
    },
    "PRLODSTWS1_1#FIN_0592_CF": {
      "Type": "Job:Command",
      "SubApplication": "PRLODSTWS1_1",
      "Priority": "Very Low",
      "Host": "PRLODSTWS1",
      "CreatedBy": "emuser",
      "Description": "archiving file for batch",
      "RunAs": "controlm",
      "TimeZone": "HKG",
      "Application": "PRLODSTWS1_1",
      "Command": "/home/tws/ods_batch_home/esp.batch.scripts/archiving.file.sh M_RPT_FIN ${tws.job.name} %%\\\\ADHOC_ROXAN_VT\\END_DT_CHAR.",
      "When": {
        "WeekDays": [
          "NONE"
        ],
        "Months": [
          "NONE"
        ],
        "MonthDays": [
          "NONE"
        ],
        "DaysRelation": "OR",
        "RuleBasedCalendars": {
          "Included": [
            "Manual_order"
          ]
        }
      },
      "eventsToWaitFor": {
        "Type": "WaitForEvents",
        "Events": [
          {
            "Event": "PRLODSTWS1_1#FIN_0592_CR-TO-PRLODSTWS1_1#FIN_0592_CF_1"
          }
        ]
      },
      "eventsToDelete": {
        "Type": "DeleteEvents",
        "Events": [
          {
            "Event": "PRLODSTWS1_1#FIN_0592_CR-TO-PRLODSTWS1_1#FIN_0592_CF_1"
          }
        ]
      }
    },
    "PRLODSTWS1_1#FIN_0720_PARAM": {
      "Type": "Job:Database:StoredProcedure",
      "ConnectionProfile": "_",
      "StoredProcedure": "sqlext.FIN_0720_PARAM_SP",
      "SubApplication": "PRLODSTWS1_1",
      "Priority": "Very Low",
      "Host": "PRLODSTWS1",
      "CreatedBy": "emuser",
      "Description": "== Conversion Messages Start ==\\n\\nMessage ID\\t: WRN6031 (3559-6262)\\n\\n== Conversion Messages End ==\\nAdded by composer.",
      "RunAs": "controlm",
      "TimeZone": "HKG",
      "Application": "PRLODSTWS1_1",
      "Variables": [
        {
          "DB-STP_SCHEM": ""
        }
      ],
      "When": {
        "WeekDays": [
          "NONE"
        ],
        "Months": [
          "NONE"
        ],
        "MonthDays": [
          "NONE"
        ],
        "DaysRelation": "OR",
        "RuleBasedCalendars": {
          "Included": [
            "Manual_order"
          ]
        }
      },
      "eventsToWaitFor": {
        "Type": "WaitForEvents",
        "Events": [
          {
            "Event": "PRLODSTWS1_1#FIN_0720_11G-TO-PRLODSTWS1_1#FIN_0720_PARAM_4"
          }
        ]
      },
      "eventsToAdd": {
        "Type": "AddEvents",
        "Events": [
          {
            "Event": "PRLODSTWS1_1#FIN_0720_PARAM-TO-PRLODSTWS1_1#FIN_0720_EX_4"
          }
        ]
      },
      "eventsToDelete": {
        "Type": "DeleteEvents",
        "Events": [
          {
            "Event": "PRLODSTWS1_1#FIN_0720_11G-TO-PRLODSTWS1_1#FIN_0720_PARAM_4"
          }
        ]
      }
    },
    "PRLODSTWS1_1#FIN_0800_CR": {
      "Type": "Job:Command",
      "SubApplication": "PRLODSTWS1_1",
      "Priority": "Very Low",
      "Host": "PRLODSTWS1",
      "CreatedBy": "emuser",
      "Description": "generate the report file for batch",
      "RunAs": "controlm",
      "TimeZone": "HKG",
      "Application": "PRLODSTWS1_1",
      "Command": "/home/tws/ods_batch_home/esp.batch.scripts/gen.report.sh D_RPT_FIN ${tws.job.name} %%\\\\ADHOC_ROXAN_VT\\END_DT_CHAR.",
      "When": {
        "WeekDays": [
          "NONE"
        ],
        "Months": [
          "NONE"
        ],
        "MonthDays": [
          "NONE"
        ],
        "DaysRelation": "OR",
        "RuleBasedCalendars": {
          "Included": [
            "Manual_order"
          ]
        }
      },
      "eventsToWaitFor": {
        "Type": "WaitForEvents",
        "Events": [
          {
            "Event": "PRLODSTWS1_1#FIN_0800_PARAM-TO-PRLODSTWS1_1#FIN_0800_CR_3"
          }
        ]
      },
      "eventsToAdd": {
        "Type": "AddEvents",
        "Events": [
          {
            "Event": "PRLODSTWS1_1#FIN_0800_CR-TO-PRLODSTWS1_1#FIN_0800_CF_3"
          }
        ]
      },
      "eventsToDelete": {
        "Type": "DeleteEvents",
        "Events": [
          {
            "Event": "PRLODSTWS1_1#FIN_0800_PARAM-TO-PRLODSTWS1_1#FIN_0800_CR_3"
          }
        ]
      }
    },
    "PRLODSTWS1_1#FIN_0801_CF": {
      "Type": "Job:Command",
      "SubApplication": "PRLODSTWS1_1",
      "Priority": "Very Low",
      "Host": "PRLODSTWS1",
      "CreatedBy": "emuser",
      "Description": "archiving file for batch",
      "RunAs": "controlm",
      "TimeZone": "HKG",
      "Application": "PRLODSTWS1_1",
      "Command": "/home/tws/ods_batch_home/esp.batch.scripts/archiving.file.sh D_RPT_FIN ${tws.job.name} %%\\\\ADHOC_ROXAN_VT\\END_DT_CHAR.",
      "When": {
        "WeekDays": [
          "NONE"
        ],
        "Months": [
          "NONE"
        ],
        "MonthDays": [
          "NONE"
        ],
        "DaysRelation": "OR",
        "RuleBasedCalendars": {
          "Included": [
            "Manual_order"
          ]
        }
      },
      "eventsToWaitFor": {
        "Type": "WaitForEvents",
        "Events": [
          {
            "Event": "PRLODSTWS1_1#FIN_0801_CR-TO-PRLODSTWS1_1#FIN_0801_CF_2"
          }
        ]
      },
      "eventsToDelete": {
        "Type": "DeleteEvents",
        "Events": [
          {
            "Event": "PRLODSTWS1_1#FIN_0801_CR-TO-PRLODSTWS1_1#FIN_0801_CF_2"
          }
        ]
      }
    },
    "PRLODSTWS1_1#FIN_0802_PARAM": {
      "Type": "Job:Database:StoredProcedure",
      "ConnectionProfile": "_",
      "StoredProcedure": "sqlext.FIN_0802_PARAM_SP",
      "SubApplication": "PRLODSTWS1_1",
      "Priority": "Very Low",
      "Host": "PRLODSTWS1",
      "CreatedBy": "emuser",
      "Description": "== Conversion Messages Start ==\\n\\nMessage ID\\t: WRN6031 (3560-6265)\\n\\n== Conversion Messages End ==\\nAdded by composer.",
      "RunAs": "controlm",
      "TimeZone": "HKG",
      "Application": "PRLODSTWS1_1",
      "Variables": [
        {
          "DB-STP_SCHEM": ""
        }
      ],
      "When": {
        "WeekDays": [
          "NONE"
        ],
        "Months": [
          "NONE"
        ],
        "MonthDays": [
          "NONE"
        ],
        "DaysRelation": "OR",
        "RuleBasedCalendars": {
          "Included": [
            "Manual_order"
          ]
        }
      },
      "eventsToWaitFor": {
        "Type": "WaitForEvents",
        "Events": [
          {
            "Event": "PRLODSTWS1_1#FIN_0800_11G-TO-PRLODSTWS1_1#FIN_0802_PARAM_2"
          }
        ]
      },
      "eventsToAdd": {
        "Type": "AddEvents",
        "Events": [
          {
            "Event": "PRLODSTWS1_1#FIN_0802_PARAM-TO-PRLODSTWS1_1#FIN_0802_CR_2"
          }
        ]
      },
      "eventsToDelete": {
        "Type": "DeleteEvents",
        "Events": [
          {
            "Event": "PRLODSTWS1_1#FIN_0800_11G-TO-PRLODSTWS1_1#FIN_0802_PARAM_2"
          }
        ]
      }
    },
    "PRLODSTWS1_1#FIN_0590_PARAM": {
      "Type": "Job:Database:StoredProcedure",
      "ConnectionProfile": "_",
      "StoredProcedure": "sqlext.FIN_0590_PARAM_SP",
      "SubApplication": "PRLODSTWS1_1",
      "Priority": "Very Low",
      "Host": "PRLODSTWS1",
      "CreatedBy": "emuser",
      "Description": "== Conversion Messages Start ==\\n\\nMessage ID\\t: WRN6031 (3561-6266)\\n\\n== Conversion Messages End ==\\nAdded by composer.",
      "RunAs": "controlm",
      "TimeZone": "HKG",
      "Application": "PRLODSTWS1_1",
      "Variables": [
        {
          "DB-STP_SCHEM": ""
        }
      ],
      "When": {
        "WeekDays": [
          "NONE"
        ],
        "Months": [
          "NONE"
        ],
        "MonthDays": [
          "NONE"
        ],
        "DaysRelation": "OR",
        "RuleBasedCalendars": {
          "Included": [
            "Manual_order"
          ]
        }
      },
      "eventsToWaitFor": {
        "Type": "WaitForEvents",
        "Events": [
          {
            "Event": "PRLODSTWS1_1#FIN_0590_11G-TO-PRLODSTWS1_1#FIN_0590_PARAM_1"
          }
        ]
      },
      "eventsToAdd": {
        "Type": "AddEvents",
        "Events": [
          {
            "Event": "PRLODSTWS1_1#FIN_0590_PARAM-TO-PRLODSTWS1_1#FIN_0590_CR_1"
          }
        ]
      },
      "eventsToDelete": {
        "Type": "DeleteEvents",
        "Events": [
          {
            "Event": "PRLODSTWS1_1#FIN_0590_11G-TO-PRLODSTWS1_1#FIN_0590_PARAM_1"
          }
        ]
      }
    },
    "PRLODSTWS1_1#FIN_0590_CR": {
      "Type": "Job:Command",
      "SubApplication": "PRLODSTWS1_1",
      "Priority": "Very Low",
      "Host": "PRLODSTWS1",
      "CreatedBy": "emuser",
      "Description": "generate the report file for batch",
      "RunAs": "controlm",
      "TimeZone": "HKG",
      "Application": "PRLODSTWS1_1",
      "Command": "/home/tws/ods_batch_home/esp.batch.scripts/gen.report.sh M_RPT_FIN ${tws.job.name} %%\\\\ADHOC_ROXAN_VT\\END_DT_CHAR.",
      "When": {
        "WeekDays": [
          "NONE"
        ],
        "Months": [
          "NONE"
        ],
        "MonthDays": [
          "NONE"
        ],
        "DaysRelation": "OR",
        "RuleBasedCalendars": {
          "Included": [
            "Manual_order"
          ]
        }
      },
      "eventsToWaitFor": {
        "Type": "WaitForEvents",
        "Events": [
          {
            "Event": "PRLODSTWS1_1#FIN_0590_PARAM-TO-PRLODSTWS1_1#FIN_0590_CR_1"
          }
        ]
      },
      "eventsToAdd": {
        "Type": "AddEvents",
        "Events": [
          {
            "Event": "PRLODSTWS1_1#FIN_0590_CR-TO-PRLODSTWS1_1#FIN_0590_CF_1"
          }
        ]
      },
      "eventsToDelete": {
        "Type": "DeleteEvents",
        "Events": [
          {
            "Event": "PRLODSTWS1_1#FIN_0590_PARAM-TO-PRLODSTWS1_1#FIN_0590_CR_1"
          }
        ]
      }
    },
    "PRLODSTWS1_1#FIN_0720_11G": {
      "Type": "Job:Database:StoredProcedure",
      "ConnectionProfile": "_",
      "StoredProcedure": "sqlext.FIN_0720_11G_SP",
      "SubApplication": "PRLODSTWS1_1",
      "Priority": "Very Low",
      "Host": "PRLODSTWS1",
      "CreatedBy": "emuser",
      "Description": "== Conversion Messages Start ==\\n\\nMessage ID\\t: WRN6031 (3562-6268)\\n\\n== Conversion Messages End ==\\nAdded by composer.",
      "RunAs": "controlm",
      "TimeZone": "HKG",
      "Application": "PRLODSTWS1_1",
      "Variables": [
        {
          "DB-STP_SCHEM": ""
        }
      ],
      "When": {
        "WeekDays": [
          "NONE"
        ],
        "Months": [
          "NONE"
        ],
        "MonthDays": [
          "NONE"
        ],
        "DaysRelation": "OR",
        "RuleBasedCalendars": {
          "Included": [
            "Manual_order"
          ]
        }
      },
      "eventsToAdd": {
        "Type": "AddEvents",
        "Events": [
          {
            "Event": "PRLODSTWS1_1#FIN_0720_11G-TO-PRLODSTWS1_1#FIN_0720_PARAM_4"
          }
        ]
      }
    },
    "PRLODSTWS1_1#FIN_0592_CR": {
      "Type": "Job:Command",
      "SubApplication": "PRLODSTWS1_1",
      "Priority": "Very Low",
      "Host": "PRLODSTWS1",
      "CreatedBy": "emuser",
      "Description": "generate the report file for batch",
      "RunAs": "controlm",
      "TimeZone": "HKG",
      "Application": "PRLODSTWS1_1",
      "Command": "/home/tws/ods_batch_home/esp.batch.scripts/gen.report.sh M_RPT_FIN ${tws.job.name} %%\\\\ADHOC_ROXAN_VT\\END_DT_CHAR.",
      "When": {
        "WeekDays": [
          "NONE"
        ],
        "Months": [
          "NONE"
        ],
        "MonthDays": [
          "NONE"
        ],
        "DaysRelation": "OR",
        "RuleBasedCalendars": {
          "Included": [
            "Manual_order"
          ]
        }
      },
      "eventsToWaitFor": {
        "Type": "WaitForEvents",
        "Events": [
          {
            "Event": "PRLODSTWS1_1#FIN_0592_PARAM-TO-PRLODSTWS1_1#FIN_0592_CR_1"
          }
        ]
      },
      "eventsToAdd": {
        "Type": "AddEvents",
        "Events": [
          {
            "Event": "PRLODSTWS1_1#FIN_0592_CR-TO-PRLODSTWS1_1#FIN_0592_CF_1"
          }
        ]
      },
      "eventsToDelete": {
        "Type": "DeleteEvents",
        "Events": [
          {
            "Event": "PRLODSTWS1_1#FIN_0592_PARAM-TO-PRLODSTWS1_1#FIN_0592_CR_1"
          }
        ]
      }
    },
    "PRLODSTWS1_1#FIN_0803_CF": {
      "Type": "Job:Command",
      "SubApplication": "PRLODSTWS1_1",
      "Priority": "Very Low",
      "Host": "PRLODSTWS1",
      "CreatedBy": "emuser",
      "Description": "archiving file for batch",
      "RunAs": "controlm",
      "TimeZone": "HKG",
      "Application": "PRLODSTWS1_1",
      "Command": "/home/tws/ods_batch_home/esp.batch.scripts/archiving.file.sh D_RPT_FIN ${tws.job.name} %%\\\\ADHOC_ROXAN_VT\\END_DT_CHAR.",
      "When": {
        "WeekDays": [
          "NONE"
        ],
        "Months": [
          "NONE"
        ],
        "MonthDays": [
          "NONE"
        ],
        "DaysRelation": "OR",
        "RuleBasedCalendars": {
          "Included": [
            "Manual_order"
          ]
        }
      },
      "eventsToWaitFor": {
        "Type": "WaitForEvents",
        "Events": [
          {
            "Event": "PRLODSTWS1_1#FIN_0803_CR-TO-PRLODSTWS1_1#FIN_0803_CF_2"
          }
        ]
      },
      "eventsToDelete": {
        "Type": "DeleteEvents",
        "Events": [
          {
            "Event": "PRLODSTWS1_1#FIN_0803_CR-TO-PRLODSTWS1_1#FIN_0803_CF_2"
          }
        ]
      }
    },
    "PRLODSTWS1_1#FIN_0590_11G": {
      "Type": "Job:Database:StoredProcedure",
      "ConnectionProfile": "_",
      "StoredProcedure": "sqlext.FIN_0590_11G_SP",
      "SubApplication": "PRLODSTWS1_1",
      "Priority": "Very Low",
      "Host": "PRLODSTWS1",
      "CreatedBy": "emuser",
      "Description": "== Conversion Messages Start ==\\n\\nMessage ID\\t: WRN6031 (3563-6271)\\n\\n== Conversion Messages End ==\\nAdded by composer.",
      "RunAs": "controlm",
      "TimeZone": "HKG",
      "Application": "PRLODSTWS1_1",
      "Variables": [
        {
          "DB-STP_SCHEM": ""
        }
      ],
      "When": {
        "WeekDays": [
          "NONE"
        ],
        "Months": [
          "NONE"
        ],
        "MonthDays": [
          "NONE"
        ],
        "DaysRelation": "OR",
        "RuleBasedCalendars": {
          "Included": [
            "Manual_order"
          ]
        }
      },
      "eventsToAdd": {
        "Type": "AddEvents",
        "Events": [
          {
            "Event": "PRLODSTWS1_1#FIN_0590_11G-TO-PRLODSTWS1_1#FIN_0590_PARAM_1"
          },
          {
            "Event": "PRLODSTWS1_1#FIN_0590_11G-TO-PRLODSTWS1_1#FIN_0591_PARAM_1"
          },
          {
            "Event": "PRLODSTWS1_1#FIN_0590_11G-TO-PRLODSTWS1_1#FIN_0592_PARAM_1"
          },
          {
            "Event": "PRLODSTWS1_1#FIN_0590_11G-TO-PRLODSTWS1_1#FIN_0593_PARAM_1"
          }
        ]
      }
    },
    "PRLODSTWS1_1#FIN_0593_PARAM": {
      "Type": "Job:Database:StoredProcedure",
      "ConnectionProfile": "_",
      "StoredProcedure": "sqlext.FIN_0593_PARAM_SP",
      "SubApplication": "PRLODSTWS1_1",
      "Priority": "Very Low",
      "Host": "PRLODSTWS1",
      "CreatedBy": "emuser",
      "Description": "== Conversion Messages Start ==\\n\\nMessage ID\\t: WRN6031 (3564-6272)\\n\\n== Conversion Messages End ==\\nAdded by composer.",
      "RunAs": "controlm",
      "TimeZone": "HKG",
      "Application": "PRLODSTWS1_1",
      "Variables": [
        {
          "DB-STP_SCHEM": ""
        }
      ],
      "When": {
        "WeekDays": [
          "NONE"
        ],
        "Months": [
          "NONE"
        ],
        "MonthDays": [
          "NONE"
        ],
        "DaysRelation": "OR",
        "RuleBasedCalendars": {
          "Included": [
            "Manual_order"
          ]
        }
      },
      "eventsToWaitFor": {
        "Type": "WaitForEvents",
        "Events": [
          {
            "Event": "PRLODSTWS1_1#FIN_0590_11G-TO-PRLODSTWS1_1#FIN_0593_PARAM_1"
          }
        ]
      },
      "eventsToAdd": {
        "Type": "AddEvents",
        "Events": [
          {
            "Event": "PRLODSTWS1_1#FIN_0593_PARAM-TO-PRLODSTWS1_1#FIN_0593_CR_1"
          }
        ]
      },
      "eventsToDelete": {
        "Type": "DeleteEvents",
        "Events": [
          {
            "Event": "PRLODSTWS1_1#FIN_0590_11G-TO-PRLODSTWS1_1#FIN_0593_PARAM_1"
          }
        ]
      }
    },
    "PRLODSTWS1_1#FIN_0593_CR": {
      "Type": "Job:Command",
      "SubApplication": "PRLODSTWS1_1",
      "Priority": "Very Low",
      "Host": "PRLODSTWS1",
      "CreatedBy": "emuser",
      "Description": "generate the report file for batch",
      "RunAs": "controlm",
      "TimeZone": "HKG",
      "Application": "PRLODSTWS1_1",
      "Command": "/home/tws/ods_batch_home/esp.batch.scripts/gen.report.sh M_RPT_FIN ${tws.job.name} %%\\\\ADHOC_ROXAN_VT\\END_DT_CHAR.",
      "When": {
        "WeekDays": [
          "NONE"
        ],
        "Months": [
          "NONE"
        ],
        "MonthDays": [
          "NONE"
        ],
        "DaysRelation": "OR",
        "RuleBasedCalendars": {
          "Included": [
            "Manual_order"
          ]
        }
      },
      "eventsToWaitFor": {
        "Type": "WaitForEvents",
        "Events": [
          {
            "Event": "PRLODSTWS1_1#FIN_0593_PARAM-TO-PRLODSTWS1_1#FIN_0593_CR_1"
          }
        ]
      },
      "eventsToAdd": {
        "Type": "AddEvents",
        "Events": [
          {
            "Event": "PRLODSTWS1_1#FIN_0593_CR-TO-PRLODSTWS1_1#FIN_0593_CF_1"
          }
        ]
      },
      "eventsToDelete": {
        "Type": "DeleteEvents",
        "Events": [
          {
            "Event": "PRLODSTWS1_1#FIN_0593_PARAM-TO-PRLODSTWS1_1#FIN_0593_CR_1"
          }
        ]
      }
    },
    "PRLODSTWS1_1#FIN_0593_CF": {
      "Type": "Job:Command",
      "SubApplication": "PRLODSTWS1_1",
      "Priority": "Very Low",
      "Host": "PRLODSTWS1",
      "CreatedBy": "emuser",
      "Description": "archiving file for batch",
      "RunAs": "controlm",
      "TimeZone": "HKG",
      "Application": "PRLODSTWS1_1",
      "Command": "/home/tws/ods_batch_home/esp.batch.scripts/archiving.file.sh M_RPT_FIN ${tws.job.name} %%\\\\ADHOC_ROXAN_VT\\END_DT_CHAR.",
      "When": {
        "WeekDays": [
          "NONE"
        ],
        "Months": [
          "NONE"
        ],
        "MonthDays": [
          "NONE"
        ],
        "DaysRelation": "OR",
        "RuleBasedCalendars": {
          "Included": [
            "Manual_order"
          ]
        }
      },
      "eventsToWaitFor": {
        "Type": "WaitForEvents",
        "Events": [
          {
            "Event": "PRLODSTWS1_1#FIN_0593_CR-TO-PRLODSTWS1_1#FIN_0593_CF_1"
          }
        ]
      },
      "eventsToDelete": {
        "Type": "DeleteEvents",
        "Events": [
          {
            "Event": "PRLODSTWS1_1#FIN_0593_CR-TO-PRLODSTWS1_1#FIN_0593_CF_1"
          }
        ]
      }
    },
    "PRLODSTWS1_1#FIN_0803_CR": {
      "Type": "Job:Command",
      "SubApplication": "PRLODSTWS1_1",
      "Priority": "Very Low",
      "Host": "PRLODSTWS1",
      "CreatedBy": "emuser",
      "Description": "generate the report file for batch",
      "RunAs": "controlm",
      "TimeZone": "HKG",
      "Application": "PRLODSTWS1_1",
      "Command": "/home/tws/ods_batch_home/esp.batch.scripts/gen.report.sh D_RPT_FIN ${tws.job.name} %%\\\\ADHOC_ROXAN_VT\\END_DT_CHAR.",
      "When": {
        "WeekDays": [
          "NONE"
        ],
        "Months": [
          "NONE"
        ],
        "MonthDays": [
          "NONE"
        ],
        "DaysRelation": "OR",
        "RuleBasedCalendars": {
          "Included": [
            "Manual_order"
          ]
        }
      },
      "eventsToWaitFor": {
        "Type": "WaitForEvents",
        "Events": [
          {
            "Event": "PRLODSTWS1_1#FIN_0803_PARAM-TO-PRLODSTWS1_1#FIN_0803_CR_2"
          }
        ]
      },
      "eventsToAdd": {
        "Type": "AddEvents",
        "Events": [
          {
            "Event": "PRLODSTWS1_1#FIN_0803_CR-TO-PRLODSTWS1_1#FIN_0803_CF_2"
          }
        ]
      },
      "eventsToDelete": {
        "Type": "DeleteEvents",
        "Events": [
          {
            "Event": "PRLODSTWS1_1#FIN_0803_PARAM-TO-PRLODSTWS1_1#FIN_0803_CR_2"
          }
        ]
      }
    },
    "PRLODSTWS1_1#FIN_0591_PARAM": {
      "Type": "Job:Database:StoredProcedure",
      "ConnectionProfile": "_",
      "StoredProcedure": "sqlext.FIN_0591_PARAM_SP",
      "SubApplication": "PRLODSTWS1_1",
      "Priority": "Very Low",
      "Host": "PRLODSTWS1",
      "CreatedBy": "emuser",
      "Description": "== Conversion Messages Start ==\\n\\nMessage ID\\t: WRN6031 (3565-6276)\\n\\n== Conversion Messages End ==\\nAdded by composer.",
      "RunAs": "controlm",
      "TimeZone": "HKG",
      "Application": "PRLODSTWS1_1",
      "Variables": [
        {
          "DB-STP_SCHEM": ""
        }
      ],
      "When": {
        "WeekDays": [
          "NONE"
        ],
        "Months": [
          "NONE"
        ],
        "MonthDays": [
          "NONE"
        ],
        "DaysRelation": "OR",
        "RuleBasedCalendars": {
          "Included": [
            "Manual_order"
          ]
        }
      },
      "eventsToWaitFor": {
        "Type": "WaitForEvents",
        "Events": [
          {
            "Event": "PRLODSTWS1_1#FIN_0590_11G-TO-PRLODSTWS1_1#FIN_0591_PARAM_1"
          }
        ]
      },
      "eventsToAdd": {
        "Type": "AddEvents",
        "Events": [
          {
            "Event": "PRLODSTWS1_1#FIN_0591_PARAM-TO-PRLODSTWS1_1#FIN_0591_CR_1"
          }
        ]
      },
      "eventsToDelete": {
        "Type": "DeleteEvents",
        "Events": [
          {
            "Event": "PRLODSTWS1_1#FIN_0590_11G-TO-PRLODSTWS1_1#FIN_0591_PARAM_1"
          }
        ]
      }
    },
    "PRLODSTWS1_1#FIN_0591_CF": {
      "Type": "Job:Command",
      "SubApplication": "PRLODSTWS1_1",
      "Priority": "Very Low",
      "Host": "PRLODSTWS1",
      "CreatedBy": "emuser",
      "Description": "archiving file for batch",
      "RunAs": "controlm",
      "TimeZone": "HKG",
      "Application": "PRLODSTWS1_1",
      "Command": "/home/tws/ods_batch_home/esp.batch.scripts/archiving.file.sh M_RPT_FIN ${tws.job.name} %%\\\\ADHOC_ROXAN_VT\\END_DT_CHAR.",
      "When": {
        "WeekDays": [
          "NONE"
        ],
        "Months": [
          "NONE"
        ],
        "MonthDays": [
          "NONE"
        ],
        "DaysRelation": "OR",
        "RuleBasedCalendars": {
          "Included": [
            "Manual_order"
          ]
        }
      },
      "eventsToWaitFor": {
        "Type": "WaitForEvents",
        "Events": [
          {
            "Event": "PRLODSTWS1_1#FIN_0591_CR-TO-PRLODSTWS1_1#FIN_0591_CF_1"
          }
        ]
      },
      "eventsToDelete": {
        "Type": "DeleteEvents",
        "Events": [
          {
            "Event": "PRLODSTWS1_1#FIN_0591_CR-TO-PRLODSTWS1_1#FIN_0591_CF_1"
          }
        ]
      }
    },
    "PRLODSTWS1_1#FIN_0801_CR": {
      "Type": "Job:Command",
      "SubApplication": "PRLODSTWS1_1",
      "Priority": "Very Low",
      "Host": "PRLODSTWS1",
      "CreatedBy": "emuser",
      "Description": "generate the report file for batch",
      "RunAs": "controlm",
      "TimeZone": "HKG",
      "Application": "PRLODSTWS1_1",
      "Command": "/home/tws/ods_batch_home/esp.batch.scripts/gen.report.sh D_RPT_FIN ${tws.job.name} %%\\\\ADHOC_ROXAN_VT\\END_DT_CHAR.",
      "When": {
        "WeekDays": [
          "NONE"
        ],
        "Months": [
          "NONE"
        ],
        "MonthDays": [
          "NONE"
        ],
        "DaysRelation": "OR",
        "RuleBasedCalendars": {
          "Included": [
            "Manual_order"
          ]
        }
      },
      "eventsToWaitFor": {
        "Type": "WaitForEvents",
        "Events": [
          {
            "Event": "PRLODSTWS1_1#FIN_0801_PARAM-TO-PRLODSTWS1_1#FIN_0801_CR_2"
          }
        ]
      },
      "eventsToAdd": {
        "Type": "AddEvents",
        "Events": [
          {
            "Event": "PRLODSTWS1_1#FIN_0801_CR-TO-PRLODSTWS1_1#FIN_0801_CF_2"
          }
        ]
      },
      "eventsToDelete": {
        "Type": "DeleteEvents",
        "Events": [
          {
            "Event": "PRLODSTWS1_1#FIN_0801_PARAM-TO-PRLODSTWS1_1#FIN_0801_CR_2"
          }
        ]
      }
    }
  }
}
