{
  "PRLODSTWS1_1#D_SDM_UNB": {
    "Type": "Folder",
    "ControlmServer": "CTM",
    "Description": "== Conversion Messages Start ==\\n\\nMessage ID\\t: INF6107 (487-808)\\n\\nMessage ID\\t: INF6104 (488-808)\\n\\n== Conversion Messages End ==\\n",
    "OrderMethod": "Manual",
    "SubApplication": "PRLODSTWS1_1",
    "CreatedBy": "emuser",
    "Priority": "9W",
    "TimeZone": "HKG",
    "Application": "PRLODSTWS1_1",
    "When": {
      "RuleBasedCalendars": {
        "Included": [
          "RC1"
        ],
        "RC1": {
          "Type": "Calendar:RuleBased",
          "When": {
            "MonthDaysCalendar": "RCG-D-NAT",
            "DaysRelation": "OR",
            "DaysKeepActive": "01",
            "WeekDays": [
              "NONE"
            ],
            "MonthDays": [
              "NONE"
            ]
          }
        }
      }
    },
    "PRLODSTWS1_1#SDM_PREM_TRANS_DETAIL": {
      "Type": "Job:Database:StoredProcedure",
      "ConnectionProfile": "_",
      "StoredProcedure": "sqlext.SDM_PREM_TRANS_DETAIL_SP",
      "DaysKeepActive": "1",
      "SubApplication": "PRLODSTWS1_1",
      "Priority": "Very Low",
      "Host": "PRLODSTWS1",
      "CreatedBy": "emuser",
      "Description": "== Conversion Messages Start ==\\n\\nMessage ID\\t: WRN6031 (481-809)\\n\\n== Conversion Messages End ==\\nAdded by composer.",
      "RunAs": "controlm",
      "TimeZone": "HKG",
      "Application": "PRLODSTWS1_1",
      "Variables": [
        {
          "DB-STP_SCHEM": ""
        }
      ],
      "When": {
        "WeekDays": [
          "NONE"
        ],
        "Months": [
          "NONE"
        ],
        "MonthDays": [
          "NONE"
        ],
        "DaysRelation": "OR",
        "RuleBasedCalendars": {
          "Included": [
            "RC1"
          ]
        }
      },
      "eventsToWaitFor": {
        "Type": "WaitForEvents",
        "Events": [
          {
            "Event": "PRLODSTWS1_1#O_PREM_TRANS_DETAIL-TO-PRLODSTWS1_1#SDM_PREM_TRANS_DETAIL"
          },
          {
            "Event": "PRLODSTWS1_1#SDM_GL_EXCHANGE_RATE-TO-PRLODSTWS1_1#SDM_PREM_TRANS_DETAIL"
          }
        ]
      },
      "eventsToAdd": {
        "Type": "AddEvents",
        "Events": [
          {
            "Event": "PRLODSTWS1_1#SDM_PREM_TRANS_DETAIL-TO-PRLODSTWS1_1#SDM_PREM_TRANS_MER"
          }
        ]
      },
      "eventsToDelete": {
        "Type": "DeleteEvents",
        "Events": [
          {
            "Event": "PRLODSTWS1_1#O_PREM_TRANS_DETAIL-TO-PRLODSTWS1_1#SDM_PREM_TRANS_DETAIL"
          },
          {
            "Event": "PRLODSTWS1_1#SDM_GL_EXCHANGE_RATE-TO-PRLODSTWS1_1#SDM_PREM_TRANS_DETAIL"
          }
        ]
      }
    },
    "PRLODSTWS1_1#SDM_SC_DEADLINE_MAIL": {
      "Type": "Job:Database:StoredProcedure",
      "ConnectionProfile": "_",
      "StoredProcedure": "sqlext.SDM_SC_DEADLINE_MAIL_SP",
      "DaysKeepActive": "1",
      "SubApplication": "PRLODSTWS1_1",
      "Priority": "Very Low",
      "Host": "PRLODSTWS1",
      "CreatedBy": "emuser",
      "Description": "== Conversion Messages Start ==\\n\\nMessage ID\\t: WRN6031 (482-810)\\n\\n== Conversion Messages End ==\\nAdded by composer.",
      "RunAs": "controlm",
      "TimeZone": "HKG",
      "Application": "PRLODSTWS1_1",
      "Variables": [
        {
          "DB-STP_SCHEM": ""
        }
      ],
      "When": {
        "WeekDays": [
          "NONE"
        ],
        "Months": [
          "NONE"
        ],
        "MonthDays": [
          "NONE"
        ],
        "DaysRelation": "OR",
        "RuleBasedCalendars": {
          "Included": [
            "RC1"
          ]
        }
      },
      "eventsToWaitFor": {
        "Type": "WaitForEvents",
        "Events": [
          {
            "Event": "PRLODSTWS1_1#O_SALES_CHANNEL-TO-PRLODSTWS1_1#SDM_SC_DEADLINE_MAIL"
          },
          {
            "Event": "PRLODSTWS1_1#O_SC_DEADLINE_COMPLETION-TO-PRLODSTWS1_1#SDM_SC_DEADLINE_MAIL"
          },
          {
            "Event": "PRLODSTWS1_1#SDM_CHANNEL_ORG_HIR-TO-PRLODSTWS1_1#SDM_SC_DEADLINE_MAIL"
          }
        ]
      },
      "eventsToAdd": {
        "Type": "AddEvents",
        "Events": [
          {
            "Event": "PRLODSTWS1_1#SDM_SC_DEADLINE_MAIL-TO-PRLODSTWS1_1#UNB_0260_PARAM"
          }
        ]
      },
      "eventsToDelete": {
        "Type": "DeleteEvents",
        "Events": [
          {
            "Event": "PRLODSTWS1_1#O_SALES_CHANNEL-TO-PRLODSTWS1_1#SDM_SC_DEADLINE_MAIL"
          },
          {
            "Event": "PRLODSTWS1_1#O_SC_DEADLINE_COMPLETION-TO-PRLODSTWS1_1#SDM_SC_DEADLINE_MAIL"
          },
          {
            "Event": "PRLODSTWS1_1#SDM_CHANNEL_ORG_HIR-TO-PRLODSTWS1_1#SDM_SC_DEADLINE_MAIL"
          }
        ]
      }
    },
    "PRLODSTWS1_1#SDM_CURR_PREM_STATUS": {
      "Type": "Job:Database:StoredProcedure",
      "ConnectionProfile": "_",
      "StoredProcedure": "sqlext.SDM_CURR_PREM_STATUS_SP",
      "DaysKeepActive": "1",
      "SubApplication": "PRLODSTWS1_1",
      "Priority": "Very Low",
      "Host": "PRLODSTWS1",
      "CreatedBy": "emuser",
      "Description": "== Conversion Messages Start ==\\n\\nMessage ID\\t: WRN6031 (483-811)\\n\\n== Conversion Messages End ==\\nAdded by composer.",
      "RunAs": "controlm",
      "TimeZone": "HKG",
      "Application": "PRLODSTWS1_1",
      "Variables": [
        {
          "DB-STP_SCHEM": ""
        }
      ],
      "When": {
        "WeekDays": [
          "NONE"
        ],
        "Months": [
          "NONE"
        ],
        "MonthDays": [
          "NONE"
        ],
        "DaysRelation": "OR",
        "RuleBasedCalendars": {
          "Included": [
            "RC1"
          ]
        }
      },
      "eventsToWaitFor": {
        "Type": "WaitForEvents",
        "Events": [
          {
            "Event": "PRLODSTWS1_1#O_PA_CURR_PREM_STATUS-TO-PRLODSTWS1_1#SDM_CURR_PREM_STATUS"
          },
          {
            "Event": "PRLODSTWS1_1#OV_CONTRACT_EXTEND-TO-PRLODSTWS1_1#SDM_CURR_PREM_STATUS"
          }
        ]
      },
      "eventsToAdd": {
        "Type": "AddEvents",
        "Events": [
          {
            "Event": "PRLODSTWS1_1#SDM_CURR_PREM_STATUS-TO-PRLODSTWS1_1#FDW_CONTRACT_MASTER"
          },
          {
            "Event": "PRLODSTWS1_1#SDM_CURR_PREM_STATUS-TO-PRLODSTWS1_1#FDW_CONTRACT_PRODUCT"
          },
          {
            "Event": "PRLODSTWS1_1#SDM_CURR_PREM_STATUS-TO-PRLODSTWS1_1#TSH_PERS_RATE"
          }
        ]
      },
      "eventsToDelete": {
        "Type": "DeleteEvents",
        "Events": [
          {
            "Event": "PRLODSTWS1_1#O_PA_CURR_PREM_STATUS-TO-PRLODSTWS1_1#SDM_CURR_PREM_STATUS"
          },
          {
            "Event": "PRLODSTWS1_1#OV_CONTRACT_EXTEND-TO-PRLODSTWS1_1#SDM_CURR_PREM_STATUS"
          }
        ]
      }
    },
    "PRLODSTWS1_1#SDM_PREM_TRANS_MER": {
      "Type": "Job:Database:StoredProcedure",
      "ConnectionProfile": "_",
      "StoredProcedure": "sqlext.SDM_PREM_TRANS_MER_SP",
      "DaysKeepActive": "1",
      "SubApplication": "PRLODSTWS1_1",
      "Priority": "Very Low",
      "Host": "PRLODSTWS1",
      "CreatedBy": "emuser",
      "Description": "== Conversion Messages Start ==\\n\\nMessage ID\\t: WRN6031 (484-812)\\n\\n== Conversion Messages End ==\\nAdded by composer.",
      "RunAs": "controlm",
      "TimeZone": "HKG",
      "Application": "PRLODSTWS1_1",
      "Variables": [
        {
          "DB-STP_SCHEM": ""
        }
      ],
      "When": {
        "WeekDays": [
          "NONE"
        ],
        "Months": [
          "NONE"
        ],
        "MonthDays": [
          "NONE"
        ],
        "DaysRelation": "OR",
        "RuleBasedCalendars": {
          "Included": [
            "RC1"
          ]
        }
      },
      "eventsToWaitFor": {
        "Type": "WaitForEvents",
        "Events": [
          {
            "Event": "PRLODSTWS1_1#SDM_PREM_TRANS_DETAIL-TO-PRLODSTWS1_1#SDM_PREM_TRANS_MER"
          },
          {
            "Event": "PRLODSTWS1_1#O_PREM_INFO_HIS-TO-PRLODSTWS1_1#SDM_PREM_TRANS_MER"
          }
        ]
      },
      "eventsToAdd": {
        "Type": "AddEvents",
        "Events": [
          {
            "Event": "PRLODSTWS1_1#SDM_PREM_TRANS_MER-TO-PRLODSTWS1_1#SDM_CONTRACT_PROD_PREM"
          },
          {
            "Event": "PRLODSTWS1_1#SDM_PREM_TRANS_MER-TO-PRLODSTWS1_1#MM_CONTRACT_PRODUCT"
          }
        ]
      },
      "eventsToDelete": {
        "Type": "DeleteEvents",
        "Events": [
          {
            "Event": "PRLODSTWS1_1#SDM_PREM_TRANS_DETAIL-TO-PRLODSTWS1_1#SDM_PREM_TRANS_MER"
          },
          {
            "Event": "PRLODSTWS1_1#O_PREM_INFO_HIS-TO-PRLODSTWS1_1#SDM_PREM_TRANS_MER"
          }
        ]
      }
    },
    "PRLODSTWS1_1#SDM_LIAROC_UPLOAD_DT_20G": {
      "Type": "Job:Database:StoredProcedure",
      "ConnectionProfile": "_",
      "StoredProcedure": "sqlext.SDM_LIAROC_UPLOAD_DT_20G_SP",
      "DaysKeepActive": "1",
      "SubApplication": "PRLODSTWS1_1",
      "Priority": "Very Low",
      "Host": "PRLODSTWS1",
      "CreatedBy": "emuser",
      "Description": "== Conversion Messages Start ==\\n\\nMessage ID\\t: WRN6031 (485-813)\\n\\n== Conversion Messages End ==\\nAdded by composer.",
      "RunAs": "controlm",
      "TimeZone": "HKG",
      "Application": "PRLODSTWS1_1",
      "Variables": [
        {
          "DB-STP_SCHEM": ""
        }
      ],
      "When": {
        "WeekDays": [
          "NONE"
        ],
        "Months": [
          "NONE"
        ],
        "MonthDays": [
          "NONE"
        ],
        "DaysRelation": "OR",
        "RuleBasedCalendars": {
          "Included": [
            "RC1"
          ]
        }
      },
      "eventsToWaitFor": {
        "Type": "WaitForEvents",
        "Events": [
          {
            "Event": "PRLODSTWS1_1#O_LIAROC_UPLOAD_2020G-TO-PRLODSTWS1_1#SDM_LIAROC_UPLOAD_DT_20G"
          },
          {
            "Event": "PRLODSTWS1_1#O_LIAROC_UPLOAD_DT_2020G-TO-PRLODSTWS1_1#SDM_LIAROC_UPLOAD_DT_20G"
          },
          {
            "Event": "PRLODSTWS1_1#SDM_AGENT-TO-PRLODSTWS1_1#SDM_LIAROC_UPLOAD_DT_20G"
          },
          {
            "Event": "PRLODSTWS1_1#SDM_CHANNEL_ORG-TO-PRLODSTWS1_1#SDM_LIAROC_UPLOAD_DT_20G"
          },
          {
            "Event": "PRLODSTWS1_1#SDM_USER-TO-PRLODSTWS1_1#SDM_LIAROC_UPLOAD_DT_20G"
          },
          {
            "Event": "PRLODSTWS1_1#SDM_CONTRACT_MASTER-TO-PRLODSTWS1_1#SDM_LIAROC_UPLOAD_DT_20G"
          }
        ]
      },
      "eventsToAdd": {
        "Type": "AddEvents",
        "Events": [
          {
            "Event": "PRLODSTWS1_1#SDM_LIAROC_UPLOAD_DT_20G-TO-PRLODSTWS1_1#UNB_0760_11G"
          },
          {
            "Event": "PRLODSTWS1_1#SDM_LIAROC_UPLOAD_DT_20G-TO-PRLODSTWS1_1#UNB_0770_11G"
          },
          {
            "Event": "PRLODSTWS1_1#SDM_LIAROC_UPLOAD_DT_20G-TO-PRLODSTWS1_1#UNB_0780_11G"
          },
          {
            "Event": "PRLODSTWS1_1#SDM_LIAROC_UPLOAD_DT_20G-TO-PRLODSTWS1_1#UNB_0790_11G"
          }
        ]
      },
      "eventsToDelete": {
        "Type": "DeleteEvents",
        "Events": [
          {
            "Event": "PRLODSTWS1_1#O_LIAROC_UPLOAD_2020G-TO-PRLODSTWS1_1#SDM_LIAROC_UPLOAD_DT_20G"
          },
          {
            "Event": "PRLODSTWS1_1#O_LIAROC_UPLOAD_DT_2020G-TO-PRLODSTWS1_1#SDM_LIAROC_UPLOAD_DT_20G"
          },
          {
            "Event": "PRLODSTWS1_1#SDM_AGENT-TO-PRLODSTWS1_1#SDM_LIAROC_UPLOAD_DT_20G"
          },
          {
            "Event": "PRLODSTWS1_1#SDM_CHANNEL_ORG-TO-PRLODSTWS1_1#SDM_LIAROC_UPLOAD_DT_20G"
          },
          {
            "Event": "PRLODSTWS1_1#SDM_USER-TO-PRLODSTWS1_1#SDM_LIAROC_UPLOAD_DT_20G"
          },
          {
            "Event": "PRLODSTWS1_1#SDM_CONTRACT_MASTER-TO-PRLODSTWS1_1#SDM_LIAROC_UPLOAD_DT_20G"
          }
        ]
      }
    },
    "PRLODSTWS1_1#SDM_SC_DEADLINE_PAY": {
      "Type": "Job:Database:StoredProcedure",
      "ConnectionProfile": "_",
      "StoredProcedure": "sqlext.SDM_SC_DEADLINE_PAY_SP",
      "DaysKeepActive": "1",
      "SubApplication": "PRLODSTWS1_1",
      "Priority": "Very Low",
      "Host": "PRLODSTWS1",
      "CreatedBy": "emuser",
      "Description": "== Conversion Messages Start ==\\n\\nMessage ID\\t: WRN6031 (486-814)\\n\\n== Conversion Messages End ==\\nAdded by composer.",
      "RunAs": "controlm",
      "TimeZone": "HKG",
      "Application": "PRLODSTWS1_1",
      "Variables": [
        {
          "DB-STP_SCHEM": ""
        }
      ],
      "When": {
        "WeekDays": [
          "NONE"
        ],
        "Months": [
          "NONE"
        ],
        "MonthDays": [
          "NONE"
        ],
        "DaysRelation": "OR",
        "RuleBasedCalendars": {
          "Included": [
            "RC1"
          ]
        }
      },
      "eventsToWaitFor": {
        "Type": "WaitForEvents",
        "Events": [
          {
            "Event": "PRLODSTWS1_1#O_SC_DEADLINE_COMPLETION-TO-PRLODSTWS1_1#SDM_SC_DEADLINE_PAY"
          },
          {
            "Event": "PRLODSTWS1_1#SDM_CHANNEL_ORG_HIR-TO-PRLODSTWS1_1#SDM_SC_DEADLINE_PAY"
          }
        ]
      },
      "eventsToAdd": {
        "Type": "AddEvents",
        "Events": [
          {
            "Event": "PRLODSTWS1_1#SDM_SC_DEADLINE_PAY-TO-PRLODSTWS1_1#FDW_PREMIUM_CMS_M"
          },
          {
            "Event": "PRLODSTWS1_1#SDM_SC_DEADLINE_PAY-TO-PRLODSTWS1_1#FDW_PREMIUM_APL_M"
          },
          {
            "Event": "PRLODSTWS1_1#SDM_SC_DEADLINE_PAY-TO-PRLODSTWS1_1#FDW_PREMIUM_CMS_M_1"
          },
          {
            "Event": "PRLODSTWS1_1#SDM_SC_DEADLINE_PAY-TO-PRLODSTWS1_1#FDW_PREMIUM_APL_M_1"
          }
        ]
      },
      "eventsToDelete": {
        "Type": "DeleteEvents",
        "Events": [
          {
            "Event": "PRLODSTWS1_1#O_SC_DEADLINE_COMPLETION-TO-PRLODSTWS1_1#SDM_SC_DEADLINE_PAY"
          },
          {
            "Event": "PRLODSTWS1_1#SDM_CHANNEL_ORG_HIR-TO-PRLODSTWS1_1#SDM_SC_DEADLINE_PAY"
          }
        ]
      }
    },
    "eventsToAdd": {
      "Type": "AddEvents",
      "Events": [
        {
          "Event": "PRLODSTWS1_1#D_SDM_UNB-TO-PRLODSTWS1_1#SYS_BDS_STS_SDM"
        }
      ]
    }
  }
}
