{
  "PRLODSTWS1_1#D_SQLEXT_SYS_JOB": {
    "Type": "Folder",
    "ControlmServer": "CTM",
    "Description": "== Conversion Messages Start ==\\n\\nMessage ID\\t: INF6107 (830-1310)\\n\\nMessage ID\\t: INF6104 (831-1310)\\n\\n== Conversion Messages End ==\\n",
    "OrderMethod": "Manual",
    "SubApplication": "PRLODSTWS1_1",
    "CreatedBy": "emuser",
    "Priority": "9W",
    "TimeZone": "HKG",
    "Application": "PRLODSTWS1_1",
    "When": {
      "RuleBasedCalendars": {
        "Included": [
          "RC1"
        ],
        "RC1": {
          "Type": "Calendar:RuleBased",
          "When": {
            "MonthDaysCalendar": "RCG-D-NAT",
            "DaysRelation": "OR",
            "DaysKeepActive": "01",
            "WeekDays": [
              "NONE"
            ],
            "MonthDays": [
              "NONE"
            ]
          }
        }
      }
    },
    "PRLODSTWS1_1#SYS_BDS_STS_ODS": {
      "Type": "Job:Database:StoredProcedure",
      "ConnectionProfile": "_",
      "StoredProcedure": "sqlext.SYS_BDS_STS_ODS_SP",
      "DaysKeepActive": "1",
      "SubApplication": "PRLODSTWS1_1",
      "Priority": "Very Low",
      "Host": "PRLODSTWS1",
      "CreatedBy": "emuser",
      "Description": "== Conversion Messages Start ==\\n\\nMessage ID\\t: WRN6031 (826-1311)\\n\\n== Conversion Messages End ==\\nAdded by composer.",
      "RunAs": "controlm",
      "TimeZone": "HKG",
      "Application": "PRLODSTWS1_1",
      "Variables": [
        {
          "DB-STP_SCHEM": ""
        }
      ],
      "When": {
        "WeekDays": [
          "NONE"
        ],
        "Months": [
          "NONE"
        ],
        "MonthDays": [
          "NONE"
        ],
        "DaysRelation": "OR",
        "RuleBasedCalendars": {
          "Included": [
            "RC1"
          ]
        }
      },
      "eventsToWaitFor": {
        "Type": "WaitForEvents",
        "Events": [
          {
            "Event": "PRLODSTWS1_1#D_ODS_CLM-TO-PRLODSTWS1_1#SYS_BDS_STS_ODS"
          },
          {
            "Event": "PRLODSTWS1_1#D_ODS_CLM_10-TO-PRLODSTWS1_1#SYS_BDS_STS_ODS"
          },
          {
            "Event": "PRLODSTWS1_1#D_ODS_CLM_20-TO-PRLODSTWS1_1#SYS_BDS_STS_ODS"
          },
          {
            "Event": "PRLODSTWS1_1#D_ODS_FIN-TO-PRLODSTWS1_1#SYS_BDS_STS_ODS"
          },
          {
            "Event": "PRLODSTWS1_1#D_ODS_INV-TO-PRLODSTWS1_1#SYS_BDS_STS_ODS"
          },
          {
            "Event": "PRLODSTWS1_1#D_ODS_PA-TO-PRLODSTWS1_1#SYS_BDS_STS_ODS"
          },
          {
            "Event": "PRLODSTWS1_1#D_ODS_PA_10-TO-PRLODSTWS1_1#SYS_BDS_STS_ODS"
          },
          {
            "Event": "PRLODSTWS1_1#D_ODS_PA_20-TO-PRLODSTWS1_1#SYS_BDS_STS_ODS"
          },
          {
            "Event": "PRLODSTWS1_1#D_ODS_PA_30-TO-PRLODSTWS1_1#SYS_BDS_STS_ODS"
          },
          {
            "Event": "PRLODSTWS1_1#D_ODS_PA_40-TO-PRLODSTWS1_1#SYS_BDS_STS_ODS"
          },
          {
            "Event": "PRLODSTWS1_1#D_ODS_POS-TO-PRLODSTWS1_1#SYS_BDS_STS_ODS"
          },
          {
            "Event": "PRLODSTWS1_1#D_ODS_SC-TO-PRLODSTWS1_1#SYS_BDS_STS_ODS"
          },
          {
            "Event": "PRLODSTWS1_1#D_ODS_SUP-TO-PRLODSTWS1_1#SYS_BDS_STS_ODS"
          },
          {
            "Event": "PRLODSTWS1_1#D_ODS_SUP_WRKDY-TO-PRLODSTWS1_1#SYS_BDS_STS_ODS"
          },
          {
            "Event": "PRLODSTWS1_1#D_ODS_UNB-TO-PRLODSTWS1_1#SYS_BDS_STS_ODS"
          },
          {
            "Event": "PRLODSTWS1_1#D_ODS_UNB_1-TO-PRLODSTWS1_1#SYS_BDS_STS_ODS"
          },
          {
            "Event": "PRLODSTWS1_1#D_ODS_UNB_2-TO-PRLODSTWS1_1#SYS_BDS_STS_ODS"
          },
          {
            "Event": "PRLODSTWS1_1#D_ODS_UNB_3-TO-PRLODSTWS1_1#SYS_BDS_STS_ODS"
          },
          {
            "Event": "PRLODSTWS1_1#D_ODS_UNB_4-TO-PRLODSTWS1_1#SYS_BDS_STS_ODS"
          },
          {
            "Event": "PRLODSTWS1_1#D_ODS_UNB_5-TO-PRLODSTWS1_1#SYS_BDS_STS_ODS"
          },
          {
            "Event": "PRLODSTWS1_1#I_ODS_SC-TO-PRLODSTWS1_1#SYS_BDS_STS_ODS"
          },
          {
            "Event": "PRLODSTWS1_1#M_ODS_FIN-TO-PRLODSTWS1_1#SYS_BDS_STS_ODS"
          }
        ]
      },
      "eventsToAdd": {
        "Type": "AddEvents",
        "Events": [
          {
            "Event": "PRLODSTWS1_1#SYS_BDS_STS_ODS-TO-PRLODSTWS1_1#SYS_STS_ODS"
          }
        ]
      },
      "eventsToDelete": {
        "Type": "DeleteEvents",
        "Events": [
          {
            "Event": "PRLODSTWS1_1#D_ODS_CLM-TO-PRLODSTWS1_1#SYS_BDS_STS_ODS"
          },
          {
            "Event": "PRLODSTWS1_1#D_ODS_CLM_10-TO-PRLODSTWS1_1#SYS_BDS_STS_ODS"
          },
          {
            "Event": "PRLODSTWS1_1#D_ODS_CLM_20-TO-PRLODSTWS1_1#SYS_BDS_STS_ODS"
          },
          {
            "Event": "PRLODSTWS1_1#D_ODS_FIN-TO-PRLODSTWS1_1#SYS_BDS_STS_ODS"
          },
          {
            "Event": "PRLODSTWS1_1#D_ODS_INV-TO-PRLODSTWS1_1#SYS_BDS_STS_ODS"
          },
          {
            "Event": "PRLODSTWS1_1#D_ODS_PA-TO-PRLODSTWS1_1#SYS_BDS_STS_ODS"
          },
          {
            "Event": "PRLODSTWS1_1#D_ODS_PA_10-TO-PRLODSTWS1_1#SYS_BDS_STS_ODS"
          },
          {
            "Event": "PRLODSTWS1_1#D_ODS_PA_20-TO-PRLODSTWS1_1#SYS_BDS_STS_ODS"
          },
          {
            "Event": "PRLODSTWS1_1#D_ODS_PA_30-TO-PRLODSTWS1_1#SYS_BDS_STS_ODS"
          },
          {
            "Event": "PRLODSTWS1_1#D_ODS_PA_40-TO-PRLODSTWS1_1#SYS_BDS_STS_ODS"
          },
          {
            "Event": "PRLODSTWS1_1#D_ODS_POS-TO-PRLODSTWS1_1#SYS_BDS_STS_ODS"
          },
          {
            "Event": "PRLODSTWS1_1#D_ODS_SC-TO-PRLODSTWS1_1#SYS_BDS_STS_ODS"
          },
          {
            "Event": "PRLODSTWS1_1#D_ODS_SUP-TO-PRLODSTWS1_1#SYS_BDS_STS_ODS"
          },
          {
            "Event": "PRLODSTWS1_1#D_ODS_SUP_WRKDY-TO-PRLODSTWS1_1#SYS_BDS_STS_ODS"
          },
          {
            "Event": "PRLODSTWS1_1#D_ODS_UNB-TO-PRLODSTWS1_1#SYS_BDS_STS_ODS"
          },
          {
            "Event": "PRLODSTWS1_1#D_ODS_UNB_1-TO-PRLODSTWS1_1#SYS_BDS_STS_ODS"
          },
          {
            "Event": "PRLODSTWS1_1#D_ODS_UNB_2-TO-PRLODSTWS1_1#SYS_BDS_STS_ODS"
          },
          {
            "Event": "PRLODSTWS1_1#D_ODS_UNB_3-TO-PRLODSTWS1_1#SYS_BDS_STS_ODS"
          },
          {
            "Event": "PRLODSTWS1_1#D_ODS_UNB_4-TO-PRLODSTWS1_1#SYS_BDS_STS_ODS"
          },
          {
            "Event": "PRLODSTWS1_1#D_ODS_UNB_5-TO-PRLODSTWS1_1#SYS_BDS_STS_ODS"
          },
          {
            "Event": "PRLODSTWS1_1#I_ODS_SC-TO-PRLODSTWS1_1#SYS_BDS_STS_ODS"
          },
          {
            "Event": "PRLODSTWS1_1#M_ODS_FIN-TO-PRLODSTWS1_1#SYS_BDS_STS_ODS"
          }
        ]
      }
    },
    "PRLODSTWS1_1#SYS_BDS_STS_SDM": {
      "Type": "Job:Database:StoredProcedure",
      "ConnectionProfile": "_",
      "StoredProcedure": "sqlext.SYS_BDS_STS_SDM_SP",
      "DaysKeepActive": "1",
      "SubApplication": "PRLODSTWS1_1",
      "Priority": "Very Low",
      "Host": "PRLODSTWS1",
      "CreatedBy": "emuser",
      "Description": "== Conversion Messages Start ==\\n\\nMessage ID\\t: WRN6031 (827-1312)\\n\\n== Conversion Messages End ==\\nAdded by composer.",
      "RunAs": "controlm",
      "TimeZone": "HKG",
      "Application": "PRLODSTWS1_1",
      "Variables": [
        {
          "DB-STP_SCHEM": ""
        }
      ],
      "When": {
        "WeekDays": [
          "NONE"
        ],
        "Months": [
          "NONE"
        ],
        "MonthDays": [
          "NONE"
        ],
        "DaysRelation": "OR",
        "RuleBasedCalendars": {
          "Included": [
            "RC1"
          ]
        }
      },
      "eventsToWaitFor": {
        "Type": "WaitForEvents",
        "Events": [
          {
            "Event": "PRLODSTWS1_1#D_SDM_CLM-TO-PRLODSTWS1_1#SYS_BDS_STS_SDM"
          },
          {
            "Event": "PRLODSTWS1_1#D_SDM_FIN-TO-PRLODSTWS1_1#SYS_BDS_STS_SDM"
          },
          {
            "Event": "PRLODSTWS1_1#D_SDM_INV-TO-PRLODSTWS1_1#SYS_BDS_STS_SDM"
          },
          {
            "Event": "PRLODSTWS1_1#D_SDM_PA_10-TO-PRLODSTWS1_1#SYS_BDS_STS_SDM"
          },
          {
            "Event": "PRLODSTWS1_1#D_SDM_PA_20-TO-PRLODSTWS1_1#SYS_BDS_STS_SDM"
          },
          {
            "Event": "PRLODSTWS1_1#D_SDM_PA_30-TO-PRLODSTWS1_1#SYS_BDS_STS_SDM"
          },
          {
            "Event": "PRLODSTWS1_1#D_SDM_POS-TO-PRLODSTWS1_1#SYS_BDS_STS_SDM"
          },
          {
            "Event": "PRLODSTWS1_1#D_SDM_RI-TO-PRLODSTWS1_1#SYS_BDS_STS_SDM"
          },
          {
            "Event": "PRLODSTWS1_1#D_SDM_SC-TO-PRLODSTWS1_1#SYS_BDS_STS_SDM"
          },
          {
            "Event": "PRLODSTWS1_1#D_SDM_SUP-TO-PRLODSTWS1_1#SYS_BDS_STS_SDM"
          },
          {
            "Event": "PRLODSTWS1_1#D_SDM_UNB-TO-PRLODSTWS1_1#SYS_BDS_STS_SDM"
          },
          {
            "Event": "PRLODSTWS1_1#D_SDM_UNB_1-TO-PRLODSTWS1_1#SYS_BDS_STS_SDM"
          },
          {
            "Event": "PRLODSTWS1_1#D_SDM_UNB_2-TO-PRLODSTWS1_1#SYS_BDS_STS_SDM"
          },
          {
            "Event": "PRLODSTWS1_1#D_SDM_UNB_3-TO-PRLODSTWS1_1#SYS_BDS_STS_SDM"
          },
          {
            "Event": "PRLODSTWS1_1#D_SDM_UNB_5-TO-PRLODSTWS1_1#SYS_BDS_STS_SDM"
          },
          {
            "Event": "PRLODSTWS1_1#I_SDM_PA-TO-PRLODSTWS1_1#SYS_BDS_STS_SDM"
          },
          {
            "Event": "PRLODSTWS1_1#I_SDM_SUP-TO-PRLODSTWS1_1#SYS_BDS_STS_SDM"
          },
          {
            "Event": "PRLODSTWS1_1#M_SDM_ACT-TO-PRLODSTWS1_1#SYS_BDS_STS_SDM"
          },
          {
            "Event": "PRLODSTWS1_1#M_SDM_FIN-TO-PRLODSTWS1_1#SYS_BDS_STS_SDM"
          },
          {
            "Event": "PRLODSTWS1_1#M_SDM_RI-TO-PRLODSTWS1_1#SYS_BDS_STS_SDM"
          }
        ]
      },
      "eventsToAdd": {
        "Type": "AddEvents",
        "Events": [
          {
            "Event": "PRLODSTWS1_1#SYS_BDS_STS_SDM-TO-PRLODSTWS1_1#ESP_JOB_CSIS_SYNC_BT"
          },
          {
            "Event": "PRLODSTWS1_1#SYS_BDS_STS_SDM-TO-PRLODSTWS1_1#SYS_STS_END"
          }
        ]
      },
      "eventsToDelete": {
        "Type": "DeleteEvents",
        "Events": [
          {
            "Event": "PRLODSTWS1_1#D_SDM_CLM-TO-PRLODSTWS1_1#SYS_BDS_STS_SDM"
          },
          {
            "Event": "PRLODSTWS1_1#D_SDM_FIN-TO-PRLODSTWS1_1#SYS_BDS_STS_SDM"
          },
          {
            "Event": "PRLODSTWS1_1#D_SDM_INV-TO-PRLODSTWS1_1#SYS_BDS_STS_SDM"
          },
          {
            "Event": "PRLODSTWS1_1#D_SDM_PA_10-TO-PRLODSTWS1_1#SYS_BDS_STS_SDM"
          },
          {
            "Event": "PRLODSTWS1_1#D_SDM_PA_20-TO-PRLODSTWS1_1#SYS_BDS_STS_SDM"
          },
          {
            "Event": "PRLODSTWS1_1#D_SDM_PA_30-TO-PRLODSTWS1_1#SYS_BDS_STS_SDM"
          },
          {
            "Event": "PRLODSTWS1_1#D_SDM_POS-TO-PRLODSTWS1_1#SYS_BDS_STS_SDM"
          },
          {
            "Event": "PRLODSTWS1_1#D_SDM_RI-TO-PRLODSTWS1_1#SYS_BDS_STS_SDM"
          },
          {
            "Event": "PRLODSTWS1_1#D_SDM_SC-TO-PRLODSTWS1_1#SYS_BDS_STS_SDM"
          },
          {
            "Event": "PRLODSTWS1_1#D_SDM_SUP-TO-PRLODSTWS1_1#SYS_BDS_STS_SDM"
          },
          {
            "Event": "PRLODSTWS1_1#D_SDM_UNB-TO-PRLODSTWS1_1#SYS_BDS_STS_SDM"
          },
          {
            "Event": "PRLODSTWS1_1#D_SDM_UNB_1-TO-PRLODSTWS1_1#SYS_BDS_STS_SDM"
          },
          {
            "Event": "PRLODSTWS1_1#D_SDM_UNB_2-TO-PRLODSTWS1_1#SYS_BDS_STS_SDM"
          },
          {
            "Event": "PRLODSTWS1_1#D_SDM_UNB_3-TO-PRLODSTWS1_1#SYS_BDS_STS_SDM"
          },
          {
            "Event": "PRLODSTWS1_1#D_SDM_UNB_5-TO-PRLODSTWS1_1#SYS_BDS_STS_SDM"
          },
          {
            "Event": "PRLODSTWS1_1#I_SDM_PA-TO-PRLODSTWS1_1#SYS_BDS_STS_SDM"
          },
          {
            "Event": "PRLODSTWS1_1#I_SDM_SUP-TO-PRLODSTWS1_1#SYS_BDS_STS_SDM"
          },
          {
            "Event": "PRLODSTWS1_1#M_SDM_ACT-TO-PRLODSTWS1_1#SYS_BDS_STS_SDM"
          },
          {
            "Event": "PRLODSTWS1_1#M_SDM_FIN-TO-PRLODSTWS1_1#SYS_BDS_STS_SDM"
          },
          {
            "Event": "PRLODSTWS1_1#M_SDM_RI-TO-PRLODSTWS1_1#SYS_BDS_STS_SDM"
          }
        ]
      }
    },
    "PRLODSTWS1_1#SYS_BDS_STS_FDW": {
      "Type": "Job:Database:StoredProcedure",
      "ConnectionProfile": "_",
      "StoredProcedure": "sqlext.SYS_BDS_STS_FDW_SP",
      "DaysKeepActive": "1",
      "SubApplication": "PRLODSTWS1_1",
      "Priority": "Very Low",
      "Host": "PRLODSTWS1",
      "CreatedBy": "emuser",
      "Description": "== Conversion Messages Start ==\\n\\nMessage ID\\t: WRN6031 (828-1313)\\n\\n== Conversion Messages End ==\\nAdded by composer.",
      "RunAs": "controlm",
      "TimeZone": "HKG",
      "Application": "PRLODSTWS1_1",
      "Variables": [
        {
          "DB-STP_SCHEM": ""
        }
      ],
      "When": {
        "WeekDays": [
          "NONE"
        ],
        "Months": [
          "NONE"
        ],
        "MonthDays": [
          "NONE"
        ],
        "DaysRelation": "OR",
        "RuleBasedCalendars": {
          "Included": [
            "RC1"
          ]
        }
      },
      "eventsToWaitFor": {
        "Type": "WaitForEvents",
        "Events": [
          {
            "Event": "PRLODSTWS1_1#BDS_STS_FDW_01G-TO-PRLODSTWS1_1#SYS_BDS_STS_FDW"
          },
          {
            "Event": "PRLODSTWS1_1#BDS_STS_FDW_02G-TO-PRLODSTWS1_1#SYS_BDS_STS_FDW"
          },
          {
            "Event": "PRLODSTWS1_1#BDS_STS_FDW_03G-TO-PRLODSTWS1_1#SYS_BDS_STS_FDW"
          }
        ]
      },
      "eventsToAdd": {
        "Type": "AddEvents",
        "Events": [
          {
            "Event": "PRLODSTWS1_1#SYS_BDS_STS_FDW-TO-PRLODSTWS1_1#ESP_JOB_FDW_UP_LOD_BT"
          },
          {
            "Event": "PRLODSTWS1_1#SYS_BDS_STS_FDW-TO-PRLODSTWS1_1#ESP_JOB_MRG_MAL_BT"
          }
        ]
      },
      "eventsToDelete": {
        "Type": "DeleteEvents",
        "Events": [
          {
            "Event": "PRLODSTWS1_1#BDS_STS_FDW_01G-TO-PRLODSTWS1_1#SYS_BDS_STS_FDW"
          },
          {
            "Event": "PRLODSTWS1_1#BDS_STS_FDW_02G-TO-PRLODSTWS1_1#SYS_BDS_STS_FDW"
          },
          {
            "Event": "PRLODSTWS1_1#BDS_STS_FDW_03G-TO-PRLODSTWS1_1#SYS_BDS_STS_FDW"
          }
        ]
      }
    },
    "PRLODSTWS1_1#SYS_BDS_STS_RPT": {
      "Type": "Job:Database:StoredProcedure",
      "ConnectionProfile": "_",
      "StoredProcedure": "sqlext.SYS_BDS_STS_RPT_SP",
      "DaysKeepActive": "1",
      "SubApplication": "PRLODSTWS1_1",
      "Priority": "Very Low",
      "Host": "PRLODSTWS1",
      "CreatedBy": "emuser",
      "Description": "== Conversion Messages Start ==\\n\\nMessage ID\\t: WRN6031 (829-1314)\\n\\n== Conversion Messages End ==\\nAdded by composer.",
      "RunAs": "controlm",
      "TimeZone": "HKG",
      "Application": "PRLODSTWS1_1",
      "Variables": [
        {
          "DB-STP_SCHEM": ""
        }
      ],
      "When": {
        "WeekDays": [
          "NONE"
        ],
        "Months": [
          "NONE"
        ],
        "MonthDays": [
          "NONE"
        ],
        "DaysRelation": "OR",
        "RuleBasedCalendars": {
          "Included": [
            "RC1"
          ]
        }
      },
      "eventsToWaitFor": {
        "Type": "WaitForEvents",
        "Events": [
          {
            "Event": "PRLODSTWS1_1#BDS_STS_RPT_ACT-TO-PRLODSTWS1_1#SYS_BDS_STS_RPT"
          },
          {
            "Event": "PRLODSTWS1_1#BDS_STS_RPT_CLM-TO-PRLODSTWS1_1#SYS_BDS_STS_RPT"
          },
          {
            "Event": "PRLODSTWS1_1#BDS_STS_RPT_FIN-TO-PRLODSTWS1_1#SYS_BDS_STS_RPT"
          },
          {
            "Event": "PRLODSTWS1_1#BDS_STS_RPT_INV-TO-PRLODSTWS1_1#SYS_BDS_STS_RPT"
          },
          {
            "Event": "PRLODSTWS1_1#BDS_STS_RPT_PA-TO-PRLODSTWS1_1#SYS_BDS_STS_RPT"
          },
          {
            "Event": "PRLODSTWS1_1#BDS_STS_RPT_POS-TO-PRLODSTWS1_1#SYS_BDS_STS_RPT"
          },
          {
            "Event": "PRLODSTWS1_1#BDS_STS_RPT_RI-TO-PRLODSTWS1_1#SYS_BDS_STS_RPT"
          },
          {
            "Event": "PRLODSTWS1_1#BDS_STS_RPT_SC-TO-PRLODSTWS1_1#SYS_BDS_STS_RPT"
          },
          {
            "Event": "PRLODSTWS1_1#BDS_STS_RPT_UNB-TO-PRLODSTWS1_1#SYS_BDS_STS_RPT"
          }
        ]
      },
      "eventsToAdd": {
        "Type": "AddEvents",
        "Events": [
          {
            "Event": "PRLODSTWS1_1#SYS_BDS_STS_RPT-TO-PRLODSTWS1_1#ESP_JOB_MRG_MAL_BT"
          },
          {
            "Event": "PRLODSTWS1_1#SYS_BDS_STS_RPT-TO-PRLODSTWS1_1#SYS_STS_END"
          }
        ]
      },
      "eventsToDelete": {
        "Type": "DeleteEvents",
        "Events": [
          {
            "Event": "PRLODSTWS1_1#BDS_STS_RPT_ACT-TO-PRLODSTWS1_1#SYS_BDS_STS_RPT"
          },
          {
            "Event": "PRLODSTWS1_1#BDS_STS_RPT_CLM-TO-PRLODSTWS1_1#SYS_BDS_STS_RPT"
          },
          {
            "Event": "PRLODSTWS1_1#BDS_STS_RPT_FIN-TO-PRLODSTWS1_1#SYS_BDS_STS_RPT"
          },
          {
            "Event": "PRLODSTWS1_1#BDS_STS_RPT_INV-TO-PRLODSTWS1_1#SYS_BDS_STS_RPT"
          },
          {
            "Event": "PRLODSTWS1_1#BDS_STS_RPT_PA-TO-PRLODSTWS1_1#SYS_BDS_STS_RPT"
          },
          {
            "Event": "PRLODSTWS1_1#BDS_STS_RPT_POS-TO-PRLODSTWS1_1#SYS_BDS_STS_RPT"
          },
          {
            "Event": "PRLODSTWS1_1#BDS_STS_RPT_RI-TO-PRLODSTWS1_1#SYS_BDS_STS_RPT"
          },
          {
            "Event": "PRLODSTWS1_1#BDS_STS_RPT_SC-TO-PRLODSTWS1_1#SYS_BDS_STS_RPT"
          },
          {
            "Event": "PRLODSTWS1_1#BDS_STS_RPT_UNB-TO-PRLODSTWS1_1#SYS_BDS_STS_RPT"
          }
        ]
      }
    }
  }
}
