{
  "PRLODSTWS1_1#M_FDW_BOK": {
    "Type": "Folder",
    "ControlmServer": "CTM",
    "Description": "== Conversion Messages Start ==\\n\\nMessage ID\\t: INF6107 (4263-7435)\\n\\nMessage ID\\t: INF6104 (4264-7435)\\n\\n== Conversion Messages End ==\\n",
    "OrderMethod": "Manual",
    "SubApplication": "PRLODSTWS1_1",
    "CreatedBy": "emuser",
    "Priority": "9W",
    "TimeZone": "HKG",
    "Application": "PRLODSTWS1_1",
    "When": {
      "RuleBasedCalendars": {
        "Included": [
          "RC1"
        ],
        "RC1": {
          "Type": "Calendar:RuleBased",
          "When": {
            "MonthDaysCalendar": "RCG-M-NAT",
            "DaysRelation": "OR",
            "DaysKeepActive": "01",
            "WeekDays": [
              "NONE"
            ],
            "MonthDays": [
              "NONE"
            ]
          }
        }
      }
    },
    "PRLODSTWS1_1#BOK_RATE_TBL_PARAM": {
      "Type": "Job:Database:StoredProcedure",
      "ConnectionProfile": "_",
      "StoredProcedure": "sqlext.BOK_RATE_TBL_PARAM_SP",
      "DaysKeepActive": "1",
      "SubApplication": "PRLODSTWS1_1",
      "Priority": "Very Low",
      "Host": "PRLODSTWS1",
      "CreatedBy": "emuser",
      "Description": "== Conversion Messages Start ==\\n\\nMessage ID\\t: WRN6031 (4257-7436)\\n\\n== Conversion Messages End ==\\nAdded by composer.",
      "RunAs": "controlm",
      "TimeZone": "HKG",
      "Application": "PRLODSTWS1_1",
      "Variables": [
        {
          "DB-STP_SCHEM": ""
        }
      ],
      "When": {
        "WeekDays": [
          "NONE"
        ],
        "Months": [
          "NONE"
        ],
        "MonthDays": [
          "NONE"
        ],
        "DaysRelation": "OR",
        "RuleBasedCalendars": {
          "Included": [
            "RC1"
          ]
        }
      },
      "eventsToWaitFor": {
        "Type": "WaitForEvents",
        "Events": [
          {
            "Event": "PRLODSTWS1_1#BOK_RATE_TBL-TO-PRLODSTWS1_1#BOK_RATE_TBL_PARAM"
          }
        ]
      },
      "eventsToAdd": {
        "Type": "AddEvents",
        "Events": [
          {
            "Event": "PRLODSTWS1_1#BOK_RATE_TBL_PARAM-TO-PRLODSTWS1_1#BOK_RATE_TBL_CR"
          }
        ]
      },
      "eventsToDelete": {
        "Type": "DeleteEvents",
        "Events": [
          {
            "Event": "PRLODSTWS1_1#BOK_RATE_TBL-TO-PRLODSTWS1_1#BOK_RATE_TBL_PARAM"
          }
        ]
      }
    },
    "PRLODSTWS1_1#BOK_WRK1195F1_TWO_PARAM": {
      "Type": "Job:Database:StoredProcedure",
      "ConnectionProfile": "_",
      "StoredProcedure": "sqlext.BOK_WRK1195F1_TWO_PARAM_SP",
      "DaysKeepActive": "1",
      "SubApplication": "PRLODSTWS1_1",
      "Priority": "Very Low",
      "Host": "PRLODSTWS1",
      "CreatedBy": "emuser",
      "Description": "== Conversion Messages Start ==\\n\\nMessage ID\\t: WRN6031 (4258-7437)\\n\\n== Conversion Messages End ==\\nAdded by composer.",
      "RunAs": "controlm",
      "TimeZone": "HKG",
      "Application": "PRLODSTWS1_1",
      "Variables": [
        {
          "DB-STP_SCHEM": ""
        }
      ],
      "When": {
        "WeekDays": [
          "NONE"
        ],
        "Months": [
          "NONE"
        ],
        "MonthDays": [
          "NONE"
        ],
        "DaysRelation": "OR",
        "RuleBasedCalendars": {
          "Included": [
            "RC1"
          ]
        }
      },
      "eventsToWaitFor": {
        "Type": "WaitForEvents",
        "Events": [
          {
            "Event": "PRLODSTWS1_1#BOK_WRK1195F1_TWO-TO-PRLODSTWS1_1#BOK_WRK1195F1_TWO_PARAM"
          }
        ]
      },
      "eventsToAdd": {
        "Type": "AddEvents",
        "Events": [
          {
            "Event": "PRLODSTWS1_1#BOK_WRK1195F1_TWO_PARAM-TO-PRLODSTWS1_1#BOK_WRK1195F1_TWO_EX"
          }
        ]
      },
      "eventsToDelete": {
        "Type": "DeleteEvents",
        "Events": [
          {
            "Event": "PRLODSTWS1_1#BOK_WRK1195F1_TWO-TO-PRLODSTWS1_1#BOK_WRK1195F1_TWO_PARAM"
          }
        ]
      }
    },
    "PRLODSTWS1_1#BOK_RATE_TBL_CM": {
      "Type": "Job:Command",
      "DaysKeepActive": "1",
      "SubApplication": "PRLODSTWS1_1",
      "Priority": "Very Low",
      "Host": "PRLODSTWS1",
      "CreatedBy": "emuser",
      "Description": "Common Shell Template",
      "RunAs": "controlm",
      "TimeZone": "HKG",
      "Application": "PRLODSTWS1_1",
      "Command": "/home/tws/ods_batch_home/esp.batch.scripts/run.cmd.sh M_FDW_BOK ${tws.job.name} %%\\\\global\\END_DT_CHAR.",
      "When": {
        "WeekDays": [
          "NONE"
        ],
        "Months": [
          "NONE"
        ],
        "MonthDays": [
          "NONE"
        ],
        "DaysRelation": "OR",
        "RuleBasedCalendars": {
          "Included": [
            "RC1"
          ]
        }
      },
      "eventsToWaitFor": {
        "Type": "WaitForEvents",
        "Events": [
          {
            "Event": "PRLODSTWS1_1#BOK_RATE_TBL_CR-TO-PRLODSTWS1_1#BOK_RATE_TBL_CM"
          }
        ]
      },
      "eventsToAdd": {
        "Type": "AddEvents",
        "Events": [
          {
            "Event": "PRLODSTWS1_1#BOK_RATE_TBL_CM-TO-PRLODSTWS1_1#BOK_RATE_TBL_FP"
          }
        ]
      },
      "eventsToDelete": {
        "Type": "DeleteEvents",
        "Events": [
          {
            "Event": "PRLODSTWS1_1#BOK_RATE_TBL_CR-TO-PRLODSTWS1_1#BOK_RATE_TBL_CM"
          }
        ]
      }
    },
    "PRLODSTWS1_1#BOK_RATE_TBL_FP": {
      "Type": "Job:Command",
      "DaysKeepActive": "1",
      "SubApplication": "PRLODSTWS1_1",
      "Priority": "Very Low",
      "Host": "PRLODSTWS1",
      "CreatedBy": "emuser",
      "Description": "Ftp files for batch",
      "RunAs": "controlm",
      "TimeZone": "HKG",
      "Application": "PRLODSTWS1_1",
      "Command": "/home/tws/ods_batch_home/esp.batch.scripts/ftp.files.sh M_FDW_BOK ${tws.job.name} %%\\\\global\\END_DT_CHAR.",
      "When": {
        "WeekDays": [
          "NONE"
        ],
        "Months": [
          "NONE"
        ],
        "MonthDays": [
          "NONE"
        ],
        "DaysRelation": "OR",
        "RuleBasedCalendars": {
          "Included": [
            "RC1"
          ]
        }
      },
      "eventsToWaitFor": {
        "Type": "WaitForEvents",
        "Events": [
          {
            "Event": "PRLODSTWS1_1#BOK_RATE_TBL_CM-TO-PRLODSTWS1_1#BOK_RATE_TBL_FP"
          }
        ]
      },
      "eventsToDelete": {
        "Type": "DeleteEvents",
        "Events": [
          {
            "Event": "PRLODSTWS1_1#BOK_RATE_TBL_CM-TO-PRLODSTWS1_1#BOK_RATE_TBL_FP"
          }
        ]
      }
    },
    "PRLODSTWS1_1#BOK_WRK1195F1_D8D_CM": {
      "Type": "Job:Command",
      "DaysKeepActive": "1",
      "SubApplication": "PRLODSTWS1_1",
      "Priority": "Very Low",
      "Host": "PRLODSTWS1",
      "CreatedBy": "emuser",
      "Description": "Common Shell Template",
      "RunAs": "controlm",
      "TimeZone": "HKG",
      "Application": "PRLODSTWS1_1",
      "Command": "/home/tws/ods_batch_home/esp.batch.scripts/run.cmd.sh M_FDW_BOK ${tws.job.name} %%\\\\global\\END_DT_CHAR.",
      "When": {
        "WeekDays": [
          "NONE"
        ],
        "Months": [
          "NONE"
        ],
        "MonthDays": [
          "NONE"
        ],
        "DaysRelation": "OR",
        "RuleBasedCalendars": {
          "Included": [
            "RC1"
          ]
        }
      },
      "eventsToWaitFor": {
        "Type": "WaitForEvents",
        "Events": [
          {
            "Event": "PRLODSTWS1_1#BOK_WRK1195F1_D8D_EX-TO-PRLODSTWS1_1#BOK_WRK1195F1_D8D_CM"
          }
        ]
      },
      "eventsToAdd": {
        "Type": "AddEvents",
        "Events": [
          {
            "Event": "PRLODSTWS1_1#BOK_WRK1195F1_D8D_CM-TO-PRLODSTWS1_1#BOK_WRK1195F1_D8D_FP"
          }
        ]
      },
      "eventsToDelete": {
        "Type": "DeleteEvents",
        "Events": [
          {
            "Event": "PRLODSTWS1_1#BOK_WRK1195F1_D8D_EX-TO-PRLODSTWS1_1#BOK_WRK1195F1_D8D_CM"
          }
        ]
      }
    },
    "PRLODSTWS1_1#BOK_WRK1195F1_D8D_FP": {
      "Type": "Job:Command",
      "DaysKeepActive": "1",
      "SubApplication": "PRLODSTWS1_1",
      "Priority": "Very Low",
      "Host": "PRLODSTWS1",
      "CreatedBy": "emuser",
      "Description": "Ftp files for batch",
      "RunAs": "controlm",
      "TimeZone": "HKG",
      "Application": "PRLODSTWS1_1",
      "Command": "/home/tws/ods_batch_home/esp.batch.scripts/ftp.files.sh M_FDW_BOK ${tws.job.name} %%\\\\global\\END_DT_CHAR.",
      "When": {
        "WeekDays": [
          "NONE"
        ],
        "Months": [
          "NONE"
        ],
        "MonthDays": [
          "NONE"
        ],
        "DaysRelation": "OR",
        "RuleBasedCalendars": {
          "Included": [
            "RC1"
          ]
        }
      },
      "eventsToWaitFor": {
        "Type": "WaitForEvents",
        "Events": [
          {
            "Event": "PRLODSTWS1_1#BOK_WRK1195F1_D8D_CM-TO-PRLODSTWS1_1#BOK_WRK1195F1_D8D_FP"
          }
        ]
      },
      "eventsToDelete": {
        "Type": "DeleteEvents",
        "Events": [
          {
            "Event": "PRLODSTWS1_1#BOK_WRK1195F1_D8D_CM-TO-PRLODSTWS1_1#BOK_WRK1195F1_D8D_FP"
          }
        ]
      }
    },
    "PRLODSTWS1_1#BOK_WRK1195F1_D8D": {
      "Type": "Job:Database:StoredProcedure",
      "ConnectionProfile": "_",
      "StoredProcedure": "sqlext.BOK_WRK1195F1_D8D_SP",
      "DaysKeepActive": "1",
      "SubApplication": "PRLODSTWS1_1",
      "Priority": "Very Low",
      "Host": "PRLODSTWS1",
      "CreatedBy": "emuser",
      "Description": "== Conversion Messages Start ==\\n\\nMessage ID\\t: WRN6031 (4259-7442)\\n\\n== Conversion Messages End ==\\nAdded by composer.",
      "RunAs": "controlm",
      "TimeZone": "HKG",
      "Application": "PRLODSTWS1_1",
      "Variables": [
        {
          "DB-STP_SCHEM": ""
        }
      ],
      "When": {
        "WeekDays": [
          "NONE"
        ],
        "Months": [
          "NONE"
        ],
        "MonthDays": [
          "NONE"
        ],
        "DaysRelation": "OR",
        "RuleBasedCalendars": {
          "Included": [
            "RC1"
          ]
        }
      },
      "eventsToWaitFor": {
        "Type": "WaitForEvents",
        "Events": [
          {
            "Event": "PRLODSTWS1_1#FDW_CONTRACT_MAST_BOK-TO-PRLODSTWS1_1#BOK_WRK1195F1_D8D"
          }
        ]
      },
      "eventsToAdd": {
        "Type": "AddEvents",
        "Events": [
          {
            "Event": "PRLODSTWS1_1#BOK_WRK1195F1_D8D-TO-PRLODSTWS1_1#BOK_WRK1195F1_D8D_PARAM"
          }
        ]
      },
      "eventsToDelete": {
        "Type": "DeleteEvents",
        "Events": [
          {
            "Event": "PRLODSTWS1_1#FDW_CONTRACT_MAST_BOK-TO-PRLODSTWS1_1#BOK_WRK1195F1_D8D"
          }
        ]
      }
    },
    "PRLODSTWS1_1#BOK_WRK1195F1_TWO_EX": {
      "Type": "Job:Command",
      "DaysKeepActive": "1",
      "SubApplication": "PRLODSTWS1_1",
      "Priority": "Very Low",
      "Host": "PRLODSTWS1",
      "CreatedBy": "emuser",
      "Description": "CSV Export for batch",
      "RunAs": "controlm",
      "TimeZone": "HKG",
      "Application": "PRLODSTWS1_1",
      "Command": "/home/tws/ods_batch_home/esp.batch.scripts/gen.table2File.sh M_FDW_BOK ${tws.job.name} %%\\\\global\\END_DT_CHAR.",
      "When": {
        "WeekDays": [
          "NONE"
        ],
        "Months": [
          "NONE"
        ],
        "MonthDays": [
          "NONE"
        ],
        "DaysRelation": "OR",
        "RuleBasedCalendars": {
          "Included": [
            "RC1"
          ]
        }
      },
      "eventsToWaitFor": {
        "Type": "WaitForEvents",
        "Events": [
          {
            "Event": "PRLODSTWS1_1#BOK_WRK1195F1_TWO_PARAM-TO-PRLODSTWS1_1#BOK_WRK1195F1_TWO_EX"
          }
        ]
      },
      "eventsToAdd": {
        "Type": "AddEvents",
        "Events": [
          {
            "Event": "PRLODSTWS1_1#BOK_WRK1195F1_TWO_EX-TO-PRLODSTWS1_1#BOK_WRK1195F1_TWO_CM"
          }
        ]
      },
      "eventsToDelete": {
        "Type": "DeleteEvents",
        "Events": [
          {
            "Event": "PRLODSTWS1_1#BOK_WRK1195F1_TWO_PARAM-TO-PRLODSTWS1_1#BOK_WRK1195F1_TWO_EX"
          }
        ]
      }
    },
    "PRLODSTWS1_1#BOK_WRK1195F1_D8D_EX": {
      "Type": "Job:Command",
      "DaysKeepActive": "1",
      "SubApplication": "PRLODSTWS1_1",
      "Priority": "Very Low",
      "Host": "PRLODSTWS1",
      "CreatedBy": "emuser",
      "Description": "CSV Export for batch",
      "RunAs": "controlm",
      "TimeZone": "HKG",
      "Application": "PRLODSTWS1_1",
      "Command": "/home/tws/ods_batch_home/esp.batch.scripts/gen.table2File.sh M_FDW_BOK ${tws.job.name} %%\\\\global\\END_DT_CHAR.",
      "When": {
        "WeekDays": [
          "NONE"
        ],
        "Months": [
          "NONE"
        ],
        "MonthDays": [
          "NONE"
        ],
        "DaysRelation": "OR",
        "RuleBasedCalendars": {
          "Included": [
            "RC1"
          ]
        }
      },
      "eventsToWaitFor": {
        "Type": "WaitForEvents",
        "Events": [
          {
            "Event": "PRLODSTWS1_1#BOK_WRK1195F1_D8D_PARAM-TO-PRLODSTWS1_1#BOK_WRK1195F1_D8D_EX"
          }
        ]
      },
      "eventsToAdd": {
        "Type": "AddEvents",
        "Events": [
          {
            "Event": "PRLODSTWS1_1#BOK_WRK1195F1_D8D_EX-TO-PRLODSTWS1_1#BOK_WRK1195F1_D8D_CM"
          }
        ]
      },
      "eventsToDelete": {
        "Type": "DeleteEvents",
        "Events": [
          {
            "Event": "PRLODSTWS1_1#BOK_WRK1195F1_D8D_PARAM-TO-PRLODSTWS1_1#BOK_WRK1195F1_D8D_EX"
          }
        ]
      }
    },
    "PRLODSTWS1_1#BOK_WRK1195F1_D8D_PARAM": {
      "Type": "Job:Database:StoredProcedure",
      "ConnectionProfile": "_",
      "StoredProcedure": "sqlext.BOK_WRK1195F1_D8D_PARAM_SP",
      "DaysKeepActive": "1",
      "SubApplication": "PRLODSTWS1_1",
      "Priority": "Very Low",
      "Host": "PRLODSTWS1",
      "CreatedBy": "emuser",
      "Description": "== Conversion Messages Start ==\\n\\nMessage ID\\t: WRN6031 (4260-7445)\\n\\n== Conversion Messages End ==\\nAdded by composer.",
      "RunAs": "controlm",
      "TimeZone": "HKG",
      "Application": "PRLODSTWS1_1",
      "Variables": [
        {
          "DB-STP_SCHEM": ""
        }
      ],
      "When": {
        "WeekDays": [
          "NONE"
        ],
        "Months": [
          "NONE"
        ],
        "MonthDays": [
          "NONE"
        ],
        "DaysRelation": "OR",
        "RuleBasedCalendars": {
          "Included": [
            "RC1"
          ]
        }
      },
      "eventsToWaitFor": {
        "Type": "WaitForEvents",
        "Events": [
          {
            "Event": "PRLODSTWS1_1#BOK_WRK1195F1_D8D-TO-PRLODSTWS1_1#BOK_WRK1195F1_D8D_PARAM"
          }
        ]
      },
      "eventsToAdd": {
        "Type": "AddEvents",
        "Events": [
          {
            "Event": "PRLODSTWS1_1#BOK_WRK1195F1_D8D_PARAM-TO-PRLODSTWS1_1#BOK_WRK1195F1_D8D_EX"
          }
        ]
      },
      "eventsToDelete": {
        "Type": "DeleteEvents",
        "Events": [
          {
            "Event": "PRLODSTWS1_1#BOK_WRK1195F1_D8D-TO-PRLODSTWS1_1#BOK_WRK1195F1_D8D_PARAM"
          }
        ]
      }
    },
    "PRLODSTWS1_1#BOK_WRK1195F1_TWO_CM": {
      "Type": "Job:Command",
      "DaysKeepActive": "1",
      "SubApplication": "PRLODSTWS1_1",
      "Priority": "Very Low",
      "Host": "PRLODSTWS1",
      "CreatedBy": "emuser",
      "Description": "Common Shell Template",
      "RunAs": "controlm",
      "TimeZone": "HKG",
      "Application": "PRLODSTWS1_1",
      "Command": "/home/tws/ods_batch_home/esp.batch.scripts/run.cmd.sh M_FDW_BOK ${tws.job.name} %%\\\\global\\END_DT_CHAR.",
      "When": {
        "WeekDays": [
          "NONE"
        ],
        "Months": [
          "NONE"
        ],
        "MonthDays": [
          "NONE"
        ],
        "DaysRelation": "OR",
        "RuleBasedCalendars": {
          "Included": [
            "RC1"
          ]
        }
      },
      "eventsToWaitFor": {
        "Type": "WaitForEvents",
        "Events": [
          {
            "Event": "PRLODSTWS1_1#BOK_WRK1195F1_TWO_EX-TO-PRLODSTWS1_1#BOK_WRK1195F1_TWO_CM"
          }
        ]
      },
      "eventsToAdd": {
        "Type": "AddEvents",
        "Events": [
          {
            "Event": "PRLODSTWS1_1#BOK_WRK1195F1_TWO_CM-TO-PRLODSTWS1_1#BOK_WRK1195F1_TWO_FP"
          }
        ]
      },
      "eventsToDelete": {
        "Type": "DeleteEvents",
        "Events": [
          {
            "Event": "PRLODSTWS1_1#BOK_WRK1195F1_TWO_EX-TO-PRLODSTWS1_1#BOK_WRK1195F1_TWO_CM"
          }
        ]
      }
    },
    "PRLODSTWS1_1#BOK_WRK1195F1_TWO_FP": {
      "Type": "Job:Command",
      "DaysKeepActive": "1",
      "SubApplication": "PRLODSTWS1_1",
      "Priority": "Very Low",
      "Host": "PRLODSTWS1",
      "CreatedBy": "emuser",
      "Description": "Ftp files for batch",
      "RunAs": "controlm",
      "TimeZone": "HKG",
      "Application": "PRLODSTWS1_1",
      "Command": "/home/tws/ods_batch_home/esp.batch.scripts/ftp.files.sh M_FDW_BOK ${tws.job.name} %%\\\\global\\END_DT_CHAR.",
      "When": {
        "WeekDays": [
          "NONE"
        ],
        "Months": [
          "NONE"
        ],
        "MonthDays": [
          "NONE"
        ],
        "DaysRelation": "OR",
        "RuleBasedCalendars": {
          "Included": [
            "RC1"
          ]
        }
      },
      "eventsToWaitFor": {
        "Type": "WaitForEvents",
        "Events": [
          {
            "Event": "PRLODSTWS1_1#BOK_WRK1195F1_TWO_CM-TO-PRLODSTWS1_1#BOK_WRK1195F1_TWO_FP"
          }
        ]
      },
      "eventsToDelete": {
        "Type": "DeleteEvents",
        "Events": [
          {
            "Event": "PRLODSTWS1_1#BOK_WRK1195F1_TWO_CM-TO-PRLODSTWS1_1#BOK_WRK1195F1_TWO_FP"
          }
        ]
      }
    },
    "PRLODSTWS1_1#BOK_RATE_TBL_CR": {
      "Type": "Job:Command",
      "DaysKeepActive": "1",
      "SubApplication": "PRLODSTWS1_1",
      "Priority": "Very Low",
      "Host": "PRLODSTWS1",
      "CreatedBy": "emuser",
      "Description": "generate the report file for batch",
      "RunAs": "controlm",
      "TimeZone": "HKG",
      "Application": "PRLODSTWS1_1",
      "Command": "/home/tws/ods_batch_home/esp.batch.scripts/gen.report.sh M_FDW_BOK ${tws.job.name} %%\\\\global\\END_DT_CHAR.",
      "When": {
        "WeekDays": [
          "NONE"
        ],
        "Months": [
          "NONE"
        ],
        "MonthDays": [
          "NONE"
        ],
        "DaysRelation": "OR",
        "RuleBasedCalendars": {
          "Included": [
            "RC1"
          ]
        }
      },
      "eventsToWaitFor": {
        "Type": "WaitForEvents",
        "Events": [
          {
            "Event": "PRLODSTWS1_1#BOK_RATE_TBL_PARAM-TO-PRLODSTWS1_1#BOK_RATE_TBL_CR"
          }
        ]
      },
      "eventsToAdd": {
        "Type": "AddEvents",
        "Events": [
          {
            "Event": "PRLODSTWS1_1#BOK_RATE_TBL_CR-TO-PRLODSTWS1_1#BOK_RATE_TBL_CM"
          }
        ]
      },
      "eventsToDelete": {
        "Type": "DeleteEvents",
        "Events": [
          {
            "Event": "PRLODSTWS1_1#BOK_RATE_TBL_PARAM-TO-PRLODSTWS1_1#BOK_RATE_TBL_CR"
          }
        ]
      }
    },
    "PRLODSTWS1_1#BOK_WRK1195F1_TWO": {
      "Type": "Job:Database:StoredProcedure",
      "ConnectionProfile": "_",
      "StoredProcedure": "sqlext.BOK_WRK1195F1_TWO_SP",
      "DaysKeepActive": "1",
      "SubApplication": "PRLODSTWS1_1",
      "Priority": "Very Low",
      "Host": "PRLODSTWS1",
      "CreatedBy": "emuser",
      "Description": "== Conversion Messages Start ==\\n\\nMessage ID\\t: WRN6031 (4261-7449)\\n\\n== Conversion Messages End ==\\nAdded by composer.",
      "RunAs": "controlm",
      "TimeZone": "HKG",
      "Application": "PRLODSTWS1_1",
      "Variables": [
        {
          "DB-STP_SCHEM": ""
        }
      ],
      "When": {
        "WeekDays": [
          "NONE"
        ],
        "Months": [
          "NONE"
        ],
        "MonthDays": [
          "NONE"
        ],
        "DaysRelation": "OR",
        "RuleBasedCalendars": {
          "Included": [
            "RC1"
          ]
        }
      },
      "eventsToWaitFor": {
        "Type": "WaitForEvents",
        "Events": [
          {
            "Event": "PRLODSTWS1_1#FDW_CONTRACT_MAST_BOK-TO-PRLODSTWS1_1#BOK_WRK1195F1_TWO"
          }
        ]
      },
      "eventsToAdd": {
        "Type": "AddEvents",
        "Events": [
          {
            "Event": "PRLODSTWS1_1#BOK_WRK1195F1_TWO-TO-PRLODSTWS1_1#BOK_WRK1195F1_TWO_PARAM"
          }
        ]
      },
      "eventsToDelete": {
        "Type": "DeleteEvents",
        "Events": [
          {
            "Event": "PRLODSTWS1_1#FDW_CONTRACT_MAST_BOK-TO-PRLODSTWS1_1#BOK_WRK1195F1_TWO"
          }
        ]
      }
    },
    "PRLODSTWS1_1#BOK_RATE_TBL": {
      "Type": "Job:Database:StoredProcedure",
      "ConnectionProfile": "_",
      "StoredProcedure": "sqlext.BOK_RATE_TBL_SP",
      "DaysKeepActive": "1",
      "SubApplication": "PRLODSTWS1_1",
      "Priority": "Very Low",
      "Host": "PRLODSTWS1",
      "CreatedBy": "emuser",
      "Description": "== Conversion Messages Start ==\\n\\nMessage ID\\t: WRN6031 (4262-7450)\\n\\n== Conversion Messages End ==\\nAdded by composer.",
      "RunAs": "controlm",
      "TimeZone": "HKG",
      "Application": "PRLODSTWS1_1",
      "Variables": [
        {
          "DB-STP_SCHEM": ""
        }
      ],
      "When": {
        "WeekDays": [
          "NONE"
        ],
        "Months": [
          "NONE"
        ],
        "MonthDays": [
          "NONE"
        ],
        "DaysRelation": "OR",
        "RuleBasedCalendars": {
          "Included": [
            "RC1"
          ]
        }
      },
      "eventsToWaitFor": {
        "Type": "WaitForEvents",
        "Events": [
          {
            "Event": "PRLODSTWS1_1#FDW_CODE_MAP-TO-PRLODSTWS1_1#BOK_RATE_TBL"
          },
          {
            "Event": "PRLODSTWS1_1#O_CHANNEL_ORG-TO-PRLODSTWS1_1#BOK_RATE_TBL"
          },
          {
            "Event": "PRLODSTWS1_1#O_COMMISSION_VERSION-TO-PRLODSTWS1_1#BOK_RATE_TBL"
          },
          {
            "Event": "PRLODSTWS1_1#O_SC_AGENCY_CONT_LIST-TO-PRLODSTWS1_1#BOK_RATE_TBL"
          },
          {
            "Event": "PRLODSTWS1_1#SDM_INTEREST_RATE-TO-PRLODSTWS1_1#BOK_RATE_TBL"
          },
          {
            "Event": "PRLODSTWS1_1#SDM_PRODUCT_LIFE-TO-PRLODSTWS1_1#BOK_RATE_TBL"
          }
        ]
      },
      "eventsToAdd": {
        "Type": "AddEvents",
        "Events": [
          {
            "Event": "PRLODSTWS1_1#BOK_RATE_TBL-TO-PRLODSTWS1_1#BOK_RATE_TBL_PARAM"
          }
        ]
      },
      "eventsToDelete": {
        "Type": "DeleteEvents",
        "Events": [
          {
            "Event": "PRLODSTWS1_1#FDW_CODE_MAP-TO-PRLODSTWS1_1#BOK_RATE_TBL"
          },
          {
            "Event": "PRLODSTWS1_1#O_CHANNEL_ORG-TO-PRLODSTWS1_1#BOK_RATE_TBL"
          },
          {
            "Event": "PRLODSTWS1_1#O_COMMISSION_VERSION-TO-PRLODSTWS1_1#BOK_RATE_TBL"
          },
          {
            "Event": "PRLODSTWS1_1#O_SC_AGENCY_CONT_LIST-TO-PRLODSTWS1_1#BOK_RATE_TBL"
          },
          {
            "Event": "PRLODSTWS1_1#SDM_INTEREST_RATE-TO-PRLODSTWS1_1#BOK_RATE_TBL"
          },
          {
            "Event": "PRLODSTWS1_1#SDM_PRODUCT_LIFE-TO-PRLODSTWS1_1#BOK_RATE_TBL"
          }
        ]
      }
    },
    "eventsToAdd": {
      "Type": "AddEvents",
      "Events": [
        {
          "Event": "PRLODSTWS1_1#M_FDW_BOK-TO-PRLODSTWS1_1#BDS_STS_FDW_05G"
        }
      ]
    }
  }
}
