{
  "PRLODSTWS1_1#I_FDW_BATCH": {
    "Type": "Folder",
    "ControlmServer": "CTM",
    "Description": "== Conversion Messages Start ==\\n\\nMessage ID\\t: INF6107 (4556-7983)\\n\\nMessage ID\\t: INF6104 (4557-7983)\\n\\n== Conversion Messages End ==\\n",
    "OrderMethod": "Manual",
    "SubApplication": "PRLODSTWS1_1",
    "CreatedBy": "emuser",
    "Priority": "9W",
    "TimeZone": "HKG",
    "Application": "PRLODSTWS1_1",
    "When": {
      "RuleBasedCalendars": {
        "Included": [
          "RC1"
        ],
        "RC1": {
          "Type": "Calendar:RuleBased",
          "When": {
            "MonthDaysCalendar": "RCG-D-NAT",
            "DaysRelation": "OR",
            "DaysKeepActive": "01",
            "WeekDays": [
              "NONE"
            ],
            "MonthDays": [
              "NONE"
            ]
          }
        }
      }
    },
    "PRLODSTWS1_1#BATCH_COMPANY_MAPPING": {
      "Type": "Job:Database:StoredProcedure",
      "ConnectionProfile": "_",
      "StoredProcedure": "sqlext.BATCH_COMPANY_MAPPING_SP",
      "DaysKeepActive": "1",
      "SubApplication": "PRLODSTWS1_1",
      "Priority": "Very Low",
      "Host": "PRLODSTWS1",
      "CreatedBy": "emuser",
      "Description": "== Conversion Messages Start ==\\n\\nMessage ID\\t: WRN6031 (4545-7984)\\n\\n== Conversion Messages End ==\\nAdded by composer.",
      "RunAs": "controlm",
      "TimeZone": "HKG",
      "Application": "PRLODSTWS1_1",
      "Variables": [
        {
          "DB-STP_SCHEM": ""
        }
      ],
      "When": {
        "WeekDays": [
          "NONE"
        ],
        "Months": [
          "NONE"
        ],
        "MonthDays": [
          "NONE"
        ],
        "DaysRelation": "OR",
        "RuleBasedCalendars": {
          "Included": [
            "RC1"
          ]
        }
      },
      "eventsToWaitFor": {
        "Type": "WaitForEvents",
        "Events": [
          {
            "Event": "PRLODSTWS1_1#SYS_STS_STG-TO-PRLODSTWS1_1#BATCH_COMPANY_MAPPING"
          }
        ]
      },
      "eventsToAdd": {
        "Type": "AddEvents",
        "Events": [
          {
            "Event": "PRLODSTWS1_1#BATCH_COMPANY_MAPPING-TO-PRLODSTWS1_1#BATCH_COMM_INFO_DETAIL"
          },
          {
            "Event": "PRLODSTWS1_1#BATCH_COMPANY_MAPPING-TO-PRLODSTWS1_1#BATCH_INFO_DETAIL"
          }
        ]
      },
      "eventsToDelete": {
        "Type": "DeleteEvents",
        "Events": [
          {
            "Event": "PRLODSTWS1_1#SYS_STS_STG-TO-PRLODSTWS1_1#BATCH_COMPANY_MAPPING"
          }
        ]
      }
    },
    "PRLODSTWS1_1#CHARGE_BACK_JOB_PARAM": {
      "Type": "Job:Database:StoredProcedure",
      "ConnectionProfile": "_",
      "StoredProcedure": "sqlext.CHARGE_BACK_JOB_PARAM_SP",
      "DaysKeepActive": "1",
      "SubApplication": "PRLODSTWS1_1",
      "Priority": "Very Low",
      "Host": "PRLODSTWS1",
      "CreatedBy": "emuser",
      "Description": "== Conversion Messages Start ==\\n\\nMessage ID\\t: WRN6031 (4546-7985)\\n\\n== Conversion Messages End ==\\nAdded by composer.",
      "RunAs": "controlm",
      "TimeZone": "HKG",
      "Application": "PRLODSTWS1_1",
      "Variables": [
        {
          "DB-STP_SCHEM": ""
        }
      ],
      "When": {
        "WeekDays": [
          "NONE"
        ],
        "Months": [
          "NONE"
        ],
        "MonthDays": [
          "NONE"
        ],
        "DaysRelation": "OR",
        "RuleBasedCalendars": {
          "Included": [
            "RC1"
          ]
        }
      },
      "eventsToWaitFor": {
        "Type": "WaitForEvents",
        "Events": [
          {
            "Event": "PRLODSTWS1_1#SYS_STS_STG-TO-PRLODSTWS1_1#CHARGE_BACK_JOB_PARAM"
          }
        ]
      },
      "eventsToDelete": {
        "Type": "DeleteEvents",
        "Events": [
          {
            "Event": "PRLODSTWS1_1#SYS_STS_STG-TO-PRLODSTWS1_1#CHARGE_BACK_JOB_PARAM"
          }
        ]
      }
    },
    "PRLODSTWS1_1#BRBD_BATCH_PROFILE": {
      "Type": "Job:Database:StoredProcedure",
      "ConnectionProfile": "_",
      "StoredProcedure": "sqlext.BRBD_BATCH_PROFILE_SP",
      "DaysKeepActive": "1",
      "SubApplication": "PRLODSTWS1_1",
      "Priority": "Very Low",
      "Host": "PRLODSTWS1",
      "CreatedBy": "emuser",
      "Description": "== Conversion Messages Start ==\\n\\nMessage ID\\t: WRN6031 (4547-7986)\\n\\n== Conversion Messages End ==\\nAdded by composer.",
      "RunAs": "controlm",
      "TimeZone": "HKG",
      "Application": "PRLODSTWS1_1",
      "Variables": [
        {
          "DB-STP_SCHEM": ""
        }
      ],
      "When": {
        "WeekDays": [
          "NONE"
        ],
        "Months": [
          "NONE"
        ],
        "MonthDays": [
          "NONE"
        ],
        "DaysRelation": "OR",
        "RuleBasedCalendars": {
          "Included": [
            "RC1"
          ]
        }
      },
      "eventsToWaitFor": {
        "Type": "WaitForEvents",
        "Events": [
          {
            "Event": "PRLODSTWS1_1#SYS_STS_STG-TO-PRLODSTWS1_1#BRBD_BATCH_PROFILE"
          }
        ]
      },
      "eventsToAdd": {
        "Type": "AddEvents",
        "Events": [
          {
            "Event": "PRLODSTWS1_1#BRBD_BATCH_PROFILE-TO-PRLODSTWS1_1#BATCH_COMM_INFO_DETAIL"
          },
          {
            "Event": "PRLODSTWS1_1#BRBD_BATCH_PROFILE-TO-PRLODSTWS1_1#BATCH_INFO_DETAIL"
          }
        ]
      },
      "eventsToDelete": {
        "Type": "DeleteEvents",
        "Events": [
          {
            "Event": "PRLODSTWS1_1#SYS_STS_STG-TO-PRLODSTWS1_1#BRBD_BATCH_PROFILE"
          }
        ]
      }
    },
    "PRLODSTWS1_1#BATCH_CYCLE_INFO": {
      "Type": "Job:Database:StoredProcedure",
      "ConnectionProfile": "_",
      "StoredProcedure": "sqlext.BATCH_CYCLE_INFO_SP",
      "DaysKeepActive": "1",
      "SubApplication": "PRLODSTWS1_1",
      "Priority": "Very Low",
      "Host": "PRLODSTWS1",
      "CreatedBy": "emuser",
      "Description": "== Conversion Messages Start ==\\n\\nMessage ID\\t: WRN6031 (4548-7987)\\n\\n== Conversion Messages End ==\\nAdded by composer.",
      "RunAs": "controlm",
      "TimeZone": "HKG",
      "Application": "PRLODSTWS1_1",
      "Variables": [
        {
          "DB-STP_SCHEM": ""
        }
      ],
      "When": {
        "WeekDays": [
          "NONE"
        ],
        "Months": [
          "NONE"
        ],
        "MonthDays": [
          "NONE"
        ],
        "DaysRelation": "OR",
        "RuleBasedCalendars": {
          "Included": [
            "RC1"
          ]
        }
      },
      "eventsToWaitFor": {
        "Type": "WaitForEvents",
        "Events": [
          {
            "Event": "PRLODSTWS1_1#SYS_STS_STG-TO-PRLODSTWS1_1#BATCH_CYCLE_INFO"
          }
        ]
      },
      "eventsToAdd": {
        "Type": "AddEvents",
        "Events": [
          {
            "Event": "PRLODSTWS1_1#BATCH_CYCLE_INFO-TO-PRLODSTWS1_1#BATCH_COMM_INFO_DETAIL"
          },
          {
            "Event": "PRLODSTWS1_1#BATCH_CYCLE_INFO-TO-PRLODSTWS1_1#BATCH_INFO_DETAIL"
          }
        ]
      },
      "eventsToDelete": {
        "Type": "DeleteEvents",
        "Events": [
          {
            "Event": "PRLODSTWS1_1#SYS_STS_STG-TO-PRLODSTWS1_1#BATCH_CYCLE_INFO"
          }
        ]
      }
    },
    "PRLODSTWS1_1#BATCH_RF_INFO": {
      "Type": "Job:Database:StoredProcedure",
      "ConnectionProfile": "_",
      "StoredProcedure": "sqlext.BATCH_RF_INFO_SP",
      "DaysKeepActive": "1",
      "SubApplication": "PRLODSTWS1_1",
      "Priority": "Very Low",
      "Host": "PRLODSTWS1",
      "CreatedBy": "emuser",
      "Description": "== Conversion Messages Start ==\\n\\nMessage ID\\t: WRN6031 (4549-7988)\\n\\n== Conversion Messages End ==\\nAdded by composer.",
      "RunAs": "controlm",
      "TimeZone": "HKG",
      "Application": "PRLODSTWS1_1",
      "Variables": [
        {
          "DB-STP_SCHEM": ""
        }
      ],
      "When": {
        "WeekDays": [
          "NONE"
        ],
        "Months": [
          "NONE"
        ],
        "MonthDays": [
          "NONE"
        ],
        "DaysRelation": "OR",
        "RuleBasedCalendars": {
          "Included": [
            "RC1"
          ]
        }
      },
      "eventsToWaitFor": {
        "Type": "WaitForEvents",
        "Events": [
          {
            "Event": "PRLODSTWS1_1#SYS_STS_STG-TO-PRLODSTWS1_1#BATCH_RF_INFO"
          }
        ]
      },
      "eventsToAdd": {
        "Type": "AddEvents",
        "Events": [
          {
            "Event": "PRLODSTWS1_1#BATCH_RF_INFO-TO-PRLODSTWS1_1#BATCH_INFO_DETAIL"
          }
        ]
      },
      "eventsToDelete": {
        "Type": "DeleteEvents",
        "Events": [
          {
            "Event": "PRLODSTWS1_1#SYS_STS_STG-TO-PRLODSTWS1_1#BATCH_RF_INFO"
          }
        ]
      }
    },
    "PRLODSTWS1_1#BATCH_CYCLE_DETAILS": {
      "Type": "Job:Database:StoredProcedure",
      "ConnectionProfile": "_",
      "StoredProcedure": "sqlext.BATCH_CYCLE_DETAILS_SP",
      "DaysKeepActive": "1",
      "SubApplication": "PRLODSTWS1_1",
      "Priority": "Very Low",
      "Host": "PRLODSTWS1",
      "CreatedBy": "emuser",
      "Description": "== Conversion Messages Start ==\\n\\nMessage ID\\t: WRN6031 (4550-7989)\\n\\n== Conversion Messages End ==\\nAdded by composer.",
      "RunAs": "controlm",
      "TimeZone": "HKG",
      "Application": "PRLODSTWS1_1",
      "Variables": [
        {
          "DB-STP_SCHEM": ""
        }
      ],
      "When": {
        "WeekDays": [
          "NONE"
        ],
        "Months": [
          "NONE"
        ],
        "MonthDays": [
          "NONE"
        ],
        "DaysRelation": "OR",
        "RuleBasedCalendars": {
          "Included": [
            "RC1"
          ]
        }
      },
      "eventsToWaitFor": {
        "Type": "WaitForEvents",
        "Events": [
          {
            "Event": "PRLODSTWS1_1#SYS_STS_STG-TO-PRLODSTWS1_1#BATCH_CYCLE_DETAILS"
          }
        ]
      },
      "eventsToAdd": {
        "Type": "AddEvents",
        "Events": [
          {
            "Event": "PRLODSTWS1_1#BATCH_CYCLE_DETAILS-TO-PRLODSTWS1_1#BATCH_COMM_INFO_DETAIL"
          },
          {
            "Event": "PRLODSTWS1_1#BATCH_CYCLE_DETAILS-TO-PRLODSTWS1_1#BATCH_INFO_DETAIL"
          }
        ]
      },
      "eventsToDelete": {
        "Type": "DeleteEvents",
        "Events": [
          {
            "Event": "PRLODSTWS1_1#SYS_STS_STG-TO-PRLODSTWS1_1#BATCH_CYCLE_DETAILS"
          }
        ]
      }
    },
    "PRLODSTWS1_1#BATCH_TYPE_INFO": {
      "Type": "Job:Database:StoredProcedure",
      "ConnectionProfile": "_",
      "StoredProcedure": "sqlext.BATCH_TYPE_INFO_SP",
      "DaysKeepActive": "1",
      "SubApplication": "PRLODSTWS1_1",
      "Priority": "Very Low",
      "Host": "PRLODSTWS1",
      "CreatedBy": "emuser",
      "Description": "== Conversion Messages Start ==\\n\\nMessage ID\\t: WRN6031 (4551-7990)\\n\\n== Conversion Messages End ==\\nAdded by composer.",
      "RunAs": "controlm",
      "TimeZone": "HKG",
      "Application": "PRLODSTWS1_1",
      "Variables": [
        {
          "DB-STP_SCHEM": ""
        }
      ],
      "When": {
        "WeekDays": [
          "NONE"
        ],
        "Months": [
          "NONE"
        ],
        "MonthDays": [
          "NONE"
        ],
        "DaysRelation": "OR",
        "RuleBasedCalendars": {
          "Included": [
            "RC1"
          ]
        }
      },
      "eventsToWaitFor": {
        "Type": "WaitForEvents",
        "Events": [
          {
            "Event": "PRLODSTWS1_1#SYS_STS_STG-TO-PRLODSTWS1_1#BATCH_TYPE_INFO"
          }
        ]
      },
      "eventsToAdd": {
        "Type": "AddEvents",
        "Events": [
          {
            "Event": "PRLODSTWS1_1#BATCH_TYPE_INFO-TO-PRLODSTWS1_1#BATCH_COMM_INFO_DETAIL"
          },
          {
            "Event": "PRLODSTWS1_1#BATCH_TYPE_INFO-TO-PRLODSTWS1_1#BATCH_INFO_DETAIL"
          }
        ]
      },
      "eventsToDelete": {
        "Type": "DeleteEvents",
        "Events": [
          {
            "Event": "PRLODSTWS1_1#SYS_STS_STG-TO-PRLODSTWS1_1#BATCH_TYPE_INFO"
          }
        ]
      }
    },
    "PRLODSTWS1_1#BATCH_REFERENCE_INFO": {
      "Type": "Job:Database:StoredProcedure",
      "ConnectionProfile": "_",
      "StoredProcedure": "sqlext.BATCH_REFERENCE_INFO_SP",
      "DaysKeepActive": "1",
      "SubApplication": "PRLODSTWS1_1",
      "Priority": "Very Low",
      "Host": "PRLODSTWS1",
      "CreatedBy": "emuser",
      "Description": "== Conversion Messages Start ==\\n\\nMessage ID\\t: WRN6031 (4552-7991)\\n\\n== Conversion Messages End ==\\nAdded by composer.",
      "RunAs": "controlm",
      "TimeZone": "HKG",
      "Application": "PRLODSTWS1_1",
      "Variables": [
        {
          "DB-STP_SCHEM": ""
        }
      ],
      "When": {
        "WeekDays": [
          "NONE"
        ],
        "Months": [
          "NONE"
        ],
        "MonthDays": [
          "NONE"
        ],
        "DaysRelation": "OR",
        "RuleBasedCalendars": {
          "Included": [
            "RC1"
          ]
        }
      },
      "eventsToWaitFor": {
        "Type": "WaitForEvents",
        "Events": [
          {
            "Event": "PRLODSTWS1_1#SYS_STS_STG-TO-PRLODSTWS1_1#BATCH_REFERENCE_INFO"
          }
        ]
      },
      "eventsToAdd": {
        "Type": "AddEvents",
        "Events": [
          {
            "Event": "PRLODSTWS1_1#BATCH_REFERENCE_INFO-TO-PRLODSTWS1_1#BATCH_COMM_INFO_DETAIL"
          },
          {
            "Event": "PRLODSTWS1_1#BATCH_REFERENCE_INFO-TO-PRLODSTWS1_1#BATCH_INFO_DETAIL"
          }
        ]
      },
      "eventsToDelete": {
        "Type": "DeleteEvents",
        "Events": [
          {
            "Event": "PRLODSTWS1_1#SYS_STS_STG-TO-PRLODSTWS1_1#BATCH_REFERENCE_INFO"
          }
        ]
      }
    },
    "PRLODSTWS1_1#BATCH_MAPPING_INFO": {
      "Type": "Job:Database:StoredProcedure",
      "ConnectionProfile": "_",
      "StoredProcedure": "sqlext.BATCH_MAPPING_INFO_SP",
      "DaysKeepActive": "1",
      "SubApplication": "PRLODSTWS1_1",
      "Priority": "Very Low",
      "Host": "PRLODSTWS1",
      "CreatedBy": "emuser",
      "Description": "== Conversion Messages Start ==\\n\\nMessage ID\\t: WRN6031 (4553-7992)\\n\\n== Conversion Messages End ==\\nAdded by composer.",
      "RunAs": "controlm",
      "TimeZone": "HKG",
      "Application": "PRLODSTWS1_1",
      "Variables": [
        {
          "DB-STP_SCHEM": ""
        }
      ],
      "When": {
        "WeekDays": [
          "NONE"
        ],
        "Months": [
          "NONE"
        ],
        "MonthDays": [
          "NONE"
        ],
        "DaysRelation": "OR",
        "RuleBasedCalendars": {
          "Included": [
            "RC1"
          ]
        }
      },
      "eventsToWaitFor": {
        "Type": "WaitForEvents",
        "Events": [
          {
            "Event": "PRLODSTWS1_1#SYS_STS_STG-TO-PRLODSTWS1_1#BATCH_MAPPING_INFO"
          }
        ]
      },
      "eventsToAdd": {
        "Type": "AddEvents",
        "Events": [
          {
            "Event": "PRLODSTWS1_1#BATCH_MAPPING_INFO-TO-PRLODSTWS1_1#BATCH_INFO_DETAIL"
          }
        ]
      },
      "eventsToDelete": {
        "Type": "DeleteEvents",
        "Events": [
          {
            "Event": "PRLODSTWS1_1#SYS_STS_STG-TO-PRLODSTWS1_1#BATCH_MAPPING_INFO"
          }
        ]
      }
    },
    "PRLODSTWS1_1#BATCH_COMPANY_INFO": {
      "Type": "Job:Database:StoredProcedure",
      "ConnectionProfile": "_",
      "StoredProcedure": "sqlext.BATCH_COMPANY_INFO_SP",
      "DaysKeepActive": "1",
      "SubApplication": "PRLODSTWS1_1",
      "Priority": "Very Low",
      "Host": "PRLODSTWS1",
      "CreatedBy": "emuser",
      "Description": "== Conversion Messages Start ==\\n\\nMessage ID\\t: WRN6031 (4554-7993)\\n\\n== Conversion Messages End ==\\nAdded by composer.",
      "RunAs": "controlm",
      "TimeZone": "HKG",
      "Application": "PRLODSTWS1_1",
      "Variables": [
        {
          "DB-STP_SCHEM": ""
        }
      ],
      "When": {
        "WeekDays": [
          "NONE"
        ],
        "Months": [
          "NONE"
        ],
        "MonthDays": [
          "NONE"
        ],
        "DaysRelation": "OR",
        "RuleBasedCalendars": {
          "Included": [
            "RC1"
          ]
        }
      },
      "eventsToWaitFor": {
        "Type": "WaitForEvents",
        "Events": [
          {
            "Event": "PRLODSTWS1_1#SYS_STS_STG-TO-PRLODSTWS1_1#BATCH_COMPANY_INFO"
          }
        ]
      },
      "eventsToAdd": {
        "Type": "AddEvents",
        "Events": [
          {
            "Event": "PRLODSTWS1_1#BATCH_COMPANY_INFO-TO-PRLODSTWS1_1#AYB_FUND_DETAIL"
          },
          {
            "Event": "PRLODSTWS1_1#BATCH_COMPANY_INFO-TO-PRLODSTWS1_1#BATCH_COMM_INFO_DETAIL"
          },
          {
            "Event": "PRLODSTWS1_1#BATCH_COMPANY_INFO-TO-PRLODSTWS1_1#BATCH_INFO_DETAIL"
          },
          {
            "Event": "PRLODSTWS1_1#BATCH_COMPANY_INFO-TO-PRLODSTWS1_1#BOK_FUND_DETAIL"
          },
          {
            "Event": "PRLODSTWS1_1#BATCH_COMPANY_INFO-TO-PRLODSTWS1_1#CHB_FUND_DETAIL"
          },
          {
            "Event": "PRLODSTWS1_1#BATCH_COMPANY_INFO-TO-PRLODSTWS1_1#FDW_CLAIM_C_ONE"
          },
          {
            "Event": "PRLODSTWS1_1#BATCH_COMPANY_INFO-TO-PRLODSTWS1_1#FDW_DOCUMENT_C_ONE"
          },
          {
            "Event": "PRLODSTWS1_1#BATCH_COMPANY_INFO-TO-PRLODSTWS1_1#FDW_DEDUCT_DETAIL_C_ONE"
          },
          {
            "Event": "PRLODSTWS1_1#BATCH_COMPANY_INFO-TO-PRLODSTWS1_1#FDW_CALL_NOTICE_C_ONE"
          },
          {
            "Event": "PRLODSTWS1_1#BATCH_COMPANY_INFO-TO-PRLODSTWS1_1#FDW_CONTRACT_MAST_C_ONE"
          },
          {
            "Event": "PRLODSTWS1_1#BATCH_COMPANY_INFO-TO-PRLODSTWS1_1#FDW_CONTRACT_PROD_C_ONE"
          },
          {
            "Event": "PRLODSTWS1_1#BATCH_COMPANY_INFO-TO-PRLODSTWS1_1#FDW_CMBNS_M_C_ONE"
          },
          {
            "Event": "PRLODSTWS1_1#BATCH_COMPANY_INFO-TO-PRLODSTWS1_1#FDW_BRCCBR_C_ONE_CMBNS"
          },
          {
            "Event": "PRLODSTWS1_1#BATCH_COMPANY_INFO-TO-PRLODSTWS1_1#FDW_PREMIUM_CMS_C_ONE"
          },
          {
            "Event": "PRLODSTWS1_1#BATCH_COMPANY_INFO-TO-PRLODSTWS1_1#HNCB_FUND_DETAIL"
          },
          {
            "Event": "PRLODSTWS1_1#BATCH_COMPANY_INFO-TO-PRLODSTWS1_1#HWAT_FUND_DETAIL"
          },
          {
            "Event": "PRLODSTWS1_1#BATCH_COMPANY_INFO-TO-PRLODSTWS1_1#MEGA_FUND_DETAIL"
          },
          {
            "Event": "PRLODSTWS1_1#BATCH_COMPANY_INFO-TO-PRLODSTWS1_1#FDW_CLAIM_PROK"
          },
          {
            "Event": "PRLODSTWS1_1#BATCH_COMPANY_INFO-TO-PRLODSTWS1_1#FDW_FUND_PROK"
          },
          {
            "Event": "PRLODSTWS1_1#BATCH_COMPANY_INFO-TO-PRLODSTWS1_1#FDW_FUND_TXN_MSTR_PROK"
          },
          {
            "Event": "PRLODSTWS1_1#BATCH_COMPANY_INFO-TO-PRLODSTWS1_1#FDW_FUND_TXN_DTL_PROK"
          },
          {
            "Event": "PRLODSTWS1_1#BATCH_COMPANY_INFO-TO-PRLODSTWS1_1#FDW_FUND_CPN_ALLOC_PROK"
          },
          {
            "Event": "PRLODSTWS1_1#BATCH_COMPANY_INFO-TO-PRLODSTWS1_1#FDW_RENEW_NOTICE_PROK"
          },
          {
            "Event": "PRLODSTWS1_1#BATCH_COMPANY_INFO-TO-PRLODSTWS1_1#FDW_CALL_NOTICE_PROK"
          },
          {
            "Event": "PRLODSTWS1_1#BATCH_COMPANY_INFO-TO-PRLODSTWS1_1#FDW_PAYMENT_PROK"
          },
          {
            "Event": "PRLODSTWS1_1#BATCH_COMPANY_INFO-TO-PRLODSTWS1_1#FDW_DEDUCT_DETAIL_PROK"
          },
          {
            "Event": "PRLODSTWS1_1#BATCH_COMPANY_INFO-TO-PRLODSTWS1_1#FDW_CONTRACT_MAST_PROK"
          },
          {
            "Event": "PRLODSTWS1_1#BATCH_COMPANY_INFO-TO-PRLODSTWS1_1#FDW_CONTRACT_PROD_PROK"
          },
          {
            "Event": "PRLODSTWS1_1#BATCH_COMPANY_INFO-TO-PRLODSTWS1_1#FDW_POLICY_VALUE_PROK"
          },
          {
            "Event": "PRLODSTWS1_1#BATCH_COMPANY_INFO-TO-PRLODSTWS1_1#FDW_POLICY_LOAN_PROK"
          },
          {
            "Event": "PRLODSTWS1_1#BATCH_COMPANY_INFO-TO-PRLODSTWS1_1#FDW_CMBNS_M_PROK"
          },
          {
            "Event": "PRLODSTWS1_1#BATCH_COMPANY_INFO-TO-PRLODSTWS1_1#FDW_PREMIUM_CMS_PROK"
          },
          {
            "Event": "PRLODSTWS1_1#BATCH_COMPANY_INFO-TO-PRLODSTWS1_1#FDW_DOCUMENT_PROK"
          },
          {
            "Event": "PRLODSTWS1_1#BATCH_COMPANY_INFO-TO-PRLODSTWS1_1#FDW_POLICY_CHANGE_PROK"
          },
          {
            "Event": "PRLODSTWS1_1#BATCH_COMPANY_INFO-TO-PRLODSTWS1_1#PERS_RATE_PROK"
          },
          {
            "Event": "PRLODSTWS1_1#BATCH_COMPANY_INFO-TO-PRLODSTWS1_1#FDW_CLAIM_SINCERE"
          },
          {
            "Event": "PRLODSTWS1_1#BATCH_COMPANY_INFO-TO-PRLODSTWS1_1#FDW_FUND_TXN_NAV_SIC"
          },
          {
            "Event": "PRLODSTWS1_1#BATCH_COMPANY_INFO-TO-PRLODSTWS1_1#FDW_FUND_TXN_MSTR_SIC"
          },
          {
            "Event": "PRLODSTWS1_1#BATCH_COMPANY_INFO-TO-PRLODSTWS1_1#FDW_FUND_TXN_SMY_SIC"
          },
          {
            "Event": "PRLODSTWS1_1#BATCH_COMPANY_INFO-TO-PRLODSTWS1_1#FDW_FUND_TXN_CASH_SIC"
          },
          {
            "Event": "PRLODSTWS1_1#BATCH_COMPANY_INFO-TO-PRLODSTWS1_1#FDW_FUND_CPN_ALLOC_SIC"
          },
          {
            "Event": "PRLODSTWS1_1#BATCH_COMPANY_INFO-TO-PRLODSTWS1_1#FDW_FUND_TXN_TRNST_SIC"
          },
          {
            "Event": "PRLODSTWS1_1#BATCH_COMPANY_INFO-TO-PRLODSTWS1_1#FDW_FUND_SIC"
          },
          {
            "Event": "PRLODSTWS1_1#BATCH_COMPANY_INFO-TO-PRLODSTWS1_1#FDW_RENEW_NOTICE_SIC"
          },
          {
            "Event": "PRLODSTWS1_1#BATCH_COMPANY_INFO-TO-PRLODSTWS1_1#FDW_DEDUCT_DETAIL_SIC"
          },
          {
            "Event": "PRLODSTWS1_1#BATCH_COMPANY_INFO-TO-PRLODSTWS1_1#FDW_1Y_RENEW_NOTICE_SIC"
          },
          {
            "Event": "PRLODSTWS1_1#BATCH_COMPANY_INFO-TO-PRLODSTWS1_1#FDW_PAYMENT_SIC"
          },
          {
            "Event": "PRLODSTWS1_1#BATCH_COMPANY_INFO-TO-PRLODSTWS1_1#FDW_PAY_NOTICE_SIC"
          },
          {
            "Event": "PRLODSTWS1_1#BATCH_COMPANY_INFO-TO-PRLODSTWS1_1#FDW_CONTRACT_MASTER_SIC"
          },
          {
            "Event": "PRLODSTWS1_1#BATCH_COMPANY_INFO-TO-PRLODSTWS1_1#FDW_CONTRACT_PROD_SIC"
          },
          {
            "Event": "PRLODSTWS1_1#BATCH_COMPANY_INFO-TO-PRLODSTWS1_1#FDW_POLICY_VALUE_SIC"
          },
          {
            "Event": "PRLODSTWS1_1#BATCH_COMPANY_INFO-TO-PRLODSTWS1_1#FDW_POLICY_LOAN_SIC"
          },
          {
            "Event": "PRLODSTWS1_1#BATCH_COMPANY_INFO-TO-PRLODSTWS1_1#FDW_PREMIUM_CMS_SIC"
          },
          {
            "Event": "PRLODSTWS1_1#BATCH_COMPANY_INFO-TO-PRLODSTWS1_1#FDW_COMMISION_M_SIC"
          },
          {
            "Event": "PRLODSTWS1_1#BATCH_COMPANY_INFO-TO-PRLODSTWS1_1#FDW_DOCUMENT_SIC"
          },
          {
            "Event": "PRLODSTWS1_1#BATCH_COMPANY_INFO-TO-PRLODSTWS1_1#FDW_POLICY_CHANGE_SIC"
          },
          {
            "Event": "PRLODSTWS1_1#BATCH_COMPANY_INFO-TO-PRLODSTWS1_1#FDW_EVENT_D"
          },
          {
            "Event": "PRLODSTWS1_1#BATCH_COMPANY_INFO-TO-PRLODSTWS1_1#FDW_EVENT_M"
          },
          {
            "Event": "PRLODSTWS1_1#BATCH_COMPANY_INFO-TO-PRLODSTWS1_1#FDW_CLAIM_VL"
          },
          {
            "Event": "PRLODSTWS1_1#BATCH_COMPANY_INFO-TO-PRLODSTWS1_1#FDW_DOCUMENT_VL"
          },
          {
            "Event": "PRLODSTWS1_1#BATCH_COMPANY_INFO-TO-PRLODSTWS1_1#FDW_FUND_CPN_ALLOC_VL"
          },
          {
            "Event": "PRLODSTWS1_1#BATCH_COMPANY_INFO-TO-PRLODSTWS1_1#FDW_FUND_TXN_MSTR_VL"
          },
          {
            "Event": "PRLODSTWS1_1#BATCH_COMPANY_INFO-TO-PRLODSTWS1_1#FDW_FUND_TXN_SMY_VL"
          },
          {
            "Event": "PRLODSTWS1_1#BATCH_COMPANY_INFO-TO-PRLODSTWS1_1#FDW_RENEW_NOTICE_VL"
          },
          {
            "Event": "PRLODSTWS1_1#BATCH_COMPANY_INFO-TO-PRLODSTWS1_1#FDW_DEDUCT_DETAIL_VL"
          },
          {
            "Event": "PRLODSTWS1_1#BATCH_COMPANY_INFO-TO-PRLODSTWS1_1#FDW_PAYMENT_VL"
          },
          {
            "Event": "PRLODSTWS1_1#BATCH_COMPANY_INFO-TO-PRLODSTWS1_1#FDW_CONTRACT_MASTER_VL"
          },
          {
            "Event": "PRLODSTWS1_1#BATCH_COMPANY_INFO-TO-PRLODSTWS1_1#FDW_CONTRACT_PROD_VL"
          },
          {
            "Event": "PRLODSTWS1_1#BATCH_COMPANY_INFO-TO-PRLODSTWS1_1#FDW_POLICY_VALUE_VL"
          },
          {
            "Event": "PRLODSTWS1_1#BATCH_COMPANY_INFO-TO-PRLODSTWS1_1#FDW_POLICY_LOAN_VL"
          },
          {
            "Event": "PRLODSTWS1_1#BATCH_COMPANY_INFO-TO-PRLODSTWS1_1#FDW_POLICY_X_PARTY_VL"
          },
          {
            "Event": "PRLODSTWS1_1#BATCH_COMPANY_INFO-TO-PRLODSTWS1_1#FDW_POLICY_X_AGENT_VL"
          },
          {
            "Event": "PRLODSTWS1_1#BATCH_COMPANY_INFO-TO-PRLODSTWS1_1#FDW_PREMIUM_CMS_M_VL"
          }
        ]
      },
      "eventsToDelete": {
        "Type": "DeleteEvents",
        "Events": [
          {
            "Event": "PRLODSTWS1_1#SYS_STS_STG-TO-PRLODSTWS1_1#BATCH_COMPANY_INFO"
          }
        ]
      }
    },
    "PRLODSTWS1_1#BATCH_CFG_INFO": {
      "Type": "Job:Database:StoredProcedure",
      "ConnectionProfile": "_",
      "StoredProcedure": "sqlext.BATCH_CFG_INFO_SP",
      "DaysKeepActive": "1",
      "SubApplication": "PRLODSTWS1_1",
      "Priority": "Very Low",
      "Host": "PRLODSTWS1",
      "CreatedBy": "emuser",
      "Description": "== Conversion Messages Start ==\\n\\nMessage ID\\t: WRN6031 (4555-7994)\\n\\n== Conversion Messages End ==\\nAdded by composer.",
      "RunAs": "controlm",
      "TimeZone": "HKG",
      "Application": "PRLODSTWS1_1",
      "Variables": [
        {
          "DB-STP_SCHEM": ""
        }
      ],
      "When": {
        "WeekDays": [
          "NONE"
        ],
        "Months": [
          "NONE"
        ],
        "MonthDays": [
          "NONE"
        ],
        "DaysRelation": "OR",
        "RuleBasedCalendars": {
          "Included": [
            "RC1"
          ]
        }
      },
      "eventsToWaitFor": {
        "Type": "WaitForEvents",
        "Events": [
          {
            "Event": "PRLODSTWS1_1#SYS_STS_STG-TO-PRLODSTWS1_1#BATCH_CFG_INFO"
          }
        ]
      },
      "eventsToAdd": {
        "Type": "AddEvents",
        "Events": [
          {
            "Event": "PRLODSTWS1_1#BATCH_CFG_INFO-TO-PRLODSTWS1_1#BATCH_INFO_DETAIL"
          }
        ]
      },
      "eventsToDelete": {
        "Type": "DeleteEvents",
        "Events": [
          {
            "Event": "PRLODSTWS1_1#SYS_STS_STG-TO-PRLODSTWS1_1#BATCH_CFG_INFO"
          }
        ]
      }
    },
    "eventsToAdd": {
      "Type": "AddEvents",
      "Events": [
        {
          "Event": "PRLODSTWS1_1#I_FDW_BATCH-TO-PRLODSTWS1_1#BDS_STS_FDW_05G"
        }
      ]
    }
  }
}
