{
  "PRLODSTWS1_1#D_RPT_CLM_ONLINE": {
    "Type": "Folder",
    "ControlmServer": "CTM",
    "Description": "== Conversion Messages Start ==\\n\\nMessage ID\\t: INF6107 (1213-1978)\\n\\nMessage ID\\t: INF6104 (1214-1978)\\n\\n== Conversion Messages End ==\\n",
    "OrderMethod": "Manual",
    "SubApplication": "PRLODSTWS1_1",
    "CreatedBy": "emuser",
    "Priority": "9W",
    "TimeZone": "HKG",
    "Application": "PRLODSTWS1_1",
    "When": {
      "RuleBasedCalendars": {
        "Included": [
          "RC1"
        ],
        "RC1": {
          "Type": "Calendar:RuleBased",
          "When": {
            "MonthDaysCalendar": "RCG-D-NAT",
            "DaysRelation": "OR",
            "DaysKeepActive": "01",
            "WeekDays": [
              "NONE"
            ],
            "MonthDays": [
              "NONE"
            ]
          }
        }
      }
    },
    "PRLODSTWS1_1#CLM_0340_11G": {
      "Type": "Job:Database:StoredProcedure",
      "ConnectionProfile": "_",
      "StoredProcedure": "sqlext.CLM_0340_11G_SP",
      "DaysKeepActive": "1",
      "SubApplication": "PRLODSTWS1_1",
      "Priority": "Very Low",
      "Host": "PRLODSTWS1",
      "CreatedBy": "emuser",
      "Description": "== Conversion Messages Start ==\\n\\nMessage ID\\t: WRN6031 (1185-1979)\\n\\n== Conversion Messages End ==\\nAdded by composer.",
      "RunAs": "controlm",
      "TimeZone": "HKG",
      "Application": "PRLODSTWS1_1",
      "Variables": [
        {
          "DB-STP_SCHEM": ""
        }
      ],
      "When": {
        "WeekDays": [
          "NONE"
        ],
        "Months": [
          "NONE"
        ],
        "MonthDays": [
          "NONE"
        ],
        "DaysRelation": "OR",
        "RuleBasedCalendars": {
          "Included": [
            "RC1"
          ]
        }
      },
      "eventsToWaitFor": {
        "Type": "WaitForEvents",
        "Events": [
          {
            "Event": "PRLODSTWS1_1#SDM_CLAIM_CASE-TO-PRLODSTWS1_1#CLM_0340_11G"
          },
          {
            "Event": "PRLODSTWS1_1#SDM_CLAIM_CURE-TO-PRLODSTWS1_1#CLM_0340_11G"
          },
          {
            "Event": "PRLODSTWS1_1#SDM_CLAIM_DIAGNOSIS-TO-PRLODSTWS1_1#CLM_0340_11G"
          },
          {
            "Event": "PRLODSTWS1_1#SDM_CLAIM_LIAB-TO-PRLODSTWS1_1#CLM_0340_11G"
          },
          {
            "Event": "PRLODSTWS1_1#SDM_CLAIM_PRODUCT-TO-PRLODSTWS1_1#CLM_0340_11G"
          }
        ]
      },
      "eventsToDelete": {
        "Type": "DeleteEvents",
        "Events": [
          {
            "Event": "PRLODSTWS1_1#SDM_CLAIM_CASE-TO-PRLODSTWS1_1#CLM_0340_11G"
          },
          {
            "Event": "PRLODSTWS1_1#SDM_CLAIM_CURE-TO-PRLODSTWS1_1#CLM_0340_11G"
          },
          {
            "Event": "PRLODSTWS1_1#SDM_CLAIM_DIAGNOSIS-TO-PRLODSTWS1_1#CLM_0340_11G"
          },
          {
            "Event": "PRLODSTWS1_1#SDM_CLAIM_LIAB-TO-PRLODSTWS1_1#CLM_0340_11G"
          },
          {
            "Event": "PRLODSTWS1_1#SDM_CLAIM_PRODUCT-TO-PRLODSTWS1_1#CLM_0340_11G"
          }
        ]
      }
    },
    "PRLODSTWS1_1#CLM_0320_11G": {
      "Type": "Job:Database:StoredProcedure",
      "ConnectionProfile": "_",
      "StoredProcedure": "sqlext.CLM_0320_11G_SP",
      "DaysKeepActive": "1",
      "SubApplication": "PRLODSTWS1_1",
      "Priority": "Very Low",
      "Host": "PRLODSTWS1",
      "CreatedBy": "emuser",
      "Description": "== Conversion Messages Start ==\\n\\nMessage ID\\t: WRN6031 (1186-1980)\\n\\n== Conversion Messages End ==\\nAdded by composer.",
      "RunAs": "controlm",
      "TimeZone": "HKG",
      "Application": "PRLODSTWS1_1",
      "Variables": [
        {
          "DB-STP_SCHEM": ""
        }
      ],
      "When": {
        "WeekDays": [
          "NONE"
        ],
        "Months": [
          "NONE"
        ],
        "MonthDays": [
          "NONE"
        ],
        "DaysRelation": "OR",
        "RuleBasedCalendars": {
          "Included": [
            "RC1"
          ]
        }
      },
      "eventsToWaitFor": {
        "Type": "WaitForEvents",
        "Events": [
          {
            "Event": "PRLODSTWS1_1#O_CLAIM_INVESTIGATE-TO-PRLODSTWS1_1#CLM_0320_11G"
          },
          {
            "Event": "PRLODSTWS1_1#O_CLAIM_MEET-TO-PRLODSTWS1_1#CLM_0320_11G"
          },
          {
            "Event": "PRLODSTWS1_1#SDM_CLAIM_CASE-TO-PRLODSTWS1_1#CLM_0320_11G"
          },
          {
            "Event": "PRLODSTWS1_1#SDM_CLAIM_PRODUCT-TO-PRLODSTWS1_1#CLM_0320_11G"
          },
          {
            "Event": "PRLODSTWS1_1#SDM_EMPLOYEE-TO-PRLODSTWS1_1#CLM_0320_11G"
          },
          {
            "Event": "PRLODSTWS1_1#SDM_COMPANY_ORGAN-TO-PRLODSTWS1_1#CLM_0320_11G"
          },
          {
            "Event": "PRLODSTWS1_1#SDM_DOCUMENT-TO-PRLODSTWS1_1#CLM_0320_11G"
          }
        ]
      },
      "eventsToDelete": {
        "Type": "DeleteEvents",
        "Events": [
          {
            "Event": "PRLODSTWS1_1#O_CLAIM_INVESTIGATE-TO-PRLODSTWS1_1#CLM_0320_11G"
          },
          {
            "Event": "PRLODSTWS1_1#O_CLAIM_MEET-TO-PRLODSTWS1_1#CLM_0320_11G"
          },
          {
            "Event": "PRLODSTWS1_1#SDM_CLAIM_CASE-TO-PRLODSTWS1_1#CLM_0320_11G"
          },
          {
            "Event": "PRLODSTWS1_1#SDM_CLAIM_PRODUCT-TO-PRLODSTWS1_1#CLM_0320_11G"
          },
          {
            "Event": "PRLODSTWS1_1#SDM_EMPLOYEE-TO-PRLODSTWS1_1#CLM_0320_11G"
          },
          {
            "Event": "PRLODSTWS1_1#SDM_COMPANY_ORGAN-TO-PRLODSTWS1_1#CLM_0320_11G"
          },
          {
            "Event": "PRLODSTWS1_1#SDM_DOCUMENT-TO-PRLODSTWS1_1#CLM_0320_11G"
          }
        ]
      }
    },
    "PRLODSTWS1_1#CLM_0320_21G": {
      "Type": "Job:Database:StoredProcedure",
      "ConnectionProfile": "_",
      "StoredProcedure": "sqlext.CLM_0320_21G_SP",
      "DaysKeepActive": "1",
      "SubApplication": "PRLODSTWS1_1",
      "Priority": "Very Low",
      "Host": "PRLODSTWS1",
      "CreatedBy": "emuser",
      "Description": "== Conversion Messages Start ==\\n\\nMessage ID\\t: WRN6031 (1187-1981)\\n\\n== Conversion Messages End ==\\nAdded by composer.",
      "RunAs": "controlm",
      "TimeZone": "HKG",
      "Application": "PRLODSTWS1_1",
      "Variables": [
        {
          "DB-STP_SCHEM": ""
        }
      ],
      "When": {
        "WeekDays": [
          "NONE"
        ],
        "Months": [
          "NONE"
        ],
        "MonthDays": [
          "NONE"
        ],
        "DaysRelation": "OR",
        "RuleBasedCalendars": {
          "Included": [
            "RC1"
          ]
        }
      },
      "eventsToWaitFor": {
        "Type": "WaitForEvents",
        "Events": [
          {
            "Event": "PRLODSTWS1_1#O_CLAIM_INVESTIGATE-TO-PRLODSTWS1_1#CLM_0320_21G"
          },
          {
            "Event": "PRLODSTWS1_1#O_CLAIM_MEET-TO-PRLODSTWS1_1#CLM_0320_21G"
          },
          {
            "Event": "PRLODSTWS1_1#SDM_CLAIM_CASE-TO-PRLODSTWS1_1#CLM_0320_21G"
          },
          {
            "Event": "PRLODSTWS1_1#SDM_CLAIM_PRODUCT-TO-PRLODSTWS1_1#CLM_0320_21G"
          },
          {
            "Event": "PRLODSTWS1_1#SDM_DOCUMENT-TO-PRLODSTWS1_1#CLM_0320_21G"
          },
          {
            "Event": "PRLODSTWS1_1#CLM_REF_WKDY_KPI-TO-PRLODSTWS1_1#CLM_0320_21G"
          }
        ]
      },
      "eventsToDelete": {
        "Type": "DeleteEvents",
        "Events": [
          {
            "Event": "PRLODSTWS1_1#O_CLAIM_INVESTIGATE-TO-PRLODSTWS1_1#CLM_0320_21G"
          },
          {
            "Event": "PRLODSTWS1_1#O_CLAIM_MEET-TO-PRLODSTWS1_1#CLM_0320_21G"
          },
          {
            "Event": "PRLODSTWS1_1#SDM_CLAIM_CASE-TO-PRLODSTWS1_1#CLM_0320_21G"
          },
          {
            "Event": "PRLODSTWS1_1#SDM_CLAIM_PRODUCT-TO-PRLODSTWS1_1#CLM_0320_21G"
          },
          {
            "Event": "PRLODSTWS1_1#SDM_DOCUMENT-TO-PRLODSTWS1_1#CLM_0320_21G"
          },
          {
            "Event": "PRLODSTWS1_1#CLM_REF_WKDY_KPI-TO-PRLODSTWS1_1#CLM_0320_21G"
          }
        ]
      }
    },
    "PRLODSTWS1_1#CLM_0450_11G": {
      "Type": "Job:Database:StoredProcedure",
      "ConnectionProfile": "_",
      "StoredProcedure": "sqlext.CLM_0450_11G_SP",
      "DaysKeepActive": "1",
      "SubApplication": "PRLODSTWS1_1",
      "Priority": "Very Low",
      "Host": "PRLODSTWS1",
      "CreatedBy": "emuser",
      "Description": "== Conversion Messages Start ==\\n\\nMessage ID\\t: WRN6031 (1188-1982)\\n\\n== Conversion Messages End ==\\nAdded by composer.",
      "RunAs": "controlm",
      "TimeZone": "HKG",
      "Application": "PRLODSTWS1_1",
      "Variables": [
        {
          "DB-STP_SCHEM": ""
        }
      ],
      "When": {
        "WeekDays": [
          "NONE"
        ],
        "Months": [
          "NONE"
        ],
        "MonthDays": [
          "NONE"
        ],
        "DaysRelation": "OR",
        "RuleBasedCalendars": {
          "Included": [
            "RC1"
          ]
        }
      },
      "eventsToWaitFor": {
        "Type": "WaitForEvents",
        "Events": [
          {
            "Event": "PRLODSTWS1_1#O_CLAIM_DOC_CHKLIST-TO-PRLODSTWS1_1#CLM_0450_11G"
          },
          {
            "Event": "PRLODSTWS1_1#O_CLAIM_LETTER_HIS-TO-PRLODSTWS1_1#CLM_0450_11G"
          },
          {
            "Event": "PRLODSTWS1_1#O_SALES_CHANNEL-TO-PRLODSTWS1_1#CLM_0450_11G"
          },
          {
            "Event": "PRLODSTWS1_1#O_CHECKLIST-TO-PRLODSTWS1_1#CLM_0450_11G"
          },
          {
            "Event": "PRLODSTWS1_1#SDM_CLAIM_CASE-TO-PRLODSTWS1_1#CLM_0450_11G"
          },
          {
            "Event": "PRLODSTWS1_1#SDM_DOCUMENT-TO-PRLODSTWS1_1#CLM_0450_11G"
          }
        ]
      },
      "eventsToAdd": {
        "Type": "AddEvents",
        "Events": [
          {
            "Event": "PRLODSTWS1_1#CLM_0450_11G-TO-PRLODSTWS1_1#CLM_0450_31G"
          }
        ]
      },
      "eventsToDelete": {
        "Type": "DeleteEvents",
        "Events": [
          {
            "Event": "PRLODSTWS1_1#O_CLAIM_DOC_CHKLIST-TO-PRLODSTWS1_1#CLM_0450_11G"
          },
          {
            "Event": "PRLODSTWS1_1#O_CLAIM_LETTER_HIS-TO-PRLODSTWS1_1#CLM_0450_11G"
          },
          {
            "Event": "PRLODSTWS1_1#O_SALES_CHANNEL-TO-PRLODSTWS1_1#CLM_0450_11G"
          },
          {
            "Event": "PRLODSTWS1_1#O_CHECKLIST-TO-PRLODSTWS1_1#CLM_0450_11G"
          },
          {
            "Event": "PRLODSTWS1_1#SDM_CLAIM_CASE-TO-PRLODSTWS1_1#CLM_0450_11G"
          },
          {
            "Event": "PRLODSTWS1_1#SDM_DOCUMENT-TO-PRLODSTWS1_1#CLM_0450_11G"
          }
        ]
      }
    },
    "PRLODSTWS1_1#CLM_0170_11G": {
      "Type": "Job:Database:StoredProcedure",
      "ConnectionProfile": "_",
      "StoredProcedure": "sqlext.CLM_0170_11G_SP",
      "DaysKeepActive": "1",
      "SubApplication": "PRLODSTWS1_1",
      "Priority": "Very Low",
      "Host": "PRLODSTWS1",
      "CreatedBy": "emuser",
      "Description": "== Conversion Messages Start ==\\n\\nMessage ID\\t: WRN6031 (1189-1983)\\n\\n== Conversion Messages End ==\\nAdded by composer.",
      "RunAs": "controlm",
      "TimeZone": "HKG",
      "Application": "PRLODSTWS1_1",
      "Variables": [
        {
          "DB-STP_SCHEM": ""
        }
      ],
      "When": {
        "WeekDays": [
          "NONE"
        ],
        "Months": [
          "NONE"
        ],
        "MonthDays": [
          "NONE"
        ],
        "DaysRelation": "OR",
        "RuleBasedCalendars": {
          "Included": [
            "RC1"
          ]
        }
      },
      "eventsToWaitFor": {
        "Type": "WaitForEvents",
        "Events": [
          {
            "Event": "PRLODSTWS1_1#SDM_CLAIM_CASE-TO-PRLODSTWS1_1#CLM_0170_11G"
          },
          {
            "Event": "PRLODSTWS1_1#SDM_CLAIM_RISK-TO-PRLODSTWS1_1#CLM_0170_11G"
          }
        ]
      },
      "eventsToDelete": {
        "Type": "DeleteEvents",
        "Events": [
          {
            "Event": "PRLODSTWS1_1#SDM_CLAIM_CASE-TO-PRLODSTWS1_1#CLM_0170_11G"
          },
          {
            "Event": "PRLODSTWS1_1#SDM_CLAIM_RISK-TO-PRLODSTWS1_1#CLM_0170_11G"
          }
        ]
      }
    },
    "PRLODSTWS1_1#CLM_0480_11G": {
      "Type": "Job:Database:StoredProcedure",
      "ConnectionProfile": "_",
      "StoredProcedure": "sqlext.CLM_0480_11G_SP",
      "DaysKeepActive": "1",
      "SubApplication": "PRLODSTWS1_1",
      "Priority": "Very Low",
      "Host": "PRLODSTWS1",
      "CreatedBy": "emuser",
      "Description": "== Conversion Messages Start ==\\n\\nMessage ID\\t: WRN6031 (1190-1984)\\n\\n== Conversion Messages End ==\\nAdded by composer.",
      "RunAs": "controlm",
      "TimeZone": "HKG",
      "Application": "PRLODSTWS1_1",
      "Variables": [
        {
          "DB-STP_SCHEM": ""
        }
      ],
      "When": {
        "WeekDays": [
          "NONE"
        ],
        "Months": [
          "NONE"
        ],
        "MonthDays": [
          "NONE"
        ],
        "DaysRelation": "OR",
        "RuleBasedCalendars": {
          "Included": [
            "RC1"
          ]
        }
      },
      "eventsToWaitFor": {
        "Type": "WaitForEvents",
        "Events": [
          {
            "Event": "PRLODSTWS1_1#SDM_CLAIM_CASE-TO-PRLODSTWS1_1#CLM_0480_11G"
          },
          {
            "Event": "PRLODSTWS1_1#SDM_CLAIM_DIAGNOSIS-TO-PRLODSTWS1_1#CLM_0480_11G"
          },
          {
            "Event": "PRLODSTWS1_1#SDM_CLAIM_PAY-TO-PRLODSTWS1_1#CLM_0480_11G"
          },
          {
            "Event": "PRLODSTWS1_1#SDM_CLAIM_PRODUCT-TO-PRLODSTWS1_1#CLM_0480_11G"
          },
          {
            "Event": "PRLODSTWS1_1#CLM_0480_CODE-TO-PRLODSTWS1_1#CLM_0480_11G"
          }
        ]
      },
      "eventsToDelete": {
        "Type": "DeleteEvents",
        "Events": [
          {
            "Event": "PRLODSTWS1_1#SDM_CLAIM_CASE-TO-PRLODSTWS1_1#CLM_0480_11G"
          },
          {
            "Event": "PRLODSTWS1_1#SDM_CLAIM_DIAGNOSIS-TO-PRLODSTWS1_1#CLM_0480_11G"
          },
          {
            "Event": "PRLODSTWS1_1#SDM_CLAIM_PAY-TO-PRLODSTWS1_1#CLM_0480_11G"
          },
          {
            "Event": "PRLODSTWS1_1#SDM_CLAIM_PRODUCT-TO-PRLODSTWS1_1#CLM_0480_11G"
          },
          {
            "Event": "PRLODSTWS1_1#CLM_0480_CODE-TO-PRLODSTWS1_1#CLM_0480_11G"
          }
        ]
      }
    },
    "PRLODSTWS1_1#CLM_0380_40G": {
      "Type": "Job:Database:StoredProcedure",
      "ConnectionProfile": "_",
      "StoredProcedure": "sqlext.CLM_0380_40G_SP",
      "DaysKeepActive": "1",
      "SubApplication": "PRLODSTWS1_1",
      "Priority": "Very Low",
      "Host": "PRLODSTWS1",
      "CreatedBy": "emuser",
      "Description": "== Conversion Messages Start ==\\n\\nMessage ID\\t: WRN6031 (1191-1985)\\n\\n== Conversion Messages End ==\\nAdded by composer.",
      "RunAs": "controlm",
      "TimeZone": "HKG",
      "Application": "PRLODSTWS1_1",
      "Variables": [
        {
          "DB-STP_SCHEM": ""
        }
      ],
      "When": {
        "WeekDays": [
          "NONE"
        ],
        "Months": [
          "NONE"
        ],
        "MonthDays": [
          "NONE"
        ],
        "DaysRelation": "OR",
        "RuleBasedCalendars": {
          "Included": [
            "RC1"
          ]
        }
      },
      "eventsToWaitFor": {
        "Type": "WaitForEvents",
        "Events": [
          {
            "Event": "PRLODSTWS1_1#O_CLAIM_PRODUCT-TO-PRLODSTWS1_1#CLM_0380_40G"
          },
          {
            "Event": "PRLODSTWS1_1#O_CONTRACT_PRODUCT-TO-PRLODSTWS1_1#CLM_0380_40G"
          }
        ]
      },
      "eventsToDelete": {
        "Type": "DeleteEvents",
        "Events": [
          {
            "Event": "PRLODSTWS1_1#O_CLAIM_PRODUCT-TO-PRLODSTWS1_1#CLM_0380_40G"
          },
          {
            "Event": "PRLODSTWS1_1#O_CONTRACT_PRODUCT-TO-PRLODSTWS1_1#CLM_0380_40G"
          }
        ]
      }
    },
    "PRLODSTWS1_1#CLM_0330_11G": {
      "Type": "Job:Database:StoredProcedure",
      "ConnectionProfile": "_",
      "StoredProcedure": "sqlext.CLM_0330_11G_SP",
      "DaysKeepActive": "1",
      "SubApplication": "PRLODSTWS1_1",
      "Priority": "Very Low",
      "Host": "PRLODSTWS1",
      "CreatedBy": "emuser",
      "Description": "== Conversion Messages Start ==\\n\\nMessage ID\\t: WRN6031 (1192-1986)\\n\\n== Conversion Messages End ==\\nAdded by composer.",
      "RunAs": "controlm",
      "TimeZone": "HKG",
      "Application": "PRLODSTWS1_1",
      "Variables": [
        {
          "DB-STP_SCHEM": ""
        }
      ],
      "When": {
        "WeekDays": [
          "NONE"
        ],
        "Months": [
          "NONE"
        ],
        "MonthDays": [
          "NONE"
        ],
        "DaysRelation": "OR",
        "RuleBasedCalendars": {
          "Included": [
            "RC1"
          ]
        }
      },
      "eventsToWaitFor": {
        "Type": "WaitForEvents",
        "Events": [
          {
            "Event": "PRLODSTWS1_1#SDM_CLAIM_CASE-TO-PRLODSTWS1_1#CLM_0330_11G"
          },
          {
            "Event": "PRLODSTWS1_1#SDM_CLAIM_PAY-TO-PRLODSTWS1_1#CLM_0330_11G"
          },
          {
            "Event": "PRLODSTWS1_1#SDM_CLAIM_PRODUCT-TO-PRLODSTWS1_1#CLM_0330_11G"
          }
        ]
      },
      "eventsToDelete": {
        "Type": "DeleteEvents",
        "Events": [
          {
            "Event": "PRLODSTWS1_1#SDM_CLAIM_CASE-TO-PRLODSTWS1_1#CLM_0330_11G"
          },
          {
            "Event": "PRLODSTWS1_1#SDM_CLAIM_PAY-TO-PRLODSTWS1_1#CLM_0330_11G"
          },
          {
            "Event": "PRLODSTWS1_1#SDM_CLAIM_PRODUCT-TO-PRLODSTWS1_1#CLM_0330_11G"
          }
        ]
      }
    },
    "PRLODSTWS1_1#CLM_0410_21G": {
      "Type": "Job:Database:StoredProcedure",
      "ConnectionProfile": "_",
      "StoredProcedure": "sqlext.CLM_0410_21G_SP",
      "DaysKeepActive": "1",
      "SubApplication": "PRLODSTWS1_1",
      "Priority": "Very Low",
      "Host": "PRLODSTWS1",
      "CreatedBy": "emuser",
      "Description": "== Conversion Messages Start ==\\n\\nMessage ID\\t: WRN6031 (1193-1987)\\n\\n== Conversion Messages End ==\\nAdded by composer.",
      "RunAs": "controlm",
      "TimeZone": "HKG",
      "Application": "PRLODSTWS1_1",
      "Variables": [
        {
          "DB-STP_SCHEM": ""
        }
      ],
      "When": {
        "WeekDays": [
          "NONE"
        ],
        "Months": [
          "NONE"
        ],
        "MonthDays": [
          "NONE"
        ],
        "DaysRelation": "OR",
        "RuleBasedCalendars": {
          "Included": [
            "RC1"
          ]
        }
      },
      "eventsToWaitFor": {
        "Type": "WaitForEvents",
        "Events": [
          {
            "Event": "PRLODSTWS1_1#SDM_CLAIM_CASE-TO-PRLODSTWS1_1#CLM_0410_21G"
          }
        ]
      },
      "eventsToDelete": {
        "Type": "DeleteEvents",
        "Events": [
          {
            "Event": "PRLODSTWS1_1#SDM_CLAIM_CASE-TO-PRLODSTWS1_1#CLM_0410_21G"
          }
        ]
      }
    },
    "PRLODSTWS1_1#CLM_0410_11G": {
      "Type": "Job:Database:StoredProcedure",
      "ConnectionProfile": "_",
      "StoredProcedure": "sqlext.CLM_0410_11G_SP",
      "DaysKeepActive": "1",
      "SubApplication": "PRLODSTWS1_1",
      "Priority": "Very Low",
      "Host": "PRLODSTWS1",
      "CreatedBy": "emuser",
      "Description": "== Conversion Messages Start ==\\n\\nMessage ID\\t: WRN6031 (1194-1988)\\n\\n== Conversion Messages End ==\\nAdded by composer.",
      "RunAs": "controlm",
      "TimeZone": "HKG",
      "Application": "PRLODSTWS1_1",
      "Variables": [
        {
          "DB-STP_SCHEM": ""
        }
      ],
      "When": {
        "WeekDays": [
          "NONE"
        ],
        "Months": [
          "NONE"
        ],
        "MonthDays": [
          "NONE"
        ],
        "DaysRelation": "OR",
        "RuleBasedCalendars": {
          "Included": [
            "RC1"
          ]
        }
      },
      "eventsToWaitFor": {
        "Type": "WaitForEvents",
        "Events": [
          {
            "Event": "PRLODSTWS1_1#SDM_CLAIM_CASE-TO-PRLODSTWS1_1#CLM_0410_11G"
          }
        ]
      },
      "eventsToDelete": {
        "Type": "DeleteEvents",
        "Events": [
          {
            "Event": "PRLODSTWS1_1#SDM_CLAIM_CASE-TO-PRLODSTWS1_1#CLM_0410_11G"
          }
        ]
      }
    },
    "PRLODSTWS1_1#CLM_0390_21G": {
      "Type": "Job:Database:StoredProcedure",
      "ConnectionProfile": "_",
      "StoredProcedure": "sqlext.CLM_0390_21G_SP",
      "DaysKeepActive": "1",
      "SubApplication": "PRLODSTWS1_1",
      "Priority": "Very Low",
      "Host": "PRLODSTWS1",
      "CreatedBy": "emuser",
      "Description": "== Conversion Messages Start ==\\n\\nMessage ID\\t: WRN6031 (1195-1989)\\n\\n== Conversion Messages End ==\\nAdded by composer.",
      "RunAs": "controlm",
      "TimeZone": "HKG",
      "Application": "PRLODSTWS1_1",
      "Variables": [
        {
          "DB-STP_SCHEM": ""
        }
      ],
      "When": {
        "WeekDays": [
          "NONE"
        ],
        "Months": [
          "NONE"
        ],
        "MonthDays": [
          "NONE"
        ],
        "DaysRelation": "OR",
        "RuleBasedCalendars": {
          "Included": [
            "RC1"
          ]
        }
      },
      "eventsToWaitFor": {
        "Type": "WaitForEvents",
        "Events": [
          {
            "Event": "PRLODSTWS1_1#O_CONTRACT_MASTER-TO-PRLODSTWS1_1#CLM_0390_21G"
          },
          {
            "Event": "PRLODSTWS1_1#SDM_CLAIM_CASE-TO-PRLODSTWS1_1#CLM_0390_21G"
          },
          {
            "Event": "PRLODSTWS1_1#SDM_CLAIM_PRODUCT-TO-PRLODSTWS1_1#CLM_0390_21G"
          }
        ]
      },
      "eventsToDelete": {
        "Type": "DeleteEvents",
        "Events": [
          {
            "Event": "PRLODSTWS1_1#O_CONTRACT_MASTER-TO-PRLODSTWS1_1#CLM_0390_21G"
          },
          {
            "Event": "PRLODSTWS1_1#SDM_CLAIM_CASE-TO-PRLODSTWS1_1#CLM_0390_21G"
          },
          {
            "Event": "PRLODSTWS1_1#SDM_CLAIM_PRODUCT-TO-PRLODSTWS1_1#CLM_0390_21G"
          }
        ]
      }
    },
    "PRLODSTWS1_1#CLM_0470_31G": {
      "Type": "Job:Database:StoredProcedure",
      "ConnectionProfile": "_",
      "StoredProcedure": "sqlext.CLM_0470_31G_SP",
      "DaysKeepActive": "1",
      "SubApplication": "PRLODSTWS1_1",
      "Priority": "Very Low",
      "Host": "PRLODSTWS1",
      "CreatedBy": "emuser",
      "Description": "== Conversion Messages Start ==\\n\\nMessage ID\\t: WRN6031 (1196-1990)\\n\\n== Conversion Messages End ==\\nAdded by composer.",
      "RunAs": "controlm",
      "TimeZone": "HKG",
      "Application": "PRLODSTWS1_1",
      "Variables": [
        {
          "DB-STP_SCHEM": ""
        }
      ],
      "When": {
        "WeekDays": [
          "NONE"
        ],
        "Months": [
          "NONE"
        ],
        "MonthDays": [
          "NONE"
        ],
        "DaysRelation": "OR",
        "RuleBasedCalendars": {
          "Included": [
            "RC1"
          ]
        }
      },
      "eventsToWaitFor": {
        "Type": "WaitForEvents",
        "Events": [
          {
            "Event": "PRLODSTWS1_1#CLM_0470_11G-TO-PRLODSTWS1_1#CLM_0470_31G"
          }
        ]
      },
      "eventsToDelete": {
        "Type": "DeleteEvents",
        "Events": [
          {
            "Event": "PRLODSTWS1_1#CLM_0470_11G-TO-PRLODSTWS1_1#CLM_0470_31G"
          }
        ]
      }
    },
    "PRLODSTWS1_1#CLM_0390_31G": {
      "Type": "Job:Database:StoredProcedure",
      "ConnectionProfile": "_",
      "StoredProcedure": "sqlext.CLM_0390_31G_SP",
      "DaysKeepActive": "1",
      "SubApplication": "PRLODSTWS1_1",
      "Priority": "Very Low",
      "Host": "PRLODSTWS1",
      "CreatedBy": "emuser",
      "Description": "== Conversion Messages Start ==\\n\\nMessage ID\\t: WRN6031 (1197-1991)\\n\\n== Conversion Messages End ==\\nAdded by composer.",
      "RunAs": "controlm",
      "TimeZone": "HKG",
      "Application": "PRLODSTWS1_1",
      "Variables": [
        {
          "DB-STP_SCHEM": ""
        }
      ],
      "When": {
        "WeekDays": [
          "NONE"
        ],
        "Months": [
          "NONE"
        ],
        "MonthDays": [
          "NONE"
        ],
        "DaysRelation": "OR",
        "RuleBasedCalendars": {
          "Included": [
            "RC1"
          ]
        }
      },
      "eventsToWaitFor": {
        "Type": "WaitForEvents",
        "Events": [
          {
            "Event": "PRLODSTWS1_1#O_CONTRACT_MASTER-TO-PRLODSTWS1_1#CLM_0390_31G"
          },
          {
            "Event": "PRLODSTWS1_1#SDM_CLAIM_CASE-TO-PRLODSTWS1_1#CLM_0390_31G"
          },
          {
            "Event": "PRLODSTWS1_1#SDM_CLAIM_PRODUCT-TO-PRLODSTWS1_1#CLM_0390_31G"
          }
        ]
      },
      "eventsToDelete": {
        "Type": "DeleteEvents",
        "Events": [
          {
            "Event": "PRLODSTWS1_1#O_CONTRACT_MASTER-TO-PRLODSTWS1_1#CLM_0390_31G"
          },
          {
            "Event": "PRLODSTWS1_1#SDM_CLAIM_CASE-TO-PRLODSTWS1_1#CLM_0390_31G"
          },
          {
            "Event": "PRLODSTWS1_1#SDM_CLAIM_PRODUCT-TO-PRLODSTWS1_1#CLM_0390_31G"
          }
        ]
      }
    },
    "PRLODSTWS1_1#CLM_0470_41G": {
      "Type": "Job:Database:StoredProcedure",
      "ConnectionProfile": "_",
      "StoredProcedure": "sqlext.CLM_0470_41G_SP",
      "DaysKeepActive": "1",
      "SubApplication": "PRLODSTWS1_1",
      "Priority": "Very Low",
      "Host": "PRLODSTWS1",
      "CreatedBy": "emuser",
      "Description": "== Conversion Messages Start ==\\n\\nMessage ID\\t: WRN6031 (1198-1992)\\n\\n== Conversion Messages End ==\\nAdded by composer.",
      "RunAs": "controlm",
      "TimeZone": "HKG",
      "Application": "PRLODSTWS1_1",
      "Variables": [
        {
          "DB-STP_SCHEM": ""
        }
      ],
      "When": {
        "WeekDays": [
          "NONE"
        ],
        "Months": [
          "NONE"
        ],
        "MonthDays": [
          "NONE"
        ],
        "DaysRelation": "OR",
        "RuleBasedCalendars": {
          "Included": [
            "RC1"
          ]
        }
      },
      "eventsToWaitFor": {
        "Type": "WaitForEvents",
        "Events": [
          {
            "Event": "PRLODSTWS1_1#CLM_0470_21G-TO-PRLODSTWS1_1#CLM_0470_41G"
          }
        ]
      },
      "eventsToDelete": {
        "Type": "DeleteEvents",
        "Events": [
          {
            "Event": "PRLODSTWS1_1#CLM_0470_21G-TO-PRLODSTWS1_1#CLM_0470_41G"
          }
        ]
      }
    },
    "PRLODSTWS1_1#CLM_0470_11G": {
      "Type": "Job:Database:StoredProcedure",
      "ConnectionProfile": "_",
      "StoredProcedure": "sqlext.CLM_0470_11G_SP",
      "DaysKeepActive": "1",
      "SubApplication": "PRLODSTWS1_1",
      "Priority": "Very Low",
      "Host": "PRLODSTWS1",
      "CreatedBy": "emuser",
      "Description": "== Conversion Messages Start ==\\n\\nMessage ID\\t: WRN6031 (1199-1993)\\n\\n== Conversion Messages End ==\\nAdded by composer.",
      "RunAs": "controlm",
      "TimeZone": "HKG",
      "Application": "PRLODSTWS1_1",
      "Variables": [
        {
          "DB-STP_SCHEM": ""
        }
      ],
      "When": {
        "WeekDays": [
          "NONE"
        ],
        "Months": [
          "NONE"
        ],
        "MonthDays": [
          "NONE"
        ],
        "DaysRelation": "OR",
        "RuleBasedCalendars": {
          "Included": [
            "RC1"
          ]
        }
      },
      "eventsToWaitFor": {
        "Type": "WaitForEvents",
        "Events": [
          {
            "Event": "PRLODSTWS1_1#SDM_CLAIM_CASE-TO-PRLODSTWS1_1#CLM_0470_11G"
          },
          {
            "Event": "PRLODSTWS1_1#SDM_CLAIM_CHECKLIST-TO-PRLODSTWS1_1#CLM_0470_11G"
          },
          {
            "Event": "PRLODSTWS1_1#SDM_CLAIM_PAY-TO-PRLODSTWS1_1#CLM_0470_11G"
          },
          {
            "Event": "PRLODSTWS1_1#SDM_CLAIM_PRODUCT-TO-PRLODSTWS1_1#CLM_0470_11G"
          }
        ]
      },
      "eventsToAdd": {
        "Type": "AddEvents",
        "Events": [
          {
            "Event": "PRLODSTWS1_1#CLM_0470_11G-TO-PRLODSTWS1_1#CLM_0470_21G"
          },
          {
            "Event": "PRLODSTWS1_1#CLM_0470_11G-TO-PRLODSTWS1_1#CLM_0470_31G"
          }
        ]
      },
      "eventsToDelete": {
        "Type": "DeleteEvents",
        "Events": [
          {
            "Event": "PRLODSTWS1_1#SDM_CLAIM_CASE-TO-PRLODSTWS1_1#CLM_0470_11G"
          },
          {
            "Event": "PRLODSTWS1_1#SDM_CLAIM_CHECKLIST-TO-PRLODSTWS1_1#CLM_0470_11G"
          },
          {
            "Event": "PRLODSTWS1_1#SDM_CLAIM_PAY-TO-PRLODSTWS1_1#CLM_0470_11G"
          },
          {
            "Event": "PRLODSTWS1_1#SDM_CLAIM_PRODUCT-TO-PRLODSTWS1_1#CLM_0470_11G"
          }
        ]
      }
    },
    "PRLODSTWS1_1#CLM_0390_11G": {
      "Type": "Job:Database:StoredProcedure",
      "ConnectionProfile": "_",
      "StoredProcedure": "sqlext.CLM_0390_11G_SP",
      "DaysKeepActive": "1",
      "SubApplication": "PRLODSTWS1_1",
      "Priority": "Very Low",
      "Host": "PRLODSTWS1",
      "CreatedBy": "emuser",
      "Description": "== Conversion Messages Start ==\\n\\nMessage ID\\t: WRN6031 (1200-1994)\\n\\n== Conversion Messages End ==\\nAdded by composer.",
      "RunAs": "controlm",
      "TimeZone": "HKG",
      "Application": "PRLODSTWS1_1",
      "Variables": [
        {
          "DB-STP_SCHEM": ""
        }
      ],
      "When": {
        "WeekDays": [
          "NONE"
        ],
        "Months": [
          "NONE"
        ],
        "MonthDays": [
          "NONE"
        ],
        "DaysRelation": "OR",
        "RuleBasedCalendars": {
          "Included": [
            "RC1"
          ]
        }
      },
      "eventsToWaitFor": {
        "Type": "WaitForEvents",
        "Events": [
          {
            "Event": "PRLODSTWS1_1#O_CONTRACT_MASTER-TO-PRLODSTWS1_1#CLM_0390_11G"
          },
          {
            "Event": "PRLODSTWS1_1#O_CONTRACT_PRODUCT-TO-PRLODSTWS1_1#CLM_0390_11G"
          },
          {
            "Event": "PRLODSTWS1_1#SDM_CLAIM_CASE-TO-PRLODSTWS1_1#CLM_0390_11G"
          },
          {
            "Event": "PRLODSTWS1_1#SDM_CLAIM_LIAB-TO-PRLODSTWS1_1#CLM_0390_11G"
          },
          {
            "Event": "PRLODSTWS1_1#SDM_CLAIM_PRODUCT-TO-PRLODSTWS1_1#CLM_0390_11G"
          }
        ]
      },
      "eventsToDelete": {
        "Type": "DeleteEvents",
        "Events": [
          {
            "Event": "PRLODSTWS1_1#O_CONTRACT_MASTER-TO-PRLODSTWS1_1#CLM_0390_11G"
          },
          {
            "Event": "PRLODSTWS1_1#O_CONTRACT_PRODUCT-TO-PRLODSTWS1_1#CLM_0390_11G"
          },
          {
            "Event": "PRLODSTWS1_1#SDM_CLAIM_CASE-TO-PRLODSTWS1_1#CLM_0390_11G"
          },
          {
            "Event": "PRLODSTWS1_1#SDM_CLAIM_LIAB-TO-PRLODSTWS1_1#CLM_0390_11G"
          },
          {
            "Event": "PRLODSTWS1_1#SDM_CLAIM_PRODUCT-TO-PRLODSTWS1_1#CLM_0390_11G"
          }
        ]
      }
    },
    "PRLODSTWS1_1#CLM_0470_21G": {
      "Type": "Job:Database:StoredProcedure",
      "ConnectionProfile": "_",
      "StoredProcedure": "sqlext.CLM_0470_21G_SP",
      "DaysKeepActive": "1",
      "SubApplication": "PRLODSTWS1_1",
      "Priority": "Very Low",
      "Host": "PRLODSTWS1",
      "CreatedBy": "emuser",
      "Description": "== Conversion Messages Start ==\\n\\nMessage ID\\t: WRN6031 (1201-1995)\\n\\n== Conversion Messages End ==\\nAdded by composer.",
      "RunAs": "controlm",
      "TimeZone": "HKG",
      "Application": "PRLODSTWS1_1",
      "Variables": [
        {
          "DB-STP_SCHEM": ""
        }
      ],
      "When": {
        "WeekDays": [
          "NONE"
        ],
        "Months": [
          "NONE"
        ],
        "MonthDays": [
          "NONE"
        ],
        "DaysRelation": "OR",
        "RuleBasedCalendars": {
          "Included": [
            "RC1"
          ]
        }
      },
      "eventsToWaitFor": {
        "Type": "WaitForEvents",
        "Events": [
          {
            "Event": "PRLODSTWS1_1#CLM_0470_11G-TO-PRLODSTWS1_1#CLM_0470_21G"
          }
        ]
      },
      "eventsToAdd": {
        "Type": "AddEvents",
        "Events": [
          {
            "Event": "PRLODSTWS1_1#CLM_0470_21G-TO-PRLODSTWS1_1#CLM_0470_41G"
          }
        ]
      },
      "eventsToDelete": {
        "Type": "DeleteEvents",
        "Events": [
          {
            "Event": "PRLODSTWS1_1#CLM_0470_11G-TO-PRLODSTWS1_1#CLM_0470_21G"
          }
        ]
      }
    },
    "PRLODSTWS1_1#CLM_0500_11G": {
      "Type": "Job:Database:StoredProcedure",
      "ConnectionProfile": "_",
      "StoredProcedure": "sqlext.CLM_0500_11G_SP",
      "DaysKeepActive": "1",
      "SubApplication": "PRLODSTWS1_1",
      "Priority": "Very Low",
      "Host": "PRLODSTWS1",
      "CreatedBy": "emuser",
      "Description": "== Conversion Messages Start ==\\n\\nMessage ID\\t: WRN6031 (1202-1996)\\n\\n== Conversion Messages End ==\\nAdded by composer.",
      "RunAs": "controlm",
      "TimeZone": "HKG",
      "Application": "PRLODSTWS1_1",
      "Variables": [
        {
          "DB-STP_SCHEM": ""
        }
      ],
      "When": {
        "WeekDays": [
          "NONE"
        ],
        "Months": [
          "NONE"
        ],
        "MonthDays": [
          "NONE"
        ],
        "DaysRelation": "OR",
        "RuleBasedCalendars": {
          "Included": [
            "RC1"
          ]
        }
      },
      "eventsToWaitFor": {
        "Type": "WaitForEvents",
        "Events": [
          {
            "Event": "PRLODSTWS1_1#O_COMPANY_CUSTOMER-TO-PRLODSTWS1_1#CLM_0500_11G"
          },
          {
            "Event": "PRLODSTWS1_1#O_CLM_COMPANY_CUSTOMER-TO-PRLODSTWS1_1#CLM_0500_11G"
          },
          {
            "Event": "PRLODSTWS1_1#O_CLM_CUSTOMER-TO-PRLODSTWS1_1#CLM_0500_11G"
          },
          {
            "Event": "PRLODSTWS1_1#SDM_CLAIM_ADJUST-TO-PRLODSTWS1_1#CLM_0500_11G"
          },
          {
            "Event": "PRLODSTWS1_1#SDM_CLAIM_CASE-TO-PRLODSTWS1_1#CLM_0500_11G"
          },
          {
            "Event": "PRLODSTWS1_1#SDM_CLAIM_PAY-TO-PRLODSTWS1_1#CLM_0500_11G"
          }
        ]
      },
      "eventsToDelete": {
        "Type": "DeleteEvents",
        "Events": [
          {
            "Event": "PRLODSTWS1_1#O_COMPANY_CUSTOMER-TO-PRLODSTWS1_1#CLM_0500_11G"
          },
          {
            "Event": "PRLODSTWS1_1#O_CLM_COMPANY_CUSTOMER-TO-PRLODSTWS1_1#CLM_0500_11G"
          },
          {
            "Event": "PRLODSTWS1_1#O_CLM_CUSTOMER-TO-PRLODSTWS1_1#CLM_0500_11G"
          },
          {
            "Event": "PRLODSTWS1_1#SDM_CLAIM_ADJUST-TO-PRLODSTWS1_1#CLM_0500_11G"
          },
          {
            "Event": "PRLODSTWS1_1#SDM_CLAIM_CASE-TO-PRLODSTWS1_1#CLM_0500_11G"
          },
          {
            "Event": "PRLODSTWS1_1#SDM_CLAIM_PAY-TO-PRLODSTWS1_1#CLM_0500_11G"
          }
        ]
      }
    },
    "PRLODSTWS1_1#CLM_0530_11G": {
      "Type": "Job:Database:StoredProcedure",
      "ConnectionProfile": "_",
      "StoredProcedure": "sqlext.CLM_0530_11G_SP",
      "DaysKeepActive": "1",
      "SubApplication": "PRLODSTWS1_1",
      "Priority": "Very Low",
      "Host": "PRLODSTWS1",
      "CreatedBy": "emuser",
      "Description": "== Conversion Messages Start ==\\n\\nMessage ID\\t: WRN6031 (1203-1997)\\n\\n== Conversion Messages End ==\\nAdded by composer.",
      "RunAs": "controlm",
      "TimeZone": "HKG",
      "Application": "PRLODSTWS1_1",
      "Variables": [
        {
          "DB-STP_SCHEM": ""
        }
      ],
      "When": {
        "WeekDays": [
          "NONE"
        ],
        "Months": [
          "NONE"
        ],
        "MonthDays": [
          "NONE"
        ],
        "DaysRelation": "OR",
        "RuleBasedCalendars": {
          "Included": [
            "RC1"
          ]
        }
      },
      "eventsToWaitFor": {
        "Type": "WaitForEvents",
        "Events": [
          {
            "Event": "PRLODSTWS1_1#SDM_CLAIM_CASE-TO-PRLODSTWS1_1#CLM_0530_11G"
          },
          {
            "Event": "PRLODSTWS1_1#SDM_CLAIM_PRODUCT-TO-PRLODSTWS1_1#CLM_0530_11G"
          }
        ]
      },
      "eventsToDelete": {
        "Type": "DeleteEvents",
        "Events": [
          {
            "Event": "PRLODSTWS1_1#SDM_CLAIM_CASE-TO-PRLODSTWS1_1#CLM_0530_11G"
          },
          {
            "Event": "PRLODSTWS1_1#SDM_CLAIM_PRODUCT-TO-PRLODSTWS1_1#CLM_0530_11G"
          }
        ]
      }
    },
    "PRLODSTWS1_1#CLM_0450_31G": {
      "Type": "Job:Database:StoredProcedure",
      "ConnectionProfile": "_",
      "StoredProcedure": "sqlext.CLM_0450_31G_SP",
      "DaysKeepActive": "1",
      "SubApplication": "PRLODSTWS1_1",
      "Priority": "Very Low",
      "Host": "PRLODSTWS1",
      "CreatedBy": "emuser",
      "Description": "== Conversion Messages Start ==\\n\\nMessage ID\\t: WRN6031 (1204-1998)\\n\\n== Conversion Messages End ==\\nAdded by composer.",
      "RunAs": "controlm",
      "TimeZone": "HKG",
      "Application": "PRLODSTWS1_1",
      "Variables": [
        {
          "DB-STP_SCHEM": ""
        }
      ],
      "When": {
        "WeekDays": [
          "NONE"
        ],
        "Months": [
          "NONE"
        ],
        "MonthDays": [
          "NONE"
        ],
        "DaysRelation": "OR",
        "RuleBasedCalendars": {
          "Included": [
            "RC1"
          ]
        }
      },
      "eventsToWaitFor": {
        "Type": "WaitForEvents",
        "Events": [
          {
            "Event": "PRLODSTWS1_1#CLM_0450_11G-TO-PRLODSTWS1_1#CLM_0450_31G"
          }
        ]
      },
      "eventsToDelete": {
        "Type": "DeleteEvents",
        "Events": [
          {
            "Event": "PRLODSTWS1_1#CLM_0450_11G-TO-PRLODSTWS1_1#CLM_0450_31G"
          }
        ]
      }
    },
    "PRLODSTWS1_1#CLM_0380_21G": {
      "Type": "Job:Database:StoredProcedure",
      "ConnectionProfile": "_",
      "StoredProcedure": "sqlext.CLM_0380_21G_SP",
      "DaysKeepActive": "1",
      "SubApplication": "PRLODSTWS1_1",
      "Priority": "Very Low",
      "Host": "PRLODSTWS1",
      "CreatedBy": "emuser",
      "Description": "== Conversion Messages Start ==\\n\\nMessage ID\\t: WRN6031 (1205-1999)\\n\\n== Conversion Messages End ==\\nAdded by composer.",
      "RunAs": "controlm",
      "TimeZone": "HKG",
      "Application": "PRLODSTWS1_1",
      "Variables": [
        {
          "DB-STP_SCHEM": ""
        }
      ],
      "When": {
        "WeekDays": [
          "NONE"
        ],
        "Months": [
          "NONE"
        ],
        "MonthDays": [
          "NONE"
        ],
        "DaysRelation": "OR",
        "RuleBasedCalendars": {
          "Included": [
            "RC1"
          ]
        }
      },
      "eventsToWaitFor": {
        "Type": "WaitForEvents",
        "Events": [
          {
            "Event": "PRLODSTWS1_1#SDM_CLAIM_CASE-TO-PRLODSTWS1_1#CLM_0380_21G"
          },
          {
            "Event": "PRLODSTWS1_1#SDM_CLAIM_LIAB-TO-PRLODSTWS1_1#CLM_0380_21G"
          },
          {
            "Event": "PRLODSTWS1_1#SDM_CLAIM_PRODUCT-TO-PRLODSTWS1_1#CLM_0380_21G"
          }
        ]
      },
      "eventsToDelete": {
        "Type": "DeleteEvents",
        "Events": [
          {
            "Event": "PRLODSTWS1_1#SDM_CLAIM_CASE-TO-PRLODSTWS1_1#CLM_0380_21G"
          },
          {
            "Event": "PRLODSTWS1_1#SDM_CLAIM_LIAB-TO-PRLODSTWS1_1#CLM_0380_21G"
          },
          {
            "Event": "PRLODSTWS1_1#SDM_CLAIM_PRODUCT-TO-PRLODSTWS1_1#CLM_0380_21G"
          }
        ]
      }
    },
    "PRLODSTWS1_1#CLM_0380_11G": {
      "Type": "Job:Database:StoredProcedure",
      "ConnectionProfile": "_",
      "StoredProcedure": "sqlext.CLM_0380_11G_SP",
      "DaysKeepActive": "1",
      "SubApplication": "PRLODSTWS1_1",
      "Priority": "Very Low",
      "Host": "PRLODSTWS1",
      "CreatedBy": "emuser",
      "Description": "== Conversion Messages Start ==\\n\\nMessage ID\\t: WRN6031 (1206-2000)\\n\\n== Conversion Messages End ==\\nAdded by composer.",
      "RunAs": "controlm",
      "TimeZone": "HKG",
      "Application": "PRLODSTWS1_1",
      "Variables": [
        {
          "DB-STP_SCHEM": ""
        }
      ],
      "When": {
        "WeekDays": [
          "NONE"
        ],
        "Months": [
          "NONE"
        ],
        "MonthDays": [
          "NONE"
        ],
        "DaysRelation": "OR",
        "RuleBasedCalendars": {
          "Included": [
            "RC1"
          ]
        }
      },
      "eventsToWaitFor": {
        "Type": "WaitForEvents",
        "Events": [
          {
            "Event": "PRLODSTWS1_1#SDM_CLAIM_CASE-TO-PRLODSTWS1_1#CLM_0380_11G"
          },
          {
            "Event": "PRLODSTWS1_1#SDM_CLAIM_LIAB-TO-PRLODSTWS1_1#CLM_0380_11G"
          },
          {
            "Event": "PRLODSTWS1_1#SDM_CLAIM_PRODUCT-TO-PRLODSTWS1_1#CLM_0380_11G"
          }
        ]
      },
      "eventsToDelete": {
        "Type": "DeleteEvents",
        "Events": [
          {
            "Event": "PRLODSTWS1_1#SDM_CLAIM_CASE-TO-PRLODSTWS1_1#CLM_0380_11G"
          },
          {
            "Event": "PRLODSTWS1_1#SDM_CLAIM_LIAB-TO-PRLODSTWS1_1#CLM_0380_11G"
          },
          {
            "Event": "PRLODSTWS1_1#SDM_CLAIM_PRODUCT-TO-PRLODSTWS1_1#CLM_0380_11G"
          }
        ]
      }
    },
    "PRLODSTWS1_1#CLM_0420_11G": {
      "Type": "Job:Database:StoredProcedure",
      "ConnectionProfile": "_",
      "StoredProcedure": "sqlext.CLM_0420_11G_SP",
      "DaysKeepActive": "1",
      "SubApplication": "PRLODSTWS1_1",
      "Priority": "Very Low",
      "Host": "PRLODSTWS1",
      "CreatedBy": "emuser",
      "Description": "== Conversion Messages Start ==\\n\\nMessage ID\\t: WRN6031 (1207-2001)\\n\\n== Conversion Messages End ==\\nAdded by composer.",
      "RunAs": "controlm",
      "TimeZone": "HKG",
      "Application": "PRLODSTWS1_1",
      "Variables": [
        {
          "DB-STP_SCHEM": ""
        }
      ],
      "When": {
        "WeekDays": [
          "NONE"
        ],
        "Months": [
          "NONE"
        ],
        "MonthDays": [
          "NONE"
        ],
        "DaysRelation": "OR",
        "RuleBasedCalendars": {
          "Included": [
            "RC1"
          ]
        }
      },
      "eventsToWaitFor": {
        "Type": "WaitForEvents",
        "Events": [
          {
            "Event": "PRLODSTWS1_1#O_ADDRESS-TO-PRLODSTWS1_1#CLM_0420_11G"
          },
          {
            "Event": "PRLODSTWS1_1#O_PROD_BIZ_CATEGORY-TO-PRLODSTWS1_1#CLM_0420_11G"
          },
          {
            "Event": "PRLODSTWS1_1#SDM_CLAIM_CASE-TO-PRLODSTWS1_1#CLM_0420_11G"
          },
          {
            "Event": "PRLODSTWS1_1#SDM_CLAIM_DIAGNOSIS-TO-PRLODSTWS1_1#CLM_0420_11G"
          },
          {
            "Event": "PRLODSTWS1_1#SDM_CLAIM_PRODUCT-TO-PRLODSTWS1_1#CLM_0420_11G"
          },
          {
            "Event": "PRLODSTWS1_1#CLM_0441_CODE-TO-PRLODSTWS1_1#CLM_0420_11G"
          },
          {
            "Event": "PRLODSTWS1_1#CLM_0480_CODE-TO-PRLODSTWS1_1#CLM_0420_11G"
          }
        ]
      },
      "eventsToDelete": {
        "Type": "DeleteEvents",
        "Events": [
          {
            "Event": "PRLODSTWS1_1#O_ADDRESS-TO-PRLODSTWS1_1#CLM_0420_11G"
          },
          {
            "Event": "PRLODSTWS1_1#O_PROD_BIZ_CATEGORY-TO-PRLODSTWS1_1#CLM_0420_11G"
          },
          {
            "Event": "PRLODSTWS1_1#SDM_CLAIM_CASE-TO-PRLODSTWS1_1#CLM_0420_11G"
          },
          {
            "Event": "PRLODSTWS1_1#SDM_CLAIM_DIAGNOSIS-TO-PRLODSTWS1_1#CLM_0420_11G"
          },
          {
            "Event": "PRLODSTWS1_1#SDM_CLAIM_PRODUCT-TO-PRLODSTWS1_1#CLM_0420_11G"
          },
          {
            "Event": "PRLODSTWS1_1#CLM_0441_CODE-TO-PRLODSTWS1_1#CLM_0420_11G"
          },
          {
            "Event": "PRLODSTWS1_1#CLM_0480_CODE-TO-PRLODSTWS1_1#CLM_0420_11G"
          }
        ]
      }
    },
    "PRLODSTWS1_1#CLM_0380_41G": {
      "Type": "Job:Database:StoredProcedure",
      "ConnectionProfile": "_",
      "StoredProcedure": "sqlext.CLM_0380_41G_SP",
      "DaysKeepActive": "1",
      "SubApplication": "PRLODSTWS1_1",
      "Priority": "Very Low",
      "Host": "PRLODSTWS1",
      "CreatedBy": "emuser",
      "Description": "== Conversion Messages Start ==\\n\\nMessage ID\\t: WRN6031 (1208-2002)\\n\\n== Conversion Messages End ==\\nAdded by composer.",
      "RunAs": "controlm",
      "TimeZone": "HKG",
      "Application": "PRLODSTWS1_1",
      "Variables": [
        {
          "DB-STP_SCHEM": ""
        }
      ],
      "When": {
        "WeekDays": [
          "NONE"
        ],
        "Months": [
          "NONE"
        ],
        "MonthDays": [
          "NONE"
        ],
        "DaysRelation": "OR",
        "RuleBasedCalendars": {
          "Included": [
            "RC1"
          ]
        }
      },
      "eventsToWaitFor": {
        "Type": "WaitForEvents",
        "Events": [
          {
            "Event": "PRLODSTWS1_1#O_ADDIT_FEE_TYPE-TO-PRLODSTWS1_1#CLM_0380_41G"
          },
          {
            "Event": "PRLODSTWS1_1#O_CLAIM_PAY-TO-PRLODSTWS1_1#CLM_0380_41G"
          },
          {
            "Event": "PRLODSTWS1_1#O_CLAIM_PRODUCT-TO-PRLODSTWS1_1#CLM_0380_41G"
          },
          {
            "Event": "PRLODSTWS1_1#O_CLAIM_REFUND_PREM-TO-PRLODSTWS1_1#CLM_0380_41G"
          },
          {
            "Event": "PRLODSTWS1_1#O_PRODUCT_ADDIT_FEE-TO-PRLODSTWS1_1#CLM_0380_41G"
          },
          {
            "Event": "PRLODSTWS1_1#O_CLAIM_ADJUST-TO-PRLODSTWS1_1#CLM_0380_41G"
          },
          {
            "Event": "PRLODSTWS1_1#O_CLAIM_ADJUST_TYPE-TO-PRLODSTWS1_1#CLM_0380_41G"
          },
          {
            "Event": "PRLODSTWS1_1#O_CLAIM_INSTALMENT-TO-PRLODSTWS1_1#CLM_0380_41G"
          },
          {
            "Event": "PRLODSTWS1_1#O_CONTRACT_PRODUCT-TO-PRLODSTWS1_1#CLM_0380_41G"
          },
          {
            "Event": "PRLODSTWS1_1#SDM_CLAIM_CASE-TO-PRLODSTWS1_1#CLM_0380_41G"
          },
          {
            "Event": "PRLODSTWS1_1#SDM_CLAIM_PRODUCT-TO-PRLODSTWS1_1#CLM_0380_41G"
          },
          {
            "Event": "PRLODSTWS1_1#SDM_PREM_ARAP-TO-PRLODSTWS1_1#CLM_0380_41G"
          },
          {
            "Event": "PRLODSTWS1_1#SDM_CONTRACT_MASTER-TO-PRLODSTWS1_1#CLM_0380_41G"
          }
        ]
      },
      "eventsToDelete": {
        "Type": "DeleteEvents",
        "Events": [
          {
            "Event": "PRLODSTWS1_1#O_ADDIT_FEE_TYPE-TO-PRLODSTWS1_1#CLM_0380_41G"
          },
          {
            "Event": "PRLODSTWS1_1#O_CLAIM_PAY-TO-PRLODSTWS1_1#CLM_0380_41G"
          },
          {
            "Event": "PRLODSTWS1_1#O_CLAIM_PRODUCT-TO-PRLODSTWS1_1#CLM_0380_41G"
          },
          {
            "Event": "PRLODSTWS1_1#O_CLAIM_REFUND_PREM-TO-PRLODSTWS1_1#CLM_0380_41G"
          },
          {
            "Event": "PRLODSTWS1_1#O_PRODUCT_ADDIT_FEE-TO-PRLODSTWS1_1#CLM_0380_41G"
          },
          {
            "Event": "PRLODSTWS1_1#O_CLAIM_ADJUST-TO-PRLODSTWS1_1#CLM_0380_41G"
          },
          {
            "Event": "PRLODSTWS1_1#O_CLAIM_ADJUST_TYPE-TO-PRLODSTWS1_1#CLM_0380_41G"
          },
          {
            "Event": "PRLODSTWS1_1#O_CLAIM_INSTALMENT-TO-PRLODSTWS1_1#CLM_0380_41G"
          },
          {
            "Event": "PRLODSTWS1_1#O_CONTRACT_PRODUCT-TO-PRLODSTWS1_1#CLM_0380_41G"
          },
          {
            "Event": "PRLODSTWS1_1#SDM_CLAIM_CASE-TO-PRLODSTWS1_1#CLM_0380_41G"
          },
          {
            "Event": "PRLODSTWS1_1#SDM_CLAIM_PRODUCT-TO-PRLODSTWS1_1#CLM_0380_41G"
          },
          {
            "Event": "PRLODSTWS1_1#SDM_PREM_ARAP-TO-PRLODSTWS1_1#CLM_0380_41G"
          },
          {
            "Event": "PRLODSTWS1_1#SDM_CONTRACT_MASTER-TO-PRLODSTWS1_1#CLM_0380_41G"
          }
        ]
      }
    },
    "PRLODSTWS1_1#CLM_0380_31G": {
      "Type": "Job:Database:StoredProcedure",
      "ConnectionProfile": "_",
      "StoredProcedure": "sqlext.CLM_0380_31G_SP",
      "DaysKeepActive": "1",
      "SubApplication": "PRLODSTWS1_1",
      "Priority": "Very Low",
      "Host": "PRLODSTWS1",
      "CreatedBy": "emuser",
      "Description": "== Conversion Messages Start ==\\n\\nMessage ID\\t: WRN6031 (1209-2003)\\n\\n== Conversion Messages End ==\\nAdded by composer.",
      "RunAs": "controlm",
      "TimeZone": "HKG",
      "Application": "PRLODSTWS1_1",
      "Variables": [
        {
          "DB-STP_SCHEM": ""
        }
      ],
      "When": {
        "WeekDays": [
          "NONE"
        ],
        "Months": [
          "NONE"
        ],
        "MonthDays": [
          "NONE"
        ],
        "DaysRelation": "OR",
        "RuleBasedCalendars": {
          "Included": [
            "RC1"
          ]
        }
      },
      "eventsToWaitFor": {
        "Type": "WaitForEvents",
        "Events": [
          {
            "Event": "PRLODSTWS1_1#SDM_CLAIM_CASE-TO-PRLODSTWS1_1#CLM_0380_31G"
          },
          {
            "Event": "PRLODSTWS1_1#SDM_CLAIM_LIAB-TO-PRLODSTWS1_1#CLM_0380_31G"
          },
          {
            "Event": "PRLODSTWS1_1#SDM_CLAIM_PRODUCT-TO-PRLODSTWS1_1#CLM_0380_31G"
          }
        ]
      },
      "eventsToDelete": {
        "Type": "DeleteEvents",
        "Events": [
          {
            "Event": "PRLODSTWS1_1#SDM_CLAIM_CASE-TO-PRLODSTWS1_1#CLM_0380_31G"
          },
          {
            "Event": "PRLODSTWS1_1#SDM_CLAIM_LIAB-TO-PRLODSTWS1_1#CLM_0380_31G"
          },
          {
            "Event": "PRLODSTWS1_1#SDM_CLAIM_PRODUCT-TO-PRLODSTWS1_1#CLM_0380_31G"
          }
        ]
      }
    },
    "PRLODSTWS1_1#CLM_0310_11G": {
      "Type": "Job:Database:StoredProcedure",
      "ConnectionProfile": "_",
      "StoredProcedure": "sqlext.CLM_0310_11G_SP",
      "DaysKeepActive": "1",
      "SubApplication": "PRLODSTWS1_1",
      "Priority": "Very Low",
      "Host": "PRLODSTWS1",
      "CreatedBy": "emuser",
      "Description": "== Conversion Messages Start ==\\n\\nMessage ID\\t: WRN6031 (1210-2004)\\n\\n== Conversion Messages End ==\\nAdded by composer.",
      "RunAs": "controlm",
      "TimeZone": "HKG",
      "Application": "PRLODSTWS1_1",
      "Variables": [
        {
          "DB-STP_SCHEM": ""
        }
      ],
      "When": {
        "WeekDays": [
          "NONE"
        ],
        "Months": [
          "NONE"
        ],
        "MonthDays": [
          "NONE"
        ],
        "DaysRelation": "OR",
        "RuleBasedCalendars": {
          "Included": [
            "RC1"
          ]
        }
      },
      "eventsToWaitFor": {
        "Type": "WaitForEvents",
        "Events": [
          {
            "Event": "PRLODSTWS1_1#SDM_CLAIM_CASE-TO-PRLODSTWS1_1#CLM_0310_11G"
          },
          {
            "Event": "PRLODSTWS1_1#SDM_CLAIM_PRODUCT-TO-PRLODSTWS1_1#CLM_0310_11G"
          }
        ]
      },
      "eventsToDelete": {
        "Type": "DeleteEvents",
        "Events": [
          {
            "Event": "PRLODSTWS1_1#SDM_CLAIM_CASE-TO-PRLODSTWS1_1#CLM_0310_11G"
          },
          {
            "Event": "PRLODSTWS1_1#SDM_CLAIM_PRODUCT-TO-PRLODSTWS1_1#CLM_0310_11G"
          }
        ]
      }
    },
    "PRLODSTWS1_1#CLM_0490_11G": {
      "Type": "Job:Database:StoredProcedure",
      "ConnectionProfile": "_",
      "StoredProcedure": "sqlext.CLM_0490_11G_SP",
      "DaysKeepActive": "1",
      "SubApplication": "PRLODSTWS1_1",
      "Priority": "Very Low",
      "Host": "PRLODSTWS1",
      "CreatedBy": "emuser",
      "Description": "== Conversion Messages Start ==\\n\\nMessage ID\\t: WRN6031 (1211-2005)\\n\\n== Conversion Messages End ==\\nAdded by composer.",
      "RunAs": "controlm",
      "TimeZone": "HKG",
      "Application": "PRLODSTWS1_1",
      "Variables": [
        {
          "DB-STP_SCHEM": ""
        }
      ],
      "When": {
        "WeekDays": [
          "NONE"
        ],
        "Months": [
          "NONE"
        ],
        "MonthDays": [
          "NONE"
        ],
        "DaysRelation": "OR",
        "RuleBasedCalendars": {
          "Included": [
            "RC1"
          ]
        }
      },
      "eventsToWaitFor": {
        "Type": "WaitForEvents",
        "Events": [
          {
            "Event": "PRLODSTWS1_1#O_CLAIM_DEATH_RANK-TO-PRLODSTWS1_1#CLM_0490_11G"
          },
          {
            "Event": "PRLODSTWS1_1#O_DEATH_CODE-TO-PRLODSTWS1_1#CLM_0490_11G"
          },
          {
            "Event": "PRLODSTWS1_1#SDM_CLAIM_CASE-TO-PRLODSTWS1_1#CLM_0490_11G"
          },
          {
            "Event": "PRLODSTWS1_1#SDM_CLAIM_CURE-TO-PRLODSTWS1_1#CLM_0490_11G"
          },
          {
            "Event": "PRLODSTWS1_1#SDM_CLAIM_LIAB-TO-PRLODSTWS1_1#CLM_0490_11G"
          }
        ]
      },
      "eventsToAdd": {
        "Type": "AddEvents",
        "Events": [
          {
            "Event": "PRLODSTWS1_1#CLM_0490_11G-TO-PRLODSTWS1_1#CLM_0490_21G"
          }
        ]
      },
      "eventsToDelete": {
        "Type": "DeleteEvents",
        "Events": [
          {
            "Event": "PRLODSTWS1_1#O_CLAIM_DEATH_RANK-TO-PRLODSTWS1_1#CLM_0490_11G"
          },
          {
            "Event": "PRLODSTWS1_1#O_DEATH_CODE-TO-PRLODSTWS1_1#CLM_0490_11G"
          },
          {
            "Event": "PRLODSTWS1_1#SDM_CLAIM_CASE-TO-PRLODSTWS1_1#CLM_0490_11G"
          },
          {
            "Event": "PRLODSTWS1_1#SDM_CLAIM_CURE-TO-PRLODSTWS1_1#CLM_0490_11G"
          },
          {
            "Event": "PRLODSTWS1_1#SDM_CLAIM_LIAB-TO-PRLODSTWS1_1#CLM_0490_11G"
          }
        ]
      }
    },
    "PRLODSTWS1_1#CLM_0490_21G": {
      "Type": "Job:Database:StoredProcedure",
      "ConnectionProfile": "_",
      "StoredProcedure": "sqlext.CLM_0490_21G_SP",
      "DaysKeepActive": "1",
      "SubApplication": "PRLODSTWS1_1",
      "Priority": "Very Low",
      "Host": "PRLODSTWS1",
      "CreatedBy": "emuser",
      "Description": "== Conversion Messages Start ==\\n\\nMessage ID\\t: WRN6031 (1212-2006)\\n\\n== Conversion Messages End ==\\nAdded by composer.",
      "RunAs": "controlm",
      "TimeZone": "HKG",
      "Application": "PRLODSTWS1_1",
      "Variables": [
        {
          "DB-STP_SCHEM": ""
        }
      ],
      "When": {
        "WeekDays": [
          "NONE"
        ],
        "Months": [
          "NONE"
        ],
        "MonthDays": [
          "NONE"
        ],
        "DaysRelation": "OR",
        "RuleBasedCalendars": {
          "Included": [
            "RC1"
          ]
        }
      },
      "eventsToWaitFor": {
        "Type": "WaitForEvents",
        "Events": [
          {
            "Event": "PRLODSTWS1_1#CLM_0490_11G-TO-PRLODSTWS1_1#CLM_0490_21G"
          },
          {
            "Event": "PRLODSTWS1_1#O_CLAIM_DEATH_RANK-TO-PRLODSTWS1_1#CLM_0490_21G"
          }
        ]
      },
      "eventsToDelete": {
        "Type": "DeleteEvents",
        "Events": [
          {
            "Event": "PRLODSTWS1_1#CLM_0490_11G-TO-PRLODSTWS1_1#CLM_0490_21G"
          },
          {
            "Event": "PRLODSTWS1_1#O_CLAIM_DEATH_RANK-TO-PRLODSTWS1_1#CLM_0490_21G"
          }
        ]
      }
    },
    "eventsToAdd": {
      "Type": "AddEvents",
      "Events": [
        {
          "Event": "PRLODSTWS1_1#D_RPT_CLM_ONLINE-TO-PRLODSTWS1_1#BDS_STS_RPT_CLM"
        }
      ]
    }
  }
}
