{
  "PRLODSTWS1_1#D_SDM_PA_20": {
    "Type": "Folder",
    "ControlmServer": "CTM",
    "Description": "== Conversion Messages Start ==\\n\\nMessage ID\\t: INF6107 (2826-4971)\\n\\nMessage ID\\t: INF6104 (2827-4971)\\n\\n== Conversion Messages End ==\\n",
    "OrderMethod": "Manual",
    "SubApplication": "PRLODSTWS1_1",
    "CreatedBy": "emuser",
    "Priority": "9W",
    "TimeZone": "HKG",
    "Application": "PRLODSTWS1_1",
    "When": {
      "RuleBasedCalendars": {
        "Included": [
          "RC1"
        ],
        "RC1": {
          "Type": "Calendar:RuleBased",
          "When": {
            "MonthDaysCalendar": "RCG-D-NAT",
            "DaysRelation": "OR",
            "DaysKeepActive": "01",
            "WeekDays": [
              "NONE"
            ],
            "MonthDays": [
              "NONE"
            ]
          }
        }
      }
    },
    "PRLODSTWS1_1#SDM_CASH": {
      "Type": "Job:Database:StoredProcedure",
      "ConnectionProfile": "_",
      "StoredProcedure": "sqlext.SDM_CASH_SP",
      "DaysKeepActive": "1",
      "SubApplication": "PRLODSTWS1_1",
      "Priority": "Very Low",
      "Host": "PRLODSTWS1",
      "CreatedBy": "emuser",
      "Description": "== Conversion Messages Start ==\\n\\nMessage ID\\t: WRN6031 (2816-4972)\\n\\n== Conversion Messages End ==\\nAdded by composer.",
      "RunAs": "controlm",
      "TimeZone": "HKG",
      "Application": "PRLODSTWS1_1",
      "Variables": [
        {
          "DB-STP_SCHEM": ""
        }
      ],
      "When": {
        "WeekDays": [
          "NONE"
        ],
        "Months": [
          "NONE"
        ],
        "MonthDays": [
          "NONE"
        ],
        "DaysRelation": "OR",
        "RuleBasedCalendars": {
          "Included": [
            "RC1"
          ]
        }
      },
      "eventsToWaitFor": {
        "Type": "WaitForEvents",
        "Events": [
          {
            "Event": "PRLODSTWS1_1#O_FEE_TYPE-TO-PRLODSTWS1_1#SDM_CASH"
          },
          {
            "Event": "PRLODSTWS1_1#O_PREM_PURPOSE-TO-PRLODSTWS1_1#SDM_CASH"
          },
          {
            "Event": "PRLODSTWS1_1#O_CASH-TO-PRLODSTWS1_1#SDM_CASH"
          },
          {
            "Event": "PRLODSTWS1_1#O_CHEQUE_RELATION-TO-PRLODSTWS1_1#SDM_CASH"
          },
          {
            "Event": "PRLODSTWS1_1#O_FEE_STATUS-TO-PRLODSTWS1_1#SDM_CASH"
          },
          {
            "Event": "PRLODSTWS1_1#O_PA_PAY_MODE-TO-PRLODSTWS1_1#SDM_CASH"
          },
          {
            "Event": "PRLODSTWS1_1#O_WITHDRAW_TYPE-TO-PRLODSTWS1_1#SDM_CASH"
          },
          {
            "Event": "PRLODSTWS1_1#OV_CONTRACT_MASTER-TO-PRLODSTWS1_1#SDM_CASH"
          },
          {
            "Event": "PRLODSTWS1_1#O_MONEY-TO-PRLODSTWS1_1#SDM_CASH"
          },
          {
            "Event": "PRLODSTWS1_1#O_PAYMODE_TYPE-TO-PRLODSTWS1_1#SDM_CASH"
          },
          {
            "Event": "PRLODSTWS1_1#O_PAY_MODE-TO-PRLODSTWS1_1#SDM_CASH"
          },
          {
            "Event": "PRLODSTWS1_1#SDM_USER-TO-PRLODSTWS1_1#SDM_CASH"
          }
        ]
      },
      "eventsToAdd": {
        "Type": "AddEvents",
        "Events": [
          {
            "Event": "PRLODSTWS1_1#SDM_CASH-TO-PRLODSTWS1_1#FDW_FUND_CPN_ALLOC"
          },
          {
            "Event": "PRLODSTWS1_1#SDM_CASH-TO-PRLODSTWS1_1#FDW_PAYMENT"
          },
          {
            "Event": "PRLODSTWS1_1#SDM_CASH-TO-PRLODSTWS1_1#FDW_PREMIUM_CMS_M"
          },
          {
            "Event": "PRLODSTWS1_1#SDM_CASH-TO-PRLODSTWS1_1#FDW_PREMIUM_APL_M"
          },
          {
            "Event": "PRLODSTWS1_1#SDM_CASH-TO-PRLODSTWS1_1#AYB_UW_POL"
          },
          {
            "Event": "PRLODSTWS1_1#SDM_CASH-TO-PRLODSTWS1_1#FB_WRKB006_D7A"
          },
          {
            "Event": "PRLODSTWS1_1#SDM_CASH-TO-PRLODSTWS1_1#KB7_BRPOLICY_NEW"
          },
          {
            "Event": "PRLODSTWS1_1#SDM_CASH-TO-PRLODSTWS1_1#KB9_BRPOLICY_NEW"
          },
          {
            "Event": "PRLODSTWS1_1#SDM_CASH-TO-PRLODSTWS1_1#FDW_CONTRACT_MAST_KGIW"
          },
          {
            "Event": "PRLODSTWS1_1#SDM_CASH-TO-PRLODSTWS1_1#LAW_BRPOLICY_NEW_PRE"
          },
          {
            "Event": "PRLODSTWS1_1#SDM_CASH-TO-PRLODSTWS1_1#FDW_UNPAYMENT_SIC"
          },
          {
            "Event": "PRLODSTWS1_1#SDM_CASH-TO-PRLODSTWS1_1#FDW_FUND_CPN_ALLOC_1"
          },
          {
            "Event": "PRLODSTWS1_1#SDM_CASH-TO-PRLODSTWS1_1#FDW_DEDUCT_DETAIL"
          },
          {
            "Event": "PRLODSTWS1_1#SDM_CASH-TO-PRLODSTWS1_1#FDW_PAYMENT_1"
          },
          {
            "Event": "PRLODSTWS1_1#SDM_CASH-TO-PRLODSTWS1_1#FDW_COMMISION_Y"
          },
          {
            "Event": "PRLODSTWS1_1#SDM_CASH-TO-PRLODSTWS1_1#FDW_PREMIUM_CMS_M_1"
          },
          {
            "Event": "PRLODSTWS1_1#SDM_CASH-TO-PRLODSTWS1_1#FDW_PREMIUM_APL_M_1"
          },
          {
            "Event": "PRLODSTWS1_1#SDM_CASH-TO-PRLODSTWS1_1#TSA_CTCL_D"
          },
          {
            "Event": "PRLODSTWS1_1#SDM_CASH-TO-PRLODSTWS1_1#TSH_PAY_EXP"
          },
          {
            "Event": "PRLODSTWS1_1#SDM_CASH-TO-PRLODSTWS1_1#TSH_POLICY_SR"
          },
          {
            "Event": "PRLODSTWS1_1#SDM_CASH-TO-PRLODSTWS1_1#TSH_CTCL_D"
          },
          {
            "Event": "PRLODSTWS1_1#SDM_CASH-TO-PRLODSTWS1_1#FIN_0750_11G"
          },
          {
            "Event": "PRLODSTWS1_1#SDM_CASH-TO-PRLODSTWS1_1#FIN_0770_11G"
          },
          {
            "Event": "PRLODSTWS1_1#SDM_CASH-TO-PRLODSTWS1_1#FIN_0790_11G"
          },
          {
            "Event": "PRLODSTWS1_1#SDM_CASH-TO-PRLODSTWS1_1#FIN_0810_11G"
          },
          {
            "Event": "PRLODSTWS1_1#SDM_CASH-TO-PRLODSTWS1_1#FIN_0830_11G"
          },
          {
            "Event": "PRLODSTWS1_1#SDM_CASH-TO-PRLODSTWS1_1#FIN_0980_11G"
          },
          {
            "Event": "PRLODSTWS1_1#SDM_CASH-TO-PRLODSTWS1_1#PA_0270_11G"
          },
          {
            "Event": "PRLODSTWS1_1#SDM_CASH-TO-PRLODSTWS1_1#PA_0370_11G"
          },
          {
            "Event": "PRLODSTWS1_1#SDM_CASH-TO-PRLODSTWS1_1#PA_0450_11G"
          },
          {
            "Event": "PRLODSTWS1_1#SDM_CASH-TO-PRLODSTWS1_1#PA_0460_11G"
          },
          {
            "Event": "PRLODSTWS1_1#SDM_CASH-TO-PRLODSTWS1_1#PA_0480_11G"
          },
          {
            "Event": "PRLODSTWS1_1#SDM_CASH-TO-PRLODSTWS1_1#PA_0490_11G"
          },
          {
            "Event": "PRLODSTWS1_1#SDM_CASH-TO-PRLODSTWS1_1#PA_0350_11G"
          },
          {
            "Event": "PRLODSTWS1_1#SDM_CASH-TO-PRLODSTWS1_1#PA_0300_11G"
          },
          {
            "Event": "PRLODSTWS1_1#SDM_CASH-TO-PRLODSTWS1_1#PA_0340_11G"
          },
          {
            "Event": "PRLODSTWS1_1#SDM_CASH-TO-PRLODSTWS1_1#PA_0540_11G"
          },
          {
            "Event": "PRLODSTWS1_1#SDM_CASH-TO-PRLODSTWS1_1#POS_0760_11G"
          },
          {
            "Event": "PRLODSTWS1_1#SDM_CASH-TO-PRLODSTWS1_1#POS_0770_11G"
          },
          {
            "Event": "PRLODSTWS1_1#SDM_CASH-TO-PRLODSTWS1_1#POS_1000_11G"
          },
          {
            "Event": "PRLODSTWS1_1#SDM_CASH-TO-PRLODSTWS1_1#POS_1080_11G"
          },
          {
            "Event": "PRLODSTWS1_1#SDM_CASH-TO-PRLODSTWS1_1#POS_1130_11G"
          },
          {
            "Event": "PRLODSTWS1_1#SDM_CASH-TO-PRLODSTWS1_1#POS_1330_11G"
          },
          {
            "Event": "PRLODSTWS1_1#SDM_CASH-TO-PRLODSTWS1_1#POS_1390_11G"
          },
          {
            "Event": "PRLODSTWS1_1#SDM_CASH-TO-PRLODSTWS1_1#POS_1490_11G"
          },
          {
            "Event": "PRLODSTWS1_1#SDM_CASH-TO-PRLODSTWS1_1#POS_1340_11G"
          },
          {
            "Event": "PRLODSTWS1_1#SDM_CASH-TO-PRLODSTWS1_1#POS_1370_11G"
          },
          {
            "Event": "PRLODSTWS1_1#SDM_CASH-TO-PRLODSTWS1_1#POS_1660_11G"
          },
          {
            "Event": "PRLODSTWS1_1#SDM_CASH-TO-PRLODSTWS1_1#POS_1580_11G"
          },
          {
            "Event": "PRLODSTWS1_1#SDM_CASH-TO-PRLODSTWS1_1#POS_7030_11G"
          },
          {
            "Event": "PRLODSTWS1_1#SDM_CASH-TO-PRLODSTWS1_1#POS_7080_11G"
          },
          {
            "Event": "PRLODSTWS1_1#SDM_CASH-TO-PRLODSTWS1_1#POS_7130_11G"
          },
          {
            "Event": "PRLODSTWS1_1#SDM_CASH-TO-PRLODSTWS1_1#SC_6060_11G"
          },
          {
            "Event": "PRLODSTWS1_1#SDM_CASH-TO-PRLODSTWS1_1#SC_6120_11G"
          },
          {
            "Event": "PRLODSTWS1_1#SDM_CASH-TO-PRLODSTWS1_1#SC_6140_11G"
          },
          {
            "Event": "PRLODSTWS1_1#SDM_CASH-TO-PRLODSTWS1_1#SC_6180_11G"
          },
          {
            "Event": "PRLODSTWS1_1#SDM_CASH-TO-PRLODSTWS1_1#UNB_0450_11G"
          },
          {
            "Event": "PRLODSTWS1_1#SDM_CASH-TO-PRLODSTWS1_1#UNB_0260_11G"
          },
          {
            "Event": "PRLODSTWS1_1#SDM_CASH-TO-PRLODSTWS1_1#SDM_CASH_H"
          },
          {
            "Event": "PRLODSTWS1_1#SDM_CASH-TO-PRLODSTWS1_1#SDM_PA_CASH_REFUND"
          },
          {
            "Event": "PRLODSTWS1_1#SDM_CASH-TO-PRLODSTWS1_1#MM_POLICY_PAY_RECORD"
          },
          {
            "Event": "PRLODSTWS1_1#SDM_CASH-TO-PRLODSTWS1_1#PA_0530_11G"
          },
          {
            "Event": "PRLODSTWS1_1#SDM_CASH-TO-PRLODSTWS1_1#POS_0490_11G"
          },
          {
            "Event": "PRLODSTWS1_1#SDM_CASH-TO-PRLODSTWS1_1#POS_0800_13G"
          },
          {
            "Event": "PRLODSTWS1_1#SDM_CASH-TO-PRLODSTWS1_1#SC_6100_11G"
          }
        ]
      },
      "eventsToDelete": {
        "Type": "DeleteEvents",
        "Events": [
          {
            "Event": "PRLODSTWS1_1#O_FEE_TYPE-TO-PRLODSTWS1_1#SDM_CASH"
          },
          {
            "Event": "PRLODSTWS1_1#O_PREM_PURPOSE-TO-PRLODSTWS1_1#SDM_CASH"
          },
          {
            "Event": "PRLODSTWS1_1#O_CASH-TO-PRLODSTWS1_1#SDM_CASH"
          },
          {
            "Event": "PRLODSTWS1_1#O_CHEQUE_RELATION-TO-PRLODSTWS1_1#SDM_CASH"
          },
          {
            "Event": "PRLODSTWS1_1#O_FEE_STATUS-TO-PRLODSTWS1_1#SDM_CASH"
          },
          {
            "Event": "PRLODSTWS1_1#O_PA_PAY_MODE-TO-PRLODSTWS1_1#SDM_CASH"
          },
          {
            "Event": "PRLODSTWS1_1#O_WITHDRAW_TYPE-TO-PRLODSTWS1_1#SDM_CASH"
          },
          {
            "Event": "PRLODSTWS1_1#OV_CONTRACT_MASTER-TO-PRLODSTWS1_1#SDM_CASH"
          },
          {
            "Event": "PRLODSTWS1_1#O_MONEY-TO-PRLODSTWS1_1#SDM_CASH"
          },
          {
            "Event": "PRLODSTWS1_1#O_PAYMODE_TYPE-TO-PRLODSTWS1_1#SDM_CASH"
          },
          {
            "Event": "PRLODSTWS1_1#O_PAY_MODE-TO-PRLODSTWS1_1#SDM_CASH"
          },
          {
            "Event": "PRLODSTWS1_1#SDM_USER-TO-PRLODSTWS1_1#SDM_CASH"
          }
        ]
      }
    },
    "PRLODSTWS1_1#SDM_FORM_CERT": {
      "Type": "Job:Database:StoredProcedure",
      "ConnectionProfile": "_",
      "StoredProcedure": "sqlext.SDM_FORM_CERT_SP",
      "DaysKeepActive": "1",
      "SubApplication": "PRLODSTWS1_1",
      "Priority": "Very Low",
      "Host": "PRLODSTWS1",
      "CreatedBy": "emuser",
      "Description": "== Conversion Messages Start ==\\n\\nMessage ID\\t: WRN6031 (2817-4973)\\n\\n== Conversion Messages End ==\\nAdded by composer.",
      "RunAs": "controlm",
      "TimeZone": "HKG",
      "Application": "PRLODSTWS1_1",
      "Variables": [
        {
          "DB-STP_SCHEM": ""
        }
      ],
      "When": {
        "WeekDays": [
          "NONE"
        ],
        "Months": [
          "NONE"
        ],
        "MonthDays": [
          "NONE"
        ],
        "DaysRelation": "OR",
        "RuleBasedCalendars": {
          "Included": [
            "RC1"
          ]
        }
      },
      "eventsToWaitFor": {
        "Type": "WaitForEvents",
        "Events": [
          {
            "Event": "PRLODSTWS1_1#O_FORM_CERT-TO-PRLODSTWS1_1#SDM_FORM_CERT"
          }
        ]
      },
      "eventsToAdd": {
        "Type": "AddEvents",
        "Events": [
          {
            "Event": "PRLODSTWS1_1#SDM_FORM_CERT-TO-PRLODSTWS1_1#SC_6110_11G"
          },
          {
            "Event": "PRLODSTWS1_1#SDM_FORM_CERT-TO-PRLODSTWS1_1#SC_6180_11G"
          },
          {
            "Event": "PRLODSTWS1_1#SDM_FORM_CERT-TO-PRLODSTWS1_1#PA_0390_11G"
          }
        ]
      },
      "eventsToDelete": {
        "Type": "DeleteEvents",
        "Events": [
          {
            "Event": "PRLODSTWS1_1#O_FORM_CERT-TO-PRLODSTWS1_1#SDM_FORM_CERT"
          }
        ]
      }
    },
    "PRLODSTWS1_1#SDM_RECEIPT": {
      "Type": "Job:Database:StoredProcedure",
      "ConnectionProfile": "_",
      "StoredProcedure": "sqlext.SDM_RECEIPT_SP",
      "DaysKeepActive": "1",
      "SubApplication": "PRLODSTWS1_1",
      "Priority": "Very Low",
      "Host": "PRLODSTWS1",
      "CreatedBy": "emuser",
      "Description": "== Conversion Messages Start ==\\n\\nMessage ID\\t: WRN6031 (2818-4974)\\n\\n== Conversion Messages End ==\\nAdded by composer.",
      "RunAs": "controlm",
      "TimeZone": "HKG",
      "Application": "PRLODSTWS1_1",
      "Variables": [
        {
          "DB-STP_SCHEM": ""
        }
      ],
      "When": {
        "WeekDays": [
          "NONE"
        ],
        "Months": [
          "NONE"
        ],
        "MonthDays": [
          "NONE"
        ],
        "DaysRelation": "OR",
        "RuleBasedCalendars": {
          "Included": [
            "RC1"
          ]
        }
      },
      "eventsToWaitFor": {
        "Type": "WaitForEvents",
        "Events": [
          {
            "Event": "PRLODSTWS1_1#O_RECEIPT-TO-PRLODSTWS1_1#SDM_RECEIPT"
          }
        ]
      },
      "eventsToAdd": {
        "Type": "AddEvents",
        "Events": [
          {
            "Event": "PRLODSTWS1_1#SDM_RECEIPT-TO-PRLODSTWS1_1#FDW_PREMIUM_CMS_M"
          },
          {
            "Event": "PRLODSTWS1_1#SDM_RECEIPT-TO-PRLODSTWS1_1#FDW_PREMIUM_APL_M"
          },
          {
            "Event": "PRLODSTWS1_1#SDM_RECEIPT-TO-PRLODSTWS1_1#FDW_DEDUCT_DETAIL"
          },
          {
            "Event": "PRLODSTWS1_1#SDM_RECEIPT-TO-PRLODSTWS1_1#FDW_COMMISION_Y"
          },
          {
            "Event": "PRLODSTWS1_1#SDM_RECEIPT-TO-PRLODSTWS1_1#FDW_PREMIUM_CMS_M_1"
          },
          {
            "Event": "PRLODSTWS1_1#SDM_RECEIPT-TO-PRLODSTWS1_1#FDW_PREMIUM_APL_M_1"
          },
          {
            "Event": "PRLODSTWS1_1#SDM_RECEIPT-TO-PRLODSTWS1_1#PA_0270_11G"
          },
          {
            "Event": "PRLODSTWS1_1#SDM_RECEIPT-TO-PRLODSTWS1_1#PA_0350_11G"
          },
          {
            "Event": "PRLODSTWS1_1#SDM_RECEIPT-TO-PRLODSTWS1_1#SC_6180_11G"
          }
        ]
      },
      "eventsToDelete": {
        "Type": "DeleteEvents",
        "Events": [
          {
            "Event": "PRLODSTWS1_1#O_RECEIPT-TO-PRLODSTWS1_1#SDM_RECEIPT"
          }
        ]
      }
    },
    "PRLODSTWS1_1#SDM_CASH_H": {
      "Type": "Job:Database:StoredProcedure",
      "ConnectionProfile": "_",
      "StoredProcedure": "sqlext.SDM_CASH_H_SP",
      "DaysKeepActive": "1",
      "SubApplication": "PRLODSTWS1_1",
      "Priority": "Very Low",
      "Host": "PRLODSTWS1",
      "CreatedBy": "emuser",
      "Description": "== Conversion Messages Start ==\\n\\nMessage ID\\t: WRN6031 (2819-4975)\\n\\n== Conversion Messages End ==\\nAdded by composer.",
      "RunAs": "controlm",
      "TimeZone": "HKG",
      "Application": "PRLODSTWS1_1",
      "Variables": [
        {
          "DB-STP_SCHEM": ""
        }
      ],
      "When": {
        "WeekDays": [
          "NONE"
        ],
        "Months": [
          "NONE"
        ],
        "MonthDays": [
          "NONE"
        ],
        "DaysRelation": "OR",
        "RuleBasedCalendars": {
          "Included": [
            "RC1"
          ]
        }
      },
      "eventsToWaitFor": {
        "Type": "WaitForEvents",
        "Events": [
          {
            "Event": "PRLODSTWS1_1#SDM_CASH-TO-PRLODSTWS1_1#SDM_CASH_H"
          }
        ]
      },
      "eventsToAdd": {
        "Type": "AddEvents",
        "Events": [
          {
            "Event": "PRLODSTWS1_1#SDM_CASH_H-TO-PRLODSTWS1_1#FIN_0730_11G"
          },
          {
            "Event": "PRLODSTWS1_1#SDM_CASH_H-TO-PRLODSTWS1_1#FIN_0980_11G"
          },
          {
            "Event": "PRLODSTWS1_1#SDM_CASH_H-TO-PRLODSTWS1_1#FIN_1700_11G_D"
          },
          {
            "Event": "PRLODSTWS1_1#SDM_CASH_H-TO-PRLODSTWS1_1#FIN_1710_11G_D"
          },
          {
            "Event": "PRLODSTWS1_1#SDM_CASH_H-TO-PRLODSTWS1_1#FIN_0310_11G"
          }
        ]
      },
      "eventsToDelete": {
        "Type": "DeleteEvents",
        "Events": [
          {
            "Event": "PRLODSTWS1_1#SDM_CASH-TO-PRLODSTWS1_1#SDM_CASH_H"
          }
        ]
      }
    },
    "PRLODSTWS1_1#SDM_FORM_OUTSTOCK": {
      "Type": "Job:Database:StoredProcedure",
      "ConnectionProfile": "_",
      "StoredProcedure": "sqlext.SDM_FORM_OUTSTOCK_SP",
      "DaysKeepActive": "1",
      "SubApplication": "PRLODSTWS1_1",
      "Priority": "Very Low",
      "Host": "PRLODSTWS1",
      "CreatedBy": "emuser",
      "Description": "== Conversion Messages Start ==\\n\\nMessage ID\\t: WRN6031 (2820-4976)\\n\\n== Conversion Messages End ==\\nAdded by composer.",
      "RunAs": "controlm",
      "TimeZone": "HKG",
      "Application": "PRLODSTWS1_1",
      "Variables": [
        {
          "DB-STP_SCHEM": ""
        }
      ],
      "When": {
        "WeekDays": [
          "NONE"
        ],
        "Months": [
          "NONE"
        ],
        "MonthDays": [
          "NONE"
        ],
        "DaysRelation": "OR",
        "RuleBasedCalendars": {
          "Included": [
            "RC1"
          ]
        }
      },
      "eventsToWaitFor": {
        "Type": "WaitForEvents",
        "Events": [
          {
            "Event": "PRLODSTWS1_1#O_FORM_CERT-TO-PRLODSTWS1_1#SDM_FORM_OUTSTOCK"
          },
          {
            "Event": "PRLODSTWS1_1#O_FORM_CERT_DTL-TO-PRLODSTWS1_1#SDM_FORM_OUTSTOCK"
          },
          {
            "Event": "PRLODSTWS1_1#O_FORM_CERT_STATUS-TO-PRLODSTWS1_1#SDM_FORM_OUTSTOCK"
          },
          {
            "Event": "PRLODSTWS1_1#O_FORM_OUTSTOCK-TO-PRLODSTWS1_1#SDM_FORM_OUTSTOCK"
          },
          {
            "Event": "PRLODSTWS1_1#O_CHANNEL_ORG-TO-PRLODSTWS1_1#SDM_FORM_OUTSTOCK"
          }
        ]
      },
      "eventsToAdd": {
        "Type": "AddEvents",
        "Events": [
          {
            "Event": "PRLODSTWS1_1#SDM_FORM_OUTSTOCK-TO-PRLODSTWS1_1#PA_0390_11G"
          },
          {
            "Event": "PRLODSTWS1_1#SDM_FORM_OUTSTOCK-TO-PRLODSTWS1_1#UNB_0350_11G"
          }
        ]
      },
      "eventsToDelete": {
        "Type": "DeleteEvents",
        "Events": [
          {
            "Event": "PRLODSTWS1_1#O_FORM_CERT-TO-PRLODSTWS1_1#SDM_FORM_OUTSTOCK"
          },
          {
            "Event": "PRLODSTWS1_1#O_FORM_CERT_DTL-TO-PRLODSTWS1_1#SDM_FORM_OUTSTOCK"
          },
          {
            "Event": "PRLODSTWS1_1#O_FORM_CERT_STATUS-TO-PRLODSTWS1_1#SDM_FORM_OUTSTOCK"
          },
          {
            "Event": "PRLODSTWS1_1#O_FORM_OUTSTOCK-TO-PRLODSTWS1_1#SDM_FORM_OUTSTOCK"
          },
          {
            "Event": "PRLODSTWS1_1#O_CHANNEL_ORG-TO-PRLODSTWS1_1#SDM_FORM_OUTSTOCK"
          }
        ]
      }
    },
    "PRLODSTWS1_1#SDM_FORM_APPLY": {
      "Type": "Job:Database:StoredProcedure",
      "ConnectionProfile": "_",
      "StoredProcedure": "sqlext.SDM_FORM_APPLY_SP",
      "DaysKeepActive": "1",
      "SubApplication": "PRLODSTWS1_1",
      "Priority": "Very Low",
      "Host": "PRLODSTWS1",
      "CreatedBy": "emuser",
      "Description": "== Conversion Messages Start ==\\n\\nMessage ID\\t: WRN6031 (2821-4977)\\n\\n== Conversion Messages End ==\\nAdded by composer.",
      "RunAs": "controlm",
      "TimeZone": "HKG",
      "Application": "PRLODSTWS1_1",
      "Variables": [
        {
          "DB-STP_SCHEM": ""
        }
      ],
      "When": {
        "WeekDays": [
          "NONE"
        ],
        "Months": [
          "NONE"
        ],
        "MonthDays": [
          "NONE"
        ],
        "DaysRelation": "OR",
        "RuleBasedCalendars": {
          "Included": [
            "RC1"
          ]
        }
      },
      "eventsToWaitFor": {
        "Type": "WaitForEvents",
        "Events": [
          {
            "Event": "PRLODSTWS1_1#O_FORM_APPLY-TO-PRLODSTWS1_1#SDM_FORM_APPLY"
          }
        ]
      },
      "eventsToAdd": {
        "Type": "AddEvents",
        "Events": [
          {
            "Event": "PRLODSTWS1_1#SDM_FORM_APPLY-TO-PRLODSTWS1_1#PA_0390_11G"
          }
        ]
      },
      "eventsToDelete": {
        "Type": "DeleteEvents",
        "Events": [
          {
            "Event": "PRLODSTWS1_1#O_FORM_APPLY-TO-PRLODSTWS1_1#SDM_FORM_APPLY"
          }
        ]
      }
    },
    "PRLODSTWS1_1#SDM_FORM_PRINT_REQ": {
      "Type": "Job:Database:StoredProcedure",
      "ConnectionProfile": "_",
      "StoredProcedure": "sqlext.SDM_FORM_PRINT_REQ_SP",
      "DaysKeepActive": "1",
      "SubApplication": "PRLODSTWS1_1",
      "Priority": "Very Low",
      "Host": "PRLODSTWS1",
      "CreatedBy": "emuser",
      "Description": "== Conversion Messages Start ==\\n\\nMessage ID\\t: WRN6031 (2822-4978)\\n\\n== Conversion Messages End ==\\nAdded by composer.",
      "RunAs": "controlm",
      "TimeZone": "HKG",
      "Application": "PRLODSTWS1_1",
      "Variables": [
        {
          "DB-STP_SCHEM": ""
        }
      ],
      "When": {
        "WeekDays": [
          "NONE"
        ],
        "Months": [
          "NONE"
        ],
        "MonthDays": [
          "NONE"
        ],
        "DaysRelation": "OR",
        "RuleBasedCalendars": {
          "Included": [
            "RC1"
          ]
        }
      },
      "eventsToWaitFor": {
        "Type": "WaitForEvents",
        "Events": [
          {
            "Event": "PRLODSTWS1_1#O_FORM_CERT-TO-PRLODSTWS1_1#SDM_FORM_PRINT_REQ"
          },
          {
            "Event": "PRLODSTWS1_1#O_FORM_CERT_DTL-TO-PRLODSTWS1_1#SDM_FORM_PRINT_REQ"
          },
          {
            "Event": "PRLODSTWS1_1#O_FORM_PRINT_REQ-TO-PRLODSTWS1_1#SDM_FORM_PRINT_REQ"
          },
          {
            "Event": "PRLODSTWS1_1#O_PREM_ARAP-TO-PRLODSTWS1_1#SDM_FORM_PRINT_REQ"
          },
          {
            "Event": "PRLODSTWS1_1#SDM_BANK_ACCOUNT-TO-PRLODSTWS1_1#SDM_FORM_PRINT_REQ"
          },
          {
            "Event": "PRLODSTWS1_1#SDM_CONTRACT_MASTER-TO-PRLODSTWS1_1#SDM_FORM_PRINT_REQ"
          }
        ]
      },
      "eventsToAdd": {
        "Type": "AddEvents",
        "Events": [
          {
            "Event": "PRLODSTWS1_1#SDM_FORM_PRINT_REQ-TO-PRLODSTWS1_1#FIN_0810_11G"
          },
          {
            "Event": "PRLODSTWS1_1#SDM_FORM_PRINT_REQ-TO-PRLODSTWS1_1#FIN_0830_11G"
          }
        ]
      },
      "eventsToDelete": {
        "Type": "DeleteEvents",
        "Events": [
          {
            "Event": "PRLODSTWS1_1#O_FORM_CERT-TO-PRLODSTWS1_1#SDM_FORM_PRINT_REQ"
          },
          {
            "Event": "PRLODSTWS1_1#O_FORM_CERT_DTL-TO-PRLODSTWS1_1#SDM_FORM_PRINT_REQ"
          },
          {
            "Event": "PRLODSTWS1_1#O_FORM_PRINT_REQ-TO-PRLODSTWS1_1#SDM_FORM_PRINT_REQ"
          },
          {
            "Event": "PRLODSTWS1_1#O_PREM_ARAP-TO-PRLODSTWS1_1#SDM_FORM_PRINT_REQ"
          },
          {
            "Event": "PRLODSTWS1_1#SDM_BANK_ACCOUNT-TO-PRLODSTWS1_1#SDM_FORM_PRINT_REQ"
          },
          {
            "Event": "PRLODSTWS1_1#SDM_CONTRACT_MASTER-TO-PRLODSTWS1_1#SDM_FORM_PRINT_REQ"
          }
        ]
      }
    },
    "PRLODSTWS1_1#SDM_FORM_CERT_DTL": {
      "Type": "Job:Database:StoredProcedure",
      "ConnectionProfile": "_",
      "StoredProcedure": "sqlext.SDM_FORM_CERT_DTL_SP",
      "DaysKeepActive": "1",
      "SubApplication": "PRLODSTWS1_1",
      "Priority": "Very Low",
      "Host": "PRLODSTWS1",
      "CreatedBy": "emuser",
      "Description": "== Conversion Messages Start ==\\n\\nMessage ID\\t: WRN6031 (2823-4979)\\n\\n== Conversion Messages End ==\\nAdded by composer.",
      "RunAs": "controlm",
      "TimeZone": "HKG",
      "Application": "PRLODSTWS1_1",
      "Variables": [
        {
          "DB-STP_SCHEM": ""
        }
      ],
      "When": {
        "WeekDays": [
          "NONE"
        ],
        "Months": [
          "NONE"
        ],
        "MonthDays": [
          "NONE"
        ],
        "DaysRelation": "OR",
        "RuleBasedCalendars": {
          "Included": [
            "RC1"
          ]
        }
      },
      "eventsToWaitFor": {
        "Type": "WaitForEvents",
        "Events": [
          {
            "Event": "PRLODSTWS1_1#O_FORM_CERT_DTL-TO-PRLODSTWS1_1#SDM_FORM_CERT_DTL"
          },
          {
            "Event": "PRLODSTWS1_1#O_PREM_ARAP-TO-PRLODSTWS1_1#SDM_FORM_CERT_DTL"
          },
          {
            "Event": "PRLODSTWS1_1#O_CHANNEL_ORG-TO-PRLODSTWS1_1#SDM_FORM_CERT_DTL"
          },
          {
            "Event": "PRLODSTWS1_1#O_CONTRACT_MASTER-TO-PRLODSTWS1_1#SDM_FORM_CERT_DTL"
          },
          {
            "Event": "PRLODSTWS1_1#SDM_AGENT-TO-PRLODSTWS1_1#SDM_FORM_CERT_DTL"
          },
          {
            "Event": "PRLODSTWS1_1#SDM_DEPT-TO-PRLODSTWS1_1#SDM_FORM_CERT_DTL"
          },
          {
            "Event": "PRLODSTWS1_1#SDM_SC_COMMUNICATE-TO-PRLODSTWS1_1#SDM_FORM_CERT_DTL"
          },
          {
            "Event": "PRLODSTWS1_1#SDM_USER-TO-PRLODSTWS1_1#SDM_FORM_CERT_DTL"
          }
        ]
      },
      "eventsToAdd": {
        "Type": "AddEvents",
        "Events": [
          {
            "Event": "PRLODSTWS1_1#SDM_FORM_CERT_DTL-TO-PRLODSTWS1_1#FIN_0810_11G"
          },
          {
            "Event": "PRLODSTWS1_1#SDM_FORM_CERT_DTL-TO-PRLODSTWS1_1#PA_0580_11G"
          },
          {
            "Event": "PRLODSTWS1_1#SDM_FORM_CERT_DTL-TO-PRLODSTWS1_1#PA_0590_11G"
          },
          {
            "Event": "PRLODSTWS1_1#SDM_FORM_CERT_DTL-TO-PRLODSTWS1_1#SC_6110_11G"
          },
          {
            "Event": "PRLODSTWS1_1#SDM_FORM_CERT_DTL-TO-PRLODSTWS1_1#SC_6180_11G"
          },
          {
            "Event": "PRLODSTWS1_1#SDM_FORM_CERT_DTL-TO-PRLODSTWS1_1#PA_0390_11G"
          },
          {
            "Event": "PRLODSTWS1_1#SDM_FORM_CERT_DTL-TO-PRLODSTWS1_1#PA_0380_11G"
          }
        ]
      },
      "eventsToDelete": {
        "Type": "DeleteEvents",
        "Events": [
          {
            "Event": "PRLODSTWS1_1#O_FORM_CERT_DTL-TO-PRLODSTWS1_1#SDM_FORM_CERT_DTL"
          },
          {
            "Event": "PRLODSTWS1_1#O_PREM_ARAP-TO-PRLODSTWS1_1#SDM_FORM_CERT_DTL"
          },
          {
            "Event": "PRLODSTWS1_1#O_CHANNEL_ORG-TO-PRLODSTWS1_1#SDM_FORM_CERT_DTL"
          },
          {
            "Event": "PRLODSTWS1_1#O_CONTRACT_MASTER-TO-PRLODSTWS1_1#SDM_FORM_CERT_DTL"
          },
          {
            "Event": "PRLODSTWS1_1#SDM_AGENT-TO-PRLODSTWS1_1#SDM_FORM_CERT_DTL"
          },
          {
            "Event": "PRLODSTWS1_1#SDM_DEPT-TO-PRLODSTWS1_1#SDM_FORM_CERT_DTL"
          },
          {
            "Event": "PRLODSTWS1_1#SDM_SC_COMMUNICATE-TO-PRLODSTWS1_1#SDM_FORM_CERT_DTL"
          },
          {
            "Event": "PRLODSTWS1_1#SDM_USER-TO-PRLODSTWS1_1#SDM_FORM_CERT_DTL"
          }
        ]
      }
    },
    "PRLODSTWS1_1#SDM_FORM_ALLOCATION": {
      "Type": "Job:Database:StoredProcedure",
      "ConnectionProfile": "_",
      "StoredProcedure": "sqlext.SDM_FORM_ALLOCATION_SP",
      "DaysKeepActive": "1",
      "SubApplication": "PRLODSTWS1_1",
      "Priority": "Very Low",
      "Host": "PRLODSTWS1",
      "CreatedBy": "emuser",
      "Description": "== Conversion Messages Start ==\\n\\nMessage ID\\t: WRN6031 (2824-4980)\\n\\n== Conversion Messages End ==\\nAdded by composer.",
      "RunAs": "controlm",
      "TimeZone": "HKG",
      "Application": "PRLODSTWS1_1",
      "Variables": [
        {
          "DB-STP_SCHEM": ""
        }
      ],
      "When": {
        "WeekDays": [
          "NONE"
        ],
        "Months": [
          "NONE"
        ],
        "MonthDays": [
          "NONE"
        ],
        "DaysRelation": "OR",
        "RuleBasedCalendars": {
          "Included": [
            "RC1"
          ]
        }
      },
      "eventsToWaitFor": {
        "Type": "WaitForEvents",
        "Events": [
          {
            "Event": "PRLODSTWS1_1#O_FORM_ALLOCATION-TO-PRLODSTWS1_1#SDM_FORM_ALLOCATION"
          }
        ]
      },
      "eventsToAdd": {
        "Type": "AddEvents",
        "Events": [
          {
            "Event": "PRLODSTWS1_1#SDM_FORM_ALLOCATION-TO-PRLODSTWS1_1#SC_6180_11G"
          }
        ]
      },
      "eventsToDelete": {
        "Type": "DeleteEvents",
        "Events": [
          {
            "Event": "PRLODSTWS1_1#O_FORM_ALLOCATION-TO-PRLODSTWS1_1#SDM_FORM_ALLOCATION"
          }
        ]
      }
    },
    "PRLODSTWS1_1#SDM_PA_CONFIRM_ERROR": {
      "Type": "Job:Database:StoredProcedure",
      "ConnectionProfile": "_",
      "StoredProcedure": "sqlext.SDM_PA_CONFIRM_ERROR_SP",
      "DaysKeepActive": "1",
      "SubApplication": "PRLODSTWS1_1",
      "Priority": "Very Low",
      "Host": "PRLODSTWS1",
      "CreatedBy": "emuser",
      "Description": "== Conversion Messages Start ==\\n\\nMessage ID\\t: WRN6031 (2825-4981)\\n\\n== Conversion Messages End ==\\nAdded by composer.",
      "RunAs": "controlm",
      "TimeZone": "HKG",
      "Application": "PRLODSTWS1_1",
      "Variables": [
        {
          "DB-STP_SCHEM": ""
        }
      ],
      "When": {
        "WeekDays": [
          "NONE"
        ],
        "Months": [
          "NONE"
        ],
        "MonthDays": [
          "NONE"
        ],
        "DaysRelation": "OR",
        "RuleBasedCalendars": {
          "Included": [
            "RC1"
          ]
        }
      },
      "eventsToWaitFor": {
        "Type": "WaitForEvents",
        "Events": [
          {
            "Event": "PRLODSTWS1_1#O_PA_CONFIRM_ERROR-TO-PRLODSTWS1_1#SDM_PA_CONFIRM_ERROR"
          },
          {
            "Event": "PRLODSTWS1_1#O_PA_CONFIRM_ERR_CODE-TO-PRLODSTWS1_1#SDM_PA_CONFIRM_ERROR"
          }
        ]
      },
      "eventsToAdd": {
        "Type": "AddEvents",
        "Events": [
          {
            "Event": "PRLODSTWS1_1#SDM_PA_CONFIRM_ERROR-TO-PRLODSTWS1_1#PA_0460_11G"
          },
          {
            "Event": "PRLODSTWS1_1#SDM_PA_CONFIRM_ERROR-TO-PRLODSTWS1_1#PA_0490_11G"
          }
        ]
      },
      "eventsToDelete": {
        "Type": "DeleteEvents",
        "Events": [
          {
            "Event": "PRLODSTWS1_1#O_PA_CONFIRM_ERROR-TO-PRLODSTWS1_1#SDM_PA_CONFIRM_ERROR"
          },
          {
            "Event": "PRLODSTWS1_1#O_PA_CONFIRM_ERR_CODE-TO-PRLODSTWS1_1#SDM_PA_CONFIRM_ERROR"
          }
        ]
      }
    },
    "eventsToAdd": {
      "Type": "AddEvents",
      "Events": [
        {
          "Event": "PRLODSTWS1_1#D_SDM_PA_20-TO-PRLODSTWS1_1#SYS_BDS_STS_SDM"
        }
      ]
    }
  }
}
