{
  "PRLODSTWS1_1#M_RPT_PA_ONLINE": {
    "Type": "Folder",
    "ControlmServer": "CTM",
    "Description": "== Conversion Messages Start ==\\n\\nMessage ID\\t: INF6107 (1748-2965)\\n\\nMessage ID\\t: INF6104 (1749-2965)\\n\\n== Conversion Messages End ==\\n",
    "OrderMethod": "Manual",
    "SubApplication": "PRLODSTWS1_1",
    "CreatedBy": "emuser",
    "Priority": "9W",
    "TimeZone": "HKG",
    "Application": "PRLODSTWS1_1",
    "When": {
      "RuleBasedCalendars": {
        "Included": [
          "RC1"
        ],
        "RC1": {
          "Type": "Calendar:RuleBased",
          "When": {
            "MonthDaysCalendar": "RCG-M-NAT",
            "DaysRelation": "OR",
            "DaysKeepActive": "01",
            "WeekDays": [
              "NONE"
            ],
            "MonthDays": [
              "NONE"
            ]
          }
        }
      }
    },
    "PRLODSTWS1_1#PA_1110_11G": {
      "Type": "Job:Database:StoredProcedure",
      "ConnectionProfile": "_",
      "StoredProcedure": "sqlext.PA_1110_11G_SP",
      "DaysKeepActive": "1",
      "SubApplication": "PRLODSTWS1_1",
      "Priority": "Very Low",
      "Host": "PRLODSTWS1",
      "CreatedBy": "emuser",
      "Description": "== Conversion Messages Start ==\\n\\nMessage ID\\t: WRN6031 (1747-2966)\\n\\n== Conversion Messages End ==\\nAdded by composer.",
      "RunAs": "controlm",
      "TimeZone": "HKG",
      "Application": "PRLODSTWS1_1",
      "Variables": [
        {
          "DB-STP_SCHEM": ""
        }
      ],
      "When": {
        "WeekDays": [
          "NONE"
        ],
        "Months": [
          "NONE"
        ],
        "MonthDays": [
          "NONE"
        ],
        "DaysRelation": "OR",
        "RuleBasedCalendars": {
          "Included": [
            "RC1"
          ]
        }
      },
      "eventsToWaitFor": {
        "Type": "WaitForEvents",
        "Events": [
          {
            "Event": "PRLODSTWS1_1#O_CASH-TO-PRLODSTWS1_1#PA_1110_11G_1"
          },
          {
            "Event": "PRLODSTWS1_1#O_PA_RCPT_CONFIRM_RULE-TO-PRLODSTWS1_1#PA_1110_11G_1"
          },
          {
            "Event": "PRLODSTWS1_1#O_CLOB-TO-PRLODSTWS1_1#PA_1110_11G_1"
          },
          {
            "Event": "PRLODSTWS1_1#O_DOCUMENT_DATA-TO-PRLODSTWS1_1#PA_1110_11G_1"
          },
          {
            "Event": "PRLODSTWS1_1#O_DOCUMENT-TO-PRLODSTWS1_1#PA_1110_11G"
          },
          {
            "Event": "PRLODSTWS1_1#O_PAY_MODE-TO-PRLODSTWS1_1#PA_1110_11G"
          },
          {
            "Event": "PRLODSTWS1_1#SDM_CONTRACT_MASTER-TO-PRLODSTWS1_1#PA_1110_11G"
          }
        ]
      },
      "eventsToDelete": {
        "Type": "DeleteEvents",
        "Events": [
          {
            "Event": "PRLODSTWS1_1#O_CASH-TO-PRLODSTWS1_1#PA_1110_11G_1"
          },
          {
            "Event": "PRLODSTWS1_1#O_PA_RCPT_CONFIRM_RULE-TO-PRLODSTWS1_1#PA_1110_11G_1"
          },
          {
            "Event": "PRLODSTWS1_1#O_CLOB-TO-PRLODSTWS1_1#PA_1110_11G_1"
          },
          {
            "Event": "PRLODSTWS1_1#O_DOCUMENT_DATA-TO-PRLODSTWS1_1#PA_1110_11G_1"
          },
          {
            "Event": "PRLODSTWS1_1#O_DOCUMENT-TO-PRLODSTWS1_1#PA_1110_11G"
          },
          {
            "Event": "PRLODSTWS1_1#O_PAY_MODE-TO-PRLODSTWS1_1#PA_1110_11G"
          },
          {
            "Event": "PRLODSTWS1_1#SDM_CONTRACT_MASTER-TO-PRLODSTWS1_1#PA_1110_11G"
          }
        ]
      }
    }
  }
}
