{
  "1333762#USIT2__PeriodicJobs": {
    "Type": "Folder",
    "Variables": [
      {
        "processDate": "2022-05-24"
      },
      {
        "ip": "10.67.70.16:9081"
      },
      {
        "partial_success": "/ctm/life/partial_success.py"
      }
    ],
    "ControlmServer": "CTM",
    "Description": "1333762#USIT2__PeriodicJobs",
    "AdjustEvents": true,
    "OrderMethod": "Manual",
    "ActiveRetentionPolicy": "CleanEndedOK",
    "DaysKeepActive": "Forever",
    "CreatedBy": "GSS",
    "Application": "eBao",
    "Confirm": true,
    "When": {
      "ToTime": ">",
      "RuleBasedCalendars": {
        "Included": [
          "TWW01",
          "TWM20",
          "TWY02",
          "TWH301",
          "TWY03",
          "TWM15",
          "TWW07",
          "TWCAD",
          "TWM28",
          "TWY01",
          "TWY06",
          "TWY04",
          "TWY00",
          "TWY05",
          "TWM02S",
          "TWM10",
          "TWM01S",
          "TWM02",
          "TWQ11L",
          "TWDAD",
          "TWM01L",
          "TWDWD",
          "TWM01",
          "TWY07",
          "TWM00",
          "TWM05"
        ]
      }
    },
    "1335082#USIT2_INT1037-申訴案例異動": {
      "Type": "Job:Command",
      "PostCommand": "/ctm/ctmsvr/bmcpython/bmcpython_V2/python %%partial_success %%ORDERID %%RUNCOUNT %%tolerance %%JOBNAME",
      "DaysKeepActive": "Forever",
      "FileName": "CMN",
      "Host": "CTMAG",
      "CreatedBy": "AveryChung_002773",
      "Description": "1335082#USIT2_INT1037-申訴案例異動",
      "RunAs": "life",
      "Application": "eBao",
      "Command": "curl -H \"Content-Length: 250\" -H \"Content-Type: application/json\" -H \"Accept: application/json\" http://%%ip/ls/rest/batch/start.d -X POST -d \"{\\\"jobId\\\":1335082, \\\"processDate\\\":\\\"%%processDate\\\", \\\"dueDate\\\":\\\"1900-01-01\\\"}\" -v -sS",
      "Variables": [
        {
          "tolerance": "10"
        }
      ],
      "Rerun": {
        "Units": "Hours",
        "Every": "2"
      },
      "When": {
        "WeekDays": [
          "NONE"
        ],
        "MonthDays": [
          "ALL"
        ],
        "ToTime": ">",
        "DaysRelation": "OR",
        "RuleBasedCalendars": {
          "Relationship": "AND",
          "Included": [
            "TWDAD"
          ]
        }
      },
      "USIT2": {
        "Type": "Resource:Pool",
        "Quantity": "1"
      },
      "IfBase:Folder:CompletionStatus_1": {
        "Type": "If:CompletionStatus",
        "CompletionStatus": "ANY",
        "Action:SetToNotOK_0": {
          "Type": "Action:SetToNotOK"
        }
      },
      "IfBase:Folder:Output_2": {
        "Type": "If:Output",
        "Code": "*\"status\":107*",
        "Action:SetToOK_0": {
          "Type": "Action:SetToOK"
        }
      },
      "IfBase:Folder:Output_3": {
        "Type": "If:Output",
        "Code": "*\"status\":105*",
        "Action:SetToNotOK_0": {
          "Type": "Action:SetToNotOK"
        },
        "DoNotify_1": {
          "Type": "Action:Notify",
          "Urgency": "Urgent",
          "Message": "%%JOBNAME %%$ODATE 105 execution failure."
        },
        "Mail_2": {
          "Type": "Action:Mail",
          "Subject": "%%JOBNAME %%$ODATE 105 execution failure.",
          "To": "tglop@transglobee.com.tw;ameryyen@transglobee.com.tw;AveryChung@transglobee.com.tw",
          "Message": "%%JOBNAME %%$ODATE 105 execution failure.",
          "Urgency": "Urgent"
        }
      },
      "IfBase:Folder:Output_4": {
        "Type": "If:Output",
        "Code": "*\"status\":223*",
        "Action:SetToNotOK_0": {
          "Type": "Action:SetToNotOK"
        },
        "DoNotify_1": {
          "Type": "Action:Notify",
          "Urgency": "Urgent",
          "Message": "%%JOBNAME %%$ODATE 223 STOP"
        },
        "Mail_2": {
          "Type": "Action:Mail",
          "Subject": "%%JOBNAME %%$ODATE 223 STOP",
          "To": "tglop@transglobee.com.tw;ameryyen@transglobee.com.tw;AveryChung@transglobee.com.tw",
          "Message": "%%JOBNAME %%$ODATE 223 STOP",
          "Urgency": "Urgent"
        }
      },
      "IfBase:Folder:Output_5": {
        "Type": "If:Output",
        "Code": "*Attention! Fail count exceeds tolerance*",
        "Action:SetToNotOK_0": {
          "Type": "Action:SetToNotOK"
        },
        "DoNotify_1": {
          "Type": "Action:Notify",
          "Urgency": "Urgent",
          "Message": "%%JOBNAME %%$ODATE 106 fail count over %%tolerance"
        },
        "Mail_2": {
          "Type": "Action:Mail",
          "Subject": "%%JOBNAME %%$ODATE 106 fail count over %%tolerance",
          "To": "tglop@transglobee.com.tw;ameryyen@transglobee.com.tw;AveryChung@transglobee.com.tw",
          "Message": "%%JOBNAME %%$ODATE 106 fail count over %%tolerance",
          "Urgency": "Urgent"
        }
      },
      "IfBase:Folder:Output_6": {
        "Type": "If:Output",
        "Code": "*Fail count within tolerance*",
        "Action:SetToOK_0": {
          "Type": "Action:SetToOK"
        },
        "DoNotify_1": {
          "Type": "Action:Notify",
          "Urgency": "Urgent",
          "Message": "%%JOBNAME %%$ODATE 106 fail count under %%tolerance"
        },
        "Mail_2": {
          "Type": "Action:Mail",
          "Subject": "%%JOBNAME %%$ODATE 106 fail count under %%tolerance",
          "To": "tglop@transglobee.com.tw;ameryyen@transglobee.com.tw;AveryChung@transglobee.com.tw",
          "Message": "%%JOBNAME %%$ODATE 106 fail count under %%tolerance",
          "Urgency": "Urgent"
        }
      },
      "IfBase:Folder:Output_7": {
        "Type": "If:Output",
        "Code": "*\"status\":995*",
        "Action:SetToNotOK_0": {
          "Type": "Action:SetToNotOK"
        },
        "DoNotify_1": {
          "Type": "Action:Notify",
          "Urgency": "Urgent",
          "Message": "%%JOBNAME %%$ODATE 995 error in submission"
        },
        "Mail_2": {
          "Type": "Action:Mail",
          "Subject": "%%JOBNAME %%$ODATE 995 error in submission",
          "To": "tglop@transglobee.com.tw;ameryyen@transglobee.com.tw;AveryChung@transglobee.com.tw",
          "Message": "%%JOBNAME %%$ODATE 995 error in submission",
          "Urgency": "Urgent"
        }
      },
      "IfBase:Folder:Output_8": {
        "Type": "If:Output",
        "Code": "*\"status\":996*",
        "Action:SetToOK_0": {
          "Type": "Action:SetToOK"
        },
        "DoNotify_1": {
          "Type": "Action:Notify",
          "Urgency": "Urgent",
          "Message": "%%JOBNAME %%$ODATE 996 write t_batch_job.due_time error, please data patch the current data"
        },
        "Mail_2": {
          "Type": "Action:Mail",
          "Subject": "%%JOBNAME %%$ODATE 996 t_batch_job.due_time",
          "To": "tglop@transglobee.com.tw;ameryyen@transglobee.com.tw;AveryChung@transglobee.com.tw",
          "Message": "%%JOBNAME %%$ODATE 996 write t_batch_job.due_time error, please data patch the current data",
          "Urgency": "Urgent"
        }
      },
      "IfBase:Folder:Output_9": {
        "Type": "If:Output",
        "Code": "*\"status\":997*",
        "Action:SetToNotOK_0": {
          "Type": "Action:SetToNotOK"
        },
        "DoNotify_1": {
          "Type": "Action:Notify",
          "Urgency": "Urgent",
          "Message": "%%JOBNAME %%$ODATE 997 not started"
        },
        "Mail_2": {
          "Type": "Action:Mail",
          "Subject": "%%JOBNAME %%$ODATE 997 not started",
          "To": "tglop@transglobee.com.tw;ameryyen@transglobee.com.tw;AveryChung@transglobee.com.tw",
          "Message": "%%JOBNAME %%$ODATE 997 not started",
          "Urgency": "Urgent"
        }
      },
      "IfBase:Folder:Output_10": {
        "Type": "If:Output",
        "Code": "*\"status\":999*",
        "Action:SetToNotOK_0": {
          "Type": "Action:SetToNotOK"
        },
        "DoNotify_1": {
          "Type": "Action:Notify",
          "Urgency": "Urgent",
          "Message": "%%JOBNAME %%$ODATE 999 unknown exception"
        },
        "Mail_2": {
          "Type": "Action:Mail",
          "Subject": "%%JOBNAME %%$ODATE 999 unknown exception",
          "To": "tglop@transglobee.com.tw;ameryyen@transglobee.com.tw;AveryChung@transglobee.com.tw",
          "Message": "%%JOBNAME %%$ODATE 999 unknown exception",
          "Urgency": "Urgent"
        }
      },
      "IfBase:Folder:NumberOfFailures_11": {
        "Type": "If:NumberOfFailures",
        "NumberOfFailures": "10",
        "Action:StopCyclicRun_0": {
          "Type": "Action:StopCyclicRun"
        }
      },
      "IfBase:Folder:CompletionStatus_12": {
        "Type": "If:CompletionStatus",
        "CompletionStatus": "NOTOK",
        "Mail_0": {
          "Type": "Action:Mail",
          "Subject": "%%JOBNAME %%$ODATE failed",
          "To": "tglop@transglobee.com.tw;ameryyen@transglobee.com.tw;AveryChung@transglobee.com.tw",
          "Message": "%%JOBNAME %%$ODATE failed",
          "Urgency": "Urgent"
        }
      }
    },
    "11603#USIT2_TriggerPL_SQLEvent": {
      "Type": "Job:Command",
      "PostCommand": "/ctm/ctmsvr/bmcpython/bmcpython_V2/python %%partial_success %%ORDERID %%RUNCOUNT %%tolerance %%JOBNAME",
      "DaysKeepActive": "Forever",
      "FileName": "SYS",
      "Host": "CTMAG",
      "CreatedBy": "AveryChung_002773",
      "Description": "11603#USIT2_TriggerPL_SQLEvent",
      "RunAs": "life",
      "Application": "eBao",
      "Command": "curl -H \"Content-Length: 250\" -H \"Content-Type: application/json\" -H \"Accept: application/json\" http://%%ip/ls/rest/batch/start.d -X POST -d \"{\\\"jobId\\\":11603, \\\"processDate\\\":\\\"%%processDate\\\", \\\"dueDate\\\":\\\"1900-01-01\\\"}\" -v -sS",
      "Variables": [
        {
          "tolerance": "10"
        }
      ],
      "Rerun": {
        "Units": "Minutes",
        "Every": "1"
      },
      "When": {
        "WeekDays": [
          "NONE"
        ],
        "MonthDays": [
          "ALL"
        ],
        "ToTime": ">",
        "DaysRelation": "OR",
        "RuleBasedCalendars": {
          "Relationship": "AND",
          "Included": [
            "TWDAD"
          ]
        }
      },
      "USIT2": {
        "Type": "Resource:Pool",
        "Quantity": "1"
      },
      "IfBase:Folder:CompletionStatus_1": {
        "Type": "If:CompletionStatus",
        "CompletionStatus": "ANY",
        "Action:SetToNotOK_0": {
          "Type": "Action:SetToNotOK"
        }
      },
      "IfBase:Folder:Output_2": {
        "Type": "If:Output",
        "Code": "*\"status\":107*",
        "Action:SetToOK_0": {
          "Type": "Action:SetToOK"
        }
      },
      "IfBase:Folder:Output_3": {
        "Type": "If:Output",
        "Code": "*\"status\":105*",
        "Action:SetToNotOK_0": {
          "Type": "Action:SetToNotOK"
        },
        "DoNotify_1": {
          "Type": "Action:Notify",
          "Urgency": "Urgent",
          "Message": "%%JOBNAME %%$ODATE 105 execution failure."
        },
        "Mail_2": {
          "Type": "Action:Mail",
          "Subject": "%%JOBNAME %%$ODATE 105 execution failure.",
          "To": "tglop@transglobee.com.tw;ameryyen@transglobee.com.tw;AveryChung@transglobee.com.tw",
          "Message": "%%JOBNAME %%$ODATE 105 execution failure.",
          "Urgency": "Urgent"
        }
      },
      "IfBase:Folder:Output_4": {
        "Type": "If:Output",
        "Code": "*\"status\":223*",
        "Action:SetToNotOK_0": {
          "Type": "Action:SetToNotOK"
        },
        "DoNotify_1": {
          "Type": "Action:Notify",
          "Urgency": "Urgent",
          "Message": "%%JOBNAME %%$ODATE 223 STOP"
        },
        "Mail_2": {
          "Type": "Action:Mail",
          "Subject": "%%JOBNAME %%$ODATE 223 STOP",
          "To": "tglop@transglobee.com.tw;ameryyen@transglobee.com.tw;AveryChung@transglobee.com.tw",
          "Message": "%%JOBNAME %%$ODATE 223 STOP",
          "Urgency": "Urgent"
        }
      },
      "IfBase:Folder:Output_5": {
        "Type": "If:Output",
        "Code": "*Attention! Fail count exceeds tolerance*",
        "Action:SetToNotOK_0": {
          "Type": "Action:SetToNotOK"
        },
        "DoNotify_1": {
          "Type": "Action:Notify",
          "Urgency": "Urgent",
          "Message": "%%JOBNAME %%$ODATE 106 fail count over %%tolerance"
        },
        "Mail_2": {
          "Type": "Action:Mail",
          "Subject": "%%JOBNAME %%$ODATE 106 fail count over %%tolerance",
          "To": "tglop@transglobee.com.tw;ameryyen@transglobee.com.tw;AveryChung@transglobee.com.tw",
          "Message": "%%JOBNAME %%$ODATE 106 fail count over %%tolerance",
          "Urgency": "Urgent"
        }
      },
      "IfBase:Folder:Output_6": {
        "Type": "If:Output",
        "Code": "*Fail count within tolerance*",
        "Action:SetToOK_0": {
          "Type": "Action:SetToOK"
        },
        "DoNotify_1": {
          "Type": "Action:Notify",
          "Urgency": "Urgent",
          "Message": "%%JOBNAME %%$ODATE 106 fail count under %%tolerance"
        },
        "Mail_2": {
          "Type": "Action:Mail",
          "Subject": "%%JOBNAME %%$ODATE 106 fail count under %%tolerance",
          "To": "tglop@transglobee.com.tw;ameryyen@transglobee.com.tw;AveryChung@transglobee.com.tw",
          "Message": "%%JOBNAME %%$ODATE 106 fail count under %%tolerance",
          "Urgency": "Urgent"
        }
      },
      "IfBase:Folder:Output_7": {
        "Type": "If:Output",
        "Code": "*\"status\":995*",
        "Action:SetToNotOK_0": {
          "Type": "Action:SetToNotOK"
        },
        "DoNotify_1": {
          "Type": "Action:Notify",
          "Urgency": "Urgent",
          "Message": "%%JOBNAME %%$ODATE 995 error in submission"
        },
        "Mail_2": {
          "Type": "Action:Mail",
          "Subject": "%%JOBNAME %%$ODATE 995 error in submission",
          "To": "tglop@transglobee.com.tw;ameryyen@transglobee.com.tw;AveryChung@transglobee.com.tw",
          "Message": "%%JOBNAME %%$ODATE 995 error in submission",
          "Urgency": "Urgent"
        }
      },
      "IfBase:Folder:Output_8": {
        "Type": "If:Output",
        "Code": "*\"status\":996*",
        "Action:SetToOK_0": {
          "Type": "Action:SetToOK"
        },
        "DoNotify_1": {
          "Type": "Action:Notify",
          "Urgency": "Urgent",
          "Message": "%%JOBNAME %%$ODATE 996 write t_batch_job.due_time error, please data patch the current data"
        },
        "Mail_2": {
          "Type": "Action:Mail",
          "Subject": "%%JOBNAME %%$ODATE 996 t_batch_job.due_time",
          "To": "tglop@transglobee.com.tw;ameryyen@transglobee.com.tw;AveryChung@transglobee.com.tw",
          "Message": "%%JOBNAME %%$ODATE 996 write t_batch_job.due_time error, please data patch the current data",
          "Urgency": "Urgent"
        }
      },
      "IfBase:Folder:Output_9": {
        "Type": "If:Output",
        "Code": "*\"status\":997*",
        "Action:SetToNotOK_0": {
          "Type": "Action:SetToNotOK"
        },
        "DoNotify_1": {
          "Type": "Action:Notify",
          "Urgency": "Urgent",
          "Message": "%%JOBNAME %%$ODATE 997 not started"
        },
        "Mail_2": {
          "Type": "Action:Mail",
          "Subject": "%%JOBNAME %%$ODATE 997 not started",
          "To": "tglop@transglobee.com.tw;ameryyen@transglobee.com.tw;AveryChung@transglobee.com.tw",
          "Message": "%%JOBNAME %%$ODATE 997 not started",
          "Urgency": "Urgent"
        }
      },
      "IfBase:Folder:Output_10": {
        "Type": "If:Output",
        "Code": "*\"status\":999*",
        "Action:SetToNotOK_0": {
          "Type": "Action:SetToNotOK"
        },
        "DoNotify_1": {
          "Type": "Action:Notify",
          "Urgency": "Urgent",
          "Message": "%%JOBNAME %%$ODATE 999 unknown exception"
        },
        "Mail_2": {
          "Type": "Action:Mail",
          "Subject": "%%JOBNAME %%$ODATE 999 unknown exception",
          "To": "tglop@transglobee.com.tw;ameryyen@transglobee.com.tw;AveryChung@transglobee.com.tw",
          "Message": "%%JOBNAME %%$ODATE 999 unknown exception",
          "Urgency": "Urgent"
        }
      },
      "IfBase:Folder:NumberOfFailures_11": {
        "Type": "If:NumberOfFailures",
        "NumberOfFailures": "10",
        "Action:StopCyclicRun_0": {
          "Type": "Action:StopCyclicRun"
        }
      },
      "IfBase:Folder:CompletionStatus_12": {
        "Type": "If:CompletionStatus",
        "CompletionStatus": "NOTOK",
        "Mail_0": {
          "Type": "Action:Mail",
          "Subject": "%%JOBNAME %%$ODATE failed",
          "To": "tglop@transglobee.com.tw;ameryyen@transglobee.com.tw;AveryChung@transglobee.com.tw",
          "Message": "%%JOBNAME %%$ODATE failed",
          "Urgency": "Urgent"
        }
      }
    },
    "1335121#USIT2_保全Event_保全取消": {
      "Type": "Job:Command",
      "PostCommand": "/ctm/ctmsvr/bmcpython/bmcpython_V2/python %%partial_success %%ORDERID %%RUNCOUNT %%tolerance %%JOBNAME",
      "DaysKeepActive": "Forever",
      "FileName": "POS",
      "Host": "CTMAG",
      "CreatedBy": "RickyLee_002662",
      "Description": "1335121#USIT2_保全Event_保全取消",
      "RunAs": "life",
      "Application": "eBao",
      "Command": "curl -H \"Content-Length: 250\" -H \"Content-Type: application/json\" -H \"Accept: application/json\" http://%%ip/ls/rest/batch/start.d -X POST -d \"{\\\"jobId\\\":1335121, \\\"processDate\\\":\\\"%%processDate\\\", \\\"dueDate\\\":\\\"1900-01-01\\\"}\" -v -sS",
      "Variables": [
        {
          "tolerance": "10"
        }
      ],
      "Rerun": {
        "Units": "Minutes",
        "Every": "10"
      },
      "When": {
        "WeekDays": [
          "NONE"
        ],
        "MonthDays": [
          "ALL"
        ],
        "ToTime": ">",
        "DaysRelation": "OR",
        "RuleBasedCalendars": {
          "Relationship": "AND",
          "Included": [
            "TWDAD"
          ]
        }
      },
      "USIT2": {
        "Type": "Resource:Pool",
        "Quantity": "1"
      },
      "IfBase:Folder:CompletionStatus_1": {
        "Type": "If:CompletionStatus",
        "CompletionStatus": "ANY",
        "Action:SetToNotOK_0": {
          "Type": "Action:SetToNotOK"
        }
      },
      "IfBase:Folder:Output_2": {
        "Type": "If:Output",
        "Code": "*\"status\":107*",
        "Action:SetToOK_0": {
          "Type": "Action:SetToOK"
        }
      },
      "IfBase:Folder:Output_3": {
        "Type": "If:Output",
        "Code": "*\"status\":105*",
        "Action:SetToNotOK_0": {
          "Type": "Action:SetToNotOK"
        },
        "DoNotify_1": {
          "Type": "Action:Notify",
          "Urgency": "Urgent",
          "Message": "%%JOBNAME %%$ODATE 105 execution failure."
        },
        "Mail_2": {
          "Type": "Action:Mail",
          "Subject": "%%JOBNAME %%$ODATE 105 execution failure.",
          "To": "tglop@transglobee.com.tw;ameryyen@transglobee.com.tw;RickyLee@transglobee.com.tw",
          "Message": "%%JOBNAME %%$ODATE 105 execution failure.",
          "Urgency": "Urgent"
        }
      },
      "IfBase:Folder:Output_4": {
        "Type": "If:Output",
        "Code": "*\"status\":223*",
        "Action:SetToNotOK_0": {
          "Type": "Action:SetToNotOK"
        },
        "DoNotify_1": {
          "Type": "Action:Notify",
          "Urgency": "Urgent",
          "Message": "%%JOBNAME %%$ODATE 223 STOP"
        },
        "Mail_2": {
          "Type": "Action:Mail",
          "Subject": "%%JOBNAME %%$ODATE 223 STOP",
          "To": "tglop@transglobee.com.tw;ameryyen@transglobee.com.tw;RickyLee@transglobee.com.tw",
          "Message": "%%JOBNAME %%$ODATE 223 STOP",
          "Urgency": "Urgent"
        }
      },
      "IfBase:Folder:Output_5": {
        "Type": "If:Output",
        "Code": "*Attention! Fail count exceeds tolerance*",
        "Action:SetToNotOK_0": {
          "Type": "Action:SetToNotOK"
        },
        "DoNotify_1": {
          "Type": "Action:Notify",
          "Urgency": "Urgent",
          "Message": "%%JOBNAME %%$ODATE 106 fail count over %%tolerance"
        },
        "Mail_2": {
          "Type": "Action:Mail",
          "Subject": "%%JOBNAME %%$ODATE 106 fail count over %%tolerance",
          "To": "tglop@transglobee.com.tw;ameryyen@transglobee.com.tw;RickyLee@transglobee.com.tw",
          "Message": "%%JOBNAME %%$ODATE 106 fail count over %%tolerance",
          "Urgency": "Urgent"
        }
      },
      "IfBase:Folder:Output_6": {
        "Type": "If:Output",
        "Code": "*Fail count within tolerance*",
        "Action:SetToOK_0": {
          "Type": "Action:SetToOK"
        },
        "DoNotify_1": {
          "Type": "Action:Notify",
          "Urgency": "Urgent",
          "Message": "%%JOBNAME %%$ODATE 106 fail count under %%tolerance"
        },
        "Mail_2": {
          "Type": "Action:Mail",
          "Subject": "%%JOBNAME %%$ODATE 106 fail count under %%tolerance",
          "To": "tglop@transglobee.com.tw;ameryyen@transglobee.com.tw;RickyLee@transglobee.com.tw",
          "Message": "%%JOBNAME %%$ODATE 106 fail count under %%tolerance",
          "Urgency": "Urgent"
        }
      },
      "IfBase:Folder:Output_7": {
        "Type": "If:Output",
        "Code": "*\"status\":995*",
        "Action:SetToNotOK_0": {
          "Type": "Action:SetToNotOK"
        },
        "DoNotify_1": {
          "Type": "Action:Notify",
          "Urgency": "Urgent",
          "Message": "%%JOBNAME %%$ODATE 995 error in submission"
        },
        "Mail_2": {
          "Type": "Action:Mail",
          "Subject": "%%JOBNAME %%$ODATE 995 error in submission",
          "To": "tglop@transglobee.com.tw;ameryyen@transglobee.com.tw;RickyLee@transglobee.com.tw",
          "Message": "%%JOBNAME %%$ODATE 995 error in submission",
          "Urgency": "Urgent"
        }
      },
      "IfBase:Folder:Output_8": {
        "Type": "If:Output",
        "Code": "*\"status\":996*",
        "Action:SetToOK_0": {
          "Type": "Action:SetToOK"
        },
        "DoNotify_1": {
          "Type": "Action:Notify",
          "Urgency": "Urgent",
          "Message": "%%JOBNAME %%$ODATE 996 write t_batch_job.due_time error, please data patch the current data"
        },
        "Mail_2": {
          "Type": "Action:Mail",
          "Subject": "%%JOBNAME %%$ODATE 996 t_batch_job.due_time",
          "To": "tglop@transglobee.com.tw;ameryyen@transglobee.com.tw;RickyLee@transglobee.com.tw",
          "Message": "%%JOBNAME %%$ODATE 996 write t_batch_job.due_time error, please data patch the current data",
          "Urgency": "Urgent"
        }
      },
      "IfBase:Folder:Output_9": {
        "Type": "If:Output",
        "Code": "*\"status\":997*",
        "Action:SetToNotOK_0": {
          "Type": "Action:SetToNotOK"
        },
        "DoNotify_1": {
          "Type": "Action:Notify",
          "Urgency": "Urgent",
          "Message": "%%JOBNAME %%$ODATE 997 not started"
        },
        "Mail_2": {
          "Type": "Action:Mail",
          "Subject": "%%JOBNAME %%$ODATE 997 not started",
          "To": "tglop@transglobee.com.tw;ameryyen@transglobee.com.tw;RickyLee@transglobee.com.tw",
          "Message": "%%JOBNAME %%$ODATE 997 not started",
          "Urgency": "Urgent"
        }
      },
      "IfBase:Folder:Output_10": {
        "Type": "If:Output",
        "Code": "*\"status\":999*",
        "Action:SetToNotOK_0": {
          "Type": "Action:SetToNotOK"
        },
        "DoNotify_1": {
          "Type": "Action:Notify",
          "Urgency": "Urgent",
          "Message": "%%JOBNAME %%$ODATE 999 unknown exception"
        },
        "Mail_2": {
          "Type": "Action:Mail",
          "Subject": "%%JOBNAME %%$ODATE 999 unknown exception",
          "To": "tglop@transglobee.com.tw;ameryyen@transglobee.com.tw;RickyLee@transglobee.com.tw",
          "Message": "%%JOBNAME %%$ODATE 999 unknown exception",
          "Urgency": "Urgent"
        }
      },
      "IfBase:Folder:NumberOfFailures_11": {
        "Type": "If:NumberOfFailures",
        "NumberOfFailures": "10",
        "Action:StopCyclicRun_0": {
          "Type": "Action:StopCyclicRun"
        }
      },
      "IfBase:Folder:CompletionStatus_12": {
        "Type": "If:CompletionStatus",
        "CompletionStatus": "NOTOK",
        "Mail_0": {
          "Type": "Action:Mail",
          "Subject": "%%JOBNAME %%$ODATE failed",
          "To": "tglop@transglobee.com.tw;ameryyen@transglobee.com.tw;RickyLee@transglobee.com.tw",
          "Message": "%%JOBNAME %%$ODATE failed",
          "Urgency": "Urgent"
        }
      }
    },
    "1335122#USIT2_保全Event_退件通知": {
      "Type": "Job:Command",
      "PostCommand": "/ctm/ctmsvr/bmcpython/bmcpython_V2/python %%partial_success %%ORDERID %%RUNCOUNT %%tolerance %%JOBNAME",
      "DaysKeepActive": "Forever",
      "FileName": "POS",
      "Host": "CTMAG",
      "CreatedBy": "RickyLee_002662",
      "Description": "1335122#USIT2_保全Event_退件通知",
      "RunAs": "life",
      "Application": "eBao",
      "Command": "curl -H \"Content-Length: 250\" -H \"Content-Type: application/json\" -H \"Accept: application/json\" http://%%ip/ls/rest/batch/start.d -X POST -d \"{\\\"jobId\\\":1335122, \\\"processDate\\\":\\\"%%processDate\\\", \\\"dueDate\\\":\\\"1900-01-01\\\"}\" -v -sS",
      "Variables": [
        {
          "tolerance": "10"
        }
      ],
      "Rerun": {
        "Units": "Minutes",
        "Every": "10"
      },
      "When": {
        "WeekDays": [
          "NONE"
        ],
        "MonthDays": [
          "ALL"
        ],
        "ToTime": ">",
        "DaysRelation": "OR",
        "RuleBasedCalendars": {
          "Relationship": "AND",
          "Included": [
            "TWDAD"
          ]
        }
      },
      "USIT2": {
        "Type": "Resource:Pool",
        "Quantity": "1"
      },
      "IfBase:Folder:CompletionStatus_1": {
        "Type": "If:CompletionStatus",
        "CompletionStatus": "ANY",
        "Action:SetToNotOK_0": {
          "Type": "Action:SetToNotOK"
        }
      },
      "IfBase:Folder:Output_2": {
        "Type": "If:Output",
        "Code": "*\"status\":107*",
        "Action:SetToOK_0": {
          "Type": "Action:SetToOK"
        }
      },
      "IfBase:Folder:Output_3": {
        "Type": "If:Output",
        "Code": "*\"status\":105*",
        "Action:SetToNotOK_0": {
          "Type": "Action:SetToNotOK"
        },
        "DoNotify_1": {
          "Type": "Action:Notify",
          "Urgency": "Urgent",
          "Message": "%%JOBNAME %%$ODATE 105 execution failure."
        },
        "Mail_2": {
          "Type": "Action:Mail",
          "Subject": "%%JOBNAME %%$ODATE 105 execution failure.",
          "To": "tglop@transglobee.com.tw;ameryyen@transglobee.com.tw;RickyLee@transglobee.com.tw",
          "Message": "%%JOBNAME %%$ODATE 105 execution failure.",
          "Urgency": "Urgent"
        }
      },
      "IfBase:Folder:Output_4": {
        "Type": "If:Output",
        "Code": "*\"status\":223*",
        "Action:SetToNotOK_0": {
          "Type": "Action:SetToNotOK"
        },
        "DoNotify_1": {
          "Type": "Action:Notify",
          "Urgency": "Urgent",
          "Message": "%%JOBNAME %%$ODATE 223 STOP"
        },
        "Mail_2": {
          "Type": "Action:Mail",
          "Subject": "%%JOBNAME %%$ODATE 223 STOP",
          "To": "tglop@transglobee.com.tw;ameryyen@transglobee.com.tw;RickyLee@transglobee.com.tw",
          "Message": "%%JOBNAME %%$ODATE 223 STOP",
          "Urgency": "Urgent"
        }
      },
      "IfBase:Folder:Output_5": {
        "Type": "If:Output",
        "Code": "*Attention! Fail count exceeds tolerance*",
        "Action:SetToNotOK_0": {
          "Type": "Action:SetToNotOK"
        },
        "DoNotify_1": {
          "Type": "Action:Notify",
          "Urgency": "Urgent",
          "Message": "%%JOBNAME %%$ODATE 106 fail count over %%tolerance"
        },
        "Mail_2": {
          "Type": "Action:Mail",
          "Subject": "%%JOBNAME %%$ODATE 106 fail count over %%tolerance",
          "To": "tglop@transglobee.com.tw;ameryyen@transglobee.com.tw;RickyLee@transglobee.com.tw",
          "Message": "%%JOBNAME %%$ODATE 106 fail count over %%tolerance",
          "Urgency": "Urgent"
        }
      },
      "IfBase:Folder:Output_6": {
        "Type": "If:Output",
        "Code": "*Fail count within tolerance*",
        "Action:SetToOK_0": {
          "Type": "Action:SetToOK"
        },
        "DoNotify_1": {
          "Type": "Action:Notify",
          "Urgency": "Urgent",
          "Message": "%%JOBNAME %%$ODATE 106 fail count under %%tolerance"
        },
        "Mail_2": {
          "Type": "Action:Mail",
          "Subject": "%%JOBNAME %%$ODATE 106 fail count under %%tolerance",
          "To": "tglop@transglobee.com.tw;ameryyen@transglobee.com.tw;RickyLee@transglobee.com.tw",
          "Message": "%%JOBNAME %%$ODATE 106 fail count under %%tolerance",
          "Urgency": "Urgent"
        }
      },
      "IfBase:Folder:Output_7": {
        "Type": "If:Output",
        "Code": "*\"status\":995*",
        "Action:SetToNotOK_0": {
          "Type": "Action:SetToNotOK"
        },
        "DoNotify_1": {
          "Type": "Action:Notify",
          "Urgency": "Urgent",
          "Message": "%%JOBNAME %%$ODATE 995 error in submission"
        },
        "Mail_2": {
          "Type": "Action:Mail",
          "Subject": "%%JOBNAME %%$ODATE 995 error in submission",
          "To": "tglop@transglobee.com.tw;ameryyen@transglobee.com.tw;RickyLee@transglobee.com.tw",
          "Message": "%%JOBNAME %%$ODATE 995 error in submission",
          "Urgency": "Urgent"
        }
      },
      "IfBase:Folder:Output_8": {
        "Type": "If:Output",
        "Code": "*\"status\":996*",
        "Action:SetToOK_0": {
          "Type": "Action:SetToOK"
        },
        "DoNotify_1": {
          "Type": "Action:Notify",
          "Urgency": "Urgent",
          "Message": "%%JOBNAME %%$ODATE 996 write t_batch_job.due_time error, please data patch the current data"
        },
        "Mail_2": {
          "Type": "Action:Mail",
          "Subject": "%%JOBNAME %%$ODATE 996 t_batch_job.due_time",
          "To": "tglop@transglobee.com.tw;ameryyen@transglobee.com.tw;RickyLee@transglobee.com.tw",
          "Message": "%%JOBNAME %%$ODATE 996 write t_batch_job.due_time error, please data patch the current data",
          "Urgency": "Urgent"
        }
      },
      "IfBase:Folder:Output_9": {
        "Type": "If:Output",
        "Code": "*\"status\":997*",
        "Action:SetToNotOK_0": {
          "Type": "Action:SetToNotOK"
        },
        "DoNotify_1": {
          "Type": "Action:Notify",
          "Urgency": "Urgent",
          "Message": "%%JOBNAME %%$ODATE 997 not started"
        },
        "Mail_2": {
          "Type": "Action:Mail",
          "Subject": "%%JOBNAME %%$ODATE 997 not started",
          "To": "tglop@transglobee.com.tw;ameryyen@transglobee.com.tw;RickyLee@transglobee.com.tw",
          "Message": "%%JOBNAME %%$ODATE 997 not started",
          "Urgency": "Urgent"
        }
      },
      "IfBase:Folder:Output_10": {
        "Type": "If:Output",
        "Code": "*\"status\":999*",
        "Action:SetToNotOK_0": {
          "Type": "Action:SetToNotOK"
        },
        "DoNotify_1": {
          "Type": "Action:Notify",
          "Urgency": "Urgent",
          "Message": "%%JOBNAME %%$ODATE 999 unknown exception"
        },
        "Mail_2": {
          "Type": "Action:Mail",
          "Subject": "%%JOBNAME %%$ODATE 999 unknown exception",
          "To": "tglop@transglobee.com.tw;ameryyen@transglobee.com.tw;RickyLee@transglobee.com.tw",
          "Message": "%%JOBNAME %%$ODATE 999 unknown exception",
          "Urgency": "Urgent"
        }
      },
      "IfBase:Folder:NumberOfFailures_11": {
        "Type": "If:NumberOfFailures",
        "NumberOfFailures": "10",
        "Action:StopCyclicRun_0": {
          "Type": "Action:StopCyclicRun"
        }
      },
      "IfBase:Folder:CompletionStatus_12": {
        "Type": "If:CompletionStatus",
        "CompletionStatus": "NOTOK",
        "Mail_0": {
          "Type": "Action:Mail",
          "Subject": "%%JOBNAME %%$ODATE failed",
          "To": "tglop@transglobee.com.tw;ameryyen@transglobee.com.tw;RickyLee@transglobee.com.tw",
          "Message": "%%JOBNAME %%$ODATE failed",
          "Urgency": "Urgent"
        }
      }
    },
    "1335071#USIT2_PostmailStatusUpdater": {
      "Type": "Job:Command",
      "PostCommand": "/ctm/ctmsvr/bmcpython/bmcpython_V2/python %%partial_success %%ORDERID %%RUNCOUNT %%tolerance %%JOBNAME",
      "DaysKeepActive": "Forever",
      "FileName": "SYS",
      "Host": "CTMAG",
      "CreatedBy": "LalaChao_002992",
      "Description": "1335071#USIT2_PostmailStatusUpdater",
      "RunAs": "life",
      "Application": "eBao",
      "Command": "curl -H \"Content-Length: 250\" -H \"Content-Type: application/json\" -H \"Accept: application/json\" http://%%ip/ls/rest/batch/start.d -X POST -d \"{\\\"jobId\\\":1335071, \\\"processDate\\\":\\\"%%processDate\\\", \\\"dueDate\\\":\\\"1900-01-01\\\"}\" -v -sS",
      "Variables": [
        {
          "tolerance": "10"
        }
      ],
      "Rerun": {
        "Units": "Hours",
        "Every": "2"
      },
      "When": {
        "WeekDays": [
          "NONE"
        ],
        "MonthDays": [
          "ALL"
        ],
        "ToTime": ">",
        "DaysRelation": "OR",
        "RuleBasedCalendars": {
          "Relationship": "AND",
          "Included": [
            "TWDAD"
          ]
        }
      },
      "USIT2": {
        "Type": "Resource:Pool",
        "Quantity": "1"
      },
      "IfBase:Folder:CompletionStatus_1": {
        "Type": "If:CompletionStatus",
        "CompletionStatus": "ANY",
        "Action:SetToNotOK_0": {
          "Type": "Action:SetToNotOK"
        }
      },
      "IfBase:Folder:Output_2": {
        "Type": "If:Output",
        "Code": "*\"status\":107*",
        "Action:SetToOK_0": {
          "Type": "Action:SetToOK"
        }
      },
      "IfBase:Folder:Output_3": {
        "Type": "If:Output",
        "Code": "*\"status\":105*",
        "Action:SetToNotOK_0": {
          "Type": "Action:SetToNotOK"
        },
        "DoNotify_1": {
          "Type": "Action:Notify",
          "Urgency": "Urgent",
          "Message": "%%JOBNAME %%$ODATE 105 execution failure."
        },
        "Mail_2": {
          "Type": "Action:Mail",
          "Subject": "%%JOBNAME %%$ODATE 105 execution failure.",
          "To": "tglop@transglobee.com.tw;ameryyen@transglobee.com.tw;LalaChao@transglobee.com.tw",
          "Message": "%%JOBNAME %%$ODATE 105 execution failure.",
          "Urgency": "Urgent"
        }
      },
      "IfBase:Folder:Output_4": {
        "Type": "If:Output",
        "Code": "*\"status\":223*",
        "Action:SetToNotOK_0": {
          "Type": "Action:SetToNotOK"
        },
        "DoNotify_1": {
          "Type": "Action:Notify",
          "Urgency": "Urgent",
          "Message": "%%JOBNAME %%$ODATE 223 STOP"
        },
        "Mail_2": {
          "Type": "Action:Mail",
          "Subject": "%%JOBNAME %%$ODATE 223 STOP",
          "To": "tglop@transglobee.com.tw;ameryyen@transglobee.com.tw;LalaChao@transglobee.com.tw",
          "Message": "%%JOBNAME %%$ODATE 223 STOP",
          "Urgency": "Urgent"
        }
      },
      "IfBase:Folder:Output_5": {
        "Type": "If:Output",
        "Code": "*Attention! Fail count exceeds tolerance*",
        "Action:SetToNotOK_0": {
          "Type": "Action:SetToNotOK"
        },
        "DoNotify_1": {
          "Type": "Action:Notify",
          "Urgency": "Urgent",
          "Message": "%%JOBNAME %%$ODATE 106 fail count over %%tolerance"
        },
        "Mail_2": {
          "Type": "Action:Mail",
          "Subject": "%%JOBNAME %%$ODATE 106 fail count over %%tolerance",
          "To": "tglop@transglobee.com.tw;ameryyen@transglobee.com.tw;LalaChao@transglobee.com.tw",
          "Message": "%%JOBNAME %%$ODATE 106 fail count over %%tolerance",
          "Urgency": "Urgent"
        }
      },
      "IfBase:Folder:Output_6": {
        "Type": "If:Output",
        "Code": "*Fail count within tolerance*",
        "Action:SetToOK_0": {
          "Type": "Action:SetToOK"
        },
        "DoNotify_1": {
          "Type": "Action:Notify",
          "Urgency": "Urgent",
          "Message": "%%JOBNAME %%$ODATE 106 fail count under %%tolerance"
        },
        "Mail_2": {
          "Type": "Action:Mail",
          "Subject": "%%JOBNAME %%$ODATE 106 fail count under %%tolerance",
          "To": "tglop@transglobee.com.tw;ameryyen@transglobee.com.tw;LalaChao@transglobee.com.tw",
          "Message": "%%JOBNAME %%$ODATE 106 fail count under %%tolerance",
          "Urgency": "Urgent"
        }
      },
      "IfBase:Folder:Output_7": {
        "Type": "If:Output",
        "Code": "*\"status\":995*",
        "Action:SetToNotOK_0": {
          "Type": "Action:SetToNotOK"
        },
        "DoNotify_1": {
          "Type": "Action:Notify",
          "Urgency": "Urgent",
          "Message": "%%JOBNAME %%$ODATE 995 error in submission"
        },
        "Mail_2": {
          "Type": "Action:Mail",
          "Subject": "%%JOBNAME %%$ODATE 995 error in submission",
          "To": "tglop@transglobee.com.tw;ameryyen@transglobee.com.tw;LalaChao@transglobee.com.tw",
          "Message": "%%JOBNAME %%$ODATE 995 error in submission",
          "Urgency": "Urgent"
        }
      },
      "IfBase:Folder:Output_8": {
        "Type": "If:Output",
        "Code": "*\"status\":996*",
        "Action:SetToOK_0": {
          "Type": "Action:SetToOK"
        },
        "DoNotify_1": {
          "Type": "Action:Notify",
          "Urgency": "Urgent",
          "Message": "%%JOBNAME %%$ODATE 996 write t_batch_job.due_time error, please data patch the current data"
        },
        "Mail_2": {
          "Type": "Action:Mail",
          "Subject": "%%JOBNAME %%$ODATE 996 t_batch_job.due_time",
          "To": "tglop@transglobee.com.tw;ameryyen@transglobee.com.tw;LalaChao@transglobee.com.tw",
          "Message": "%%JOBNAME %%$ODATE 996 write t_batch_job.due_time error, please data patch the current data",
          "Urgency": "Urgent"
        }
      },
      "IfBase:Folder:Output_9": {
        "Type": "If:Output",
        "Code": "*\"status\":997*",
        "Action:SetToNotOK_0": {
          "Type": "Action:SetToNotOK"
        },
        "DoNotify_1": {
          "Type": "Action:Notify",
          "Urgency": "Urgent",
          "Message": "%%JOBNAME %%$ODATE 997 not started"
        },
        "Mail_2": {
          "Type": "Action:Mail",
          "Subject": "%%JOBNAME %%$ODATE 997 not started",
          "To": "tglop@transglobee.com.tw;ameryyen@transglobee.com.tw;LalaChao@transglobee.com.tw",
          "Message": "%%JOBNAME %%$ODATE 997 not started",
          "Urgency": "Urgent"
        }
      },
      "IfBase:Folder:Output_10": {
        "Type": "If:Output",
        "Code": "*\"status\":999*",
        "Action:SetToNotOK_0": {
          "Type": "Action:SetToNotOK"
        },
        "DoNotify_1": {
          "Type": "Action:Notify",
          "Urgency": "Urgent",
          "Message": "%%JOBNAME %%$ODATE 999 unknown exception"
        },
        "Mail_2": {
          "Type": "Action:Mail",
          "Subject": "%%JOBNAME %%$ODATE 999 unknown exception",
          "To": "tglop@transglobee.com.tw;ameryyen@transglobee.com.tw;LalaChao@transglobee.com.tw",
          "Message": "%%JOBNAME %%$ODATE 999 unknown exception",
          "Urgency": "Urgent"
        }
      },
      "IfBase:Folder:NumberOfFailures_11": {
        "Type": "If:NumberOfFailures",
        "NumberOfFailures": "10",
        "Action:StopCyclicRun_0": {
          "Type": "Action:StopCyclicRun"
        }
      },
      "IfBase:Folder:CompletionStatus_12": {
        "Type": "If:CompletionStatus",
        "CompletionStatus": "NOTOK",
        "Mail_0": {
          "Type": "Action:Mail",
          "Subject": "%%JOBNAME %%$ODATE failed",
          "To": "tglop@transglobee.com.tw;ameryyen@transglobee.com.tw;LalaChao@transglobee.com.tw",
          "Message": "%%JOBNAME %%$ODATE failed",
          "Urgency": "Urgent"
        }
      }
    },
    "1335841#USIT2_UNBPostmailStatusUpdater": {
      "Type": "Job:Command",
      "PostCommand": "/ctm/ctmsvr/bmcpython/bmcpython_V2/python %%partial_success %%ORDERID %%RUNCOUNT %%tolerance %%JOBNAME",
      "DaysKeepActive": "Forever",
      "FileName": "UNB",
      "Host": "CTMAG",
      "CreatedBy": "DaniaLin_002272",
      "Description": "1335841#USIT2_UNBPostmailStatusUpdater",
      "RunAs": "life",
      "Application": "eBao",
      "Command": "curl -H \"Content-Length: 250\" -H \"Content-Type: application/json\" -H \"Accept: application/json\" http://%%ip/ls/rest/batch/start.d -X POST -d \"{\\\"jobId\\\":1335841, \\\"processDate\\\":\\\"%%processDate\\\", \\\"dueDate\\\":\\\"1900-01-01\\\"}\" -v -sS",
      "Variables": [
        {
          "tolerance": "10"
        }
      ],
      "Rerun": {
        "Units": "Hours",
        "Every": "2"
      },
      "When": {
        "WeekDays": [
          "NONE"
        ],
        "MonthDays": [
          "ALL"
        ],
        "ToTime": ">",
        "DaysRelation": "OR",
        "RuleBasedCalendars": {
          "Relationship": "AND",
          "Included": [
            "TWDAD"
          ]
        }
      },
      "USIT2": {
        "Type": "Resource:Pool",
        "Quantity": "1"
      },
      "IfBase:Folder:CompletionStatus_1": {
        "Type": "If:CompletionStatus",
        "CompletionStatus": "ANY",
        "Action:SetToNotOK_0": {
          "Type": "Action:SetToNotOK"
        }
      },
      "IfBase:Folder:Output_2": {
        "Type": "If:Output",
        "Code": "*\"status\":107*",
        "Action:SetToOK_0": {
          "Type": "Action:SetToOK"
        }
      },
      "IfBase:Folder:Output_3": {
        "Type": "If:Output",
        "Code": "*\"status\":105*",
        "Action:SetToNotOK_0": {
          "Type": "Action:SetToNotOK"
        },
        "DoNotify_1": {
          "Type": "Action:Notify",
          "Urgency": "Urgent",
          "Message": "%%JOBNAME %%$ODATE 105 execution failure."
        },
        "Mail_2": {
          "Type": "Action:Mail",
          "Subject": "%%JOBNAME %%$ODATE 105 execution failure.",
          "To": "tglop@transglobee.com.tw;ameryyen@transglobee.com.tw;danialin@transglobee.com.tw",
          "Message": "%%JOBNAME %%$ODATE 105 execution failure.",
          "Urgency": "Urgent"
        }
      },
      "IfBase:Folder:Output_4": {
        "Type": "If:Output",
        "Code": "*\"status\":223*",
        "Action:SetToNotOK_0": {
          "Type": "Action:SetToNotOK"
        },
        "DoNotify_1": {
          "Type": "Action:Notify",
          "Urgency": "Urgent",
          "Message": "%%JOBNAME %%$ODATE 223 STOP"
        },
        "Mail_2": {
          "Type": "Action:Mail",
          "Subject": "%%JOBNAME %%$ODATE 223 STOP",
          "To": "tglop@transglobee.com.tw;ameryyen@transglobee.com.tw;danialin@transglobee.com.tw",
          "Message": "%%JOBNAME %%$ODATE 223 STOP",
          "Urgency": "Urgent"
        }
      },
      "IfBase:Folder:Output_5": {
        "Type": "If:Output",
        "Code": "*Attention! Fail count exceeds tolerance*",
        "Action:SetToNotOK_0": {
          "Type": "Action:SetToNotOK"
        },
        "DoNotify_1": {
          "Type": "Action:Notify",
          "Urgency": "Urgent",
          "Message": "%%JOBNAME %%$ODATE 106 fail count over %%tolerance"
        },
        "Mail_2": {
          "Type": "Action:Mail",
          "Subject": "%%JOBNAME %%$ODATE 106 fail count over %%tolerance",
          "To": "tglop@transglobee.com.tw;ameryyen@transglobee.com.tw;danialin@transglobee.com.tw",
          "Message": "%%JOBNAME %%$ODATE 106 fail count over %%tolerance",
          "Urgency": "Urgent"
        }
      },
      "IfBase:Folder:Output_6": {
        "Type": "If:Output",
        "Code": "*Fail count within tolerance*",
        "Action:SetToOK_0": {
          "Type": "Action:SetToOK"
        },
        "DoNotify_1": {
          "Type": "Action:Notify",
          "Urgency": "Urgent",
          "Message": "%%JOBNAME %%$ODATE 106 fail count under %%tolerance"
        },
        "Mail_2": {
          "Type": "Action:Mail",
          "Subject": "%%JOBNAME %%$ODATE 106 fail count under %%tolerance",
          "To": "tglop@transglobee.com.tw;ameryyen@transglobee.com.tw;danialin@transglobee.com.tw",
          "Message": "%%JOBNAME %%$ODATE 106 fail count under %%tolerance",
          "Urgency": "Urgent"
        }
      },
      "IfBase:Folder:Output_7": {
        "Type": "If:Output",
        "Code": "*\"status\":995*",
        "Action:SetToNotOK_0": {
          "Type": "Action:SetToNotOK"
        },
        "DoNotify_1": {
          "Type": "Action:Notify",
          "Urgency": "Urgent",
          "Message": "%%JOBNAME %%$ODATE 995 error in submission"
        },
        "Mail_2": {
          "Type": "Action:Mail",
          "Subject": "%%JOBNAME %%$ODATE 995 error in submission",
          "To": "tglop@transglobee.com.tw;ameryyen@transglobee.com.tw;danialin@transglobee.com.tw",
          "Message": "%%JOBNAME %%$ODATE 995 error in submission",
          "Urgency": "Urgent"
        }
      },
      "IfBase:Folder:Output_8": {
        "Type": "If:Output",
        "Code": "*\"status\":996*",
        "Action:SetToOK_0": {
          "Type": "Action:SetToOK"
        },
        "DoNotify_1": {
          "Type": "Action:Notify",
          "Urgency": "Urgent",
          "Message": "%%JOBNAME %%$ODATE 996 write t_batch_job.due_time error, please data patch the current data"
        },
        "Mail_2": {
          "Type": "Action:Mail",
          "Subject": "%%JOBNAME %%$ODATE 996 t_batch_job.due_time",
          "To": "tglop@transglobee.com.tw;ameryyen@transglobee.com.tw;danialin@transglobee.com.tw",
          "Message": "%%JOBNAME %%$ODATE 996 write t_batch_job.due_time error, please data patch the current data",
          "Urgency": "Urgent"
        }
      },
      "IfBase:Folder:Output_9": {
        "Type": "If:Output",
        "Code": "*\"status\":997*",
        "Action:SetToNotOK_0": {
          "Type": "Action:SetToNotOK"
        },
        "DoNotify_1": {
          "Type": "Action:Notify",
          "Urgency": "Urgent",
          "Message": "%%JOBNAME %%$ODATE 997 not started"
        },
        "Mail_2": {
          "Type": "Action:Mail",
          "Subject": "%%JOBNAME %%$ODATE 997 not started",
          "To": "tglop@transglobee.com.tw;ameryyen@transglobee.com.tw;danialin@transglobee.com.tw",
          "Message": "%%JOBNAME %%$ODATE 997 not started",
          "Urgency": "Urgent"
        }
      },
      "IfBase:Folder:Output_10": {
        "Type": "If:Output",
        "Code": "*\"status\":999*",
        "Action:SetToNotOK_0": {
          "Type": "Action:SetToNotOK"
        },
        "DoNotify_1": {
          "Type": "Action:Notify",
          "Urgency": "Urgent",
          "Message": "%%JOBNAME %%$ODATE 999 unknown exception"
        },
        "Mail_2": {
          "Type": "Action:Mail",
          "Subject": "%%JOBNAME %%$ODATE 999 unknown exception",
          "To": "tglop@transglobee.com.tw;ameryyen@transglobee.com.tw;danialin@transglobee.com.tw",
          "Message": "%%JOBNAME %%$ODATE 999 unknown exception",
          "Urgency": "Urgent"
        }
      },
      "IfBase:Folder:NumberOfFailures_11": {
        "Type": "If:NumberOfFailures",
        "NumberOfFailures": "10",
        "Action:StopCyclicRun_0": {
          "Type": "Action:StopCyclicRun"
        }
      },
      "IfBase:Folder:CompletionStatus_12": {
        "Type": "If:CompletionStatus",
        "CompletionStatus": "NOTOK",
        "Mail_0": {
          "Type": "Action:Mail",
          "Subject": "%%JOBNAME %%$ODATE failed",
          "To": "tglop@transglobee.com.tw;ameryyen@transglobee.com.tw;danialin@transglobee.com.tw",
          "Message": "%%JOBNAME %%$ODATE failed",
          "Urgency": "Urgent"
        }
      }
    },
    "1335797#USIT2_PaPostmailStatusUpdater": {
      "Type": "Job:Command",
      "PostCommand": "/ctm/ctmsvr/bmcpython/bmcpython_V2/python %%partial_success %%ORDERID %%RUNCOUNT %%tolerance %%JOBNAME",
      "DaysKeepActive": "Forever",
      "FileName": "PA",
      "Host": "CTMAG",
      "CreatedBy": "JackHsu_001591",
      "Description": "1335797#USIT2_PaPostmailStatusUpdater",
      "RunAs": "life",
      "Application": "eBao",
      "Command": "curl -H \"Content-Length: 250\" -H \"Content-Type: application/json\" -H \"Accept: application/json\" http://%%ip/ls/rest/batch/start.d -X POST -d \"{\\\"jobId\\\":1335797, \\\"processDate\\\":\\\"%%processDate\\\", \\\"dueDate\\\":\\\"1900-01-01\\\"}\" -v -sS",
      "Variables": [
        {
          "tolerance": "10"
        }
      ],
      "Rerun": {
        "Units": "Hours",
        "Every": "2"
      },
      "When": {
        "WeekDays": [
          "NONE"
        ],
        "MonthDays": [
          "ALL"
        ],
        "ToTime": ">",
        "DaysRelation": "OR",
        "RuleBasedCalendars": {
          "Relationship": "AND",
          "Included": [
            "TWDAD"
          ]
        }
      },
      "USIT2": {
        "Type": "Resource:Pool",
        "Quantity": "1"
      },
      "IfBase:Folder:CompletionStatus_1": {
        "Type": "If:CompletionStatus",
        "CompletionStatus": "ANY",
        "Action:SetToNotOK_0": {
          "Type": "Action:SetToNotOK"
        }
      },
      "IfBase:Folder:Output_2": {
        "Type": "If:Output",
        "Code": "*\"status\":107*",
        "Action:SetToOK_0": {
          "Type": "Action:SetToOK"
        }
      },
      "IfBase:Folder:Output_3": {
        "Type": "If:Output",
        "Code": "*\"status\":105*",
        "Action:SetToNotOK_0": {
          "Type": "Action:SetToNotOK"
        },
        "DoNotify_1": {
          "Type": "Action:Notify",
          "Urgency": "Urgent",
          "Message": "%%JOBNAME %%$ODATE 105 execution failure."
        },
        "Mail_2": {
          "Type": "Action:Mail",
          "Subject": "%%JOBNAME %%$ODATE 105 execution failure.",
          "To": "tglop@transglobee.com.tw;ameryyen@transglobee.com.tw;jackhsu@transglobee.com.tw",
          "Message": "%%JOBNAME %%$ODATE 105 execution failure.",
          "Urgency": "Urgent"
        }
      },
      "IfBase:Folder:Output_4": {
        "Type": "If:Output",
        "Code": "*\"status\":223*",
        "Action:SetToNotOK_0": {
          "Type": "Action:SetToNotOK"
        },
        "DoNotify_1": {
          "Type": "Action:Notify",
          "Urgency": "Urgent",
          "Message": "%%JOBNAME %%$ODATE 223 STOP"
        },
        "Mail_2": {
          "Type": "Action:Mail",
          "Subject": "%%JOBNAME %%$ODATE 223 STOP",
          "To": "tglop@transglobee.com.tw;ameryyen@transglobee.com.tw;jackhsu@transglobee.com.tw",
          "Message": "%%JOBNAME %%$ODATE 223 STOP",
          "Urgency": "Urgent"
        }
      },
      "IfBase:Folder:Output_5": {
        "Type": "If:Output",
        "Code": "*Attention! Fail count exceeds tolerance*",
        "Action:SetToNotOK_0": {
          "Type": "Action:SetToNotOK"
        },
        "DoNotify_1": {
          "Type": "Action:Notify",
          "Urgency": "Urgent",
          "Message": "%%JOBNAME %%$ODATE 106 fail count over %%tolerance"
        },
        "Mail_2": {
          "Type": "Action:Mail",
          "Subject": "%%JOBNAME %%$ODATE 106 fail count over %%tolerance",
          "To": "tglop@transglobee.com.tw;ameryyen@transglobee.com.tw;jackhsu@transglobee.com.tw",
          "Message": "%%JOBNAME %%$ODATE 106 fail count over %%tolerance",
          "Urgency": "Urgent"
        }
      },
      "IfBase:Folder:Output_6": {
        "Type": "If:Output",
        "Code": "*Fail count within tolerance*",
        "Action:SetToOK_0": {
          "Type": "Action:SetToOK"
        },
        "DoNotify_1": {
          "Type": "Action:Notify",
          "Urgency": "Urgent",
          "Message": "%%JOBNAME %%$ODATE 106 fail count under %%tolerance"
        },
        "Mail_2": {
          "Type": "Action:Mail",
          "Subject": "%%JOBNAME %%$ODATE 106 fail count under %%tolerance",
          "To": "tglop@transglobee.com.tw;ameryyen@transglobee.com.tw;jackhsu@transglobee.com.tw",
          "Message": "%%JOBNAME %%$ODATE 106 fail count under %%tolerance",
          "Urgency": "Urgent"
        }
      },
      "IfBase:Folder:Output_7": {
        "Type": "If:Output",
        "Code": "*\"status\":995*",
        "Action:SetToNotOK_0": {
          "Type": "Action:SetToNotOK"
        },
        "DoNotify_1": {
          "Type": "Action:Notify",
          "Urgency": "Urgent",
          "Message": "%%JOBNAME %%$ODATE 995 error in submission"
        },
        "Mail_2": {
          "Type": "Action:Mail",
          "Subject": "%%JOBNAME %%$ODATE 995 error in submission",
          "To": "tglop@transglobee.com.tw;ameryyen@transglobee.com.tw;jackhsu@transglobee.com.tw",
          "Message": "%%JOBNAME %%$ODATE 995 error in submission",
          "Urgency": "Urgent"
        }
      },
      "IfBase:Folder:Output_8": {
        "Type": "If:Output",
        "Code": "*\"status\":996*",
        "Action:SetToOK_0": {
          "Type": "Action:SetToOK"
        },
        "DoNotify_1": {
          "Type": "Action:Notify",
          "Urgency": "Urgent",
          "Message": "%%JOBNAME %%$ODATE 996 write t_batch_job.due_time error, please data patch the current data"
        },
        "Mail_2": {
          "Type": "Action:Mail",
          "Subject": "%%JOBNAME %%$ODATE 996 t_batch_job.due_time",
          "To": "tglop@transglobee.com.tw;ameryyen@transglobee.com.tw;jackhsu@transglobee.com.tw",
          "Message": "%%JOBNAME %%$ODATE 996 write t_batch_job.due_time error, please data patch the current data",
          "Urgency": "Urgent"
        }
      },
      "IfBase:Folder:Output_9": {
        "Type": "If:Output",
        "Code": "*\"status\":997*",
        "Action:SetToNotOK_0": {
          "Type": "Action:SetToNotOK"
        },
        "DoNotify_1": {
          "Type": "Action:Notify",
          "Urgency": "Urgent",
          "Message": "%%JOBNAME %%$ODATE 997 not started"
        },
        "Mail_2": {
          "Type": "Action:Mail",
          "Subject": "%%JOBNAME %%$ODATE 997 not started",
          "To": "tglop@transglobee.com.tw;ameryyen@transglobee.com.tw;jackhsu@transglobee.com.tw",
          "Message": "%%JOBNAME %%$ODATE 997 not started",
          "Urgency": "Urgent"
        }
      },
      "IfBase:Folder:Output_10": {
        "Type": "If:Output",
        "Code": "*\"status\":999*",
        "Action:SetToNotOK_0": {
          "Type": "Action:SetToNotOK"
        },
        "DoNotify_1": {
          "Type": "Action:Notify",
          "Urgency": "Urgent",
          "Message": "%%JOBNAME %%$ODATE 999 unknown exception"
        },
        "Mail_2": {
          "Type": "Action:Mail",
          "Subject": "%%JOBNAME %%$ODATE 999 unknown exception",
          "To": "tglop@transglobee.com.tw;ameryyen@transglobee.com.tw;jackhsu@transglobee.com.tw",
          "Message": "%%JOBNAME %%$ODATE 999 unknown exception",
          "Urgency": "Urgent"
        }
      },
      "IfBase:Folder:NumberOfFailures_11": {
        "Type": "If:NumberOfFailures",
        "NumberOfFailures": "10",
        "Action:StopCyclicRun_0": {
          "Type": "Action:StopCyclicRun"
        }
      },
      "IfBase:Folder:CompletionStatus_12": {
        "Type": "If:CompletionStatus",
        "CompletionStatus": "NOTOK",
        "Mail_0": {
          "Type": "Action:Mail",
          "Subject": "%%JOBNAME %%$ODATE failed",
          "To": "tglop@transglobee.com.tw;ameryyen@transglobee.com.tw;jackhsu@transglobee.com.tw",
          "Message": "%%JOBNAME %%$ODATE failed",
          "Urgency": "Urgent"
        }
      }
    },
    "1334841#USIT2_PublishESPEvent": {
      "Type": "Job:Command",
      "PostCommand": "/ctm/ctmsvr/bmcpython/bmcpython_V2/python %%partial_success %%ORDERID %%RUNCOUNT %%tolerance %%JOBNAME",
      "DaysKeepActive": "Forever",
      "FileName": "SYS",
      "Host": "CTMAG",
      "CreatedBy": "LalaChao_002992",
      "Description": "1334841#USIT2_PublishESPEvent",
      "RunAs": "life",
      "Application": "eBao",
      "Command": "curl -H \"Content-Length: 250\" -H \"Content-Type: application/json\" -H \"Accept: application/json\" http://%%ip/ls/rest/batch/start.d -X POST -d \"{\\\"jobId\\\":1334841, \\\"processDate\\\":\\\"%%processDate\\\", \\\"dueDate\\\":\\\"1900-01-01\\\"}\" -v -sS",
      "Variables": [
        {
          "tolerance": "10"
        }
      ],
      "Rerun": {
        "Units": "Minutes",
        "Every": "10"
      },
      "When": {
        "WeekDays": [
          "NONE"
        ],
        "MonthDays": [
          "ALL"
        ],
        "ToTime": ">",
        "DaysRelation": "OR",
        "RuleBasedCalendars": {
          "Relationship": "AND",
          "Included": [
            "TWDAD"
          ]
        }
      },
      "USIT2": {
        "Type": "Resource:Pool",
        "Quantity": "1"
      },
      "IfBase:Folder:CompletionStatus_1": {
        "Type": "If:CompletionStatus",
        "CompletionStatus": "ANY",
        "Action:SetToNotOK_0": {
          "Type": "Action:SetToNotOK"
        }
      },
      "IfBase:Folder:Output_2": {
        "Type": "If:Output",
        "Code": "*\"status\":107*",
        "Action:SetToOK_0": {
          "Type": "Action:SetToOK"
        }
      },
      "IfBase:Folder:Output_3": {
        "Type": "If:Output",
        "Code": "*\"status\":105*",
        "Action:SetToNotOK_0": {
          "Type": "Action:SetToNotOK"
        },
        "DoNotify_1": {
          "Type": "Action:Notify",
          "Urgency": "Urgent",
          "Message": "%%JOBNAME %%$ODATE 105 execution failure."
        },
        "Mail_2": {
          "Type": "Action:Mail",
          "Subject": "%%JOBNAME %%$ODATE 105 execution failure.",
          "To": "tglop@transglobee.com.tw;ameryyen@transglobee.com.tw;LalaChao@transglobee.com.tw",
          "Message": "%%JOBNAME %%$ODATE 105 execution failure.",
          "Urgency": "Urgent"
        }
      },
      "IfBase:Folder:Output_4": {
        "Type": "If:Output",
        "Code": "*\"status\":223*",
        "Action:SetToNotOK_0": {
          "Type": "Action:SetToNotOK"
        },
        "DoNotify_1": {
          "Type": "Action:Notify",
          "Urgency": "Urgent",
          "Message": "%%JOBNAME %%$ODATE 223 STOP"
        },
        "Mail_2": {
          "Type": "Action:Mail",
          "Subject": "%%JOBNAME %%$ODATE 223 STOP",
          "To": "tglop@transglobee.com.tw;ameryyen@transglobee.com.tw;LalaChao@transglobee.com.tw",
          "Message": "%%JOBNAME %%$ODATE 223 STOP",
          "Urgency": "Urgent"
        }
      },
      "IfBase:Folder:Output_5": {
        "Type": "If:Output",
        "Code": "*Attention! Fail count exceeds tolerance*",
        "Action:SetToNotOK_0": {
          "Type": "Action:SetToNotOK"
        },
        "DoNotify_1": {
          "Type": "Action:Notify",
          "Urgency": "Urgent",
          "Message": "%%JOBNAME %%$ODATE 106 fail count over %%tolerance"
        },
        "Mail_2": {
          "Type": "Action:Mail",
          "Subject": "%%JOBNAME %%$ODATE 106 fail count over %%tolerance",
          "To": "tglop@transglobee.com.tw;ameryyen@transglobee.com.tw;LalaChao@transglobee.com.tw",
          "Message": "%%JOBNAME %%$ODATE 106 fail count over %%tolerance",
          "Urgency": "Urgent"
        }
      },
      "IfBase:Folder:Output_6": {
        "Type": "If:Output",
        "Code": "*Fail count within tolerance*",
        "Action:SetToOK_0": {
          "Type": "Action:SetToOK"
        },
        "DoNotify_1": {
          "Type": "Action:Notify",
          "Urgency": "Urgent",
          "Message": "%%JOBNAME %%$ODATE 106 fail count under %%tolerance"
        },
        "Mail_2": {
          "Type": "Action:Mail",
          "Subject": "%%JOBNAME %%$ODATE 106 fail count under %%tolerance",
          "To": "tglop@transglobee.com.tw;ameryyen@transglobee.com.tw;LalaChao@transglobee.com.tw",
          "Message": "%%JOBNAME %%$ODATE 106 fail count under %%tolerance",
          "Urgency": "Urgent"
        }
      },
      "IfBase:Folder:Output_7": {
        "Type": "If:Output",
        "Code": "*\"status\":995*",
        "Action:SetToNotOK_0": {
          "Type": "Action:SetToNotOK"
        },
        "DoNotify_1": {
          "Type": "Action:Notify",
          "Urgency": "Urgent",
          "Message": "%%JOBNAME %%$ODATE 995 error in submission"
        },
        "Mail_2": {
          "Type": "Action:Mail",
          "Subject": "%%JOBNAME %%$ODATE 995 error in submission",
          "To": "tglop@transglobee.com.tw;ameryyen@transglobee.com.tw;LalaChao@transglobee.com.tw",
          "Message": "%%JOBNAME %%$ODATE 995 error in submission",
          "Urgency": "Urgent"
        }
      },
      "IfBase:Folder:Output_8": {
        "Type": "If:Output",
        "Code": "*\"status\":996*",
        "Action:SetToOK_0": {
          "Type": "Action:SetToOK"
        },
        "DoNotify_1": {
          "Type": "Action:Notify",
          "Urgency": "Urgent",
          "Message": "%%JOBNAME %%$ODATE 996 write t_batch_job.due_time error, please data patch the current data"
        },
        "Mail_2": {
          "Type": "Action:Mail",
          "Subject": "%%JOBNAME %%$ODATE 996 t_batch_job.due_time",
          "To": "tglop@transglobee.com.tw;ameryyen@transglobee.com.tw;LalaChao@transglobee.com.tw",
          "Message": "%%JOBNAME %%$ODATE 996 write t_batch_job.due_time error, please data patch the current data",
          "Urgency": "Urgent"
        }
      },
      "IfBase:Folder:Output_9": {
        "Type": "If:Output",
        "Code": "*\"status\":997*",
        "Action:SetToNotOK_0": {
          "Type": "Action:SetToNotOK"
        },
        "DoNotify_1": {
          "Type": "Action:Notify",
          "Urgency": "Urgent",
          "Message": "%%JOBNAME %%$ODATE 997 not started"
        },
        "Mail_2": {
          "Type": "Action:Mail",
          "Subject": "%%JOBNAME %%$ODATE 997 not started",
          "To": "tglop@transglobee.com.tw;ameryyen@transglobee.com.tw;LalaChao@transglobee.com.tw",
          "Message": "%%JOBNAME %%$ODATE 997 not started",
          "Urgency": "Urgent"
        }
      },
      "IfBase:Folder:Output_10": {
        "Type": "If:Output",
        "Code": "*\"status\":999*",
        "Action:SetToNotOK_0": {
          "Type": "Action:SetToNotOK"
        },
        "DoNotify_1": {
          "Type": "Action:Notify",
          "Urgency": "Urgent",
          "Message": "%%JOBNAME %%$ODATE 999 unknown exception"
        },
        "Mail_2": {
          "Type": "Action:Mail",
          "Subject": "%%JOBNAME %%$ODATE 999 unknown exception",
          "To": "tglop@transglobee.com.tw;ameryyen@transglobee.com.tw;LalaChao@transglobee.com.tw",
          "Message": "%%JOBNAME %%$ODATE 999 unknown exception",
          "Urgency": "Urgent"
        }
      },
      "IfBase:Folder:NumberOfFailures_11": {
        "Type": "If:NumberOfFailures",
        "NumberOfFailures": "10",
        "Action:StopCyclicRun_0": {
          "Type": "Action:StopCyclicRun"
        }
      },
      "IfBase:Folder:CompletionStatus_12": {
        "Type": "If:CompletionStatus",
        "CompletionStatus": "NOTOK",
        "Mail_0": {
          "Type": "Action:Mail",
          "Subject": "%%JOBNAME %%$ODATE failed",
          "To": "tglop@transglobee.com.tw;ameryyen@transglobee.com.tw;LalaChao@transglobee.com.tw",
          "Message": "%%JOBNAME %%$ODATE failed",
          "Urgency": "Urgent"
        }
      }
    },
    "1337102#USIT2_CLM_理賠聯盟鍊同業正本文件已收訖": {
      "Type": "Job:Command",
      "PostCommand": "/ctm/ctmsvr/bmcpython/bmcpython_V2/python %%partial_success %%ORDERID %%RUNCOUNT %%tolerance %%JOBNAME",
      "DaysKeepActive": "Forever",
      "FileName": "CLM",
      "Host": "CTMAG",
      "CreatedBy": "CarlosLiang_002186",
      "Description": "1337102#USIT2_CLM_理賠聯盟鍊同業正本文件已收訖通知",
      "RunAs": "life",
      "Application": "eBao",
      "Command": "curl -H \"Content-Length: 250\" -H \"Content-Type: application/json\" -H \"Accept: application/json\" http://%%ip/ls/rest/batch/start.d -X POST -d \"{\\\"jobId\\\":1337102, \\\"processDate\\\":\\\"%%processDate\\\", \\\"dueDate\\\":\\\"1900-01-01\\\"}\" -v -sS",
      "Variables": [
        {
          "tolerance": "10"
        }
      ],
      "Rerun": {
        "Units": "Hours",
        "Every": "24"
      },
      "When": {
        "WeekDays": [
          "NONE"
        ],
        "MonthDays": [
          "ALL"
        ],
        "ToTime": ">",
        "DaysRelation": "OR",
        "RuleBasedCalendars": {
          "Relationship": "AND",
          "Included": [
            "TWDAD"
          ]
        }
      },
      "USIT2": {
        "Type": "Resource:Pool",
        "Quantity": "1"
      },
      "IfBase:Folder:CompletionStatus_1": {
        "Type": "If:CompletionStatus",
        "CompletionStatus": "ANY",
        "Action:SetToNotOK_0": {
          "Type": "Action:SetToNotOK"
        }
      },
      "IfBase:Folder:Output_2": {
        "Type": "If:Output",
        "Code": "*\"status\":107*",
        "Action:SetToOK_0": {
          "Type": "Action:SetToOK"
        }
      },
      "IfBase:Folder:Output_3": {
        "Type": "If:Output",
        "Code": "*\"status\":105*",
        "Action:SetToNotOK_0": {
          "Type": "Action:SetToNotOK"
        },
        "DoNotify_1": {
          "Type": "Action:Notify",
          "Urgency": "Urgent",
          "Message": "%%JOBNAME %%$ODATE 105 execution failure."
        },
        "Mail_2": {
          "Type": "Action:Mail",
          "Subject": "%%JOBNAME %%$ODATE 105 execution failure.",
          "To": "tglop@transglobee.com.tw;ameryyen@transglobee.com.tw;CarlosLiang@transglobee.com.tw",
          "Message": "%%JOBNAME %%$ODATE 105 execution failure.",
          "Urgency": "Urgent"
        }
      },
      "IfBase:Folder:Output_4": {
        "Type": "If:Output",
        "Code": "*\"status\":223*",
        "Action:SetToNotOK_0": {
          "Type": "Action:SetToNotOK"
        },
        "DoNotify_1": {
          "Type": "Action:Notify",
          "Urgency": "Urgent",
          "Message": "%%JOBNAME %%$ODATE 223 STOP"
        },
        "Mail_2": {
          "Type": "Action:Mail",
          "Subject": "%%JOBNAME %%$ODATE 223 STOP",
          "To": "tglop@transglobee.com.tw;ameryyen@transglobee.com.tw;CarlosLiang@transglobee.com.tw",
          "Message": "%%JOBNAME %%$ODATE 223 STOP",
          "Urgency": "Urgent"
        }
      },
      "IfBase:Folder:Output_5": {
        "Type": "If:Output",
        "Code": "*Attention! Fail count exceeds tolerance*",
        "Action:SetToNotOK_0": {
          "Type": "Action:SetToNotOK"
        },
        "DoNotify_1": {
          "Type": "Action:Notify",
          "Urgency": "Urgent",
          "Message": "%%JOBNAME %%$ODATE 106 fail count over %%tolerance"
        },
        "Mail_2": {
          "Type": "Action:Mail",
          "Subject": "%%JOBNAME %%$ODATE 106 fail count over %%tolerance",
          "To": "tglop@transglobee.com.tw;ameryyen@transglobee.com.tw;CarlosLiang@transglobee.com.tw",
          "Message": "%%JOBNAME %%$ODATE 106 fail count over %%tolerance",
          "Urgency": "Urgent"
        }
      },
      "IfBase:Folder:Output_6": {
        "Type": "If:Output",
        "Code": "*Fail count within tolerance*",
        "Action:SetToOK_0": {
          "Type": "Action:SetToOK"
        },
        "DoNotify_1": {
          "Type": "Action:Notify",
          "Urgency": "Urgent",
          "Message": "%%JOBNAME %%$ODATE 106 fail count under %%tolerance"
        },
        "Mail_2": {
          "Type": "Action:Mail",
          "Subject": "%%JOBNAME %%$ODATE 106 fail count under %%tolerance",
          "To": "tglop@transglobee.com.tw;ameryyen@transglobee.com.tw;CarlosLiang@transglobee.com.tw",
          "Message": "%%JOBNAME %%$ODATE 106 fail count under %%tolerance",
          "Urgency": "Urgent"
        }
      },
      "IfBase:Folder:Output_7": {
        "Type": "If:Output",
        "Code": "*\"status\":995*",
        "Action:SetToNotOK_0": {
          "Type": "Action:SetToNotOK"
        },
        "DoNotify_1": {
          "Type": "Action:Notify",
          "Urgency": "Urgent",
          "Message": "%%JOBNAME %%$ODATE 995 error in submission"
        },
        "Mail_2": {
          "Type": "Action:Mail",
          "Subject": "%%JOBNAME %%$ODATE 995 error in submission",
          "To": "tglop@transglobee.com.tw;ameryyen@transglobee.com.tw;CarlosLiang@transglobee.com.tw",
          "Message": "%%JOBNAME %%$ODATE 995 error in submission",
          "Urgency": "Urgent"
        }
      },
      "IfBase:Folder:Output_8": {
        "Type": "If:Output",
        "Code": "*\"status\":996*",
        "Action:SetToOK_0": {
          "Type": "Action:SetToOK"
        },
        "DoNotify_1": {
          "Type": "Action:Notify",
          "Urgency": "Urgent",
          "Message": "%%JOBNAME %%$ODATE 996 write t_batch_job.due_time error, please data patch the current data"
        },
        "Mail_2": {
          "Type": "Action:Mail",
          "Subject": "%%JOBNAME %%$ODATE 996 t_batch_job.due_time",
          "To": "tglop@transglobee.com.tw;ameryyen@transglobee.com.tw;CarlosLiang@transglobee.com.tw",
          "Message": "%%JOBNAME %%$ODATE 996 write t_batch_job.due_time error, please data patch the current data",
          "Urgency": "Urgent"
        }
      },
      "IfBase:Folder:Output_9": {
        "Type": "If:Output",
        "Code": "*\"status\":997*",
        "Action:SetToNotOK_0": {
          "Type": "Action:SetToNotOK"
        },
        "DoNotify_1": {
          "Type": "Action:Notify",
          "Urgency": "Urgent",
          "Message": "%%JOBNAME %%$ODATE 997 not started"
        },
        "Mail_2": {
          "Type": "Action:Mail",
          "Subject": "%%JOBNAME %%$ODATE 997 not started",
          "To": "tglop@transglobee.com.tw;ameryyen@transglobee.com.tw;CarlosLiang@transglobee.com.tw",
          "Message": "%%JOBNAME %%$ODATE 997 not started",
          "Urgency": "Urgent"
        }
      },
      "IfBase:Folder:Output_10": {
        "Type": "If:Output",
        "Code": "*\"status\":999*",
        "Action:SetToNotOK_0": {
          "Type": "Action:SetToNotOK"
        },
        "DoNotify_1": {
          "Type": "Action:Notify",
          "Urgency": "Urgent",
          "Message": "%%JOBNAME %%$ODATE 999 unknown exception"
        },
        "Mail_2": {
          "Type": "Action:Mail",
          "Subject": "%%JOBNAME %%$ODATE 999 unknown exception",
          "To": "tglop@transglobee.com.tw;ameryyen@transglobee.com.tw;CarlosLiang@transglobee.com.tw",
          "Message": "%%JOBNAME %%$ODATE 999 unknown exception",
          "Urgency": "Urgent"
        }
      },
      "IfBase:Folder:NumberOfFailures_11": {
        "Type": "If:NumberOfFailures",
        "NumberOfFailures": "10",
        "Action:StopCyclicRun_0": {
          "Type": "Action:StopCyclicRun"
        }
      },
      "IfBase:Folder:CompletionStatus_12": {
        "Type": "If:CompletionStatus",
        "CompletionStatus": "NOTOK",
        "Mail_0": {
          "Type": "Action:Mail",
          "Subject": "%%JOBNAME %%$ODATE failed",
          "To": "tglop@transglobee.com.tw;ameryyen@transglobee.com.tw;CarlosLiang@transglobee.com.tw",
          "Message": "%%JOBNAME %%$ODATE failed",
          "Urgency": "Urgent"
        }
      }
    }
  }
}
